folder	key	title	critic	user	release	developer	publisher	critic_sources	user_sources
dreamcast	crazy taxi	Crazy Taxi	9.0	8.5	2000-01-24	Hitmaker	Sega	GameRankings (n=37)=9.0	LaunchBox community Bayesian (raw 8.5, n=375)=8.5
dreamcast	ecco the dolphin defender of the future	Ecco the Dolphin: Defender of the Future	8.1	7.9	2000-08-15	Appaloosa Interactive	Sega	Metacritic=8.4; GameRankings (n=29)=8.1	Metacritic users=7.8; LaunchBox community Bayesian (raw 8.0, n=99)=7.9; Legacy community=7.9
dreamcast	fighting force 2	Fighting Force 2	5.0	6.5	1999-11-30	Core Design	Eidos Interactive	GameRankings (n=17)=5.0	Metacritic users=5.8; LaunchBox community Bayesian (raw 7.3, n=57)=7.3; Legacy community=6.5
dreamcast	hydro thunder	Hydro Thunder	7.9	8.1	1999-09-08	Eurocom Developments	Midway Home Entertainment	GameRankings (n=30)=7.9	Metacritic users=8.1; LaunchBox community Bayesian (raw 8.2, n=131)=8.1
dreamcast	jet grind radio	Jet Grind Radio	9.2	8.5	2000-06-29	Smilebit	Sega	GameRankings (n=43)=9.2	LaunchBox community Bayesian (raw 8.6, n=223)=8.5; LaunchBox Community=8.5
dreamcast	legacy of kain soul reaver	Legacy of Kain: Soul Reaver	8.8	8.6	2000-01-27	Crystal Dynamics	Eidos Interactive	Metacritic=9.1; GameRankings (n=26)=8.8	Metacritic users=8.7; LaunchBox community Bayesian (raw 8.6, n=122)=8.5
dreamcast	marvel vs capcom 2	Marvel vs. Capcom 2	9.0	8.9	2000-06-29	Capcom	Capcom	Metacritic=9.0; GameRankings (n=29)=9.0	Metacritic users=8.7; LaunchBox community Bayesian (raw 9.2, n=419)=9.1; Legacy community=8.9
dreamcast	mdk 2	MDK 2	8.8	8.0	2000-03-31	BioWare	Interplay	GameRankings (n=26)=8.8	LaunchBox community Bayesian (raw 8.2, n=67)=8.0; LaunchBox Community=8.0
dreamcast	mortal kombat gold	Mortal Kombat Gold	5.5	7.2	1999-08-31	Eurocom Developments	Midway Home Entertainment	GameRankings (n=18)=5.5	Metacritic users=7.0; LaunchBox community Bayesian (raw 7.3, n=151)=7.3; Legacy community=7.2
dreamcast	rayman 2 the great escape	Rayman 2: The Great Escape	9.3	8.4	2000-03-21	Ubi Soft Entertainment Software	Ubi Soft Entertainment Software	GameRankings (n=22)=9.3	LaunchBox community Bayesian (raw 8.5, n=116)=8.4; LaunchBox Community=8.4
dreamcast	resident evil code veronica	Resident Evil: Code Veronica	9.4	8.4	2000-03-28			GameRankings=9223372036854775807 (n=40)	Metacritic users=8.4
dreamcast	shenmue	Shenmue	8.9	9.0	2000-11-07			Metacritic=8.8; GameRankings (n=48)=8.9	Metacritic users=9.0
dreamcast	skies of arcadia	Skies of Arcadia	9.1	8.9	2000-11-13			Metacritic=9.3; GameRankings (n=40)=9.1	Metacritic users=8.9
dreamcast	sonic adventure	Sonic Adventure	8.7	8.6	1999-09-09	Sonic Team	Sega of America	GameRankings (n=21)=8.7	Metacritic users=8.6; LaunchBox community Bayesian (raw 8.6, n=399)=8.6
dreamcast	sonic adventure 2	Sonic Adventure 2	8.3	8.6	2001-06-19	Sega Studios USA	Sega	Metacritic=8.9; GameRankings (n=34)=8.3	Metacritic users=8.6; LaunchBox community Bayesian (raw 8.7, n=303)=8.6
dreamcast	sonic adventure limited edition	Sonic Adventure: Limited Edition		6.9	1999-07-15	Sonic Team	Sega of America		LaunchBox community Bayesian (raw 6.8, n=12)=6.9; LaunchBox Community=6.9
dreamcast	soul calibur	Soul Calibur	9.8	8.5	1999-09-08	Project Soul	Namco	Metacritic=9.8	Metacritic users=7.6; LaunchBox community Bayesian (raw 9.4, n=387)=9.3; Legacy community=8.5
dreamcast	south park rally	South Park Rally	4.5	5.8	2000-06-30	Tantalus Interactive	Acclaim Entertainment	GameRankings (n=13)=4.5	Metacritic users=5.4; LaunchBox community Bayesian (raw 6.1, n=30)=6.3; Legacy community=5.8
dreamcast	star wars episode i racer	Star Wars: Episode I: Racer	7.5	7.8	2000-04-04	LucasArts Entertainment	LucasArts Entertainment	GameRankings (n=19)=7.5	LaunchBox community Bayesian (raw 7.9, n=135)=7.8; LaunchBox Community=7.8
gamegear	007 james bond the duel	007 James Bond: The Duel
gamegear	5 in 1 funpak	5 in 1 Funpak
gamegear	addams family	Addams Family	7.0	5.6	1993-12-01	Arc Developments	Flying Edge	MobyGames (n=5)=7.0	GameFAQs community=5.2; LaunchBox community Bayesian (raw 5.9, n=49)=6.1; Legacy community=5.6
gamegear	adventures of batman and robin	Adventures of Batman and Robin	7.1	5.3	1995	Novotrade International, Inc.		MobyGames (n=5)=7.1	GameFAQs community=5.3
gamegear	aerial assault	Aerial Assault	4.3	6.6	1992-06-05	Sega Enterprises	Sega of America	MobyGames (n=5)=4.3	GameFAQs community=6.7; LaunchBox community Bayesian (raw 6.4, n=50)=6.5; LaunchBox Community=6.6
gamegear	aladdin	Aladdin
gamegear	aleste	Aleste
gamegear	alien 3	Alien 3	7.4	5.6	1992-11-01	Probe Software	Arena Entertainment	MobyGames (n=5)=7.4	GameFAQs community=4.9; LaunchBox community Bayesian (raw 6.2, n=58)=6.3; LaunchBox Community=5.6
gamegear	alien syndrome	Alien Syndrome	6.8	6.0	1992-03-19	SIMS	Sega Enterprises	MobyGames (n=5)=6.8	GameFAQs community=5.2; LaunchBox community Bayesian (raw 6.7, n=49)=6.8; LaunchBox Community=6.0
gamegear	andre agassi tennis	Andre Agassi Tennis		4.8	1993-02-01	Spidersoft	Lance Investments		GameFAQs community=3.2; LaunchBox community Bayesian (raw 6.2, n=38)=6.4; LaunchBox Community=4.8
gamegear	arcade classics	Arcade Classics	6.5	6.2	1996-03-01	Al Baker & Associates	Sega of America	MobyGames (n=5)=6.5	GameFAQs community=5.8; LaunchBox community Bayesian (raw 6.4, n=32)=6.5; LaunchBox Community=6.2
gamegear	arch rivals	Arch Rivals
gamegear	arena maze of death	Arena: Maze of Death	7.8	6.5	1995	Eden Entertainment Software Ltd.		MobyGames (n=5)=7.8	GameFAQs community=6.5
gamegear	ariel the little mermaid	Ariel: The Little Mermaid
gamegear	asterix and the great rescue	Asterix and the Great Rescue	6.7	6.5	1994-01-01	Core Design	Sega of America	MobyGames (n=5)=6.7	GameFAQs community=5.3; LaunchBox community Bayesian (raw 7.7, n=44)=7.6; LaunchBox Community=6.5
gamegear	ayrton senna s super monaco gp 2	Ayrton Senna's Super Monaco GP 2	6.8	6.2	1992-08-28	Sega Enterprises	Sega Enterprises	MobyGames (n=5)=6.8	LaunchBox community Bayesian (raw 6.0, n=41)=6.2; LaunchBox Community=6.2
gamegear	baku baku animals	Baku Baku Animals
gamegear	baseball 91	Baseball '91
gamegear	batman forever	Batman Forever	5.2	5.1	1995-09-07	Probe Entertainment	Acclaim Entertainment	MobyGames (n=5)=5.2	GameFAQs community=3.1; LaunchBox community Bayesian (raw 7.0, n=52)=7.0; LaunchBox Community=5.1
gamegear	batter up	Batter Up	6.7	6.1	1991-04-05	Namco	Namco	MobyGames (n=5)=6.7	GameFAQs community=5.8; LaunchBox community Bayesian (raw 6.2, n=26)=6.4; LaunchBox Community=6.1
gamegear	battleship	Battleship		5.5					GameFAQs community=5.5
gamegear	battletoads	Battletoads	6.8	7.0	1993-12-01	Rare	Tradewest	MobyGames (n=5)=6.8	GameFAQs community=6.3; LaunchBox community Bayesian (raw 7.7, n=70)=7.6; LaunchBox Community=7.0
gamegear	beavis and butt head	Beavis and Butt-Head		4.6	1994-01-01	NuFX	Viacom New Media		GameFAQs community=3.7; LaunchBox community Bayesian (raw 5.0, n=35)=5.4; LaunchBox Community=4.6
gamegear	berenstain bears camping adventure	Berenstain Bears: Camping Adventure		6.0	1994-10-01	Realtime Associates	Sega of America		GameFAQs community=6.0; LaunchBox community Bayesian (raw 5.6, n=33)=5.9
gamegear	bonkers wax up	Bonkers Wax Up!		5.9	1995-01-01	Al Baker & Associates	Sega of America		LaunchBox community Bayesian (raw 5.7, n=42)=5.9; LaunchBox Community=5.9
gamegear	bram stoker s dracula	Bram Stoker's Dracula	8.0	4.6	1993-08-01	Probe Software	Sony Imagesoft	MobyGames (n=5)=8.0	GameFAQs community=2.3; LaunchBox community Bayesian (raw 6.9, n=36)=6.9; LaunchBox Community=4.6
gamegear	bubble bobble	Bubble Bobble		8.0	1994-01-01	Taito	Taito America		GameFAQs community=8.1; LaunchBox community Bayesian (raw 8.3, n=35)=8.0; LaunchBox Community=8.0
gamegear	bugs bunny in double trouble	Bugs Bunny in Double Trouble		6.2	1996-07-01	Probe Entertainment	Sega Enterprises		GameFAQs community=5.2; LaunchBox community Bayesian (raw 7.2, n=45)=7.2; LaunchBox Community=6.2
gamegear	bust a move	Bust-A-Move		8.0	1995-01-01	Santos	Taito		GameFAQs community=8.3; LaunchBox community Bayesian (raw 8.1, n=40)=7.9; LaunchBox Community=8.0
gamegear	caesar s palace	Caesar's Palace	4.8	6.7	1994-03-01	Teeny Weeny Games	Virgin Games	MobyGames (n=5)=4.8	LaunchBox community Bayesian (raw 6.5, n=23)=6.7; LaunchBox Community=6.7
gamegear	captain america and the avengers	Captain America and the Avengers		6.4	1993-01-01	Realtime Associates	Mindscape		GameFAQs community=5.2; LaunchBox community Bayesian (raw 7.7, n=55)=7.6; LaunchBox Community=6.4
gamegear	chakan	Chakan		6.4	1992-12-19	Sega of America	Sega of America		GameFAQs community=6.1; LaunchBox community Bayesian (raw 6.8, n=47)=6.8; LaunchBox Community=6.4
gamegear	chase h q	Chase H.Q.	7.2	6.5	1991-03-08	Taito	Taito	MobyGames (n=5)=7.2	GameFAQs community=6.2; LaunchBox community Bayesian (raw 6.8, n=30)=6.8; LaunchBox Community=6.5
gamegear	chessmaster	Chessmaster	7.9	5.4	1991-12-01	The Software Toolworks	Sega of America	MobyGames (n=5)=7.9	GameFAQs community=5.0; LaunchBox community Bayesian (raw 5.5, n=34)=5.8; Legacy community=5.4
gamegear	chicago syndicate	Chicago Syndicate		5.2	1995-01-01	Climax Group	Sega of America		GameFAQs community=4.6; LaunchBox community Bayesian (raw 5.3, n=34)=5.7; LaunchBox Community=5.2
gamegear	choplifter 3	Choplifter 3
gamegear	chuck rock	Chuck Rock	6.4	6.1	1992-09-01	Core Design	Sega of America	MobyGames (n=5)=6.4	GameFAQs community=5.8; LaunchBox community Bayesian (raw 6.3, n=43)=6.4; LaunchBox Community=6.1
gamegear	chuck rock 2	Chuck Rock 2
gamegear	cliffhanger	Cliffhanger		3.9	1993-12-01	Spidersoft	Sony Imagesoft		GameFAQs community=2.5; LaunchBox community Bayesian (raw 4.7, n=29)=5.3; LaunchBox Community=3.9
gamegear	clutch hitter	Clutch Hitter		5.2	1991-12-01	Sega Enterprises	Sega Enterprises		GameFAQs community=4.7; LaunchBox community Bayesian (raw 5.0, n=22)=5.6; LaunchBox Community=5.2
gamegear	coca cola kid	Coca Cola Kid
gamegear	columns	Columns	7.6	7.3	1990-10-06	Sega Enterprises	Sega of America	MobyGames (n=5)=7.6	GameFAQs community=7.4; LaunchBox community Bayesian (raw 7.2, n=64)=7.2; LaunchBox Community=7.3
gamegear	cool spot	Cool Spot	8.3	7.0	1993-01-01	Virgin Games	Virgin Games	MobyGames (n=5)=8.3	GameFAQs community=6.4; LaunchBox community Bayesian (raw 7.7, n=46)=7.6; LaunchBox Community=7.0
gamegear	crystal warriors	Crystal Warriors	7.8	7.0	1991-12-13	Sega Enterprises	Sega of America	MobyGames (n=5)=7.8	GameFAQs community=7.2; LaunchBox community Bayesian (raw 6.7, n=56)=6.7; LaunchBox Community=7.0
gamegear	daffy duck in hollywood	Daffy Duck in Hollywood	6.6	5.9	1994-01-01	Probe Software	Sega Enterprises	MobyGames (n=5)=6.6	GameFAQs community=5.7; LaunchBox community Bayesian (raw 5.7, n=34)=6.0; LaunchBox Community=5.9
gamegear	defenders of oasis	Defenders of Oasis	7.8	7.2	1992-09-18	Sega Enterprises	Sega of America	MobyGames (n=5)=7.8	GameFAQs community=7.7; LaunchBox community Bayesian (raw 6.8, n=60)=6.8; LaunchBox Community=7.2
gamegear	desert speedtrap	Desert Speedtrap
gamegear	desert strike return to the gulf	Desert Strike: Return to the Gulf	7.8	7.2	1994-01-01	Tiertex	Domark	MobyGames (n=5)=7.8	GameFAQs community=7.0; LaunchBox community Bayesian (raw 7.4, n=37)=7.3; LaunchBox Community=7.2
gamegear	devilish	Devilish	7.3	6.3	1991-03-29	Opera House	Sega	MobyGames (n=5)=7.3	GameFAQs community=5.8; LaunchBox community Bayesian (raw 6.9, n=50)=6.9; LaunchBox Community=6.3
gamegear	double dragon	Double Dragon	5.5	5.8	1993-01-01	Virgin Interactive Entertainment	Virgin Games	MobyGames (n=5)=5.5	GameFAQs community=4.8; LaunchBox community Bayesian (raw 6.6, n=49)=6.7; LaunchBox Community=5.8
gamegear	dr robotnik s mean bean machine	Dr. Robotnik's Mean Bean Machine	8.4	7.3	1993-12-01	Compile	Sega of America	MobyGames (n=5)=8.4	GameFAQs community=7.1; LaunchBox community Bayesian (raw 7.6, n=57)=7.5; LaunchBox Community=7.3
gamegear	dragon crystal	Dragon Crystal	7.0	6.4	1990-12-22	Sega Enterprises	Sega of America	MobyGames (n=5)=7.0	GameFAQs community=6.4; LaunchBox community Bayesian (raw 6.3, n=59)=6.4; LaunchBox Community=6.4
gamegear	dragon the bruce lee story	Dragon: The Bruce Lee Story	5.9	5.7	1994-01-01	Virgin Interactive Entertainment	Acclaim Entertainment	MobyGames (n=5)=5.9	GameFAQs community=3.9; LaunchBox community Bayesian (raw 7.6, n=23)=7.4; LaunchBox Community=5.7
gamegear	drop zone	Drop Zone	7.1		1994	Arena Graphics		MobyGames (n=5)=7.1
gamegear	dynamite headdy	Dynamite Headdy	7.7	6.3	1994-08-05	Minato Giken	Sega Enterprises	MobyGames (n=5)=7.7	GameFAQs community=5.4; LaunchBox community Bayesian (raw 7.2, n=45)=7.2; LaunchBox Community=6.3
gamegear	earthworm jim	Earthworm Jim	7.4	6.8	1995-09-21	Eurocom Entertainment Software	Playmates Interactive Entertainment	MobyGames (n=5)=7.4	GameFAQs community=6.2; LaunchBox community Bayesian (raw 7.6, n=38)=7.5; LaunchBox Community=6.8
gamegear	ecco the dolphin	Ecco the Dolphin	8.4	6.3	1994-03-11	Novotrade Software	Sega of America	MobyGames (n=5)=8.4	GameFAQs community=6.1; LaunchBox community Bayesian (raw 6.4, n=40)=6.5; LaunchBox Community=6.3
gamegear	ecco the dolphin 2 the tides of time	Ecco the Dolphin 2: The Tides of Time
gamegear	ernie els golf	Ernie Els Golf	8.4	5.5	1994-07-01	Codemasters	Codemasters	MobyGames (n=5)=8.4	GameFAQs community=4.9; LaunchBox community Bayesian (raw 5.6, n=21)=6.1; LaunchBox Community=5.5
gamegear	evander holyfield s boxing	Evander Holyfield's Boxing
gamegear	excellent dizzy	Excellent Dizzy
gamegear	excellent dizzy collection	Excellent Dizzy Collection		6.5	1994-04-01	Interactive Studios	Codemasters		GameFAQs community=5.7; LaunchBox community Bayesian (raw 7.4, n=29)=7.3; Legacy community=6.4
gamegear	f 15 strike eagle	F-15 Strike Eagle		5.7	1993-01-01	NMS Software	MicroProse Software		GameFAQs community=6.0; LaunchBox community Bayesian (raw 5.1, n=31)=5.6; LaunchBox Community=5.7
gamegear	faceball 2000	Faceball 2000		5.8	1993-12-17	Xanth Software F/X	Riverhill Soft		GameFAQs community=5.2; LaunchBox community Bayesian (raw 6.1, n=19)=6.4; LaunchBox Community=5.8
gamegear	factory panic	Factory Panic	6.9	6.4	1991-06-21	Japan System House	Sega Enterprises	MobyGames (n=5)=6.9	GameFAQs community=6.2; LaunchBox community Bayesian (raw 6.4, n=31)=6.5
gamegear	fantastic dizzy	Fantastic Dizzy		6.2	1993-09-21	Codemasters Software	Codemasters Software		GameFAQs community=5.9; LaunchBox community Bayesian (raw 6.4, n=29)=6.6; LaunchBox Community=6.2
gamegear	fantasy zone gear	Fantasy Zone Gear
gamegear	fatal fury special	Fatal Fury Special	8.0	7.5	1994-11-25	Takara	Takara	MobyGames (n=5)=8.0	GameFAQs community=7.6; LaunchBox community Bayesian (raw 7.5, n=56)=7.4
gamegear	fifa international soccer	FIFA International Soccer	7.8	5.7	1994-01-01	Tiertex	Electronic Arts	MobyGames (n=5)=7.8	GameFAQs community=6.0; LaunchBox community Bayesian (raw 4.8, n=20)=5.5; LaunchBox Community=5.7
gamegear	fifa soccer 96	FIFA Soccer '96		5.1	1995-01-01	Probe Entertainment	Electronic Arts		GameFAQs community=5.4; LaunchBox community Bayesian (raw 3.7, n=23)=4.7; LaunchBox Community=5.1
gamegear	foreman for real	Foreman for Real		5.3	1995-01-01	Software Creations	Acclaim Entertainment		GameFAQs community=4.9; LaunchBox community Bayesian (raw 5.0, n=21)=5.6; LaunchBox Community=5.3
gamegear	formula 1	Formula 1
gamegear	frank thomas big hurt baseball	Frank Thomas Big Hurt Baseball		5.0	1995-10-01	Realtime Associates	Acclaim Entertainment		GameFAQs community=4.1; LaunchBox community Bayesian (raw 5.5, n=23)=6.0; LaunchBox Community=5.0
gamegear	fred couples golf	Fred Couples Golf		6.7	1994-01-01	SIMS	Sega of America		GameFAQs community=6.5; LaunchBox community Bayesian (raw 6.8, n=24)=6.9; LaunchBox Community=6.7
gamegear	frogger	Frogger		7.1		Sega	Sega		LaunchBox community Bayesian (raw 7.2, n=27)=7.1; LaunchBox Community=7.1
gamegear	g loc air battle	G-Loc Air Battle	5.5	5.8	1990-12-15	Sega Enterprises	Sega of America	MobyGames (n=5)=5.5	GameFAQs community=5.8; LaunchBox community Bayesian (raw 5.6, n=39)=5.9; LaunchBox Community=5.8
gamegear	gamegear shinobi	GameGear Shinobi
gamegear	gear works	Gear Works	6.6	6.2	1994-01-01	Teque London	Sony Imagesoft	MobyGames (n=5)=6.6	GameFAQs community=5.4; LaunchBox community Bayesian (raw 7.0, n=30)=7.0; LaunchBox Community=6.2
gamegear	george foreman s ko boxing	George Foreman's KO Boxing	5.8	4.5	1991-12-27	SIMS	Flying Edge	MobyGames (n=5)=5.8	GameFAQs community=3.6; LaunchBox community Bayesian (raw 4.8, n=34)=5.3; LaunchBox Community=4.5
gamegear	gp rider	GP Rider	7.9	6.6	1994-04-22	Sega AM2	Sega of America	MobyGames (n=5)=7.9	GameFAQs community=6.6; LaunchBox community Bayesian (raw 6.5, n=33)=6.6
gamegear	greendog	Greendog
gamegear	home alone	Home Alone	4.6	4.1	1992-01-01	Al Baker & Associates	Sega of America	MobyGames (n=5)=4.6	GameFAQs community=2.3; LaunchBox community Bayesian (raw 5.4, n=31)=5.8; LaunchBox Community=4.1
gamegear	hook	Hook	6.0	6.5	1992-01-01	Spidersoft	Sony Imagesoft	MobyGames (n=5)=6.0	GameFAQs community=5.9; LaunchBox community Bayesian (raw 7.0, n=35)=7.0; LaunchBox Community=6.5
gamegear	hurricanes	Hurricanes	5.0	5.2	1994-01-01	Arc Developments	U.S. Gold	MobyGames (n=5)=5.0	GameFAQs community=3.8; LaunchBox community Bayesian (raw 6.5, n=26)=6.6; LaunchBox Community=5.2
gamegear	incredible crash dummies	Incredible Crash Dummies	5.5	5.7	1993-05-01	Teeny Weeny Games	Flying Edge	MobyGames (n=5)=5.5	GameFAQs community=4.7; LaunchBox community Bayesian (raw 6.7, n=27)=6.8; Legacy community=5.7
gamegear	incredible hulk	Incredible Hulk	7.2	5.9	1994-01-01	Probe Software	U.S. Gold	MobyGames (n=5)=7.2	GameFAQs community=5.6; LaunchBox community Bayesian (raw 6.1, n=34)=6.3; Legacy community=5.9
gamegear	indiana jones and the last crusade	Indiana Jones and the Last Crusade		6.0	1992-01-01	Tiertex	U.S. Gold		GameFAQs community=5.2; LaunchBox community Bayesian (raw 6.8, n=42)=6.8; LaunchBox Community=6.0
gamegear	iron man x o manowar in heavy metal	Iron Man: X-O Manowar in Heavy Metal		6.2	1996-11-14	Realtime Associates	Acclaim Entertainment		GameFAQs community=5.7; LaunchBox community Bayesian (raw 6.5, n=35)=6.6; LaunchBox Community=6.2
gamegear	itchy and scratchy game	Itchy and Scratchy Game		4.0					GameFAQs community=4.0
gamegear	jeopardy	Jeopardy!		6.4	1993-08-01	GameTek	GameTek		GameFAQs community=6.1; LaunchBox community Bayesian (raw 6.5, n=26)=6.6; LaunchBox Community=6.4
gamegear	jeopardy sports edition	Jeopardy!: Sports Edition		5.5	1994-01-01	GameTek	GameTek		GameFAQs community=5.1; LaunchBox community Bayesian (raw 5.2, n=23)=5.7; LaunchBox Community=5.5
gamegear	joe montana s football	Joe Montana's Football
gamegear	judge dredd	Judge Dredd	7.2	6.3	1995-06-16	Interactive Studios	Acclaim Entertainment	MobyGames (n=5)=7.2	GameFAQs community=5.1; LaunchBox community Bayesian (raw 7.7, n=33)=7.5; LaunchBox Community=6.3
gamegear	junction	Junction	5.4	6.3	1991-02-24	Micronet	Micronet	MobyGames (n=5)=5.4	GameFAQs community=5.7; LaunchBox community Bayesian (raw 6.9, n=27)=6.9; LaunchBox Community=6.3
gamegear	jungle book	Jungle Book	7.3	7.6	1994-01-01	Syrox Developments	Virgin Interactive Entertainment	MobyGames (n=5)=7.3	LaunchBox community Bayesian (raw 7.8, n=33)=7.6; LaunchBox Community=7.6
gamegear	jurassic park	Jurassic Park	7.5	7.4	1993-07-30	Sega Enterprises	Sega Enterprises	MobyGames (n=5)=7.5	GameFAQs community=7.6; LaunchBox community Bayesian (raw 7.3, n=61)=7.3; LaunchBox Community=7.4
gamegear	kawasaki superbike challenge	Kawasaki Superbike Challenge	6.5	6.3	1995-01-01	Teque London	Domark	MobyGames (n=5)=6.5	GameFAQs community=5.1; LaunchBox community Bayesian (raw 7.5, n=30)=7.4; LaunchBox Community=6.3
gamegear	klax	Klax	7.4	6.0	1992-01-01	Atari Games	Tengen	MobyGames (n=5)=7.4	GameFAQs community=5.1; LaunchBox community Bayesian (raw 7.0, n=32)=7.0; LaunchBox Community=6.0
gamegear	krusty s funhouse	Krusty's Funhouse		7.2	1993-01-01	Audiogenic Software	Flying Edge		LaunchBox community Bayesian (raw 7.3, n=34)=7.2; LaunchBox Community=7.2
gamegear	last action hero	Last Action Hero		4.0	1993-11-01	Bits Studios	Sony Imagesoft		GameFAQs community=2.0; LaunchBox community Bayesian (raw 5.7, n=37)=6.0; LaunchBox Community=4.0
gamegear	lemmings	Lemmings	7.9	6.9	1992-11-01	Probe Software	Sega Enterprises	MobyGames (n=5)=7.9	GameFAQs community=6.8; LaunchBox community Bayesian (raw 7.0, n=40)=7.0; LaunchBox Community=6.9
gamegear	lion king	Lion King	7.4	7.0	1994-11-01	Syrox Developments	Sega of America	MobyGames (n=5)=7.4	GameFAQs community=6.6; LaunchBox community Bayesian (raw 7.6, n=53)=7.5; Legacy community=7.0
gamegear	lucky dime caper starring donald duck	Lucky Dime Caper starring Donald Duck	7.9	7.7	1991-10-01	Sega Enterprises	Sega of America	MobyGames (n=5)=7.9	GameFAQs community=7.3; LaunchBox community Bayesian (raw 8.4, n=65)=8.2; Legacy community=7.7
gamegear	lunar sanposuru gakuen	Lunar: Sanposuru Gakuen		7.5	1996-01-12	Studio Alex	Game Arts		GameFAQs community=7.9; LaunchBox community Bayesian (raw 7.2, n=23)=7.1; LaunchBox Community=7.5
gamegear	madden nfl 95	Madden NFL '95		6.0	1994-12-01	Tiertex	Electronic Arts		GameFAQs community=5.9; LaunchBox community Bayesian (raw 5.8, n=33)=6.1; LaunchBox Community=6.0
gamegear	madden nfl 96	Madden NFL '96
gamegear	majors pro baseball	Majors Pro Baseball		6.2					GameFAQs community=6.2
gamegear	man overboard	Man Overboard!		5.8	1994-10-01	Big Red Software	Codemasters		GameFAQs community=4.2; LaunchBox community Bayesian (raw 7.5, n=21)=7.3; LaunchBox Community=5.8
gamegear	marble madness	Marble Madness	6.7	6.2	1992-09-24	Tengen	Tengen	MobyGames (n=5)=6.7	GameFAQs community=5.2; LaunchBox community Bayesian (raw 7.2, n=37)=7.2; LaunchBox Community=6.2
gamegear	marko s magic football	Marko's Magic Football	5.9	7.4	1994-01-01	The Kremlin	Domark	MobyGames (n=5)=5.9	LaunchBox community Bayesian (raw 7.6, n=29)=7.4; LaunchBox Community=7.4
gamegear	mega man	Mega Man	7.9	7.5	1995-10-01	Freestyle	U.S. Gold	MobyGames (n=5)=7.9	GameFAQs community=7.4; LaunchBox community Bayesian (raw 7.7, n=76)=7.6; LaunchBox Community=7.5
gamegear	mick and mack as the global gladiators	Mick and Mack as the Global Gladiators	6.7		1993	Virgin Games, Inc.		MobyGames (n=5)=6.7
gamegear	mickey mouse castle of illusion	Mickey Mouse: Castle of Illusion
gamegear	mickey mouse land of illusion	Mickey Mouse: Land of Illusion
gamegear	mickey mouse legend of illusion	Mickey Mouse: Legend of Illusion
gamegear	mickey s ultimate challenge	Mickey's Ultimate Challenge		6.4	1994-01-01	Designer Software	Hi-Tech Expressions		GameFAQs community=6.2; LaunchBox community Bayesian (raw 6.5, n=33)=6.6; LaunchBox Community=6.4
gamegear	micro machines	Micro Machines	8.1	7.2	1993-11-01	Codemasters	Codemasters	MobyGames (n=5)=8.1	GameFAQs community=7.0; LaunchBox community Bayesian (raw 7.5, n=34)=7.4; LaunchBox Community=7.2
gamegear	micro machines 2 turbo tournament	Micro Machines 2: Turbo Tournament	8.6	7.8	1995-05-01	Codemasters	Codemasters	MobyGames (n=5)=8.6	GameFAQs community=7.7; LaunchBox community Bayesian (raw 8.2, n=30)=7.9; LaunchBox Community=7.8
gamegear	mlbpa baseball	MLBPA Baseball		5.9	1995-01-01	Beam Software	Electronic Arts		GameFAQs community=5.5; LaunchBox community Bayesian (raw 5.8, n=23)=6.2; LaunchBox Community=5.9
gamegear	moldorian	Moldorian		7.3					GameFAQs community=7.3
gamegear	monster truck wars	Monster Truck Wars	4.9	5.9	1994-01-01	Gremlin Interactive	Acclaim Entertainment	MobyGames (n=5)=4.9	GameFAQs community=5.5; LaunchBox community Bayesian (raw 5.8, n=26)=6.1; LaunchBox Community=5.9
gamegear	mortal kombat	Mortal Kombat	7.2	6.3	1993-09-13	Probe Software	Arena Entertainment	MobyGames (n=5)=7.2	GameFAQs community=5.6; LaunchBox community Bayesian (raw 6.9, n=75)=6.9; LaunchBox Community=6.3
gamegear	mortal kombat 2	Mortal Kombat 2	7.4		1994	Midway Manufacturing Company		MobyGames (n=5)=7.4
gamegear	mortal kombat 3	Mortal Kombat 3		4.9	1996-01-01	Software Creations	Acclaim Entertainment		GameFAQs community=3.3; LaunchBox community Bayesian (raw 6.3, n=45)=6.4; LaunchBox Community=4.9
gamegear	ms pac man	Ms. Pac-Man		7.0	1993-01-01	Namco	Namco		GameFAQs community=7.0; LaunchBox community Bayesian (raw 7.1, n=43)=7.1; LaunchBox Community=7.0
gamegear	nba action	NBA Action
gamegear	nba jam tournament edition	NBA Jam Tournament Edition	7.4	7.0	1995-02-23	Iguana Entertainment	Acclaim Entertainment	MobyGames (n=5)=7.4	GameFAQs community=7.0; LaunchBox community Bayesian (raw 7.1, n=30)=7.1; LaunchBox Community=7.0
gamegear	nfl 95	NFL '95		5.5	1994-11-15	BlueSky Software	Sega of America		GameFAQs community=5.3; LaunchBox community Bayesian (raw 5.2, n=22)=5.8; LaunchBox Community=5.5
gamegear	nfl quarterback club	NFL Quarterback Club	6.2	4.6	1995-01-01	Condor	Acclaim Entertainment	MobyGames (n=5)=6.2	GameFAQs community=3.8; LaunchBox community Bayesian (raw 4.5, n=18)=5.4; LaunchBox Community=4.6
gamegear	nfl quarterback club 96	NFL Quarterback Club '96		6.3	1995-10-27	Condor	Acclaim Entertainment		GameFAQs community=5.8; LaunchBox community Bayesian (raw 6.7, n=22)=6.8; LaunchBox Community=6.3
gamegear	nhl all star hockey	NHL All Star Hockey	4.8	5.3	1995-01-01	Gray Matter	Sega of America	MobyGames (n=5)=4.8	GameFAQs community=5.4; LaunchBox community Bayesian (raw 4.6, n=24)=5.3; LaunchBox Community=5.3
gamegear	nhl hockey	NHL Hockey		6.6	1995-01-01	Realtime Associates	Electronic Arts		GameFAQs community=6.1; LaunchBox community Bayesian (raw 7.1, n=30)=7.1; LaunchBox Community=6.6
gamegear	ninja gaiden	Ninja Gaiden	6.9	7.0	1991-11-01	Japan System House	Sega of America	MobyGames (n=5)=6.9	GameFAQs community=6.1; LaunchBox community Bayesian (raw 7.9, n=64)=7.8; LaunchBox Community=7.0
gamegear	ninku	Ninku		6.8	1995-07-21	Sega Enterprises	Sega Enterprises		GameFAQs community=6.9; LaunchBox community Bayesian (raw 6.6, n=16)=6.8; LaunchBox Community=6.8
gamegear	olympic gold barcelona 92	Olympic Gold: Barcelona '92	7.2		1992	Tiertex Ltd.		MobyGames (n=5)=7.2
gamegear	ottifants	Ottifants	7.4	5.6	1993-11-01	Graftgold	Sega Enterprises	MobyGames (n=5)=7.4	GameFAQs community=3.8; LaunchBox community Bayesian (raw 7.8, n=28)=7.6; Legacy community=5.5
gamegear	out run	Out-Run	6.9		1991	Studio 128		MobyGames (n=5)=6.9
gamegear	out run europa	Out-Run Europa	5.9	6.4	1991-01-01	Probe Software	U.S. Gold	MobyGames (n=5)=5.9	LaunchBox community Bayesian (raw 6.2, n=40)=6.4; LaunchBox Community=6.4
gamegear	pac attack	Pac-Attack	7.3	6.3	1994-06-01	Namco	Namco	MobyGames (n=5)=7.3	GameFAQs community=5.8; LaunchBox community Bayesian (raw 6.8, n=30)=6.8; LaunchBox Community=6.3
gamegear	pac man	Pac-Man	7.5	7.3	1991-01-29	Namco	Namco	MobyGames (n=5)=7.5	GameFAQs community=7.6; LaunchBox community Bayesian (raw 7.1, n=42)=7.1; LaunchBox Community=7.3
gamegear	paperboy	Paperboy	6.9	5.8	1992-07-01	Tiertex	Tengen	MobyGames (n=5)=6.9	GameFAQs community=5.3; LaunchBox community Bayesian (raw 6.1, n=39)=6.3; LaunchBox Community=5.8
gamegear	paperboy 2	Paperboy 2	6.6	5.3	1993-06-01	Manley & Associates	Tengen	MobyGames (n=5)=6.6	GameFAQs community=4.9; LaunchBox community Bayesian (raw 5.0, n=28)=5.5; LaunchBox Community=5.3
gamegear	pengo	Pengo	6.7	6.3	1991-01-01	Sega Enterprises	Sega Enterprises	MobyGames (n=5)=6.7	GameFAQs community=5.8; LaunchBox community Bayesian (raw 6.8, n=41)=6.8; LaunchBox Community=6.3
gamegear	pete sampras tennis	Pete Sampras Tennis	8.3	5.6	1994-08-19	Big Red Software	Codemasters	MobyGames (n=5)=8.3	GameFAQs community=4.0; LaunchBox community Bayesian (raw 7.3, n=23)=7.2; LaunchBox Community=5.6
gamegear	pga tour 96	PGA Tour '96		5.8	1995-01-01	Ceris Software	Black Pearl Software		GameFAQs community=5.2; LaunchBox community Bayesian (raw 6.0, n=19)=6.3; LaunchBox Community=5.8
gamegear	pga tour golf	PGA Tour Golf	6.7	5.2	1993-01-01	Tengen	Tengen	MobyGames (n=5)=6.7	GameFAQs community=4.6; LaunchBox community Bayesian (raw 5.2, n=23)=5.7
gamegear	pga tour golf 2	PGA Tour Golf 2	7.7		1995	Polygames		MobyGames (n=5)=7.7
gamegear	phantasy star adventure	Phantasy Star Adventure		5.9	1992-03-13	Sega Enterprises	Sega Enterprises		GameFAQs community=5.4; LaunchBox community Bayesian (raw 6.2, n=30)=6.4; LaunchBox Community=5.9
gamegear	phantasy star gaiden	Phantasy Star Gaiden		6.6	1992-10-16	Japan System Supply	Sega Enterprises		GameFAQs community=5.5; LaunchBox community Bayesian (raw 7.7, n=31)=7.5; LaunchBox Community=6.6
gamegear	phantom 2040	Phantom 2040		6.0	1995-01-01	Unexpected Development	Viacom New Media		GameFAQs community=5.7; LaunchBox community Bayesian (raw 6.0, n=27)=6.3
gamegear	poker faced paul s blackjack	Poker Faced Paul's Blackjack
gamegear	poker faced paul s gin	Poker Faced Paul's Gin
gamegear	poker faced paul s poker	Poker Faced Paul's Poker
gamegear	poker faced paul s solitaire	Poker Faced Paul's Solitaire
gamegear	power rangers	Power Rangers
gamegear	power rangers the movie	Power Rangers: The Movie
gamegear	power strike 2	Power Strike 2	8.0		1993	Compile		MobyGames (n=5)=8.0
gamegear	predator 2	Predator 2	5.8	5.2	1992-12-01	Teeny Weeny Games	Arena Entertainment	MobyGames (n=5)=5.8	GameFAQs community=4.2; LaunchBox community Bayesian (raw 6.0, n=36)=6.2; LaunchBox Community=5.2
gamegear	primal rage	Primal Rage	6.6	5.2	1995-08-25	Probe Entertainment	Time Warner Interactive	MobyGames (n=5)=6.6	GameFAQs community=4.3; LaunchBox community Bayesian (raw 5.7, n=34)=6.0; LaunchBox Community=5.2
gamegear	prince of persia	Prince of Persia	8.0	7.0	1992-09-01	Domark Software	Domark Software	MobyGames (n=5)=8.0	GameFAQs community=6.6; LaunchBox community Bayesian (raw 7.4, n=44)=7.3; LaunchBox Community=7.0
gamegear	psychic world	Psychic World	6.3	7.0	1991-04-26	Sanritsu Denki	Sega of America	MobyGames (n=5)=6.3	GameFAQs community=6.6; LaunchBox community Bayesian (raw 7.5, n=43)=7.4; LaunchBox Community=7.0
gamegear	putt and putter	Putt and Putter	5.8	5.6	1991	SIMS Co., Ltd.		MobyGames (n=5)=5.8	GameFAQs community=5.6
gamegear	r b i baseball 94	R.B.I. Baseball '94		5.1	1994-10-01	Al Baker & Associates	Time Warner Interactive		GameFAQs community=4.2; LaunchBox community Bayesian (raw 5.4, n=22)=5.9; LaunchBox Community=5.1
gamegear	r c grand prix	R.C. Grand Prix	6.3	7.1	1992-01-01	Absolute Entertainment	Absolute Entertainment	MobyGames (n=5)=6.3	GameFAQs community=7.2; LaunchBox community Bayesian (raw 6.9, n=28)=6.9; LaunchBox Community=7.1
gamegear	ren and stimpy quest for the shaven yak	Ren and Stimpy: Quest for the Shaven Yak
gamegear	revenge of drancon	Revenge of Drancon		7.1	1990-12-08	Sega Enterprises	Sega of America		GameFAQs community=6.3; LaunchBox community Bayesian (raw 8.1, n=47)=7.9; LaunchBox Community=7.1
gamegear	rise of the robots	Rise of the Robots	3.1	3.6	1994-11-19	Data Design Interactive	Time Warner Interactive	MobyGames (n=5)=3.1	GameFAQs community=1.5; LaunchBox community Bayesian (raw 5.2, n=29)=5.7; LaunchBox Community=3.6
gamegear	ristar the shooting star	Ristar the Shooting Star
gamegear	road rash	Road Rash	8.0	7.1	1994-03-01	Probe Software	U.S. Gold	MobyGames (n=5)=8.0	GameFAQs community=7.0; LaunchBox community Bayesian (raw 7.3, n=44)=7.2; LaunchBox Community=7.1
gamegear	robocop 3	Robocop 3	5.2	4.6	1993-11-01	Eden Entertainment Software	Flying Edge	MobyGames (n=5)=5.2	GameFAQs community=3.1; LaunchBox community Bayesian (raw 5.8, n=30)=6.1; LaunchBox Community=4.6
gamegear	robocop versus the terminator	RoboCop Versus The Terminator	7.7	6.7	1993-12-01	NMS Software	Virgin Games	MobyGames (n=5)=7.7	GameFAQs community=6.4; LaunchBox community Bayesian (raw 7.0, n=33)=7.0; LaunchBox Community=6.7
gamegear	ronald in the magical world	Ronald in the Magical World
gamegear	samurai shodown	Samurai Shodown		6.8	1994-01-01	Takara	Takara		GameFAQs community=6.5; LaunchBox community Bayesian (raw 7.0, n=45)=7.0; LaunchBox Community=6.8
gamegear	scratch golf	Scratch Golf	5.7	6.4	1994-03-01	Eleca	Vic Tokai	MobyGames (n=5)=5.7	GameFAQs community=6.2; LaunchBox community Bayesian (raw 6.2, n=20)=6.5; LaunchBox Community=6.4
gamegear	sd gundam winner s history	SD Gundam: Winner's History		6.1	1995-03-24	ITL	Bandai		GameFAQs community=5.6; LaunchBox community Bayesian (raw 6.3, n=22)=6.5; LaunchBox Community=6.1
gamegear	sega game pack 4 in 1	Sega Game Pack: 4 in 1	6.9	6.8	1992-12-01	Sega Enterprises	Sega Enterprises	MobyGames (n=5)=6.9	GameFAQs community=6.1; LaunchBox community Bayesian (raw 7.6, n=24)=7.4; LaunchBox Community=6.8
gamegear	shaq fu	Shaq Fu		4.2	1995-01-01	Tiertex	Electronic Arts		GameFAQs community=3.2; LaunchBox community Bayesian (raw 4.4, n=27)=5.1; LaunchBox Community=4.2
gamegear	shining force gaiden final conflict	Shining Force Gaiden: Final Conflict		7.9	1995-06-30	Sonic Co.	Sega Enterprises		GameFAQs community=8.0; LaunchBox community Bayesian (raw 8.0, n=44)=7.8; LaunchBox Community=7.9
gamegear	shining force ii the sword of hajya	Shining Force II: The Sword of Hajya
gamegear	shinobi ii the silent fury	Shinobi II: The Silent Fury	8.5	8.0	1992-12-11	Sega Enterprises	Sega of America	MobyGames (n=5)=8.5	GameFAQs community=7.9; LaunchBox community Bayesian (raw 8.2, n=86)=8.1; LaunchBox Community=8.0
gamegear	simpsons bart vs the space mutants	Simpsons: Bart vs. the Space Mutants	7.7	4.1	1992-01-01	Imagineering Inc.		MobyGames=7.7 (n=5 min)	GameFAQs community=4.1
gamegear	simpsons bart vs the world	Simpsons: Bart vs. the World	6.5	5.1	1993-06-25	Arc Developments	Flying Edge	MobyGames (n=5)=6.5	GameFAQs community=3.5; LaunchBox community Bayesian (raw 6.9, n=35)=6.9; Legacy community=5.0
gamegear	simpsons bartman meets radioactive man	Simpsons: Bartman Meets Radioactive Man	5.7	4.6	1994-02-01	Teeny Weeny Games	Acclaim Entertainment	MobyGames (n=5)=5.7	GameFAQs community=4.2; LaunchBox community Bayesian (raw 4.4, n=31)=5.0; Legacy community=4.6
gamegear	skweek	Skweek	7.6		1991	Loriciels		MobyGames (n=5)=7.6
gamegear	slider	Slider		7.4	1991-01-01	Loriciel	Sega Enterprises		GameFAQs community=6.9; LaunchBox community Bayesian (raw 8.1, n=42)=7.9; LaunchBox Community=7.4
gamegear	smash t v	Smash T.V.	5.0		1992	Williams Electronics Games, Inc.		MobyGames (n=5)=5.0
gamegear	smurfs	Smurfs	7.1	5.8	1994-01-01	Bit Managers	Infogrames	MobyGames (n=5)=7.1	GameFAQs community=4.4; LaunchBox community Bayesian (raw 7.3, n=34)=7.2; Legacy community=5.8
gamegear	solitaire funpak	Solitaire Funpak		6.5	1994-01-01	Beam Software	Interplay Productions		GameFAQs community=6.2; LaunchBox community Bayesian (raw 6.6, n=23)=6.7; LaunchBox Community=6.5
gamegear	solitaire poker	Solitaire Poker	6.9	6.7	1991-01-01	FACE	ASCII	MobyGames (n=5)=6.9	GameFAQs community=7.1; LaunchBox community Bayesian (raw 6.2, n=29)=6.4; LaunchBox Community=6.7
gamegear	sonic blast	Sonic Blast	5.5	5.6	1996-11-14	Aspect	Sega of America	MobyGames (n=5)=5.5	GameFAQs community=5.0; LaunchBox community Bayesian (raw 6.0, n=58)=6.1; LaunchBox Community=5.6
gamegear	sonic chaos	Sonic Chaos
gamegear	sonic drift	Sonic Drift	6.2	5.8	1994-03-18	Sega Enterprises	Sega Enterprises	MobyGames (n=5)=6.2	GameFAQs community=5.0; LaunchBox community Bayesian (raw 6.4, n=64)=6.5; LaunchBox Community=5.8
gamegear	sonic drift 2	Sonic Drift 2	7.7	6.9	1995-11-01	Sega Enterprises	Sega Enterprises	MobyGames (n=5)=7.7	GameFAQs community=6.6; LaunchBox community Bayesian (raw 7.2, n=78)=7.2; LaunchBox Community=6.9
gamegear	sonic labyrinth	Sonic Labyrinth	7.1	5.3	1995-10-01	Minato Giken	Sega of America	MobyGames (n=5)=7.1	GameFAQs community=4.6; LaunchBox community Bayesian (raw 5.8, n=59)=6.0; LaunchBox Community=5.3
gamegear	sonic spinball	Sonic Spinball
gamegear	sonic the hedgehog	Sonic the Hedgehog	8.7	7.5	1991-12-28	Ancient	Sega of America	MobyGames (n=5)=8.7	GameFAQs community=7.4; LaunchBox community Bayesian (raw 7.6, n=99)=7.5; LaunchBox Community=7.5
gamegear	sonic the hedgehog 2	Sonic the Hedgehog 2	7.4	7.0	1992-11-21	Aspect	Sega of America	MobyGames (n=5)=7.4	GameFAQs community=6.8; LaunchBox community Bayesian (raw 7.1, n=98)=7.1; LaunchBox Community=7.0
gamegear	sonic the hedgehog triple trouble	Sonic the Hedgehog: Triple Trouble	8.1	7.7	1994-11-11	Aspect	Sega Enterprises	MobyGames (n=5)=8.1	GameFAQs community=7.5; LaunchBox community Bayesian (raw 7.8, n=110)=7.7; LaunchBox Community=7.7
gamegear	space harrier	Space Harrier	6.6	6.6	1991-11-01	AM R&D Dept. #2	Sega Enterprises	MobyGames (n=5)=6.6	GameFAQs community=5.9; LaunchBox community Bayesian (raw 7.3, n=44)=7.2; LaunchBox Community=6.6
gamegear	spider man	Spider-Man	7.4	6.5	1992-06-01	Sega of America	Flying Edge	MobyGames (n=5)=7.4	LaunchBox community Bayesian (raw 6.4, n=42)=6.5; LaunchBox Community=6.5
gamegear	spider man and x men arcade s revenge	Spider-Man and X-Men: Arcade's Revenge	7.2		1994	Software Creations Ltd.		MobyGames (n=5)=7.2
gamegear	spider man return of the sinister six	Spider-Man: Return of the Sinister Six	6.1	5.9	1993-01-01	B.I.T.S.	Flying Edge	MobyGames (n=5)=6.1	GameFAQs community=6.0; LaunchBox community Bayesian (raw 5.7, n=46)=5.9; LaunchBox Community=5.9
gamegear	sports illustrated championship football and baseball	Sports Illustrated: Championship Football & Baseball		5.7	1995-01-01	Unexpected Development	Black Pearl Software		GameFAQs community=4.8; LaunchBox community Bayesian (raw 6.1, n=18)=6.4; LaunchBox Community=5.7
gamegear	sports trivia	Sports Trivia		5.6	1995-01-01	Adrenalin Entertainment	Sega of America		GameFAQs community=5.0; LaunchBox community Bayesian (raw 5.7, n=19)=6.1; LaunchBox Community=5.6
gamegear	sports trivia championship edition	Sports Trivia: Championship Edition		5.6	1995-01-01	Adrenalin Entertainment	Sega of America		GameFAQs community=5.6; LaunchBox community Bayesian (raw 4.8, n=19)=5.6; LaunchBox Community=5.6
gamegear	star gate	Star-Gate	5.9	5.9	1994-01-01	Probe Software	Acclaim Entertainment	MobyGames (n=5)=5.9	LaunchBox community Bayesian (raw 5.4, n=23)=5.9; LaunchBox Community=5.9
gamegear	star trek generations beyond the nexus	Star Trek Generations: Beyond the Nexus		7.3	1994-12-01	Absolute Entertainment	Absolute Entertainment		GameFAQs community=7.3; LaunchBox community Bayesian (raw 7.3, n=26)=7.2
gamegear	star trek tng advanced holodeck tutorial	Star Trek TNG: Advanced Holodeck Tutorial
gamegear	star wars	Star Wars	7.3	6.5	1993-10-01	Tiertex	U.S. Gold	MobyGames (n=5)=7.3	GameFAQs community=6.2; LaunchBox community Bayesian (raw 6.8, n=53)=6.8; LaunchBox Community=6.5
gamegear	streets of rage	Streets of Rage	6.5	6.7	1992-12-01	Sega Enterprises	Sega of America	MobyGames (n=5)=6.5	GameFAQs community=6.1; LaunchBox community Bayesian (raw 7.2, n=66)=7.2; LaunchBox Community=6.7
gamegear	streets of rage 2	Streets of Rage 2	8.0	7.5	1993-08-01	Japan System House	Sega of America	MobyGames (n=5)=8.0	GameFAQs community=6.8; LaunchBox community Bayesian (raw 8.2, n=71)=8.1; LaunchBox Community=7.5
gamegear	strider returns	Strider Returns
gamegear	super columns	Super Columns	7.8	7.3	1995-01-01	Sega Enterprises	Sega of America	MobyGames (n=5)=7.8	GameFAQs community=7.4; LaunchBox community Bayesian (raw 7.4, n=39)=7.3; LaunchBox Community=7.3
gamegear	super monaco gp	Super Monaco GP	6.7	6.5	1991-01-01	Sega Enterprises	Sega Enterprises	MobyGames (n=5)=6.7	GameFAQs community=6.5; LaunchBox community Bayesian (raw 6.4, n=41)=6.5; LaunchBox Community=6.5
gamegear	super off road	Super Off-Road		5.9	1992-01-01	Graftgold Creative Software	Virgin Games		GameFAQs community=5.4; LaunchBox community Bayesian (raw 6.1, n=36)=6.3; LaunchBox Community=5.9
gamegear	super return of the jedi	Super Return of the Jedi
gamegear	super space invaders	Super Space Invaders		6.6	1993-01-01	Tiertex	Domark		GameFAQs community=6.2; LaunchBox community Bayesian (raw 7.0, n=37)=7.0; LaunchBox Community=6.6
gamegear	superman	Superman
gamegear	surf ninjas	Surf Ninjas	5.9	5.2	1993-08-01	NuFX	Sega of America	MobyGames (n=5)=5.9	GameFAQs community=4.1; LaunchBox community Bayesian (raw 6.2, n=38)=6.4; LaunchBox Community=5.2
gamegear	sylvan tale	Sylvan Tale		7.5	1995-01-27	Sega Enterprises	Sega Enterprises		GameFAQs community=8.0; LaunchBox community Bayesian (raw 7.0, n=39)=7.0; LaunchBox Community=7.5
gamegear	tails adventures	Tails' Adventures
gamegear	tails sky patrol	Tails Sky Patrol	4.5	5.3	1995	SIMS Co., Ltd.		MobyGames (n=5)=4.5	GameFAQs community=5.3
gamegear	tale spin	Tale-Spin		5.7	1993-01-01	Sega Enterprises	Sega of America		LaunchBox community Bayesian (raw 5.4, n=40)=5.7; LaunchBox Community=5.7
gamegear	taz in escape from mars	Taz in Escape from Mars	6.5	6.7	1994-01-01	Al Baker & Associates	Sega of America	MobyGames (n=5)=6.5	GameFAQs community=5.8; LaunchBox community Bayesian (raw 7.6, n=35)=7.5; LaunchBox Community=6.7
gamegear	taz mania the search for the lost seabirds	Taz-Mania: The Search for the Lost Seabirds
gamegear	terminator	Terminator	6.8	4.7	1992-01-01	Probe Software	Virgin Games	MobyGames (n=5)=6.8	GameFAQs community=2.8; LaunchBox community Bayesian (raw 6.5, n=38)=6.6; Legacy community=4.7
gamegear	terminator 2 judgment day	Terminator 2: Judgment Day	6.7	4.7	1993-01-01	Arc Developments	Flying Edge	MobyGames (n=5)=6.7	GameFAQs community=4.2; LaunchBox community Bayesian (raw 4.8, n=36)=5.3; LaunchBox Community=4.7
gamegear	terminator 2 the arcade game	Terminator 2: The Arcade Game
gamegear	tesserae	Tesserae		3.9	1993-11-01	Eurocom Entertainment Software	GameTek		GameFAQs community=2.5; LaunchBox community Bayesian (raw 4.7, n=33)=5.2; LaunchBox Community=3.9
gamegear	tintin au tibet	Tintin au Tibet
gamegear	tom and jerry the movie	Tom and Jerry: The Movie	6.1	6.4	1993-01-01	SIMS	Sega of America	MobyGames (n=5)=6.1	GameFAQs community=6.2; LaunchBox community Bayesian (raw 6.5, n=45)=6.6; LaunchBox Community=6.4
gamegear	true lies	True Lies	6.2	6.6	1995-02-01	Beam Software	Acclaim Entertainment	MobyGames (n=5)=6.2	GameFAQs community=6.4; LaunchBox community Bayesian (raw 6.7, n=34)=6.8; LaunchBox Community=6.6
gamegear	ultimate soccer	Ultimate Soccer	7.3	5.8	1993-08-02	Rage Software	Sega Enterprises	MobyGames (n=5)=7.3	GameFAQs community=4.9; LaunchBox community Bayesian (raw 6.4, n=21)=6.6; LaunchBox Community=5.8
gamegear	urban strike	Urban Strike		4.1					GameFAQs community=4.1; Legacy community=4.1
gamegear	vampire master of darkness	Vampire: Master of Darkness	7.9	7.3	1992-10-23	SIMS	Sega of America	MobyGames (n=5)=7.9	GameFAQs community=6.4; LaunchBox community Bayesian (raw 8.2, n=57)=8.0; LaunchBox Community=7.3
gamegear	vr troopers	VR Troopers		5.7	1995-01-01	Syrox Developments	Sega of America		GameFAQs community=5.6; LaunchBox community Bayesian (raw 5.3, n=28)=5.7; LaunchBox Community=5.7
gamegear	wheel of fortune	Wheel of Fortune		6.8	1993-08-01	Imagitec Design	GameTek		LaunchBox community Bayesian (raw 6.8, n=30)=6.8
gamegear	wimbledon	Wimbledon		5.6					GameFAQs community=5.6; Legacy community=5.6
gamegear	winter olympics lillehammer 94	Winter Olympics: Lillehammer '94	6.4		1994	Tiertex Ltd.		MobyGames (n=5)=6.4
gamegear	wizard pinball	Wizard Pinball	7.0	6.1	1995-01-01	Teque London	Domark Software	MobyGames (n=5)=7.0	GameFAQs community=5.6; LaunchBox community Bayesian (raw 6.3, n=34)=6.5; LaunchBox Community=6.1
gamegear	wolf child	Wolf-Child	7.1	6.5	1993-01-01	Core Design	Virgin Games	MobyGames (n=5)=7.1	LaunchBox community Bayesian (raw 6.2, n=18)=6.5; LaunchBox Community=6.5
gamegear	wonder boy	Wonder Boy	6.8		1990	Escape		MobyGames (n=5)=6.8
gamegear	wonder boy 3 the dragon s trap	Wonder Boy 3: The Dragon's Trap	7.9		1992	SEGA Enterprises Ltd.		MobyGames (n=5)=7.9
gamegear	woody pop	Woody Pop	6.5	6.6	1991-01-01	Sega Enterprises	Sega of America	MobyGames (n=5)=6.5	GameFAQs community=6.3; LaunchBox community Bayesian (raw 6.9, n=39)=6.9; LaunchBox Community=6.6
gamegear	world class leader golf	World Class Leader Golf
gamegear	world cup 94	World Cup '94
gamegear	world cup soccer	World Cup Soccer	8.1	6.3	1993	SIMS Co., Ltd.		MobyGames (n=5)=8.1	GameFAQs community=6.3
gamegear	world series baseball	World Series Baseball		6.6	1993-11-01	ITL	Sega of America		GameFAQs community=6.5; LaunchBox community Bayesian (raw 6.7, n=31)=6.8; LaunchBox Community=6.6
gamegear	world series baseball 95	World Series Baseball '95		6.8	1994-10-01	BlueSky Software	Sega of America		GameFAQs community=6.9; LaunchBox community Bayesian (raw 6.7, n=33)=6.8; LaunchBox Community=6.8
gamegear	wwf raw	WWF Raw	6.1	6.4	1994-01-01	Realtime Associates Seattle Division	Acclaim Entertainment	MobyGames (n=5)=6.1	GameFAQs community=5.8; LaunchBox community Bayesian (raw 7.0, n=36)=7.0; LaunchBox Community=6.4
gamegear	wwf steel cage challenge	WWF: Steel Cage Challenge
gamegear	x men	X-Men		6.2	1994-01-01	Sega of America	Sega of America		GameFAQs community=6.1; LaunchBox community Bayesian (raw 6.2, n=49)=6.3
gamegear	x men gamemaster s legacy	X-Men: GameMaster's Legacy
gamegear	x men mojo s world	X-Men: Mojo's World
gamegear	xaropinho	Xaropinho
gamegear	yogi bear in yogi bear s goldrush	Yogi Bear in Yogi Bear's Goldrush
gamegear	yuu yuu hakusho 2	Yuu Yuu Hakusho 2
gamegear	zoop	Zoop		6.7	1995-01-01	Hookstone	Viacom New Media		GameFAQs community=5.7; LaunchBox community Bayesian (raw 7.9, n=24)=7.6; LaunchBox Community=6.7
gb	1993 collection 128 in 1	1993 Collection 128-in-1
gb	2nd space	2nd Space
gb	4 in 1 funpak	4-in-1 Funpak	6.0	5.5	1992-09-01	Beam Software	Interplay Productions	MobyGames (n=5)=6.0	LaunchBox community Bayesian (raw 5.2, n=44)=5.5; LaunchBox Community=5.5
gb	4 in 1 funpak vol ii	4-in-1 Funpak Vol. II
gb	a boy and his blob the rescue of princess blobette	A Boy and His Blob: The Rescue of Princess Blobette
gb	a force sachen 4 in 1 vol 6	A-Force (Sachen 4-in-1 Vol. 6)		5.1					GameFAQs community=5.1
gb	adventure island	Adventure Island	6.5	7.1	1992-02-01	Hudson Soft	Hudson Soft	GameRankings (n=3)=6.5	GameFAQs community=6.9; LaunchBox community Bayesian (raw 7.4, n=103)=7.4; LaunchBox Community=7.1
gb	adventure island ii	Adventure Island II	6.9		1992	Now Production Co., Ltd.		MobyGames (n=5)=6.9
gb	aerostar	Aerostar		7.1	1991-06-28	Sigma Pro-Tech	Sunsoft		GameFAQs community=6.3; LaunchBox community Bayesian (raw 8.0, n=69)=7.9; LaunchBox Community=7.1
gb	aladdin	Aladdin
gb	alfred chicken	Alfred Chicken	7.8	6.7	1994-02-01	Twilight	Mindscape	MobyGames (n=5)=7.8	GameFAQs community=6.3; LaunchBox community Bayesian (raw 7.0, n=48)=7.0; LaunchBox Community=6.7
gb	alien 3	Alien 3	6.5	5.6	1993-01-01	B.I.T.S.	LJN	MobyGames (n=5)=6.5	GameFAQs community=5.1; LaunchBox community Bayesian (raw 6.0, n=60)=6.1; LaunchBox Community=5.6
gb	alien olympics 2044 ad	Alien Olympics 2044 AD		5.2					GameFAQs community=5.2
gb	alien vs predator the last of his clan	Alien vs Predator: The Last of His Clan	6.0	5.2	1993-09-24	ASK Kodansha	Activision	MobyGames (n=5)=6.0	GameFAQs community=4.4; LaunchBox community Bayesian (raw 5.8, n=68)=6.0; LaunchBox Community=5.2
gb	all star baseball 99	All-Star Baseball '99		6.9	1998-05-27	Realtime Associates	Acclaim Entertainment		GameFAQs community=7.1; LaunchBox community Bayesian (raw 6.7, n=52)=6.7; LaunchBox Community=6.9
gb	alleyway	Alleyway	5.4	6.8	1989-04-21	Intelligent Systems	Nintendo	GameRankings (n=4)=5.5; MobyGames (n=5)=5.3	GameFAQs community=6.6; LaunchBox community Bayesian (raw 7.0, n=112)=7.0; LaunchBox Community=6.8
gb	altered space	Altered Space
gb	amazing penguin	Amazing Penguin	6.7	7.4	1990-08-08	Natsume	Natsume	MobyGames (n=5)=6.7	GameFAQs community=7.1; LaunchBox community Bayesian (raw 7.6, n=61)=7.5; LaunchBox Community=7.4
gb	amazing tater	Amazing Tater	8.0	7.1	1991	Atlus Co., Ltd.	Atlus	MobyGames (n=5)=8.0	GameFAQs community=6.9; LaunchBox community Bayesian (raw 7.4, n=71)=7.4; Legacy community=7.1
gb	animaniacs	Animaniacs	7.1	5.8	1995-07-01	Factor 5	Konami	MobyGames (n=5)=7.1	GameFAQs community=5.3; LaunchBox community Bayesian (raw 6.0, n=63)=6.1; LaunchBox Community=5.8
gb	another bible	Another Bible		5.4	1995-03-03	DiCE	Atlus		GameFAQs community=4.5; LaunchBox community Bayesian (raw 5.9, n=34)=6.2; LaunchBox Community=5.4
gb	ant soldiers	Ant Soldiers		2.7					GameFAQs community=2.7
gb	artic zone sachen 4 in 1 vol 5	Artic Zone (Sachen 4-in-1 Vol. 5)
gb	ast rix	Astérix	7.2	6.5	1993-01-01	New Frontier	Infogrames	MobyGames (n=5)=7.2	GameFAQs community=6.2; LaunchBox community Bayesian (raw 6.8, n=47)=6.8; LaunchBox Community=6.5
gb	asteroids	Asteroids	6.3	6.1	1992-02-01	The Code Monkeys	Accolade	MobyGames (n=5)=6.3	GameFAQs community=6.2; LaunchBox community Bayesian (raw 5.7, n=45)=5.9; LaunchBox Community=6.1
gb	asteroids and missile command	Asteroids & Missile Command
gb	astro rabby	Astro Rabby		6.4	1990-10-12	Information Global Service	Information Global Service		GameFAQs community=6.5; LaunchBox community Bayesian (raw 6.1, n=17)=6.4; LaunchBox Community=6.4
gb	atomic punk	Atomic Punk	7.6	7.0	1990-08-31	Hudson Soft	Hudson Soft	MobyGames (n=5)=7.6	GameFAQs community=6.9; LaunchBox community Bayesian (raw 7.1, n=68)=7.1; LaunchBox Community=7.0
gb	attack of the killer tomatoes	Attack of the Killer Tomatoes	6.4	4.9	1992-01-01	Equilibrium	THQ	MobyGames (n=5)=6.4	GameFAQs community=4.3; LaunchBox community Bayesian (raw 5.2, n=38)=5.6; LaunchBox Community=4.9
gb	avenging spirit	Avenging Spirit	7.4	7.4	1992-11-06	C.P. Brain	Jaleco	MobyGames (n=5)=7.4	GameFAQs community=7.2; LaunchBox community Bayesian (raw 7.6, n=87)=7.5; LaunchBox Community=7.4
gb	balloon kid	Balloon Kid	6.7	7.1	1990-10-05	Pax Softnica	Nintendo	GameRankings (n=3)=6.7; MobyGames (n=5)=6.7	GameFAQs community=7.3; LaunchBox community Bayesian (raw 6.9, n=87)=6.9; LaunchBox Community=7.1
gb	barbie game girl	Barbie: Game Girl	4.0	5.3	1992-10-01	Imagineering	Hi-Tech Expressions	MobyGames (n=5)=4.0	GameFAQs community=4.1; LaunchBox community Bayesian (raw 6.3, n=36)=6.5; LaunchBox Community=5.3
gb	baseball	Baseball	5.3	5.2	1989-04-21	Intelligent Systems	Nintendo	GameRankings (n=4)=5.4; MobyGames (n=5)=5.2	GameFAQs community=5.4; LaunchBox community Bayesian (raw 4.6, n=50)=5.0; LaunchBox Community=5.2
gb	bases loaded	Bases Loaded	7.6	6.3	1990-07-01	TOSE	Jaleco	MobyGames (n=5)=7.6	GameFAQs community=6.5; LaunchBox community Bayesian (raw 6.0, n=32)=6.2; LaunchBox Community=6.3
gb	batman	Batman
gb	batman forever	Batman Forever	5.0	5.4	1995-08-01	Probe Entertainment	Acclaim Entertainment	MobyGames (n=5)=5.0	GameFAQs community=4.1; LaunchBox community Bayesian (raw 6.6, n=78)=6.6; LaunchBox Community=5.4
gb	batman return of the joker	Batman: Return of the Joker	7.1	6.2	1992-03-28	Sunsoft	Sunsoft	GameRankings (n=3)=6.3; MobyGames (n=5)=7.5	GameFAQs community=6.1; LaunchBox community Bayesian (raw 6.3, n=81)=6.4; LaunchBox Community=6.2
gb	batman the animated series	Batman: The Animated Series	7.9	7.3	1993-11-01	Konami	Konami	MobyGames (n=5)=7.9	GameFAQs community=6.7; LaunchBox community Bayesian (raw 7.9, n=66)=7.8; LaunchBox Community=7.3
gb	batman the video game	Batman: The Video Game	7.9	7.7	1990-06-13	Sunsoft	Sunsoft	MobyGames (n=5)=7.9	GameFAQs community=7.3; LaunchBox community Bayesian (raw 8.2, n=117)=8.1; LaunchBox Community=7.7
gb	battle arena toshinden	Battle Arena Toshinden	8.4	6.7	1996-03-22	Betop	Nintendo	MobyGames (n=5)=8.4	GameFAQs community=7.0; LaunchBox community Bayesian (raw 6.4, n=65)=6.5; LaunchBox Community=6.7
gb	battle bull	Battle Bull		6.6	1990-11-30	Jorudan	SETA		GameFAQs community=7.0; LaunchBox community Bayesian (raw 6.1, n=42)=6.3; LaunchBox Community=6.6
gb	battle unit zeoth	Battle Unit Zeoth		6.3	1990-12-21	Jaleco	Jaleco		GameFAQs community=5.9; LaunchBox community Bayesian (raw 6.6, n=60)=6.7; LaunchBox Community=6.3
gb	battle zone and super breakout	Battle Zone & Super Breakout
gb	battleship	Battleship		6.4	1989-12-22	Pack-In-Video	Mindscape		GameFAQs community=6.1; LaunchBox community Bayesian (raw 6.8, n=52)=6.8; LaunchBox Community=6.4
gb	battletoads	Battletoads	7.3	7.0	1991-11-01	Rare	Tradewest	GameRankings (n=3)=7.8; MobyGames (n=5)=7.0	GameFAQs community=6.4; LaunchBox community Bayesian (raw 7.6, n=90)=7.5; LaunchBox Community=7.0
gb	battletoads double dragon the ultimate team	Battletoads Double Dragon: The Ultimate Team
gb	battletoads in ragnarok s world	Battletoads in Ragnarok's World		6.4	1993-06-01	Rare	Tradewest		GameFAQs community=6.3; LaunchBox community Bayesian (raw 6.5, n=66)=6.6; LaunchBox Community=6.4
gb	beethoven s 2nd	Beethoven's 2nd
gb	beetlejuice	Beetlejuice	6.0	5.8	1992-01-03	Rare	LJN	MobyGames (n=5)=6.0	GameFAQs community=4.8; LaunchBox community Bayesian (raw 6.7, n=52)=6.7; LaunchBox Community=5.8
gb	berlitz french language translator	Berlitz French Language Translator
gb	berlitz spanish language translator	Berlitz Spanish Language Translator
gb	best of the best championship karate	Best of the Best: Championship Karate	7.6	5.6	1992-12-01	Loriciels	Electro Brain	MobyGames (n=5)=7.6	GameFAQs community=4.4; LaunchBox community Bayesian (raw 6.6, n=37)=6.7; LaunchBox Community=5.6
gb	bill and ted s excellent gameboy adventure	Bill & Ted's Excellent Gameboy Adventure	7.2		1991	Beam Software Pty., Ltd.		MobyGames (n=5)=7.2
gb	bill elliott s nascar fast tracks	Bill Elliott's NASCAR Fast Tracks	6.1	5.7	1991-12-01	Distinctive Software	Konami	MobyGames (n=5)=6.1	GameFAQs community=6.1; LaunchBox community Bayesian (raw 4.9, n=33)=5.4; LaunchBox Community=5.7
gb	bionic battler	Bionic Battler		5.9	1990-08-10	Copya System	Electro Brain		GameFAQs community=5.8; LaunchBox community Bayesian (raw 5.6, n=32)=5.9; LaunchBox Community=5.9
gb	bionic commando	Bionic Commando	7.7	7.8	1992-07-24	Minakuchi Engineering	Capcom	GameRankings (n=5)=8.1; MobyGames (n=5)=7.3	GameFAQs community=7.5; LaunchBox community Bayesian (raw 8.1, n=78)=8.0; LaunchBox Community=7.8
gb	bishoujo senshi sailor moon	Bishoujo Senshi Sailor Moon		6.5	1992-12-18	Arc System Works	Bandai		GameFAQs community=6.5; LaunchBox community Bayesian (raw 6.3, n=22)=6.5; LaunchBox Community=6.5
gb	black bass lure fishing	Black Bass: Lure Fishing		6.4	1992-08-28	Hot-B	Hot-B		GameFAQs community=6.8; LaunchBox community Bayesian (raw 5.7, n=36)=6.0; LaunchBox Community=6.4
gb	black forest tale	Black Forest Tale		4.2					GameFAQs community=4.2
gb	blades of steel	Blades of Steel	6.8	6.5	1991-01-01	Konami	Ultra Games	GameRankings (n=3)=6.5; MobyGames (n=5)=7.0	GameFAQs community=6.1; LaunchBox community Bayesian (raw 6.9, n=49)=6.9; LaunchBox Community=6.5
gb	blaster master boy	Blaster Master Boy	7.4	7.2	1991-08-23	Aicom	Sunsoft	MobyGames (n=5)=7.4	GameFAQs community=6.8; LaunchBox community Bayesian (raw 7.7, n=70)=7.6; LaunchBox Community=7.2
gb	block kuzushi gb	Block Kuzushi GB		6.9	1995-12-29	OeRSTED	Pow		GameFAQs community=6.8; LaunchBox community Bayesian (raw 6.9, n=24)=6.9
gb	bo jackson hit and run	Bo Jackson Hit and Run
gb	boggle plus	Boggle Plus	5.6	6.1	1992-02-01	Sculptured Software	Parker Brothers	GameRankings (n=3)=5.6	GameFAQs community=5.6; LaunchBox community Bayesian (raw 6.5, n=36)=6.6; LaunchBox Community=6.1
gb	bomb disposer	Bomb Disposer		5.6					GameFAQs community=5.6
gb	bomb jack	Bomb Jack	7.7	6.9	1992-01-01	Bit Managers	Infogrames	MobyGames (n=5)=7.7	GameFAQs community=6.7; LaunchBox community Bayesian (raw 7.2, n=58)=7.2; LaunchBox Community=6.9
gb	bomberman gb	Bomberman GB	7.3	7.1	1995-08-10	Hudson Soft	Nintendo	GameRankings (n=3)=7.3; MobyGames (n=5)=7.3	GameFAQs community=7.0; LaunchBox community Bayesian (raw 7.1, n=68)=7.1
gb	bonk s adventure	Bonk's Adventure	6.9	7.5	1992-11-27	Hudson Soft	Hudson Soft	MobyGames (n=5)=6.9	GameFAQs community=6.8; LaunchBox community Bayesian (raw 8.3, n=84)=8.2; LaunchBox Community=7.5
gb	bonk s revenge	Bonk's Revenge	7.1	7.0	1991-12-31	Red Company	Hudson Soft	MobyGames (n=5)=7.1	GameFAQs community=7.4; LaunchBox community Bayesian (raw 6.5, n=59)=6.6; LaunchBox Community=7.0
gb	booby boys	Booby Boys		6.1	1993-06-25	Nichibutsu	Nichibutsu		GameFAQs community=5.6; LaunchBox community Bayesian (raw 6.3, n=18)=6.5; LaunchBox Community=6.1
gb	boomer s adventure in asmik world	Boomer's Adventure in Asmik World	6.2	6.1	1989-12-27	Asmik	Asmik Corporation of America	MobyGames (n=5)=6.2	GameFAQs community=5.6; LaunchBox community Bayesian (raw 6.5, n=44)=6.6; LaunchBox Community=6.1
gb	boulder dash	Boulder Dash	7.9	6.7	1990-01-01	Beam Software	Nintendo	MobyGames (n=5)=7.9	GameFAQs community=6.4; LaunchBox community Bayesian (raw 7.0, n=34)=7.0; LaunchBox Community=6.7
gb	boxxle	Boxxle	7.3	6.6	1989-09-01	Atelier Double	FCI	MobyGames (n=5)=7.3	GameFAQs community=6.8; LaunchBox community Bayesian (raw 6.2, n=59)=6.3; LaunchBox Community=6.6
gb	boxxle ii	Boxxle II	7.3	6.7	1990-06-22	Atelier Double	FCI	MobyGames (n=5)=7.3	GameFAQs community=7.2; LaunchBox community Bayesian (raw 6.1, n=50)=6.2; LaunchBox Community=6.7
gb	brain drain	Brain Drain		6.6	1998-03-01	Visual Impact	Acclaim Entertainment		GameFAQs community=6.4; LaunchBox community Bayesian (raw 6.8, n=32)=6.8; LaunchBox Community=6.6
gb	brainbender	Brainbender	6.1	6.1	1991-11-01	Gremlin Graphics Software	Electro Brain	MobyGames (n=5)=6.1	LaunchBox community Bayesian (raw 5.8, n=31)=6.1; LaunchBox Community=6.1
gb	bram stoker s dracula	Bram Stoker's Dracula	6.4	4.9	1993-09-01	Probe Software	Sony Imagesoft	MobyGames (n=5)=6.4	GameFAQs community=3.2; LaunchBox community Bayesian (raw 6.4, n=40)=6.5; LaunchBox Community=4.9
gb	breakthru	BreakThru!	7.6	6.2	1995-01-01	Realtime Associates Seattle Division	Spectrum Holobyte	MobyGames (n=5)=7.6	GameFAQs community=5.9; LaunchBox community Bayesian (raw 6.3, n=34)=6.5; LaunchBox Community=6.2
gb	bubble bobble	Bubble Bobble	6.6	7.2	1990-12-07	Taito	Taito	MobyGames (n=5)=6.6	GameFAQs community=7.3; LaunchBox community Bayesian (raw 7.1, n=60)=7.1; LaunchBox Community=7.2
gb	bubble bobble part 2	Bubble Bobble Part 2	7.8	7.3	1993-05-28	Taito	Taito	MobyGames (n=5)=7.8	GameFAQs community=7.2; LaunchBox community Bayesian (raw 7.5, n=46)=7.4; LaunchBox Community=7.3
gb	bubble ghost	Bubble Ghost	7.3	7.3	1990-11-01	Opera House	FCI	MobyGames (n=5)=7.3	GameFAQs community=6.9; LaunchBox community Bayesian (raw 7.7, n=56)=7.6; LaunchBox Community=7.3
gb	bubsy 2	Bubsy 2	5.5		1994	Accolade, Inc.		MobyGames (n=5)=5.5
gb	bugs bunny	Bugs Bunny
gb	bugs bunny crazy castle ii	Bugs Bunny: Crazy Castle II	6.4		1991	Kotobuki System Co., Ltd.		MobyGames (n=5)=6.4
gb	burai fighter deluxe	Burai Fighter Deluxe	8.0	7.2	1990-06-27	Kid	Taito	MobyGames (n=5)=8.0	GameFAQs community=6.7; LaunchBox community Bayesian (raw 7.7, n=60)=7.6; LaunchBox Community=7.2
gb	burgertime deluxe	BurgerTime Deluxe	6.7	7.0	1991-02-15	Data East	Data East	GameRankings (n=3)=6.1; MobyGames (n=5)=7.0	GameFAQs community=6.9; LaunchBox community Bayesian (raw 7.2, n=65)=7.2; LaunchBox Community=7.0
gb	bust a move 2 arcade edition	Bust-A-Move 2: Arcade Edition		7.0	1997-01-01	Taito	Acclaim Entertainment		GameFAQs community=7.5; LaunchBox community Bayesian (raw 6.6, n=53)=6.7; LaunchBox Community=7.0
gb	bust a move 3 dx	Bust-A-Move 3 DX		6.9	1998-01-01	Taito	Acclaim Entertainment		GameFAQs community=6.7; LaunchBox community Bayesian (raw 7.1, n=42)=7.1; LaunchBox Community=6.9
gb	buster brothers	Buster Brothers
gb	caesars palace	Caesars Palace	6.3	5.6	1991-06-01	Magnin & Associates	Virgin Games	MobyGames (n=5)=6.3	GameFAQs community=5.4; LaunchBox community Bayesian (raw 5.3, n=31)=5.7; LaunchBox Community=5.6
gb	captain america and the avengers	Captain America and the Avengers		5.9	1994-02-01	Realtime Associates	Mindscape		GameFAQs community=5.4; LaunchBox community Bayesian (raw 6.2, n=46)=6.3; LaunchBox Community=5.9
gb	captain knick knack	Captain Knick Knack		6.4					GameFAQs community=6.4
gb	casino funpak	Casino FunPak		6.0	1995-01-01	Beam Software	Interplay Productions		GameFAQs community=5.8; LaunchBox community Bayesian (raw 6.1, n=30)=6.3; LaunchBox Community=6.0
gb	casper	Casper		5.3	1996-11-30	Bonsai Entertainment	Natsume		GameFAQs community=4.1; LaunchBox community Bayesian (raw 6.3, n=30)=6.5; LaunchBox Community=5.3
gb	castelian	Castelian		5.7	1991-05-01	B.I.T.S.	Storm		GameFAQs community=4.9; LaunchBox community Bayesian (raw 6.3, n=39)=6.4; LaunchBox Community=5.7
gb	castle quest	Castle Quest	7.6	6.4	1993-01-01	Hudson Soft	Hudson Soft	MobyGames (n=5)=7.6	GameFAQs community=5.9; LaunchBox community Bayesian (raw 6.8, n=29)=6.9; LaunchBox Community=6.4
gb	castlevania ii belmont s revenge	Castlevania II: Belmont's Revenge	8.4	7.6	1991-07-12	Konami	Konami	GameRankings (n=5)=8.3; MobyGames (n=5)=8.4	GameFAQs community=7.2; LaunchBox community Bayesian (raw 8.0, n=183)=7.9; LaunchBox Community=7.6
gb	castlevania legends	Castlevania Legends	5.5	6.7	1997-11-27	Konami	Konami	GameRankings (n=4)=5.3; MobyGames (n=5)=5.7	GameFAQs community=6.3; LaunchBox community Bayesian (raw 7.2, n=121)=7.2; LaunchBox Community=6.7
gb	castlevania the adventure	Castlevania: The Adventure	6.0	6.0	1989-10-27	Konami	Konami	GameRankings (n=7)=5.5; MobyGames (n=5)=6.8	GameFAQs community=5.3; LaunchBox community Bayesian (raw 6.7, n=173)=6.7; LaunchBox Community=6.0
gb	catrap	Catrap	7.9	7.4	1990-06-01	ASK Kodansha	Asmik Corporation of America	GameRankings (n=4)=8.4; MobyGames (n=5)=7.6	GameFAQs community=7.5; LaunchBox community Bayesian (raw 7.5, n=65)=7.4; LaunchBox Community=7.4
gb	cave noire	Cave Noire		7.0	1991-04-19	Konami	Konami		GameFAQs community=7.4; LaunchBox community Bayesian (raw 6.6, n=24)=6.7; LaunchBox Community=7.0
gb	centipede	Centipede	4.9	6.5	1992-12-01	The Code Monkeys	Accolade	GameRankings (n=3)=5.1; MobyGames (n=5)=4.8	GameFAQs community=6.4; LaunchBox community Bayesian (raw 6.5, n=34)=6.6
gb	chalvo 55 super puzzle action	Chalvo 55: Super Puzzle Action		7.1	1997-02-21	Japan System Supply	Japan System Supply		LaunchBox community Bayesian (raw 7.2, n=22)=7.1; LaunchBox Community=7.1
gb	championship pool	Championship Pool		5.9	1993-11-01	Bitmasters	Mindscape		LaunchBox community Bayesian (raw 5.5, n=24)=5.9; LaunchBox Community=5.9
gb	chase h q	Chase H.Q	4.2	6.2	1990-12-31	B.I.T.S.	Taito	MobyGames (n=5)=4.2	GameFAQs community=5.8; LaunchBox community Bayesian (raw 6.5, n=42)=6.6; LaunchBox Community=6.2
gb	choplifter ii rescue survive	Choplifter II: Rescue Survive	8.3	7.6	1991-06-21	Beam Software	JVC Musical Industries	MobyGames (n=5)=8.3	LaunchBox community Bayesian (raw 7.7, n=52)=7.6; LaunchBox Community=7.6
gb	choplifter iii	Choplifter III	7.9	7.1	1994-01-01	Teeny Weeny Games	Ocean Software	MobyGames (n=5)=7.9	GameFAQs community=6.7; LaunchBox community Bayesian (raw 7.7, n=35)=7.5; LaunchBox Community=7.1
gb	chuck rock	Chuck Rock	6.0	5.5	1993-01-01	Spidersoft	Sony Imagesoft	MobyGames (n=5)=6.0	GameFAQs community=5.2; LaunchBox community Bayesian (raw 5.4, n=35)=5.8; LaunchBox Community=5.5
gb	cliffhanger	Cliffhanger		4.4	1993-12-01	Spidersoft	Sony Imagesoft		GameFAQs community=3.9; LaunchBox community Bayesian (raw 4.2, n=31)=4.9; LaunchBox Community=4.4
gb	college slam	College Slam		6.7	1996-03-01	Torus Games	Acclaim Entertainment		GameFAQs community=6.9; LaunchBox community Bayesian (raw 6.6, n=35)=6.7; LaunchBox Community=6.7
gb	contra the alien wars	Contra: The Alien Wars		7.3	1994-09-23	Factor 5	Konami		GameFAQs community=7.1; LaunchBox community Bayesian (raw 7.5, n=82)=7.4; LaunchBox Community=7.3
gb	cool spot	Cool Spot	8.1	6.2	1994-01-01	NMS Software	Virgin Games	MobyGames (n=5)=8.1	GameFAQs community=5.8; LaunchBox community Bayesian (raw 6.3, n=49)=6.4; LaunchBox Community=6.2
gb	cool world	Cool World		3.3	1993-01-01	Twilight	Ocean Software		GameFAQs community=2.1; LaunchBox community Bayesian (raw 3.6, n=30)=4.5; LaunchBox Community=3.3
gb	cosmo tank	Cosmo Tank		6.9	1990-06-08	Atlus	Atlus		GameFAQs community=6.9; LaunchBox community Bayesian (raw 6.9, n=39)=6.9
gb	crazy burger	Crazy Burger		5.7					GameFAQs community=5.7
gb	crystal quest	Crystal Quest	4.8	5.9	1991-09-01	Novalogic	Data East	MobyGames (n=5)=4.8	GameFAQs community=5.3; LaunchBox community Bayesian (raw 6.3, n=41)=6.4; LaunchBox Community=5.9
gb	cutthroat island	Cutthroat Island	4.6	4.8	1996-01-01	Software Creations	Acclaim Entertainment	MobyGames (n=5)=4.6	GameFAQs community=3.1; LaunchBox community Bayesian (raw 6.3, n=27)=6.5; LaunchBox Community=4.8
gb	cyraid	Cyraid		6.4	1990-04-13	Sakata SAS	Nexoft		GameFAQs community=6.1; LaunchBox community Bayesian (raw 6.7, n=48)=6.8; LaunchBox Community=6.4
gb	daedalean opus	Daedalean Opus
gb	daffy duck the marvin missions	Daffy Duck: The Marvin Missions
gb	daisenryaku	Daisenryaku		6.1	1991-06-12	SystemSoft	Hiro		GameFAQs community=6.3; LaunchBox community Bayesian (raw 4.3, n=6)=6.0; LaunchBox Community=6.1
gb	dan laser	Dan Laser		4.3					GameFAQs community=4.3
gb	darkman	Darkman		5.5	1992-12-01	Ocean Software	Ocean Software		GameFAQs community=5.3; LaunchBox community Bayesian (raw 5.0, n=19)=5.7; LaunchBox Community=5.5
gb	darkwing duck	Darkwing Duck
gb	days of thunder	Days of Thunder	7.4	5.4	1992-02-01	Argonaut Games	Mindscape	MobyGames (n=5)=7.4	GameFAQs community=5.1; LaunchBox community Bayesian (raw 5.4, n=30)=5.8
gb	dead heat scramble	Dead Heat Scramble		6.8	1990-04-20	Copya System	Electro Brain		GameFAQs community=6.2; LaunchBox community Bayesian (raw 7.4, n=36)=7.3; LaunchBox Community=6.8
gb	deep final mission	Deep: Final Mission		3.7					GameFAQs community=3.7
gb	defender joust	Defender-Joust
gb	dennis the menace	Dennis the Menace		5.9	1993-12-12	Citizen Software	Ocean of America		GameFAQs community=5.3; LaunchBox community Bayesian (raw 6.2, n=37)=6.4; LaunchBox Community=5.9
gb	desert strike return to the gulf	Desert Strike: Return to the Gulf	7.4	6.3	1992-02-29	Electronic Arts	Electronic Arts	MobyGames (n=5)=7.4	GameFAQs community=6.6; LaunchBox community Bayesian (raw 5.8, n=25)=6.1; LaunchBox Community=6.3
gb	dexterity	Dexterity		7.0	1990-06-15	SNK	SNK		GameFAQs community=7.1; LaunchBox community Bayesian (raw 7.0, n=40)=7.0
gb	dick tracy	Dick Tracy		6.1	1990-12-01	Realtime Associates	Bandai America		GameFAQs community=5.4; LaunchBox community Bayesian (raw 6.7, n=37)=6.8; LaunchBox Community=6.1
gb	dig dug	Dig Dug	7.3	7.2	1992-09-01	Namco	Namco	MobyGames (n=5)=7.3	GameFAQs community=7.1; LaunchBox community Bayesian (raw 7.3, n=44)=7.2; LaunchBox Community=7.2
gb	disney s mulan	Disney's Mulan		5.3					GameFAQs community=5.3
gb	donald in maui mallard	Donald in Maui Mallard
gb	donkey kong	Donkey Kong	8.6	8.5	1994-06-14	Nintendo EAD	Nintendo	GameRankings (n=9)=8.5; MobyGames (n=5)=8.8	GameFAQs community=8.2; LaunchBox community Bayesian (raw 8.7, n=224)=8.6; LaunchBox Community=8.5
gb	donkey kong land	Donkey Kong Land	8.2	7.4	1995-06-26	Rare	Nintendo	GameRankings (n=3)=7.5; MobyGames (n=5)=8.6	GameFAQs community=7.1; LaunchBox community Bayesian (raw 7.7, n=129)=7.6; LaunchBox Community=7.4
gb	donkey kong land iii	Donkey Kong Land III	8.3	7.4	1997-10-27	Rare	Nintendo	GameRankings (n=4)=8.1; MobyGames (n=5)=8.4	GameFAQs community=7.4; LaunchBox community Bayesian (raw 7.4, n=91)=7.4
gb	doraemon kart	Doraemon Kart		6.3	1998-03-20	Epoch	Epoch		GameFAQs community=7.3; LaunchBox community Bayesian (raw 4.4, n=15)=5.4; LaunchBox Community=6.3
gb	double dragon	Double Dragon	6.9	7.0	1990-07-20	Technōs Japan	Tradewest	GameRankings (n=5)=5.7; MobyGames (n=5)=8.1	GameFAQs community=6.7; LaunchBox community Bayesian (raw 7.3, n=97)=7.3; LaunchBox Community=7.0
gb	double dragon 3	Double Dragon 3
gb	double dribble 5 on 5	Double Dribble: 5 on 5		6.2	1991-11-01	Konami	Konami		GameFAQs community=6.5; LaunchBox community Bayesian (raw 5.7, n=35)=6.0; LaunchBox Community=6.2
gb	dr franken	Dr. Franken	7.4	5.8	1992-01-01	Motivetime Ltd.		MobyGames=7.4 (n=5 min)	GameFAQs community=5.8
gb	dr franken ii	Dr. Franken II	7.3	5.8	1993-01-01	Motivetime Ltd.		MobyGames=7.3 (n=5 min)	GameFAQs community=5.8
gb	dr mario	Dr. Mario	7.4	7.6	1990-07-27	Nintendo R&D1	Nintendo	GameRankings (n=5)=6.7; MobyGames (n=5)=8.1	GameFAQs community=7.3; LaunchBox community Bayesian (raw 7.8, n=112)=7.7; LaunchBox Community=7.6
gb	dragon s lair the legend	Dragon's Lair: The Legend	6.1	4.7	1991-01-01	MotiveTime	CSG Imagesoft	MobyGames (n=5)=6.1	GameFAQs community=3.3; LaunchBox community Bayesian (raw 5.9, n=42)=6.1; LaunchBox Community=4.7
gb	dragons heart	Dragons Heart
gb	dropzone	Dropzone	7.6	6.3	1992-01-01	Eurocom Entertainment Software	Mindscape	MobyGames (n=5)=7.6	GameFAQs community=4.8; LaunchBox community Bayesian (raw 8.0, n=33)=7.8; LaunchBox Community=6.3
gb	duck adventures	Duck Adventures		3.8					GameFAQs community=3.8
gb	ducktales	DuckTales		7.4	1990-09-21	Capcom	Capcom		LaunchBox community Bayesian (raw 7.5, n=81)=7.4; LaunchBox Community=7.4
gb	ducktales 2	DuckTales 2		7.2	1993-11-01	Capcom	Capcom		LaunchBox community Bayesian (raw 7.2, n=38)=7.2
gb	earthworm jim	Earthworm Jim	7.7	6.4	1995-09-01	Shiny Entertainment	Virgin Interactive Entertainment	MobyGames (n=5)=7.7	GameFAQs community=6.0; LaunchBox community Bayesian (raw 6.8, n=46)=6.8; LaunchBox Community=6.4
gb	elevator action	Elevator Action	5.8	6.6	1991-08-09	Taito	Taito	MobyGames (n=5)=5.8	GameFAQs community=7.0; LaunchBox community Bayesian (raw 6.1, n=54)=6.2; LaunchBox Community=6.6
gb	elite soccer	Elite Soccer	7.5	5.8	1994-06-17	Denton Designs	GameTek	MobyGames (n=5)=7.5	GameFAQs community=5.2; LaunchBox community Bayesian (raw 6.0, n=32)=6.2; LaunchBox Community=5.8
gb	exodus	Exodus
gb	explosive brick 94 sachen	Explosive Brick '94 (Sachen)
gb	extra bases	Extra Bases		7.3	1991-04-01	Namco	Namco		GameFAQs community=7.6; LaunchBox community Bayesian (raw 7.0, n=31)=7.0; LaunchBox Community=7.3
gb	f 1 pole position	F-1 Pole Position	7.9	6.6	1992-08-11	Natsu System	Varie	MobyGames (n=5)=7.9	LaunchBox community Bayesian (raw 6.5, n=31)=6.6; LaunchBox Community=6.6
gb	f 1 race	F-1 Race	7.4	6.4	1990-11-09	Nintendo	Nintendo	MobyGames (n=5)=7.4	GameFAQs community=6.2; LaunchBox community Bayesian (raw 6.5, n=54)=6.6; LaunchBox Community=6.4
gb	f 15 strike eagle	F-15 Strike Eagle	6.8	7.1	1993-06-01	NMS Software	MicroProse Software	MobyGames (n=5)=6.8	GameFAQs community=6.8; LaunchBox community Bayesian (raw 7.4, n=34)=7.3; LaunchBox Community=7.1
gb	faceball 2000	Faceball 2000	7.9	6.6	1991-12-01	Xanth Software F/X	Bullet-Proof Software	MobyGames (n=5)=7.9	GameFAQs community=6.4; LaunchBox community Bayesian (raw 6.9, n=43)=6.9; LaunchBox Community=6.6
gb	fastest lap	Fastest Lap	7.6	6.9	1991-03-20	Kid	NTVIC	MobyGames (n=5)=7.6	GameFAQs community=6.9; LaunchBox community Bayesian (raw 6.8, n=30)=6.8; LaunchBox Community=6.9
gb	felix the cat	Felix the Cat	7.1	6.6	1993-07-01	Hudson Soft	Electro Brain	MobyGames (n=5)=7.1	GameFAQs community=6.6; LaunchBox community Bayesian (raw 6.5, n=61)=6.6; LaunchBox Community=6.6
gb	ferrari grand prix challenge	Ferrari Grand Prix Challenge	6.4	6.2	1992-09-01	System 3 Software	Acclaim Entertainment	MobyGames (n=5)=6.4	GameFAQs community=6.7; LaunchBox community Bayesian (raw 5.4, n=35)=5.8; LaunchBox Community=6.2
gb	fifa international soccer	FIFA International Soccer	5.5	4.9	1995-01-01	Probe Software	Malibu Games	MobyGames (n=5)=5.5	GameFAQs community=4.2; LaunchBox community Bayesian (raw 5.2, n=32)=5.6; LaunchBox Community=4.9
gb	fifa soccer 96	FIFA Soccer 96	7.5	5.2	1995-12-01	Probe Entertainment	Black Pearl Software	MobyGames (n=5)=7.5	GameFAQs community=5.0; LaunchBox community Bayesian (raw 5.0, n=36)=5.4; LaunchBox Community=5.2
gb	fifa soccer 97	FIFA Soccer 97		6.2	1996-11-01	Tiertex	Black Pearl Software		GameFAQs community=6.2; LaunchBox community Bayesian (raw 5.9, n=33)=6.2; LaunchBox Community=6.2
gb	fifa soccer 98 road to the world cup	FIFA Soccer '98: Road to the World Cup
gb	fighting simulator 2 in 1 flying warriors	Fighting Simulator: 2 in 1 Flying Warriors		6.1	1992-04-01	Culture Brain	Culture Brain		GameFAQs community=6.0; LaunchBox community Bayesian (raw 5.9, n=35)=6.1; LaunchBox Community=6.1
gb	final fantasy 4	Final Fantasy 4
gb	final fantasy adventure	Final Fantasy Adventure	8.1	7.9	1991-06-28	Square	Square	GameRankings (n=7)=7.9; MobyGames (n=5)=8.4	GameFAQs community=7.7; LaunchBox community Bayesian (raw 8.0, n=135)=7.9; LaunchBox Community=7.9
gb	final fantasy legend ii	Final Fantasy Legend II	8.4	7.4	1990-12-14	Square	Square	MobyGames (n=5)=8.4	GameFAQs community=7.4; LaunchBox community Bayesian (raw 7.4, n=84)=7.4
gb	final fantasy legend iii	Final Fantasy Legend III	7.5	7.2	1991-12-13	Square	Square	GameRankings (n=5)=7.1; MobyGames (n=5)=7.9	GameFAQs community=7.4; LaunchBox community Bayesian (raw 7.0, n=75)=7.0; LaunchBox Community=7.2
gb	fire fighter	Fire Fighter	6.3	6.7	1992-01-01	Teeny Weeny Games	Mindscape	MobyGames (n=5)=6.3	GameFAQs community=5.9; LaunchBox community Bayesian (raw 7.6, n=34)=7.5; LaunchBox Community=6.7
gb	fish dude	Fish Dude		5.9	1990-10-05	Towa Chiki	Sofel		GameFAQs community=5.9; LaunchBox community Bayesian (raw 5.6, n=34)=5.9; LaunchBox Community=5.9
gb	fist of the north star	Fist of the North Star
gb	flipull	Flipull		6.7	1990-03-16	Taito	Taito		GameFAQs community=6.7; LaunchBox community Bayesian (raw 6.6, n=46)=6.7; LaunchBox Community=6.7
gb	football international	Football International	7.9	6.5	1991-07-06	TOSE	Bandai	MobyGames (n=5)=7.9	LaunchBox community Bayesian (raw 6.2, n=18)=6.5; LaunchBox Community=6.5
gb	for the frog the bell tolls	For the Frog the Bell Tolls
gb	foreman for real	Foreman for Real		5.8	1995-09-01	Software Creations	Acclaim Entertainment		GameFAQs community=4.9; LaunchBox community Bayesian (raw 6.5, n=36)=6.6; LaunchBox Community=5.8
gb	fortified zone	Fortified Zone	7.2	6.5	1991-02-26	Jaleco	Jaleco	MobyGames (n=5)=7.2	GameFAQs community=7.0; LaunchBox community Bayesian (raw 5.8, n=61)=6.0; LaunchBox Community=6.5
gb	frank thomas big hurt baseball	Frank Thomas Big Hurt Baseball		6.0	1995-12-01	Realtime Associates Seattle Division	Acclaim Entertainment		GameFAQs community=5.8; LaunchBox community Bayesian (raw 5.9, n=23)=6.2; LaunchBox Community=6.0
gb	frommer s personal organizer	Frommer's Personal Organizer
gb	frommer s travel guide	Frommer's Travel Guide
gb	galaga and galaxian	Galaga & Galaxian
gb	game and watch gallery	Game & Watch Gallery	7.1	7.2	1997	Nintendo R&D1		GameRankings (n=4)=7.7; MobyGames (n=5)=6.6	GameFAQs community=7.2
gb	game boy gallery	Game Boy Gallery	3.9	6.6	1995	Nintendo R&D1		MobyGames (n=5)=3.9	GameFAQs community=6.6; Legacy community=6.6
gb	gameboy camera	Gameboy Camera
gb	gameboy wars turbo	Gameboy Wars Turbo		6.7	1997-06-27	Hudson Soft	Hudson Soft		LaunchBox community Bayesian (raw 6.6, n=21)=6.7; LaunchBox Community=6.7
gb	gamera daikai jukuchuu kessen	Gamera: Daikai Jukuchuu Kessen
gb	garfield labyrinth	Garfield Labyrinth		6.5	1993-09-01	Kemco	Kemco		LaunchBox community Bayesian (raw 6.1, n=14)=6.5; LaunchBox Community=6.5
gb	gargoyle s quest	Gargoyle's Quest	7.9	7.7	1990-05-02	Capcom	Capcom	GameRankings (n=5)=7.7; MobyGames (n=5)=8.1	GameFAQs community=7.6; LaunchBox community Bayesian (raw 7.8, n=152)=7.8; LaunchBox Community=7.7
gb	gargoyle s quest ghosts n goblins	Gargoyle's Quest: Ghosts'n Goblins
gb	gauntlet ii	Gauntlet II	6.9	5.9	1990-01-01	Atari Games	Mindscape	MobyGames (n=5)=6.9	GameFAQs community=5.7; LaunchBox community Bayesian (raw 5.9, n=46)=6.1
gb	gear works	Gear Works	6.5	5.7	1993-10-01	Teque London	Sony Imagesoft	MobyGames (n=5)=6.5	GameFAQs community=5.6; LaunchBox community Bayesian (raw 5.3, n=27)=5.8; LaunchBox Community=5.7
gb	george foreman s ko boxing	George Foreman's KO Boxing	4.9	4.9	1992-09-01	Beam Software	Acclaim Entertainment	MobyGames (n=5)=4.9	GameFAQs community=4.1; LaunchBox community Bayesian (raw 5.2, n=30)=5.7; LaunchBox Community=4.9
gb	ghostbusters ii	Ghostbusters II	7.6	7.3	1990-10-16	HAL Laboratory	Activision	MobyGames (n=5)=7.6	GameFAQs community=7.3; LaunchBox community Bayesian (raw 7.2, n=58)=7.2; LaunchBox Community=7.3
gb	go go tank	Go! Go! Tank	7.0	6.0	1990-11-30	Copya System	Electro Brain	MobyGames (n=5)=7.0	GameFAQs community=6.4; LaunchBox community Bayesian (raw 5.3, n=36)=5.7; LaunchBox Community=6.0
gb	goal	Goal!		5.7	1993-07-23	TOSE	Jaleco		GameFAQs community=6.1; LaunchBox community Bayesian (raw 4.6, n=25)=5.3; LaunchBox Community=5.7
gb	god medicine hukkoku han	God Medicine: Hukkoku Han
gb	godzilla	Godzilla	6.2	5.1	1990-10-01	Compile	Toho	MobyGames (n=5)=6.2	GameFAQs community=5.5; LaunchBox community Bayesian (raw 4.3, n=43)=4.8; LaunchBox Community=5.1
gb	golf	Golf	7.2	6.5	1989-11-28	Intelligent Systems	Nintendo	GameRankings (n=6)=6.8; MobyGames (n=5)=7.7	GameFAQs community=6.0; LaunchBox community Bayesian (raw 7.0, n=57)=7.0; LaunchBox Community=6.5
gb	gradius the interstellar assault	Gradius: The Interstellar Assault	7.7	7.7	1991-08-09	Konami	Konami	GameRankings (n=3)=6.8; MobyGames (n=5)=8.3	GameFAQs community=8.0; LaunchBox community Bayesian (raw 7.5, n=83)=7.4; LaunchBox Community=7.7
gb	grand prix	Grand Prix
gb	great greed	Great Greed		7.0	1992-09-17	Namco	Namco		GameFAQs community=7.1; LaunchBox community Bayesian (raw 6.8, n=41)=6.8; LaunchBox Community=7.0
gb	gremlins 2 the new batch	Gremlins 2: The New Batch	7.6	5.8	1990-12-21	Sunsoft	Sunsoft	MobyGames (n=5)=7.6	GameFAQs community=5.5; LaunchBox community Bayesian (raw 6.0, n=49)=6.2; LaunchBox Community=5.8
gb	hal wrestling	Hal Wrestling		6.3	1990-09-14	Human Entertainment	HAL America		GameFAQs community=6.5; LaunchBox community Bayesian (raw 6.0, n=32)=6.2; LaunchBox Community=6.3
gb	hammerin harry	Hammerin' Harry		7.1	1992-07-31	Tamtex	Irem		GameFAQs community=7.4; LaunchBox community Bayesian (raw 6.7, n=56)=6.7; LaunchBox Community=7.1
gb	hammerin harry ghost building company	Hammerin' Harry: Ghost Building Company	7.7		1992	Tamtex		MobyGames (n=5)=7.7
gb	harvest moon gb	Harvest Moon GB		6.7	1997-12-19	Victor Interactive Software	Victor Interactive Software		GameFAQs community=6.7; LaunchBox community Bayesian (raw 6.7, n=51)=6.7
gb	hatris	Hatris	6.2	6.0	1991-05-01	Bullet-Proof Software	Bullet-Proof Software	MobyGames (n=5)=6.2	GameFAQs community=5.7; LaunchBox community Bayesian (raw 6.1, n=34)=6.3; LaunchBox Community=6.0
gb	heavyweight championship boxing	Heavyweight Championship Boxing	6.6	6.2	1990-05-18	TOSE	Activision	MobyGames (n=5)=6.6	GameFAQs community=5.9; LaunchBox community Bayesian (raw 6.2, n=29)=6.4
gb	heiankyo alien	Heiankyo Alien		6.0	1990-01-14	Live Planning	Meldac of Japan		GameFAQs community=6.4; LaunchBox community Bayesian (raw 5.5, n=55)=5.7; LaunchBox Community=6.0
gb	hercules	Hercules		5.6	1997-07-01	Tiertex Design Studios	THQ		LaunchBox community Bayesian (raw 5.1, n=27)=5.6; LaunchBox Community=5.6
gb	high stakes gambling	High Stakes Gambling		6.8	1992-06-01	Sculptured Software	Electro Brain		GameFAQs community=6.7; LaunchBox community Bayesian (raw 6.7, n=32)=6.8; LaunchBox Community=6.8
gb	hit the ice	Hit the Ice		6.4					GameFAQs community=6.4
gb	home alone	Home Alone	5.4	4.8	1991-11-01	Imagineering	THQ	MobyGames (n=5)=5.4	GameFAQs community=4.9; LaunchBox community Bayesian (raw 4.4, n=50)=4.8; LaunchBox Community=4.8
gb	hook	Hook	7.0	5.5	1992-04-01	Ocean Software	Sony Imagesoft	MobyGames (n=5)=7.0	GameFAQs community=5.7; LaunchBox community Bayesian (raw 5.0, n=42)=5.4; LaunchBox Community=5.5
gb	houghton mifflin spell checker and calculator	Houghton Mifflin Spell Checker and Calculator
gb	hudson hawk	Hudson Hawk	6.4	5.6	1991-12-01	Ocean Software	Sony Imagesoft	MobyGames (n=5)=6.4	GameFAQs community=5.3; LaunchBox community Bayesian (raw 5.5, n=31)=5.9; LaunchBox Community=5.6
gb	hyper dunk	Hyper Dunk
gb	hyper lode runner	Hyper Lode Runner	7.1	5.7	1989-09-21	TOSE	Bandai	MobyGames (n=5)=7.1	GameFAQs community=5.6; LaunchBox community Bayesian (raw 5.5, n=45)=5.8; LaunchBox Community=5.7
gb	in your face	In Your Face		6.2	1990-12-01	Jaleco	Jaleco		GameFAQs community=6.7; LaunchBox community Bayesian (raw 5.4, n=35)=5.8; LaunchBox Community=6.2
gb	indiana jones and the last crusade	Indiana Jones and the Last Crusade		6.4	1994-07-01	NMS Software	Ubi Soft Entertainment Software		GameFAQs community=6.2; LaunchBox community Bayesian (raw 6.4, n=46)=6.5
gb	international superstar soccer	International Superstar Soccer	7.2	7.4	1998-06-04	Konami Computer Entertainment Nagoya	Konami	MobyGames (n=5)=7.2	GameFAQs community=7.7; LaunchBox community Bayesian (raw 7.2, n=34)=7.2; LaunchBox Community=7.4
gb	ironman x o manowar in heavy metal	Ironman: X-O Manowar in Heavy Metal		6.0	1996-08-01	Realtime Associates Seattle Division	Acclaim Entertainment		LaunchBox community Bayesian (raw 5.6, n=22)=6.0; LaunchBox Community=6.0
gb	ishido	Ishido
gb	itchy and scratchy miniature golf madness	Itchy & Scratchy: Miniature Golf Madness
gb	jack nicklaus golf	Jack Nicklaus Golf	7.2	6.4	1992-05-01	Sculptured Software	Tradewest	MobyGames (n=5)=7.2	GameFAQs community=6.2; LaunchBox community Bayesian (raw 6.5, n=31)=6.6; LaunchBox Community=6.4
gb	james bond 007	James Bond 007	6.7	6.7	1998-02-09	Saffire	Nintendo	GameRankings (n=5)=6.2; MobyGames (n=5)=7.2	GameFAQs community=6.9; LaunchBox community Bayesian (raw 6.4, n=53)=6.5; LaunchBox Community=6.7
gb	jeep jamboree	Jeep Jamboree
gb	jelly boy	Jelly Boy	6.4	6.3	1994-01-01	Probe Software	Ocean Software	MobyGames (n=5)=6.4	GameFAQs community=5.3; LaunchBox community Bayesian (raw 7.5, n=27)=7.4; LaunchBox Community=6.3
gb	jeopardy	Jeopardy		6.1	1991-03-01	Data Design Interactive	GameTek		GameFAQs community=6.6; LaunchBox community Bayesian (raw 5.1, n=24)=5.7; LaunchBox Community=6.1
gb	jeopardy platinum edition	Jeopardy! Platinum Edition		5.4	1996-12-01	Data Design Interactive	GameTek		GameFAQs community=5.3; LaunchBox community Bayesian (raw 4.8, n=21)=5.5; LaunchBox Community=5.4
gb	jeopardy sports edition	Jeopardy! Sports Edition		5.1	1994-05-01	Data Design Interactive	GameTek		GameFAQs community=5.2; LaunchBox community Bayesian (raw 4.3, n=27)=5.0; LaunchBox Community=5.1
gb	jeopardy teen tournament	Jeopardy! Teen Tournament		6.2	1996-12-01	Data Design Interactive	GameTek		GameFAQs community=6.4; LaunchBox community Bayesian (raw 5.6, n=25)=6.0; LaunchBox Community=6.2
gb	jida igeki	Jida Igeki
gb	jimmy connors tennis	Jimmy Connors Tennis		6.2	1993-05-01	NMS Software	Ubi Soft Entertainment Software		GameFAQs community=6.5; LaunchBox community Bayesian (raw 5.5, n=28)=5.9; LaunchBox Community=6.2
gb	joe and mac	Joe & Mac	7.2	6.4	1993			GameRankings (n=3)=7.2	GameFAQs community=6.4
gb	jordan vs bird one on one	Jordan vs Bird: One-on-One	6.8	5.2	1992-02-01	Imagineering	Electronic Arts	MobyGames (n=5)=6.8	GameFAQs community=4.7; LaunchBox community Bayesian (raw 5.2, n=32)=5.6
gb	judge dredd	Judge Dredd	6.2	4.8	1995-06-16	Probe Entertainment	Acclaim Entertainment	MobyGames (n=5)=6.2	GameFAQs community=4.0; LaunchBox community Bayesian (raw 5.3, n=39)=5.6; LaunchBox Community=4.8
gb	jungle strike	Jungle Strike	7.4	6.1	1995	Electronic Arts, Inc.		MobyGames (n=5)=7.4	GameFAQs community=6.1; Legacy community=6.1
gb	jurassic park	Jurassic Park	7.0	6.3	1993-08-01	Ocean Software	Ocean Software	MobyGames (n=5)=7.0	GameFAQs community=6.4; LaunchBox community Bayesian (raw 6.2, n=62)=6.3; LaunchBox Community=6.3
gb	jurassic park part 2 the chaos continues	Jurassic Park Part 2: The Chaos Continues		7.5	1994-12-01	Ocean Software	Ocean Software		GameFAQs community=7.6; LaunchBox community Bayesian (raw 7.5, n=49)=7.4
gb	ken griffey jr presents major league baseball	Ken Griffey Jr. Presents Major League Baseball		6.5	1997-10-01	Software Creations	Nintendo		LaunchBox community Bayesian (raw 6.3, n=22)=6.5; LaunchBox Community=6.5
gb	kid dracula	Kid Dracula	7.7	7.7	1993-01-03	Konami	Konami	GameRankings (n=3)=8.0; MobyGames (n=5)=7.6	GameFAQs community=7.5; LaunchBox community Bayesian (raw 8.0, n=95)=7.9; LaunchBox Community=7.7
gb	kid icarus of myths and monsters	Kid Icarus: Of Myths and Monsters	7.8	7.2	1991-11-05	TOSE	Nintendo	GameRankings (n=6)=7.9; MobyGames (n=5)=7.6	GameFAQs community=7.1; LaunchBox community Bayesian (raw 7.3, n=97)=7.3; LaunchBox Community=7.2
gb	killer instinct	Killer Instinct	7.1	7.0	1995-11-01	Rare	Nintendo	MobyGames (n=5)=7.1	GameFAQs community=6.8; LaunchBox community Bayesian (raw 7.2, n=65)=7.2; LaunchBox Community=7.0
gb	kingdom crusade	Kingdom Crusade		6.5	1992-11-01	Sculptured Software	Electro Brain		GameFAQs community=7.1; LaunchBox community Bayesian (raw 5.5, n=33)=5.8; LaunchBox Community=6.5
gb	kirby s block ball	Kirby's Block Ball	7.4	7.5	1995-12-14	Nintendo	Nintendo	GameRankings (n=5)=7.3; MobyGames (n=5)=7.6	GameFAQs community=7.4; LaunchBox community Bayesian (raw 7.6, n=85)=7.5; LaunchBox Community=7.5
gb	kirby s dream land	Kirby's Dream Land	6.7	7.7	1992-04-27	HAL Laboratory	Nintendo	GameRankings (n=9)=6.2; MobyGames (n=5)=7.7	GameFAQs community=7.4; LaunchBox community Bayesian (raw 8.1, n=276)=8.1; LaunchBox Community=7.7
gb	kirby s pinball land	Kirby's Pinball Land	7.6	7.4	1993-11-27	HAL Laboratory	Nintendo	GameRankings (n=6)=7.0; MobyGames (n=5)=8.4	GameFAQs community=7.2; LaunchBox community Bayesian (raw 7.6, n=126)=7.6; LaunchBox Community=7.4
gb	kirby s star stacker	Kirby's Star Stacker	7.3	7.1	1997-06-04	HAL Laboratory	Nintendo	GameRankings (n=6)=7.3	GameFAQs community=7.2; LaunchBox community Bayesian (raw 7.0, n=86)=7.0; LaunchBox Community=7.1
gb	klax	Klax		7.0					GameFAQs community=7.0; Legacy community=7.0
gb	knight quest	Knight Quest		7.2	1992-07-01	Lenar	Taito		GameFAQs community=6.9; LaunchBox community Bayesian (raw 7.6, n=32)=7.5; LaunchBox Community=7.2
gb	kung fu master	Kung-Fu Master	5.9	6.3	1990-12-11	Irem	Irem	MobyGames (n=5)=5.9	GameFAQs community=5.8; LaunchBox community Bayesian (raw 6.8, n=61)=6.8; LaunchBox Community=6.3
gb	kwirk	Kwirk	8.2	6.7	1989	Atlus Co., Ltd.		MobyGames (n=5)=8.2	GameFAQs community=6.7
gb	kwirk he s a maze ing	Kwirk: He's A-maze-ing!
gb	lamborghini american challenge	Lamborghini: American Challenge	7.2	6.8	1994-05-01	Titus France	Titus France	MobyGames (n=5)=7.2	GameFAQs community=6.9; LaunchBox community Bayesian (raw 6.7, n=33)=6.8; LaunchBox Community=6.8
gb	last action hero	Last Action Hero	5.8	3.8	1993-10-01	Bits Studios	Sony Imagesoft	MobyGames (n=5)=5.8	GameFAQs community=3.3; LaunchBox community Bayesian (raw 3.6, n=34)=4.4; LaunchBox Community=3.8
gb	lazlos leap	Lazlos' Leap		6.9	1992-06-26	Hect	DTMC		GameFAQs community=7.0; LaunchBox community Bayesian (raw 6.8, n=33)=6.8; LaunchBox Community=6.9
gb	legend of the river king gb	Legend of the River King GB	6.5	6.8	1997-09-19	TOSE	Natsume	GameRankings (n=3)=6.5	GameFAQs community=7.1; LaunchBox community Bayesian (raw 6.5, n=41)=6.6; LaunchBox Community=6.8
gb	lemmings	Lemmings	7.4	6.2	1993-09-23	Ocean Software	Ocean Software	GameRankings (n=3)=7.0; MobyGames (n=5)=7.7	GameFAQs community=6.3; LaunchBox community Bayesian (raw 6.0, n=39)=6.2; LaunchBox Community=6.2
gb	lemmings 2 the tribes	Lemmings 2: The Tribes	6.4	6.3	1994-01-01	Spidersoft	Psygnosis	MobyGames (n=5)=6.4	GameFAQs community=6.1; LaunchBox community Bayesian (raw 6.4, n=32)=6.5; LaunchBox Community=6.3
gb	lethal weapon	Lethal Weapon	4.0	5.4	1993-04-01	Eurocom Entertainment Software	Ocean Software	MobyGames (n=5)=4.0	GameFAQs community=4.8; LaunchBox community Bayesian (raw 5.7, n=36)=6.0; LaunchBox Community=5.4
gb	little indian in big city	Little Indian in Big City
gb	lock n chase	Lock 'n' Chase		7.7					GameFAQs community=7.7
gb	lock n chase lock n chase	Lock n' Chase ~ Lock 'n' Chase
gb	looney tunes	Looney Tunes	7.5	7.3	1992-10-02	Sunsoft	Sunsoft	MobyGames (n=5)=7.5	GameFAQs community=7.2; LaunchBox community Bayesian (raw 7.4, n=51)=7.3; LaunchBox Community=7.3
gb	loopz	Loopz	7.1	5.9	1991-03-01	Argonaut Games	Mindscape	MobyGames (n=5)=7.1	GameFAQs community=6.2; LaunchBox community Bayesian (raw 5.3, n=33)=5.7; LaunchBox Community=5.9
gb	madden 95	Madden '95	6.2	6.3	1994-11-01	Halestorm	Malibu Games	MobyGames (n=5)=6.2	GameFAQs community=6.4; LaunchBox community Bayesian (raw 6.1, n=31)=6.3; LaunchBox Community=6.3
gb	madden 96	Madden '96		6.5	1995-10-01	Halestorm	Black Pearl Software		GameFAQs community=6.6; LaunchBox community Bayesian (raw 6.2, n=31)=6.4; LaunchBox Community=6.5
gb	madden 97	Madden '97		6.1	1996-11-01	Tiertex	Black Pearl Software		GameFAQs community=6.1; LaunchBox community Bayesian (raw 5.9, n=32)=6.2; LaunchBox Community=6.1
gb	magic balls	Magic Balls
gb	magic knight rayearth	Magic Knight Rayearth
gb	magic maze	Magic Maze
gb	magic tower	Magic Tower
gb	magnetic soccer	Magnetic Soccer		5.4	1992-01-01	Nintendo	Nintendo		GameFAQs community=4.7; LaunchBox community Bayesian (raw 5.7, n=25)=6.1; LaunchBox Community=5.4
gb	mahou kishi rayearth	Mahou Kishi Rayearth		7.6					GameFAQs community=7.6
gb	makaimura gaiden the demon darkness	Makaimura Gaiden: The Demon Darkness		7.1	1993-04-16	Sun L	Capcom		LaunchBox community Bayesian (raw 7.2, n=23)=7.1; LaunchBox Community=7.1
gb	malibu beach volleyball	Malibu Beach Volleyball	6.0	6.0	1989-10-31	TOSE	Activision	MobyGames (n=5)=6.0	GameFAQs community=6.0; LaunchBox community Bayesian (raw 5.7, n=41)=6.0; LaunchBox Community=6.0
gb	mani 4 in 1	Mani 4 In 1
gb	marble madness	Marble Madness	6.7	6.1	1991-05-01	Tengen	Mindscape	MobyGames (n=5)=6.7	GameFAQs community=5.8; LaunchBox community Bayesian (raw 6.3, n=53)=6.4; LaunchBox Community=6.1
gb	mario s picross	Mario's Picross	7.8	7.6	1995-03-14	Jupiter	Nintendo	GameRankings (n=4)=7.5; MobyGames (n=5)=8.1	GameFAQs community=7.7; LaunchBox community Bayesian (raw 7.7, n=100)=7.6; LaunchBox Community=7.6
gb	maru s mission	Maru's Mission	6.2	6.4	1990-09-28	TOSE	Jaleco	MobyGames (n=5)=6.2	GameFAQs community=6.7; LaunchBox community Bayesian (raw 6.1, n=44)=6.3; LaunchBox Community=6.4
gb	max	Max	6.8	6.9	1992-01-01	A Wave	Infogrames	MobyGames (n=5)=6.8	LaunchBox community Bayesian (raw 6.9, n=27)=6.9
gb	mcdonaldland	McDonaldland		6.7	1992-01-01	Visual Concepts	Ocean Software		LaunchBox community Bayesian (raw 6.6, n=21)=6.7; LaunchBox Community=6.7
gb	mega man dr wily s revenge	Mega Man: Dr. Wily's Revenge	7.3	7.0	1991-07-26	Minakuchi Engineering	Capcom	GameRankings (n=4)=6.9; MobyGames (n=5)=7.6	GameFAQs community=7.0; LaunchBox community Bayesian (raw 7.1, n=129)=7.1; LaunchBox Community=7.0
gb	mega man ii	Mega Man II	6.9	7.0	1991-12-20	Japan System House	Nintendo	GameRankings (n=3)=6.9; MobyGames (n=5)=6.9	GameFAQs community=7.0; LaunchBox community Bayesian (raw 7.1, n=93)=7.1; LaunchBox Community=7.0
gb	mega man iii	Mega Man III	7.9	7.6	1992-12-11	Minakuchi Engineering	Capcom	GameRankings (n=3)=8.3; MobyGames (n=5)=7.6	GameFAQs community=7.5; LaunchBox community Bayesian (raw 7.7, n=86)=7.6; LaunchBox Community=7.6
gb	mega man iv	Mega Man IV	7.8	7.9	1993-10-29	Minakuchi Engineering	Capcom	GameRankings (n=3)=7.4; MobyGames (n=5)=8.0	GameFAQs community=8.0; LaunchBox community Bayesian (raw 8.0, n=87)=7.9; LaunchBox Community=7.9
gb	mega man v	Mega Man V	7.8	8.2	1994-07-22	Minakuchi Engineering	Capcom	GameRankings (n=3)=7.6; MobyGames (n=5)=8.0	GameFAQs community=8.5; LaunchBox community Bayesian (raw 8.0, n=101)=7.9; LaunchBox Community=8.2
gb	megalit	Megalit		7.3	1991-08-09	ASCII	Takara		GameFAQs community=7.1; LaunchBox community Bayesian (raw 7.4, n=41)=7.3; LaunchBox Community=7.3
gb	megaman	Megaman
gb	mercenary force	Mercenary Force	7.4	6.5	1990-04-27	Lenar	Meldac of Japan	MobyGames (n=5)=7.4	GameFAQs community=6.4; LaunchBox community Bayesian (raw 6.6, n=55)=6.7; LaunchBox Community=6.5
gb	metal masters	Metal Masters		5.6	1993-12-01	Bit Managers	Electro Brain		GameFAQs community=5.3; LaunchBox community Bayesian (raw 5.5, n=31)=5.9; LaunchBox Community=5.6
gb	metroid ii destroyable walls hack	Metroid II: Destroyable Walls (Hack)
gb	metroid ii return of samus	Metroid II: Return of Samus	7.8	7.9	1991-11-01	Nintendo R&D1	Nintendo	GameRankings (n=10)=7.9; MobyGames (n=5)=7.7	GameFAQs community=7.5; LaunchBox community Bayesian (raw 8.3, n=206)=8.2; LaunchBox Community=7.9
gb	mickey mouse	Mickey Mouse
gb	mickey mouse magic wands	Mickey Mouse: Magic Wands!	7.6	6.8	1993-12-22	Kotobuki System	Kotobuki System	MobyGames (n=5)=7.6	GameFAQs community=7.5; LaunchBox community Bayesian (raw 5.9, n=61)=6.1; LaunchBox Community=6.8
gb	mickey s dangerous chase	Mickey's Dangerous Chase	6.5	6.9	1991-05-01	Now Production	Capcom	MobyGames (n=5)=6.5	GameFAQs community=6.3; LaunchBox community Bayesian (raw 7.4, n=47)=7.3; LaunchBox Community=6.9
gb	mickey s ultimate challenge	Mickey's Ultimate Challenge		6.6	1994-05-01	Designer Software	Hi-Tech Expressions		GameFAQs community=6.1; LaunchBox community Bayesian (raw 7.1, n=39)=7.1; LaunchBox Community=6.6
gb	micro machines	Micro Machines	7.8	7.6	1995-01-01	The Big Red Software Company	Ocean of America	MobyGames (n=5)=7.8	GameFAQs community=7.1; LaunchBox community Bayesian (raw 8.2, n=45)=8.0; LaunchBox Community=7.6
gb	mighty morphin power rangers	Mighty Morphin Power Rangers		6.1	1994-08-01	Tom Create	Bandai		GameFAQs community=5.5; LaunchBox community Bayesian (raw 6.6, n=58)=6.7; LaunchBox Community=6.1
gb	mighty morphin power rangers the movie	Mighty Morphin Power Rangers: The Movie	5.8	6.8	1995-08-01	Tom Create	Bandai	MobyGames (n=5)=5.8	GameFAQs community=6.1; LaunchBox community Bayesian (raw 7.6, n=50)=7.5; LaunchBox Community=6.8
gb	millipede centipede	Millipede: Centipede
gb	milon s secret castle	Milon's Secret Castle	7.4	5.5	1993-01-01	Hudson Soft	Hudson Soft	MobyGames (n=5)=7.4	GameFAQs community=6.6; LaunchBox community Bayesian (raw 4.0, n=45)=4.5; LaunchBox Community=5.5
gb	miner 2049er	Miner 2049er		6.4					GameFAQs community=6.4
gb	missile command	Missile Command	5.8	6.3	1992-03-01	The Code Monkeys	Accolade	MobyGames (n=5)=5.8	GameFAQs community=6.6; LaunchBox community Bayesian (raw 5.8, n=26)=6.1; LaunchBox Community=6.3
gb	mole mania	Mole Mania	8.5	7.8	1996-07-21	Pax Softnica	Nintendo	GameRankings (n=3)=7.9; MobyGames (n=5)=8.9	GameFAQs community=7.8; LaunchBox community Bayesian (raw 7.9, n=82)=7.8; LaunchBox Community=7.8
gb	momotarou dengeki	Momotarou Dengeki
gb	monopoly	Monopoly	7.8	7.1	1991-12-01	Sculptured Software	Parker Brothers	MobyGames (n=5)=7.8	GameFAQs community=7.2; LaunchBox community Bayesian (raw 7.1, n=44)=7.1
gb	monster max	Monster Max	8.5	7.5	1994-08-01	Rare	Titus Software	MobyGames (n=5)=8.5	GameFAQs community=7.0; LaunchBox community Bayesian (raw 8.2, n=34)=7.9; LaunchBox Community=7.5
gb	monster truck wars	Monster Truck Wars	6.2	6.3	1994-11-01	Gremlin Graphics Software	Acclaim Entertainment	MobyGames (n=5)=6.2	GameFAQs community=5.9; LaunchBox community Bayesian (raw 6.6, n=31)=6.7; LaunchBox Community=6.3
gb	montezuma s return	Montezuma's Return!		5.9	1998-01-01	Tarantula Studios	Take-Two Interactive Software Europe		GameFAQs community=5.5; LaunchBox community Bayesian (raw 6.0, n=21)=6.3; LaunchBox Community=5.9
gb	mortal kombat	Mortal Kombat	4.9	5.2	1993-09-13	Probe Software	Acclaim Entertainment	GameRankings (n=3)=4.2; MobyGames (n=5)=5.3	GameFAQs community=4.3; LaunchBox community Bayesian (raw 6.0, n=81)=6.1; LaunchBox Community=5.2
gb	mortal kombat i and ii	Mortal Kombat I & II
gb	mortal kombat ii	Mortal Kombat II	7.0	6.4	1994-09-12	Probe Software	Acclaim Entertainment	GameRankings (n=3)=6.5; MobyGames (n=5)=7.3	GameFAQs community=6.4; LaunchBox community Bayesian (raw 6.3, n=79)=6.4; LaunchBox Community=6.4
gb	motocross maniacs	Motocross Maniacs	8.0	6.7	1989-09-20	Konami	Ultra Games	GameRankings (n=5)=8.4; MobyGames (n=5)=7.6	GameFAQs community=6.6; LaunchBox community Bayesian (raw 6.8, n=89)=6.8; LaunchBox Community=6.7
gb	mousetrap hotel	Mousetrap Hotel		5.9	1992-10-01	Imagineering	Electro Brain		LaunchBox community Bayesian (raw 5.6, n=33)=5.9; LaunchBox Community=5.9
gb	mr chin s gourmet paradise	Mr. Chin's Gourmet Paradise	6.6	6.6	1990-01-01	Romstar, Inc.		MobyGames=6.6 (n=5 min)	GameFAQs community=6.6
gb	mr do	Mr. Do!		6.6	1992-11-01	Universal	Ocean of America		GameFAQs community=7.3; LaunchBox community Bayesian (raw 5.7, n=42)=5.9; LaunchBox Community=6.6
gb	mr nutz	Mr. Nutz	7.4	7.3	1994-01-01			MobyGames=7.4 (n=5 min)	GameFAQs community=7.3
gb	ms pac man	Ms. Pac-Man	5.6	7.1	1993-10-01	Namco Hometek	Namco Hometek	MobyGames (n=5)=5.6	GameFAQs community=7.3; LaunchBox community Bayesian (raw 6.8, n=48)=6.8; LaunchBox Community=7.1
gb	mtv s beavis and butt head	MTV's Beavis and Butt-head
gb	muhammad ali s boxing	Muhammad Ali's Boxing
gb	mysterium	Mysterium	6.2	5.1	1991-07-01	Maxis Software	Asmik Corporation of America	MobyGames (n=5)=6.2	GameFAQs community=5.7; LaunchBox community Bayesian (raw 3.9, n=31)=4.7; LaunchBox Community=5.1
gb	mystical ninja	Mystical Ninja
gb	mystical ninja starring goemon	Mystical Ninja Starring Goemon	5.0	6.6	1997-12-04	Konami Computer Entertainment Nagoya	Konami	GameRankings (n=3)=4.2; MobyGames (n=5)=5.4	GameFAQs community=6.1; LaunchBox community Bayesian (raw 7.2, n=49)=7.2; LaunchBox Community=6.6
gb	nail n scale	Nail 'n Scale	6.6	6.7	1990-12-13	Bit2	Data East	MobyGames (n=5)=6.6	GameFAQs community=6.1; LaunchBox community Bayesian (raw 7.3, n=39)=7.2; LaunchBox Community=6.7
gb	navy seals	Navy Seals	7.2	5.4	1991-09-01	Ocean Software	Ocean Software	MobyGames (n=5)=7.2	GameFAQs community=5.0; LaunchBox community Bayesian (raw 5.5, n=41)=5.8; LaunchBox Community=5.4
gb	nba all star challenge	NBA All-Star Challenge		5.9	1991-02-01	Beam Software	LJN		GameFAQs community=5.6; LaunchBox community Bayesian (raw 5.9, n=36)=6.1
gb	nba jam	NBA Jam	7.2	6.6	1994-11-01	Beam Software	Acclaim Entertainment	MobyGames (n=5)=7.2	GameFAQs community=7.2; LaunchBox community Bayesian (raw 5.8, n=33)=6.1; LaunchBox Community=6.6
gb	nba jam tournament edition	NBA Jam Tournament Edition	7.0	7.2	1995-06-01	Torus Games	Acclaim Entertainment	MobyGames (n=5)=7.0	GameFAQs community=6.8; LaunchBox community Bayesian (raw 7.6, n=41)=7.5; LaunchBox Community=7.2
gb	nba live 96	NBA Live 96		6.3	1996-03-01	Tiertex	Black Pearl Software		GameFAQs community=5.8; LaunchBox community Bayesian (raw 6.6, n=20)=6.7; LaunchBox Community=6.3
gb	nectaris gb	Nectaris GB		7.3	1998-02-27	TamTam	Hudson Soft		GameFAQs community=7.8; LaunchBox community Bayesian (raw 6.8, n=8)=6.9; LaunchBox Community=7.3
gb	nekketsu kouha kunio kun bangai rantou hen	Nekketsu Kouha Kunio-kun: Bangai Rantou-hen
gb	nemesis	Nemesis	8.1	7.1	1990-02-23	Konami	Ultra Games	MobyGames (n=5)=8.1	GameFAQs community=7.3; LaunchBox community Bayesian (raw 7.0, n=68)=7.0; LaunchBox Community=7.1
gb	nemesis ii the return of the hero	Nemesis II: The Return of the Hero
gb	nettou garou 2	Nettou Garou 2
gb	nettou king of fighters 96	Nettou King of Fighters '96
gb	nfl football	NFL Football		4.4	1990-04-01	Konami	Konami		GameFAQs community=3.6; LaunchBox community Bayesian (raw 4.6, n=32)=5.2; LaunchBox Community=4.4
gb	nfl quarterback club	NFL Quarterback Club		5.9	1993-11-01	Beam Software	LJN		GameFAQs community=5.8; LaunchBox community Bayesian (raw 5.4, n=23)=5.9; LaunchBox Community=5.9
gb	nfl quarterback club 96	NFL Quarterback Club 96		6.0	1995-10-01	Condor	Acclaim Entertainment		GameFAQs community=6.0; LaunchBox community Bayesian (raw 5.7, n=29)=6.0
gb	nhl hockey 95	NHL Hockey '95		5.5	1995-06-01	Probe Entertainment	Malibu Games		GameFAQs community=5.8; LaunchBox community Bayesian (raw 4.5, n=28)=5.2; LaunchBox Community=5.5
gb	nhl hockey 96	NHL Hockey '96
gb	nigel mansell s world championship 92	Nigel Mansell's World Championship '92
gb	nigel mansell s world championship 93	Nigel Mansell's World Championship '93
gb	ninja boy	Ninja Boy		5.8	1990-04-20	Culture Brain	Culture Brain		GameFAQs community=5.4; LaunchBox community Bayesian (raw 6.0, n=46)=6.2; LaunchBox Community=5.8
gb	ninja gaiden shadow	Ninja Gaiden Shadow	7.2	7.7	1991-12-13	Natsume	Tecmo	MobyGames (n=5)=7.2	GameFAQs community=7.6; LaunchBox community Bayesian (raw 7.9, n=102)=7.8; LaunchBox Community=7.7
gb	ninja taro	Ninja Taro		6.7	1991-03-08	NMK	American Sammy		GameFAQs community=6.9; LaunchBox community Bayesian (raw 6.3, n=42)=6.4; LaunchBox Community=6.7
gb	nintendo world cup	Nintendo World Cup	5.8	7.7	1991-04-26	Technōs Japan	Nintendo	MobyGames (n=5)=5.8	GameFAQs community=7.5; LaunchBox community Bayesian (raw 8.0, n=46)=7.8; LaunchBox Community=7.7
gb	nobunaga s ambition	Nobunaga's Ambition	6.9	6.7	1990	Tecmo Koei Games Co., Ltd.		MobyGames (n=5)=6.9	GameFAQs community=6.7; Legacy community=6.7
gb	noobow	Noobow		7.3	1992-12-11	Irem	Irem		GameFAQs community=7.2; LaunchBox community Bayesian (raw 7.6, n=23)=7.4; LaunchBox Community=7.3
gb	oddworld adventures	Oddworld Adventures	7.0	5.5	1998-12-01	Saffire	GT Interactive Software	GameRankings (n=3)=7.7; MobyGames (n=5)=6.6	GameFAQs community=5.3; LaunchBox community Bayesian (raw 5.4, n=36)=5.7; LaunchBox Community=5.5
gb	olympic summer games	Olympic Summer Games	6.6	6.9	1996-06-01	Tiertex	Black Pearl Software	MobyGames (n=5)=6.6	LaunchBox community Bayesian (raw 6.9, n=28)=6.9
gb	oni iv kishin no ketsuzoku	Oni IV: Kishin no Ketsuzoku		7.2	1994-03-11	Pandora Box	Banpresto		GameFAQs community=7.6; LaunchBox community Bayesian (raw 6.6, n=12)=6.8; LaunchBox Community=7.2
gb	operation c	Operation C	8.1	8.0	1991-01-08	Konami	Ultra Games	GameRankings (n=4)=8.0; MobyGames (n=5)=8.2	GameFAQs community=7.6; LaunchBox community Bayesian (raw 8.5, n=124)=8.4; LaunchBox Community=8.0
gb	othello	Othello		6.2	1990-02-09	Kawada	Nintendo		GameFAQs community=6.0; LaunchBox community Bayesian (raw 6.3, n=34)=6.5; LaunchBox Community=6.2
gb	out of gas	Out of Gas		5.7	1992-10-01	Realtime Associates	FCI		GameFAQs community=6.2; LaunchBox community Bayesian (raw 4.6, n=32)=5.2; LaunchBox Community=5.7
gb	out to lunch	Out to Lunch
gb	pac in time	Pac-In-Time		6.8	1995-01-03	Atreid Concept	Namco		GameFAQs community=6.4; LaunchBox community Bayesian (raw 7.2, n=32)=7.2; LaunchBox Community=6.8
gb	pac man	Pac-Man	6.8	7.3	1990-11-16	Namco	Namco	GameRankings (n=3)=5.8; MobyGames (n=5)=7.4	GameFAQs community=6.9; LaunchBox community Bayesian (raw 7.8, n=62)=7.7; LaunchBox Community=7.3
gb	painter momopie	Painter Momopie		6.7	1990-12-07	Sigma Enterprises	Sigma Enterprises		GameFAQs community=7.0; LaunchBox community Bayesian (raw 6.0, n=12)=6.5; LaunchBox Community=6.7
gb	palamedes	Palamedes	6.3	5.8	1990-10-12	Natsu System	Hot-B	MobyGames (n=5)=6.3	GameFAQs community=5.3; LaunchBox community Bayesian (raw 6.1, n=33)=6.3; LaunchBox Community=5.8
gb	panel action bingo	Panel Action Bingo		6.1	1993-11-01	Locus	FCI		GameFAQs community=6.1; LaunchBox community Bayesian (raw 5.9, n=29)=6.2; LaunchBox Community=6.1
gb	pang	Pang
gb	paperboy	Paperboy	6.0	5.9	1990-07-01	Atari	Mindscape	MobyGames (n=5)=6.0	GameFAQs community=6.0; LaunchBox community Bayesian (raw 5.6, n=55)=5.8; LaunchBox Community=5.9
gb	parasol stars	Parasol Stars
gb	parodius	Parodius	8.6	7.5	1991-04-05	Konami	Konami	MobyGames (n=5)=8.6	GameFAQs community=7.7; LaunchBox community Bayesian (raw 7.3, n=60)=7.3; LaunchBox Community=7.5
gb	penguin wars	Penguin Wars		7.3	1990-03-30	UPL	Nexoft		GameFAQs community=6.7; LaunchBox community Bayesian (raw 8.0, n=50)=7.8; LaunchBox Community=7.3
gb	penta dragon	Penta Dragon		6.4	1992-07-31	Japan Art Media	Yanoman		GameFAQs community=6.4; LaunchBox community Bayesian (raw 6.0, n=15)=6.4
gb	pga european tour golf	PGA European Tour Golf
gb	pga tour 96	PGA Tour 96		6.6	1995-11-01	Unexpected Development	Black Pearl Software		GameFAQs community=6.6; LaunchBox community Bayesian (raw 6.5, n=25)=6.6; LaunchBox Community=6.6
gb	picross 2	Picross 2		7.3	1996-10-19	Jupiter	Nintendo		GameFAQs community=7.5; LaunchBox community Bayesian (raw 7.0, n=28)=7.0; LaunchBox Community=7.3
gb	pinball deluxe	Pinball Deluxe	6.7	6.8	1995-01-01	Spidersoft	GameTek UK	MobyGames (n=5)=6.7	GameFAQs community=7.0; LaunchBox community Bayesian (raw 6.6, n=25)=6.7; LaunchBox Community=6.8
gb	pinball dreams	Pinball Dreams	7.9	6.2	1993-08-01	Spidersoft	GameTek	MobyGames (n=5)=7.9	GameFAQs community=6.0; LaunchBox community Bayesian (raw 6.2, n=39)=6.4
gb	pinball fantasies	Pinball Fantasies	5.2	6.3	1995-02-01	Spidersoft	GameTek	MobyGames (n=5)=5.2	GameFAQs community=6.7; LaunchBox community Bayesian (raw 5.6, n=35)=5.9; LaunchBox Community=6.3
gb	pinball mania	Pinball Mania		6.2	1995-01-01	Spidersoft	GameTek UK		LaunchBox community Bayesian (raw 5.8, n=23)=6.2; LaunchBox Community=6.2
gb	pinball revenge of the gator	Pinball: Revenge of the 'Gator
gb	pinocchio	Pinocchio		6.1	1996-10-01	NMS Software	Black Pearl Software		LaunchBox community Bayesian (raw 5.9, n=36)=6.1; LaunchBox Community=6.1
gb	pipe dream	Pipe Dream	7.5	7.1	1990-07-03	TOSE	Bullet-Proof Software	MobyGames (n=5)=7.5	GameFAQs community=7.2; LaunchBox community Bayesian (raw 7.0, n=37)=7.0; LaunchBox Community=7.1
gb	pit fighter	Pit-Fighter		3.8	1992-06-01	Tengen	THQ		GameFAQs community=2.2; LaunchBox community Bayesian (raw 4.9, n=34)=5.4; LaunchBox Community=3.8
gb	play action football	Play Action Football		5.3	1990-12-01	TOSE	Nintendo		GameFAQs community=5.1; LaunchBox community Bayesian (raw 4.9, n=30)=5.4; LaunchBox Community=5.3
gb	pocahontas	Pocahontas		6.6	1996-04-01	Tiertex	Black Pearl Software		LaunchBox community Bayesian (raw 6.5, n=28)=6.6; LaunchBox Community=6.6
gb	pocket bomberman	Pocket Bomberman		7.1	1997-12-12	Hudson Soft	Nintendo		GameFAQs community=7.2; LaunchBox community Bayesian (raw 7.1, n=55)=7.1
gb	pocket monsters midori	Pocket Monsters Midori
gb	pocket monsters yellow	Pocket Monsters Yellow
gb	pok mon blue version	Pokémon Blue Version	8.9	8.6	1996-01-01	Game Freak	Nintendo	GameRankings (n=15)=8.8; MobyGames (n=5)=9.0	GameFAQs community=8.5; LaunchBox community Bayesian (raw 8.7, n=290)=8.6; LaunchBox Community=8.6
gb	pok mon red version	Pokémon Red Version	8.8	8.5	1996-01-01	Game Freak	Game Freak	GameRankings (n=21)=8.8; MobyGames (n=5)=9.0	GameFAQs community=8.4; LaunchBox community Bayesian (raw 8.7, n=351)=8.7; LaunchBox Community=8.5
gb	pok mon yellow version special pikachu edition	Pokémon Yellow Version: Special Pikachu Edition	8.4	8.4	1999	Nintendo Co., Ltd.		GameRankings (n=16)=8.5; MobyGames (n=5)=7.9	GameFAQs community=8.4
gb	pokemon green	Pokemon Green		8.1					GameFAQs community=8.1
gb	pokemon orange v2 0d hack	Pokemon Orange V2.0d (Hack)
gb	pokemon red	Pokemon Red
gb	pokemon red advanced	Pokemon Red Advanced
gb	pop n twinbee	Pop'n Twinbee	7.1	7.1	1990-10-12	Konami	Konami	MobyGames (n=5)=7.1	LaunchBox community Bayesian (raw 7.1, n=35)=7.1
gb	pop up	Pop Up
gb	popeye	Popeye		6.1	1990-04-20	Sigma Enterprises	Sigma Enterprises		GameFAQs community=5.4; LaunchBox community Bayesian (raw 6.4, n=12)=6.7; LaunchBox Community=6.1
gb	populous	Populous		6.6	1993-05-28	Enigma Variations	Imagineer		LaunchBox community Bayesian (raw 6.4, n=24)=6.6; LaunchBox Community=6.6
gb	power mission	Power Mission		6.2	1990-08-24	Graphic Research	NTVIC		GameFAQs community=6.3; LaunchBox community Bayesian (raw 5.9, n=33)=6.2; LaunchBox Community=6.2
gb	power racer	Power Racer		6.0	1990-12-01	Graphic Research	Tecmo		GameFAQs community=6.0; LaunchBox community Bayesian (raw 5.8, n=40)=6.0; LaunchBox Community=6.0
gb	prehistorik man	Prehistorik Man	7.1	6.1	1995-12-22	Titus Interactive	Titus Software	MobyGames (n=5)=7.1	GameFAQs community=5.2; LaunchBox community Bayesian (raw 7.1, n=34)=7.1; LaunchBox Community=6.1
gb	primal rage	Primal Rage	6.5	5.3	1995-08-25	Probe Entertainment	Time Warner Interactive	MobyGames (n=5)=6.5	GameFAQs community=4.8; LaunchBox community Bayesian (raw 5.4, n=37)=5.7; LaunchBox Community=5.3
gb	prince of persia	Prince of Persia	7.5	6.8	1992-01-01	Virgin Games	Virgin Games	GameRankings (n=4)=6.8; MobyGames (n=5)=8.0	GameFAQs community=6.8; LaunchBox community Bayesian (raw 6.8, n=43)=6.8
gb	prophecy the viking child	Prophecy: The Viking Child		5.6	1992-07-01	Imagitec Design	GameTek		GameFAQs community=5.1; LaunchBox community Bayesian (raw 5.7, n=35)=6.0; LaunchBox Community=5.6
gb	pyramids of ra	Pyramids of Ra		7.0	1993-04-01	Source Research & Development	Matchbox International		GameFAQs community=7.0; LaunchBox community Bayesian (raw 7.0, n=35)=7.0
gb	q bert ii	Q-bert II
gb	q billion	Q Billion		5.2	1989-12-22	SETA	SETA		GameFAQs community=5.3; LaunchBox community Bayesian (raw 4.8, n=43)=5.2; LaunchBox Community=5.2
gb	qix	Qix	7.5	6.3	1990-04-13	Minakuchi Engineering	Nintendo	MobyGames (n=5)=7.5	GameFAQs community=7.0; LaunchBox community Bayesian (raw 5.5, n=54)=5.7; LaunchBox Community=6.3
gb	quarth	Quarth	8.0	7.2	1990-03-16	Konami	Ultra Games	MobyGames (n=5)=8.0	GameFAQs community=7.1; LaunchBox community Bayesian (raw 7.3, n=44)=7.2; LaunchBox Community=7.2
gb	r type	R-Type	8.0	7.2	1991-03-19	B.I.T.S.	Irem	GameRankings (n=3)=7.9; MobyGames (n=5)=8.0	GameFAQs community=7.3; LaunchBox community Bayesian (raw 7.0, n=73)=7.0; LaunchBox Community=7.2
gb	r type ii	R-Type II	7.1	6.7	1992-12-11	B.I.T.S.	Irem	MobyGames (n=5)=7.1	GameFAQs community=7.3; LaunchBox community Bayesian (raw 6.0, n=41)=6.2; LaunchBox Community=6.7
gb	race days	Race Days	7.0	6.1	1994-11-01	Gremlin Graphics Software	GameTek	MobyGames (n=5)=7.0	GameFAQs community=5.9; LaunchBox community Bayesian (raw 6.1, n=35)=6.3
gb	race drivin	Race Drivin'		6.3	1993-01-01	Argonaut Games	THQ		GameFAQs community=6.5; LaunchBox community Bayesian (raw 5.8, n=34)=6.1; LaunchBox Community=6.3
gb	radar mission	Radar Mission	6.8	6.6	1990-10-23	Nintendo R&D1	Nintendo	MobyGames (n=5)=6.8	GameFAQs community=6.8; LaunchBox community Bayesian (raw 6.2, n=42)=6.4; LaunchBox Community=6.6
gb	raging fighter	Raging Fighter	7.3	5.4	1993-03-26	Konami	Konami	MobyGames (n=5)=7.3	GameFAQs community=4.9; LaunchBox community Bayesian (raw 5.7, n=48)=5.9; LaunchBox Community=5.4
gb	rampart	Rampart	6.6	5.6	1992-10-30	C-lab.	Jaleco	MobyGames (n=5)=6.6	GameFAQs community=6.5; LaunchBox community Bayesian (raw 4.3, n=44)=4.8; LaunchBox Community=5.6
gb	riddick bowe boxing	Riddick Bowe Boxing		5.3	1994-01-01	Equilibrium	Extreme Entertainment Group		GameFAQs community=4.5; LaunchBox community Bayesian (raw 5.7, n=32)=6.0; LaunchBox Community=5.3
gb	ring rage	Ring Rage		5.8	1993-01-29	Taito	Taito		GameFAQs community=5.4; LaunchBox community Bayesian (raw 5.8, n=34)=6.1
gb	road rash	Road Rash	5.5	6.4	1994-06-01	The Code Monkeys	Ocean Software	GameRankings (n=3)=5.5	GameFAQs community=6.7; LaunchBox community Bayesian (raw 5.9, n=42)=6.1; LaunchBox Community=6.4
gb	robin hood prince of thieves	Robin Hood: Prince of Thieves	6.2	5.5	1993-06-01	B.I.T.S.	Virgin Games	MobyGames (n=5)=6.2	GameFAQs community=5.1; LaunchBox community Bayesian (raw 5.6, n=42)=5.9; LaunchBox Community=5.5
gb	robocop	RoboCop	7.0	6.6	1990-12-01	Ocean Software	Ocean of America	MobyGames (n=5)=7.0	GameFAQs community=6.5; LaunchBox community Bayesian (raw 6.6, n=70)=6.7
gb	robocop vs the terminator	Robocop Vs. The Terminator
gb	robocopy	Robocopy
gb	rockman world 5	Rockman World 5
gb	rod land	Rod-Land	7.5	6.3	1993	Jaleco Ltd.	Jaleco	MobyGames (n=5)=7.5	LaunchBox community Bayesian (raw 6.1, n=42)=6.3; LaunchBox Community=6.3
gb	roger clemens mvp baseball	Roger Clemens' MVP Baseball		6.0	1992-09-01	Sculptured Software	LJN		GameFAQs community=5.6; LaunchBox community Bayesian (raw 6.1, n=31)=6.3; LaunchBox Community=6.0
gb	rolan s curse	Rolan's Curse	5.7	6.6	1990-10-26	NMK	American Sammy	MobyGames (n=5)=5.7	GameFAQs community=6.4; LaunchBox community Bayesian (raw 6.9, n=43)=6.9; LaunchBox Community=6.6
gb	rolan s curse 2	Rolan's Curse 2		7.8					GameFAQs community=7.8
gb	saga 2 hihou densetsu	SaGa 2: Hihou Densetsu
gb	samurai shodown	Samurai Shodown	7.8	7.0	1994-06-30	Takara	Takara	MobyGames (n=5)=7.8	GameFAQs community=6.9; LaunchBox community Bayesian (raw 7.0, n=51)=7.0
gb	sanrio carnival	Sanrio Carnival		6.5	1991-05-11	Scitron & Art	Character Soft		GameFAQs community=7.2; LaunchBox community Bayesian (raw 4.1, n=8)=5.7; LaunchBox Community=6.5
gb	seaquest dsv	SeaQuest DSV	5.9	6.2	1994-11-01	Unexpected Development	Malibu Games	MobyGames (n=5)=5.9	GameFAQs community=5.6; LaunchBox community Bayesian (raw 6.6, n=30)=6.7; LaunchBox Community=6.2
gb	serpent	Serpent		5.8	1990-04-06	Klon	Naxat Soft		GameFAQs community=6.1; LaunchBox community Bayesian (raw 5.1, n=35)=5.5; LaunchBox Community=5.8
gb	shanghai	Shanghai	6.8	6.7	1989-07-28	HAL Laboratory	HAL America	GameRankings (n=3)=6.8	GameFAQs community=7.3; LaunchBox community Bayesian (raw 5.9, n=37)=6.1; LaunchBox Community=6.7
gb	shaq fu	Shaq-Fu		4.9	1995-10-01	Unexpected Development	Black Pearl Software		GameFAQs community=3.9; LaunchBox community Bayesian (raw 5.6, n=41)=5.9; LaunchBox Community=4.9
gb	side pocket	Side Pocket	6.8	6.6	1990-09-21	Data East	Data East	MobyGames (n=5)=6.8	GameFAQs community=6.8; LaunchBox community Bayesian (raw 6.3, n=36)=6.5; LaunchBox Community=6.6
gb	skate or die bad n rad	Skate or Die: Bad 'N Rad	7.1	6.3	1990-09-01	Konami	Konami	MobyGames (n=5)=7.1	GameFAQs community=6.3; LaunchBox community Bayesian (raw 6.1, n=43)=6.3; LaunchBox Community=6.3
gb	skate or die tour de thrash	Skate or Die: Tour de Thrash	5.6	5.9	1991-06-01	Realtime Associates	Electronic Arts	MobyGames (n=5)=5.6	GameFAQs community=5.4; LaunchBox community Bayesian (raw 6.1, n=36)=6.3; LaunchBox Community=5.9
gb	sky ace	Sky Ace
gb	small soldiers	Small Soldiers		5.7	1998-11-01	Tiertex Design Studios	THQ		GameFAQs community=5.3; LaunchBox community Bayesian (raw 5.9, n=24)=6.2; LaunchBox Community=5.7
gb	sneaky snakes	Sneaky Snakes	7.1	6.2	1991-06-01	Rare	Tradewest	MobyGames (n=5)=7.1	GameFAQs community=5.8; LaunchBox community Bayesian (raw 6.5, n=34)=6.6; LaunchBox Community=6.2
gb	snoopy s magic show	Snoopy's Magic Show	7.0	6.8	1990-04-28	Kotobuki System	Kotobuki System	MobyGames (n=5)=7.0	GameFAQs community=7.3; LaunchBox community Bayesian (raw 6.2, n=35)=6.4; LaunchBox Community=6.8
gb	snow bros jr	Snow Bros. Jr
gb	soccer mania	Soccer Mania	3.3	5.5	1990-04-27	Kitty Group	CBS Sony Group	MobyGames (n=5)=3.3	GameFAQs community=5.6; LaunchBox community Bayesian (raw 4.9, n=31)=5.4; LaunchBox Community=5.5
gb	solar striker	Solar Striker	6.5	7.0	1990	Minakuchi Engineering Co., Ltd.	Nintendo	MobyGames (n=5)=6.5	GameFAQs community=7.2; LaunchBox community Bayesian (raw 6.8, n=75)=6.8; Legacy community=7.0
gb	solitaire funpak	Solitaire FunPak	6.2	6.7	1994-11-01	Beam Software	Interplay Productions	MobyGames (n=5)=6.2	GameFAQs community=6.4; LaunchBox community Bayesian (raw 7.1, n=39)=7.1; LaunchBox Community=6.7
gb	solomon s club	Solomon's Club	7.9	7.4	1991-04-01	Graphic Research	Tecmo	MobyGames (n=5)=7.9	GameFAQs community=7.0; LaunchBox community Bayesian (raw 7.9, n=67)=7.8; LaunchBox Community=7.4
gb	sonic 3d blast 5	Sonic 3D Blast 5
gb	sonic 6	Sonic 6
gb	space invaders	Space Invaders	6.4	6.9	1994-10-01	Taito	Nintendo	MobyGames (n=5)=6.4	GameFAQs community=6.8; LaunchBox community Bayesian (raw 6.9, n=47)=6.9
gb	spanky s quest	Spanky's Quest	5.9	7.1	1991-04-26	Natsume	Natsume	MobyGames (n=5)=5.9	GameFAQs community=6.7; LaunchBox community Bayesian (raw 7.4, n=41)=7.3; LaunchBox Community=7.1
gb	speedball 2 brutal deluxe	Speedball 2: Brutal Deluxe	6.2		1991	The Bitmap Brothers		MobyGames (n=5)=6.2
gb	speedy gonzales	Speedy Gonzales	8.0	5.6	1993-07-01	Citizen Software	Sunsoft	MobyGames (n=5)=8.0	GameFAQs community=6.0; LaunchBox community Bayesian (raw 4.9, n=60)=5.2; LaunchBox Community=5.6
gb	spider man and the x men in arcade s revenge	Spider-Man and the X-Men in Arcade's Revenge
gb	spiritual warfare	Spiritual Warfare		7.5	1992-01-01	Wisdom Tree	Wisdom Tree		GameFAQs community=7.8; LaunchBox community Bayesian (raw 7.3, n=19)=7.2; LaunchBox Community=7.5
gb	spirou	Spirou		6.5	1996-01-01	Bit Managers	Infogrames		GameFAQs community=6.5; LaunchBox community Bayesian (raw 6.3, n=20)=6.5; LaunchBox Community=6.5
gb	splitz	Splitz		6.7	1993-06-25	Enigma Variations	Imagineer		LaunchBox community Bayesian (raw 6.6, n=22)=6.7; LaunchBox Community=6.7
gb	sports illustrated football and baseball	Sports Illustrated: Football & Baseball
gb	sports illustrated for kids the ultimate triple dare	Sports Illustrated for Kids: The Ultimate Triple Dare		5.7	1994-04-01	Halestorm	Malibu Games		GameFAQs community=5.6; LaunchBox community Bayesian (raw 5.2, n=25)=5.7; LaunchBox Community=5.7
gb	sports illustrated golf classic	Sports Illustrated: Golf Classic	5.5	5.6	1994-10-01	Unexpected Development	Malibu Games	MobyGames (n=5)=5.5	GameFAQs community=5.5; LaunchBox community Bayesian (raw 5.2, n=30)=5.7; LaunchBox Community=5.6
gb	spot	Spot	6.6		1990	Arcadia Systems, Inc.		MobyGames (n=5)=6.6
gb	spot the cool adventure	Spot: The Cool Adventure	6.6	5.6	1993-01-01	Visual Concepts	Virgin Games	MobyGames (n=5)=6.6	GameFAQs community=5.0; LaunchBox community Bayesian (raw 5.8, n=33)=6.1; LaunchBox Community=5.6
gb	spud s adventure	Spud's Adventure		5.5	1991-01-25	Atlus	Atlus		GameFAQs community=4.7; LaunchBox community Bayesian (raw 6.2, n=46)=6.3; LaunchBox Community=5.5
gb	spy vs spy operation boobytrap	Spy vs. Spy: Operation Boobytrap		6.3	1992-09-01	Kotobuki System	Vatical Entertainment		LaunchBox community Bayesian (raw 6.1, n=31)=6.3; LaunchBox Community=6.3
gb	square deal the game of two dimensional poker	Square Deal: The Game of Two Dimensional Poker		5.7	1990-11-30	Hect	DTMC		LaunchBox community Bayesian (raw 5.3, n=30)=5.7; LaunchBox Community=5.7
gb	star hawk	Star Hawk		7.2	1993-06-01	NMS Software	Accolade		LaunchBox community Bayesian (raw 7.2, n=37)=7.2
gb	star trek 25th anniversary	Star Trek: 25th Anniversary	5.4	6.8	1992-02-01	Visual Concepts Entertainment	Ultra Software	MobyGames (n=5)=5.4	GameFAQs community=6.5; LaunchBox community Bayesian (raw 7.0, n=31)=7.0; LaunchBox Community=6.8
gb	star trek generations beyond the nexus	Star Trek: Generations: Beyond the Nexus	5.6	6.1	1994-11-01	Imagineering	Absolute Entertainment	MobyGames (n=5)=5.6	GameFAQs community=6.6; LaunchBox community Bayesian (raw 5.3, n=31)=5.7; LaunchBox Community=6.1
gb	star trek the next generation	Star Trek: The Next Generation	6.7	6.1	1993-06-01	Absolute Entertainment	Absolute Entertainment	MobyGames (n=5)=6.7	GameFAQs community=6.6; LaunchBox community Bayesian (raw 5.3, n=34)=5.7; LaunchBox Community=6.1
gb	star wars	Star Wars	6.7	6.2	1992-11-01	NMS Software	Capcom	GameRankings (n=6)=6.5; MobyGames (n=5)=7.0	GameFAQs community=5.6; LaunchBox community Bayesian (raw 6.7, n=60)=6.7; LaunchBox Community=6.2
gb	star wars super return of the jedi	Star Wars: Super Return of the Jedi
gb	star wars the empire strikes back	Star Wars: The Empire Strikes Back	5.3	5.7	1993-01-01	LucasArts	Ubi Soft Entertainment Software	MobyGames (n=5)=5.3	GameFAQs community=5.2; LaunchBox community Bayesian (raw 6.1, n=51)=6.2; LaunchBox Community=5.7
gb	stargate	Stargate	7.3	5.9	1994-12-01	Torus Games	Acclaim Entertainment	MobyGames (n=5)=7.3	GameFAQs community=6.0; LaunchBox community Bayesian (raw 5.3, n=20)=5.9; LaunchBox Community=5.9
gb	stop that roach	Stop That Roach!		5.4	1994-02-18	Koei	Koei		GameFAQs community=5.5; LaunchBox community Bayesian (raw 5.0, n=36)=5.4; LaunchBox Community=5.4
gb	street fighter ii	Street Fighter II	7.8	6.6	1995-08-11	Capcom	Nintendo	MobyGames (n=5)=7.8	GameFAQs community=6.4; LaunchBox community Bayesian (raw 6.7, n=70)=6.7; LaunchBox Community=6.6
gb	street racer	Street Racer	7.0	6.1	1996-12-01	Vivid Image	Ubi Soft Entertainment Software	MobyGames (n=5)=7.0	GameFAQs community=6.1; LaunchBox community Bayesian (raw 5.7, n=31)=6.0; LaunchBox Community=6.1
gb	street rider	Street Rider
gb	sumo fighter	Sumo Fighter		6.2	1991-04-26	Kid	DTMC		GameFAQs community=6.4; LaunchBox community Bayesian (raw 5.9, n=35)=6.1; LaunchBox Community=6.2
gb	super ayanami discovery slideshow	Super Ayanami Discovery SlideShow
gb	super battletank	Super Battletank		6.7	1994-04-01	Imagineering	Absolute Entertainment		GameFAQs community=7.0; LaunchBox community Bayesian (raw 6.1, n=35)=6.3; LaunchBox Community=6.7
gb	super bikkuriman densetsu no sekiban	Super Bikkuriman: Densetsu no Sekiban		6.1	1992-12-11	Tom Create	Yutaka		LaunchBox community Bayesian (raw 5.4, n=13)=6.1; LaunchBox Community=6.1
gb	super black bass	Super Black Bass		7.1	1996-12-28	Starfish	Starfish		GameFAQs community=7.5; LaunchBox community Bayesian (raw 6.7, n=29)=6.8; LaunchBox Community=7.1
gb	super chase h q	Super Chase H.Q	3.9	7.1	1994-01-01	I.T.L	Taito	MobyGames (n=5)=3.9	GameFAQs community=6.9; LaunchBox community Bayesian (raw 7.3, n=39)=7.2; LaunchBox Community=7.1
gb	super color advance 46 in 1 all usa version	Super Color-Advance 46-in-1: All USA Version
gb	super hunchback	Super Hunchback	7.4	6.6	1992-04-01	Ocean Software	Ocean Software	MobyGames (n=5)=7.4	GameFAQs community=6.1; LaunchBox community Bayesian (raw 7.2, n=36)=7.2; LaunchBox Community=6.6
gb	super mario land	Super Mario Land	7.9	7.7	1989-04-21	Nintendo R&D1	Nintendo	GameRankings (n=8)=7.8; MobyGames (n=5)=8.1	GameFAQs community=7.3; LaunchBox community Bayesian (raw 8.2, n=448)=8.2; LaunchBox Community=7.7
gb	super mario land 2 6 golden coins	Super Mario Land 2: 6 Golden Coins	8.2	8.4	1992-10-21	Nintendo R&D1	Nintendo	GameRankings (n=8)=8.0; MobyGames (n=5)=8.7	GameFAQs community=8.1; LaunchBox community Bayesian (raw 8.7, n=372)=8.7; LaunchBox Community=8.4
gb	super off road	Super Off Road		6.0	1992-11-01	NMS Software	Tradewest		GameFAQs community=5.8; LaunchBox community Bayesian (raw 5.9, n=37)=6.1; LaunchBox Community=6.0
gb	super r c pro am	Super R.C. Pro-Am	8.2	7.0	1991-06-01	Rare	Nintendo	MobyGames (n=5)=8.2	GameFAQs community=6.9; LaunchBox community Bayesian (raw 7.1, n=60)=7.1; LaunchBox Community=7.0
gb	super robot taisen	Super Robot Taisen		6.4	1991-04-20	Winky Soft	Banpresto		GameFAQs community=7.0; LaunchBox community Bayesian (raw 5.3, n=20)=5.9; LaunchBox Community=6.4
gb	super scrabble	Super Scrabble		6.4	1991-03-01	Imagineering	Milton Bradley		GameFAQs community=6.8; LaunchBox community Bayesian (raw 5.8, n=29)=6.1; LaunchBox Community=6.4
gb	super super mario land v1 0 by frank maggiore sml hack	Super Super Mario Land v1.0 by Frank Maggiore (SML Hack)
gb	superman	Superman		5.9	1997-12-01	Titus France	Titus France		GameFAQs community=4.0; LaunchBox community Bayesian (raw 7.9, n=46)=7.7; LaunchBox Community=5.9
gb	supreme 105 in 1 menu	Supreme 105 in 1 (Menu)
gb	swamp thing	Swamp Thing		3.4	1992-01-01	Imagineering	THQ		GameFAQs community=1.9; LaunchBox community Bayesian (raw 4.1, n=30)=4.8; LaunchBox Community=3.4
gb	t2 the arcade game	T2: The Arcade Game		5.5	1992-11-01	Beam Software	LJN		GameFAQs community=4.8; LaunchBox community Bayesian (raw 5.9, n=38)=6.1; LaunchBox Community=5.5
gb	tail gator	Tail 'Gator	6.8	7.3	1991-06-01	Natsume	Natsume	MobyGames (n=5)=6.8	GameFAQs community=7.6; LaunchBox community Bayesian (raw 7.0, n=45)=7.0; LaunchBox Community=7.3
gb	taiyou no tenshi marlowe ohanabatake ha dai panic	Taiyou no Tenshi Marlowe: Ohanabatake ha Dai-Panic!
gb	tale spin	Tale Spin		6.3	1992-12-01	Dual	Capcom		LaunchBox community Bayesian (raw 6.2, n=51)=6.3; LaunchBox Community=6.3
gb	tamagotchi	Tamagotchi	5.5	6.3	1997-06-27	Tom Create	Bandai	MobyGames (n=5)=5.5	GameFAQs community=6.1; LaunchBox community Bayesian (raw 6.2, n=40)=6.4; LaunchBox Community=6.3
gb	tarzan	Tarzan
gb	tasmania story	Tasmania Story		5.2	1989-07-27	Pony Canyon	FCI		GameFAQs community=4.9; LaunchBox community Bayesian (raw 5.0, n=31)=5.5; LaunchBox Community=5.2
gb	taz mania	Taz-Mania	6.3	6.8	1994-09-01	David A. Palmer Productions	Sunsoft	MobyGames (n=5)=6.3	GameFAQs community=5.9; LaunchBox community Bayesian (raw 7.7, n=49)=7.6; LaunchBox Community=6.8
gb	tecmo bowl	Tecmo Bowl	7.2	6.6	1991-09-01	Sculptured Software	Tecmo	MobyGames (n=5)=7.2	GameFAQs community=7.0; LaunchBox community Bayesian (raw 6.2, n=34)=6.4; LaunchBox Community=6.6
gb	teenage mutant ninja turtles fall of the foot clan	Teenage Mutant Ninja Turtles: Fall of the Foot Clan		7.0	1990-08-03	Konami	Konami		GameFAQs community=6.8; LaunchBox community Bayesian (raw 7.3, n=129)=7.3; LaunchBox Community=7.0
gb	teenage mutant ninja turtles ii back from the sewers	Teenage Mutant Ninja Turtles II: Back from the Sewers	7.1	6.9	1991-11-15	Konami	Konami	GameRankings (n=3)=7.1	GameFAQs community=6.7; LaunchBox community Bayesian (raw 7.0, n=97)=7.0; LaunchBox Community=6.9
gb	teenage mutant ninja turtles iii radical rescue	Teenage Mutant Ninja Turtles III: Radical Rescue	7.9	7.4	1993-11-25	Konami	Konami	MobyGames (n=5)=7.9	GameFAQs community=7.1; LaunchBox community Bayesian (raw 7.7, n=86)=7.6; LaunchBox Community=7.4
gb	tennis	Tennis	7.0	6.7	1989-05-29	Nintendo	Nintendo	GameRankings (n=4)=5.8; MobyGames (n=5)=7.9	GameFAQs community=6.3; LaunchBox community Bayesian (raw 7.0, n=60)=7.0; LaunchBox Community=6.7
gb	terminator 2 judgment day	Terminator 2: Judgment Day	7.0	5.1	1992	Midway Manufacturing Company		MobyGames (n=5)=7.0	GameFAQs community=5.1; Legacy community=5.1
gb	tesserae	Tesserae	6.6	6.0	1993-08-01	Eurocom Entertainment Software	GameTek	MobyGames (n=5)=6.6	GameFAQs community=5.9; LaunchBox community Bayesian (raw 5.8, n=33)=6.1; LaunchBox Community=6.0
gb	tetris	Tetris	9.1	8.7	1989-06-14	Bullet-Proof Software	Nintendo	GameRankings (n=9)=9.0; MobyGames (n=5)=9.3	GameFAQs community=8.3; LaunchBox community Bayesian (raw 9.1, n=316)=9.0; LaunchBox Community=8.7
gb	tetris attack	Tetris Attack	8.9	7.5	1996-08-01	Intelligent Systems	Nintendo	MobyGames (n=5)=8.9	GameFAQs community=7.6; LaunchBox community Bayesian (raw 7.6, n=68)=7.5; LaunchBox Community=7.5
gb	tetris blast	Tetris Blast	8.1	7.3	1995-03-17	Bullet-Proof Software	Nintendo	MobyGames (n=5)=8.1	GameFAQs community=7.4; LaunchBox community Bayesian (raw 7.3, n=52)=7.3
gb	tetris plus	Tetris Plus		7.4	1996-12-27	Natsume	Nintendo		GameFAQs community=7.5; LaunchBox community Bayesian (raw 7.4, n=56)=7.3
gb	the addams family	The Addams Family	6.4	5.7	1992-01-01	Ocean Software	Ocean Software	MobyGames (n=5)=6.4	GameFAQs community=5.2; LaunchBox community Bayesian (raw 6.0, n=73)=6.1; LaunchBox Community=5.7
gb	the addams family pugsley s scavenger hunt	The Addams Family: Pugsley's Scavenger Hunt	7.5	4.7	1993-07-01	Enigma Variations	Ocean Software	MobyGames (n=5)=7.5	GameFAQs community=4.5; LaunchBox community Bayesian (raw 4.6, n=62)=4.9; LaunchBox Community=4.7
gb	the adventures of rocky and bullwinkle	The Adventures of Rocky and Bullwinkle
gb	the adventures of star saver	The Adventures of Star Saver	6.2	6.2	1991-05-17	A Wave	Taito	MobyGames (n=5)=6.2	GameFAQs community=6.3; LaunchBox community Bayesian (raw 6.0, n=71)=6.1; LaunchBox Community=6.2
gb	the amazing spider man	The Amazing Spider-Man	6.2	5.5	1990-07-01	Rare	LJN	MobyGames (n=5)=6.2	GameFAQs community=4.9; LaunchBox community Bayesian (raw 6.0, n=89)=6.1; LaunchBox Community=5.5
gb	the amazing spider man 2	The Amazing Spider-Man 2		4.3					GameFAQs community=4.3; Legacy community=4.3
gb	the amazing spider man 3 invasion of the spider slayers	The Amazing Spider-Man 3: Invasion of the Spider-Slayers
gb	the battle of olympus	The Battle of Olympus	7.5	7.1	1993-01-01	Radical Entertainment	Imagineer	MobyGames (n=5)=7.5	GameFAQs community=6.8; LaunchBox community Bayesian (raw 7.4, n=39)=7.3; LaunchBox Community=7.1
gb	the blues brothers	The Blues Brothers	7.0	5.9	1992-06-01	Titus France	Titus Software	MobyGames (n=5)=7.0	GameFAQs community=5.1; LaunchBox community Bayesian (raw 6.5, n=33)=6.6; LaunchBox Community=5.9
gb	the blues brothers jukebox adventure	The Blues Brothers: Jukebox Adventure	5.8	6.3	1994-01-01	Titus France	Mindscape	MobyGames (n=5)=5.8	GameFAQs community=6.3; LaunchBox community Bayesian (raw 6.0, n=28)=6.3; LaunchBox Community=6.3
gb	the bugs bunny crazy castle	The Bugs Bunny Crazy Castle	6.3	6.3	1989-09-05	Kemco	Kemco	MobyGames (n=5)=6.3	GameFAQs community=6.2; LaunchBox community Bayesian (raw 6.4, n=78)=6.5; LaunchBox Community=6.3
gb	the bugs bunny crazy castle 2	The Bugs Bunny Crazy Castle 2	6.4	6.9	1991-04-26	Kotobuki System	Kotobuki System	MobyGames (n=5)=6.4	GameFAQs community=6.3; LaunchBox community Bayesian (raw 7.5, n=75)=7.4; LaunchBox Community=6.9
gb	the castlevania adventure	The Castlevania Adventure
gb	the chessmaster	The Chessmaster	8.0	5.8	1991-01-01	Park Place Productions	Hi-Tech Expressions	MobyGames (n=5)=8.0	GameFAQs community=5.7; LaunchBox community Bayesian (raw 5.6, n=35)=5.9; LaunchBox Community=5.8
gb	the fidgetts	The Fidgetts	7.9	5.9	1993-01-01	Game Over	Jaleco	MobyGames (n=5)=7.9	GameFAQs community=5.6; LaunchBox community Bayesian (raw 6.1, n=34)=6.3; LaunchBox Community=5.9
gb	the flash	The Flash	5.6	5.2	1991-01-01	Equilibrium	THQ	MobyGames (n=5)=5.6	GameFAQs community=5.7; LaunchBox community Bayesian (raw 4.1, n=34)=4.8; LaunchBox Community=5.2
gb	the flintstones	The Flintstones		6.3	1994-12-01	Twilight	Ocean Software		GameFAQs community=5.6; LaunchBox community Bayesian (raw 7.0, n=35)=7.0; LaunchBox Community=6.3
gb	the flintstones king rock treasure island	The Flintstones: King Rock Treasure Island	6.1	7.0	1993-02-01	Taito	Taito	MobyGames (n=5)=6.1	GameFAQs community=6.9; LaunchBox community Bayesian (raw 7.2, n=55)=7.2; LaunchBox Community=7.0
gb	the game of harmony	The Game of Harmony	6.4	5.7	1991-02-01	The Code Monkeys	Accolade	MobyGames (n=5)=6.4	GameFAQs community=5.5; LaunchBox community Bayesian (raw 5.4, n=24)=5.9; LaunchBox Community=5.7
gb	the getaway	The Getaway
gb	the humans	The Humans	7.9	5.8	1992-12-01	Imagitec Design	GameTek	MobyGames (n=5)=7.9	GameFAQs community=4.9; LaunchBox community Bayesian (raw 6.6, n=30)=6.7; LaunchBox Community=5.8
gb	the hunchback of notre dame topsy turvy games	The Hunchback of Notre Dame: Topsy Turvy Games
gb	the hunt for red october	The Hunt for Red October	5.8	6.0	1991-05-01	Beam Software	Hi-Tech Expressions	MobyGames (n=5)=5.8	GameFAQs community=6.4; LaunchBox community Bayesian (raw 5.4, n=45)=5.7; LaunchBox Community=6.0
gb	the incredible crash dummies	The Incredible Crash Dummies	6.6	6.2	1992-11-05	Software Creations	LJN	MobyGames (n=5)=6.6	GameFAQs community=5.0; LaunchBox community Bayesian (raw 7.4, n=38)=7.3; LaunchBox Community=6.2
gb	the jetsons	The Jetsons
gb	the jungle book	The Jungle Book		6.3	1994-08-01	Eurocom Entertainment Software	Virgin Games		LaunchBox community Bayesian (raw 6.1, n=40)=6.3; LaunchBox Community=6.3
gb	the king of fighters 95	The King of Fighters '95		6.9	1997-02-01	SNK	Nintendo		GameFAQs community=7.2; LaunchBox community Bayesian (raw 6.6, n=58)=6.7; LaunchBox Community=6.9
gb	the king of fighters 98	The King of Fighters 98
gb	the lawnmower man	The Lawnmower Man	6.8	5.1	1993-01-01	The Sales Curve	The Sales Curve	MobyGames (n=5)=6.8	LaunchBox community Bayesian (raw 4.3, n=26)=5.1; LaunchBox Community=5.1
gb	the legend of zelda link s awakening	The Legend of Zelda: Link's Awakening	9.0	8.9	1993-06-06	Nintendo EAD	Nintendo	GameRankings (n=8)=9.0; MobyGames (n=5)=9.0	GameFAQs community=8.7; LaunchBox community Bayesian (raw 9.2, n=260)=9.1; LaunchBox Community=8.9
gb	the lion king	The Lion King		6.3	1995-04-01	Dark Technologies	Virgin Games		GameFAQs community=6.0; LaunchBox community Bayesian (raw 6.5, n=44)=6.6; LaunchBox Community=6.3
gb	the little mermaid	The Little Mermaid
gb	the lost world jurassic park	The Lost World: Jurassic Park	3.8	6.7				GameRankings (n=3)=3.8	GameFAQs community=6.7
gb	the new chessmaster	The New Chessmaster		6.3	1992-01-01	Altron	Altron		GameFAQs community=6.1; LaunchBox community Bayesian (raw 6.3, n=36)=6.5
gb	the pagemaster	The Pagemaster	6.7	6.0	1994-11-01	Probe Software	Fox Interactive	MobyGames (n=5)=6.7	GameFAQs community=5.0; LaunchBox community Bayesian (raw 7.0, n=33)=7.0; LaunchBox Community=6.0
gb	the punisher the ultimate payback	The Punisher: The Ultimate Payback	5.3	5.5	1991-07-01	Beam Software	Acclaim Entertainment	MobyGames (n=5)=5.3	GameFAQs community=4.9; LaunchBox community Bayesian (raw 5.9, n=50)=6.1; LaunchBox Community=5.5
gb	the real ghostbusters	The Real Ghostbusters	6.8	6.2	1993-10-01	Kemco	Activision	MobyGames (n=5)=6.8	GameFAQs community=6.1; LaunchBox community Bayesian (raw 6.0, n=31)=6.2; LaunchBox Community=6.2
gb	the ren and stimpy show space cadet adventures	The Ren & Stimpy Show: Space Cadet Adventures		4.4					GameFAQs community=4.4
gb	the ren and stimpy show veediots	The Ren & Stimpy Show: Veediots!		4.3					GameFAQs community=4.3
gb	the simpsons bart and the beanstalk	The Simpsons: Bart & the Beanstalk	5.8	4.1	1993	Software Creations Ltd.		MobyGames (n=5)=5.8	GameFAQs community=4.1
gb	the simpsons bart vs the juggernauts	The Simpsons: Bart vs the Juggernauts	7.0	5.5	1992-09-01	Imagineering	Acclaim Entertainment	MobyGames (n=5)=7.0	GameFAQs community=4.8; LaunchBox community Bayesian (raw 5.9, n=47)=6.1; LaunchBox Community=5.5
gb	the simpsons escape from camp deadly	The Simpsons: Escape from Camp Deadly
gb	the simpsons krusty s funhouse	The Simpsons: Krusty's Funhouse
gb	the smurfs	The Smurfs	8.1	6.9	1994-01-01	Bit Managers	Infogrames	MobyGames (n=5)=8.1	GameFAQs community=6.3; LaunchBox community Bayesian (raw 7.5, n=39)=7.4; LaunchBox Community=6.9
gb	the sword of hope	The Sword of Hope		5.8	1991-06-14	Kotobuki System	Kotobuki System		GameFAQs community=6.1; LaunchBox community Bayesian (raw 5.2, n=44)=5.5; LaunchBox Community=5.8
gb	the sword of hope ii	The Sword of Hope II	6.8	6.6	1992-09-04	Kotobuki System	Kotobuki System	GameRankings (n=3)=6.8	GameFAQs community=7.3; LaunchBox community Bayesian (raw 5.8, n=36)=6.1; LaunchBox Community=6.6
gb	the xvii olympic winter games lillehammer 1994	The XVII Olympic Winter Games: Lillehammer 1994
gb	tiger a dragon	Tiger A Dragon
gb	tiny toon adventures 2 montana s movie madness	Tiny Toon Adventures 2: Montana's Movie Madness	8.2	7.6	1993-12-22	Konami	Konami	MobyGames (n=5)=8.2	GameFAQs community=7.4; LaunchBox community Bayesian (raw 7.9, n=72)=7.8; LaunchBox Community=7.6
gb	tiny toon adventures babs big break	Tiny Toon Adventures: Babs' Big Break	8.5	7.4	1992-02-01	Konami	Konami	MobyGames (n=5)=8.5	GameFAQs community=7.1; LaunchBox community Bayesian (raw 7.7, n=71)=7.6; LaunchBox Community=7.4
gb	tiny toon adventures wacky sports	Tiny Toon Adventures: Wacky Sports	5.6	6.7	1994-11-25	Konami	Konami	MobyGames (n=5)=5.6	GameFAQs community=7.1; LaunchBox community Bayesian (raw 6.2, n=31)=6.4; LaunchBox Community=6.7
gb	tip off	Tip Off		7.2	1993-03-19	Enigma Variations	Imagineer		LaunchBox community Bayesian (raw 7.3, n=21)=7.2; LaunchBox Community=7.2
gb	titus the fox	Titus the Fox		5.4	1993-06-01	Titus France	Titus France		GameFAQs community=4.1; LaunchBox community Bayesian (raw 6.4, n=26)=6.6; LaunchBox Community=5.4
gb	tom and jerry	Tom and Jerry	6.7	6.3	1992	Beam Software Pty., Ltd.		MobyGames (n=5)=6.7	GameFAQs community=6.3
gb	tom and jerry frantic antics	Tom and Jerry: Frantic Antics!	7.2	6.9	1993-10-01	Beam Software	Hi-Tech Expressions	MobyGames (n=5)=7.2	GameFAQs community=6.8; LaunchBox community Bayesian (raw 7.0, n=33)=7.0; LaunchBox Community=6.9
gb	top gun guts and glory	Top Gun: Guts & Glory	4.5	5.0	1993	Distinctive Software, Inc.		MobyGames (n=5)=4.5	GameFAQs community=5.0
gb	top rank tennis	Top Rank Tennis	8.2	6.7	1993-05-01	Pax Softnica	Nintendo	MobyGames (n=5)=8.2	GameFAQs community=6.7; LaunchBox community Bayesian (raw 6.6, n=34)=6.7; LaunchBox Community=6.7
gb	torpedo range	Torpedo Range		6.0	1991-04-27	SETA	SETA		GameFAQs community=5.9; LaunchBox community Bayesian (raw 5.8, n=33)=6.1; LaunchBox Community=6.0
gb	total carnage	Total Carnage		4.2	1994-02-01	Malibu Games	Malibu Games		GameFAQs community=3.3; LaunchBox community Bayesian (raw 4.7, n=40)=5.2; LaunchBox Community=4.2
gb	toxic crusaders	Toxic Crusaders	4.5	4.8	1992-09-01	Realtime Associates	Bandai America	MobyGames (n=5)=4.5	GameFAQs community=2.7; LaunchBox community Bayesian (raw 6.9, n=31)=6.9; LaunchBox Community=4.8
gb	toy story	Toy Story		5.3	1996-05-01	Tiertex	Black Pearl Software		LaunchBox community Bayesian (raw 5.0, n=49)=5.3; LaunchBox Community=5.3
gb	track and field	Track & Field	7.8	7.0	1992	Konami Co., Ltd.		MobyGames (n=5)=7.8	GameFAQs community=7.0
gb	track meet	Track Meet	7.0	6.3	1991-01-01	Interplay Productions	Interplay Productions	MobyGames (n=5)=7.0	GameFAQs community=6.1; LaunchBox community Bayesian (raw 6.4, n=38)=6.5; LaunchBox Community=6.3
gb	trax	Trax		7.3	1991-01-08	HAL Laboratory	Electro Brain		GameFAQs community=7.4; LaunchBox community Bayesian (raw 7.2, n=51)=7.2; LaunchBox Community=7.3
gb	trip world	Trip World		7.1	1992-11-27	Sunsoft	Sunsoft		GameFAQs community=7.1; LaunchBox community Bayesian (raw 7.1, n=63)=7.1
gb	true lies	True Lies	6.2	6.4	1994-12-01	Beam Software	Acclaim Entertainment	MobyGames (n=5)=6.2	GameFAQs community=5.8; LaunchBox community Bayesian (raw 7.1, n=35)=7.1; LaunchBox Community=6.4
gb	tumble pop	Tumble Pop		6.9	1992-11-20	Data East	Sunsoft		GameFAQs community=6.8; LaunchBox community Bayesian (raw 7.1, n=33)=7.1; LaunchBox Community=6.9
gb	turn and burn	Turn and Burn
gb	turok battle of the bionosaurs	Turok: Battle of the Bionosaurs	6.8	6.6	1997-12-01	Bit Managers	Acclaim Entertainment	MobyGames (n=5)=6.8	GameFAQs community=6.3; LaunchBox community Bayesian (raw 6.7, n=40)=6.8; LaunchBox Community=6.6
gb	turrican	Turrican	7.1	6.1	1991-11-01	The Code Monkeys	Accolade	MobyGames (n=5)=7.1	GameFAQs community=5.7; LaunchBox community Bayesian (raw 6.4, n=40)=6.5; LaunchBox Community=6.1
gb	uchuu no kishi tekkaman blade	Uchuu no Kishi: Tekkaman Blade		6.9	1993-12-30		BEC		LaunchBox community Bayesian (raw 6.8, n=19)=6.9; LaunchBox Community=6.9
gb	ultima runes of virtue	Ultima: Runes of Virtue	6.1	6.7	1991-12-14	Origin Systems	FCI	MobyGames (n=5)=6.1	GameFAQs community=7.0; LaunchBox community Bayesian (raw 6.4, n=43)=6.5; LaunchBox Community=6.7
gb	ultima runes of virtue ii	Ultima: Runes of Virtue II		6.5	1993-11-19	Origin Systems	FCI		GameFAQs community=6.1; LaunchBox community Bayesian (raw 6.8, n=38)=6.8; LaunchBox Community=6.5
gb	ultra golf	Ultra Golf	7.9	6.2	1991-11-01	Konami	Konami	MobyGames (n=5)=7.9	GameFAQs community=6.6; LaunchBox community Bayesian (raw 5.4, n=27)=5.8; LaunchBox Community=6.2
gb	ultraman ball	Ultraman Ball		7.1	1994-12-22	Interbec	Interbec		GameFAQs community=7.6; LaunchBox community Bayesian (raw 6.4, n=13)=6.7; LaunchBox Community=7.1
gb	universal soldier	Universal Soldier	6.0	5.9	1992-12-01	The Code Monkeys	Accolade	MobyGames (n=5)=6.0	GameFAQs community=5.7; LaunchBox community Bayesian (raw 5.7, n=32)=6.0; LaunchBox Community=5.9
gb	urban strike	Urban Strike		5.3					GameFAQs community=5.3; Legacy community=5.3
gb	urusei yatsura miss tomobiki o saguse	Urusei Yatsura: Miss Tomobiki o Saguse!
gb	v rally championship edition	V-Rally: Championship Edition		6.8	1998-01-01	Velez & Dubail	Ocean Software		GameFAQs community=7.6; LaunchBox community Bayesian (raw 5.8, n=32)=6.1; LaunchBox Community=6.8
gb	vattle giuce	Vattle Giuce		6.4	1991-07-12	International Games System	International Games System		GameFAQs community=6.5; LaunchBox community Bayesian (raw 5.9, n=13)=6.4; LaunchBox Community=6.4
gb	vegas stakes	Vegas Stakes		7.2	1995-12-01	HAL Laboratory	Nintendo		GameFAQs community=6.9; LaunchBox community Bayesian (raw 7.7, n=38)=7.6; LaunchBox Community=7.2
gb	wario blast featuring bomberman	Wario Blast: Featuring Bomberman!	7.1	7.0	1994-11-15	Hudson Soft	Nintendo	GameRankings (n=3)=6.0; MobyGames (n=5)=7.7	GameFAQs community=6.9; LaunchBox community Bayesian (raw 7.1, n=72)=7.1; LaunchBox Community=7.0
gb	wario land ii	Wario Land II	8.7	8.0	1998-03-09	Nintendo R&D1	Nintendo	MobyGames (n=5)=8.7	GameFAQs community=8.0; LaunchBox community Bayesian (raw 8.2, n=99)=8.1; LaunchBox Community=8.0
gb	wario land super mario land 3	Wario Land: Super Mario Land 3	8.5	8.5	1994-01-21	Nintendo R&D1	Nintendo	MobyGames (n=5)=8.5	LaunchBox community Bayesian (raw 8.6, n=240)=8.5; LaunchBox Community=8.5
gb	wave race	Wave Race	6.9	6.2	1992-07-01	Pax Softnica	Nintendo	MobyGames (n=5)=6.9	GameFAQs community=5.9; LaunchBox community Bayesian (raw 6.4, n=58)=6.5; LaunchBox Community=6.2
gb	wayne s world	Wayne's World		3.7	1993-11-01	Radical Entertainment	THQ		GameFAQs community=2.8; LaunchBox community Bayesian (raw 4.0, n=35)=4.7; LaunchBox Community=3.7
gb	wcw main event	WCW Main Event
gb	we re back a dinosaur s story	We're Back! A Dinosaur's Story	6.7	5.7	1993-10-01	Beam Software	Hi-Tech Expressions	MobyGames (n=5)=6.7	LaunchBox community Bayesian (raw 5.4, n=39)=5.7; LaunchBox Community=5.7
gb	wheel of fortune	Wheel of Fortune		5.9	1990-09-01	Data Design Interactive	GameTek		GameFAQs community=5.4; LaunchBox community Bayesian (raw 6.3, n=38)=6.4; LaunchBox Community=5.9
gb	who framed roger rabbit	Who Framed Roger Rabbit	6.0	6.9	1991-11-01	Capcom	Capcom	MobyGames (n=5)=6.0	GameFAQs community=6.6; LaunchBox community Bayesian (raw 7.2, n=53)=7.2; LaunchBox Community=6.9
gb	wild snake	Wild Snake		6.9	1994-09-01	Realtime Associates	Spectrum Holobyte		LaunchBox community Bayesian (raw 6.9, n=32)=6.9
gb	winter gold	Winter Gold
gb	wordtris	Wordtris		5.9	1992-11-01	Realtime Associates	Spectrum Holobyte		GameFAQs community=5.6; LaunchBox community Bayesian (raw 5.9, n=31)=6.2
gb	wordzap	WordZap		6.9	1992-09-01	Realtime Associates	Jaleco		LaunchBox community Bayesian (raw 6.8, n=29)=6.9; LaunchBox Community=6.9
gb	world bowling	World Bowling		5.7	1990-01-13	Athena	Romstar		GameFAQs community=5.4; LaunchBox community Bayesian (raw 5.7, n=32)=6.0
gb	world circuit series	World Circuit Series	7.8	6.7	1992-03-01	Konami	Ultra Games	MobyGames (n=5)=7.8	GameFAQs community=6.7; LaunchBox community Bayesian (raw 6.6, n=33)=6.7; LaunchBox Community=6.7
gb	world cup usa 94	World Cup USA 94		6.7	1994-07-29	Tiertex	U.S. Gold		GameFAQs community=6.8; LaunchBox community Bayesian (raw 6.5, n=28)=6.6; LaunchBox Community=6.7
gb	world heroes 2 jet	World Heroes 2 Jet	6.3	7.6	1995-08-01	Betop	Takara	MobyGames (n=5)=6.3	GameFAQs community=7.3; LaunchBox community Bayesian (raw 8.0, n=37)=7.8; LaunchBox Community=7.6
gb	worm visitor	Worm Visitor		3.3					GameFAQs community=3.3
gb	worms	Worms	8.0	5.7	1995-01-01	East Point Software	Ocean Software	GameRankings (n=3)=8.0	GameFAQs community=5.1; LaunchBox community Bayesian (raw 5.9, n=29)=6.2; LaunchBox Community=5.7
gb	wwf king of the ring	WWF King of the Ring	6.0	4.6	1993-09-01	Eastridge Technology	Acclaim Entertainment	MobyGames (n=5)=6.0	GameFAQs community=4.2; LaunchBox community Bayesian (raw 4.4, n=42)=4.9; LaunchBox Community=4.6
gb	wwf raw	WWF Raw		5.4	1994-12-22	Realtime Associates Seattle Division	Acclaim Entertainment		GameFAQs community=4.5; LaunchBox community Bayesian (raw 6.1, n=33)=6.3; LaunchBox Community=5.4
gb	wwf superstars	WWF Superstars	7.3	5.7	1991-04-01	Rare	LJN	MobyGames (n=5)=7.3	GameFAQs community=6.3; LaunchBox community Bayesian (raw 4.9, n=62)=5.2; LaunchBox Community=5.7
gb	wwf warzone	WWF Warzone		5.9	1998-06-01	Probe Entertainment	Acclaim Entertainment		LaunchBox community Bayesian (raw 5.6, n=32)=5.9; LaunchBox Community=5.9
gb	x	X		6.9	1992-05-29	Argonaut Software	Nintendo		GameFAQs community=7.5; LaunchBox community Bayesian (raw 6.0, n=25)=6.3; LaunchBox Community=6.9
gb	xenon 2 megablast	Xenon 2: Megablast	7.2		1992	The Bitmap Brothers		MobyGames (n=5)=7.2
gb	yogi bear in yogi bear s goldrush	Yogi Bear in Yogi Bear's Goldrush
gb	yoshi	Yoshi	7.5	6.7	1991-12-14	Game Freak	Nintendo	MobyGames (n=5)=7.5	GameFAQs community=6.3; LaunchBox community Bayesian (raw 7.2, n=85)=7.2; LaunchBox Community=6.7
gb	yoshi s cookie	Yoshi's Cookie	7.0	7.1	1992-11-21	Bullet-Proof Software	Nintendo	GameRankings (n=3)=7.1; MobyGames (n=5)=7.0	GameFAQs community=7.0; LaunchBox community Bayesian (raw 7.2, n=75)=7.2; LaunchBox Community=7.1
gb	zen intergalactic ninja	Zen: Intergalactic Ninja	6.0	6.4	1993-03-01	Konami	Palcom Software	MobyGames (n=5)=6.0	GameFAQs community=6.1; LaunchBox community Bayesian (raw 6.6, n=46)=6.7; LaunchBox Community=6.4
gb	zool	Zool	6.7		1993	Gremlin Interactive Limited		MobyGames (n=5)=6.7
gb	zoop	Zoop		6.7	1995-11-05	Hookstone	Viacom New Media		GameFAQs community=6.3; LaunchBox community Bayesian (raw 7.0, n=31)=7.0; LaunchBox Community=6.7
gba	007 everything or nothing	007: Everything or Nothing	7.0	6.9	2003-11-17	Griptonite	Electronic Arts	GameRankings (n=18)=7.0	GameFAQs community=6.9; LaunchBox community Bayesian (raw 6.8, n=88)=6.8; LaunchBox Community=6.9
gba	2 games in 1 power rangers ninja s	2 Games in 1: Power Rangers: Ninja S
gba	2 games in 1 scooby doo mystery m	2 Games in 1: Scooby-Doo!: Mystery M
gba	2 games in 1 spongebob squarepants	2 Games in 1: SpongeBob SquarePants
gba	2 in 1 cartoon network block party	2-in-1: Cartoon Network: Block Party
gba	2 in 1 castlevania double pack har	2-in-1: Castlevania Double Pack: Har
gba	2 in 1 crash bandicoot purple ript	2-in-1: Crash Bandicoot Purple: Ript
gba	2 in 1 dragon ball z gamepack buu	2-in-1: Dragon Ball Z Gamepack: Buu'
gba	2 in 1 dragon ball z gamepack the	2-in-1: Dragon Ball Z Gamepack: The
gba	2 in 1 golden nugget casino and texas	2-in-1: Golden Nugget Casino & Texas
gba	2 in 1 hot wheels stunt track chal	2-in-1: Hot Wheels: Stunt Track Chal
gba	2 in 1 hot wheels velocity x and hot	2-in-1: Hot Wheels: Velocity X & Hot
gba	2 in 1 matchbox missions	2-in-1: Matchbox Missions
gba	2 in 1 paperboy and rampage	2-in-1: Paperboy & Rampage
gba	2 in 1 quad desert fury and monster tr	2-in-1: Quad Desert Fury & Monster Tr
gba	2 in 1 shark tale and shrek 2	2-in-1: Shark Tale & Shrek 2
gba	2 in 1 sonic gamepack sonic pinbal	2-in-1: Sonic Gamepack: Sonic Pinbal
gba	2 in 1 spider man and spider man 2	2-in-1: Spider-Man & Spider-Man 2
gba	2 in 1 spider man mysterio s menac	2-in-1: Spider-Man: Mysterio's Menac
gba	2 in 1 spy hunter and super sprint	2-in-1: Spy Hunter & Super Sprint
gba	2 in 1 tony hawk s underground and kel	2-in-1: Tony Hawk's Underground & Kel
gba	2 in 1 uno and skin bo	2-in-1: Uno & Skin Bo
gba	2 in 1 yu gi oh gamepack the sacr	2-in-1: Yu-Gi-Oh! Gamepack: The Sacr
gba	3 in 1 candy land chutes and ladders	3-in-1: Candy Land Chutes and Ladders
gba	3 in 1 life yahtzee payday	3-in-1: Life Yahtzee Payday
gba	3 in 1 majesco sports pack paintba	3-in-1: Majesco Sports Pack: Paintba
gba	3 in 1 mousetrap simon operation	3-in-1: Mousetrap Simon Operation
gba	3 in 1 pong asteroids yar s revenge	3-in-1 Pong Asteroids Yar's Revenge
gba	3 in 1 sorry and aggravation and scrabbl	3-in-1: Sorry & Aggravation & Scrabbl
gba	3 in 1 super breakout and lunar lander	3-in-1: Super Breakout & Lunar Lander
gba	a sound of thunder	A Sound of Thunder	6.7	6.2	2004-02-01	Möbius Entertainment	BAM! Entertainment	GameRankings (n=7)=6.7	GameFAQs community=5.5; LaunchBox community Bayesian (raw 6.8, n=35)=6.8; LaunchBox Community=6.2
gba	ace combat advance	Ace Combat Advance	5.1	5.5	2005-02-23	Human Soft	Namco Hometek	Metacritic=5.6; GameRankings (n=13)=5.1	Metacritic users=5.0; GameFAQs community=5.7; LaunchBox community Bayesian (raw 5.6, n=59)=5.8; Legacy community=5.5
gba	activision anthology	Activision Anthology	8.1	7.1	2003-12-09	Aspyr Media	Aspyr Media	Metacritic=7.9; GameRankings (n=12)=8.0; MobyGames (n=5)=8.3	GameFAQs community=7.4; LaunchBox community Bayesian (raw 6.8, n=51)=6.8; LaunchBox Community=7.1
gba	advance guardian heroes	Advance Guardian Heroes	6.4	7.0	2004-09-14	Treasure	Ubisoft Entertainment	Metacritic=6.5; GameRankings (n=31)=6.5; MobyGames (n=5)=6.0	Metacritic users=7.0; GameFAQs community=7.0; LaunchBox community Bayesian (raw 7.0, n=89)=7.0
gba	advance wars	Advance Wars	9.2	8.5	2001-09-09	Intelligent Systems	Nintendo	Metacritic=9.2; GameRankings (n=44)=9.2; MobyGames (n=5)=9.2	Metacritic users=8.6; GameFAQs community=8.2; LaunchBox community Bayesian (raw 8.7, n=298)=8.6; Legacy community=8.5
gba	advance wars 2 black hole rising	Advance Wars 2: Black Hole Rising	9.0	8.5	2003-06-24	Intelligent Systems	Nintendo	Metacritic=8.9; GameRankings (n=50)=9.0; MobyGames (n=5)=9.0	Metacritic users=8.3; GameFAQs community=8.4; LaunchBox community Bayesian (raw 8.7, n=196)=8.6; Legacy community=8.5
gba	adventures of jimmy neutron boy geni 2	Adventures of Jimmy Neutron Boy Geni~2
gba	adventures of jimmy neutron boy geniu	Adventures of Jimmy Neutron Boy Geniu
gba	adventures of jimmy neutron boy genius	Adventures of Jimmy Neutron Boy Genius
gba	adventures of jimmy neutron boy geniv	Adventures of Jimmy Neutron Boy Geniv
gba	aero the acro bat rascal rival reve	Aero the Acro-Bat: Rascal Rival Reve
gba	agassi tennis generation	Agassi Tennis Generation		5.4	2003-09-30	Aqua Pacific	DreamCatcher Interactive		GameFAQs community=4.7; LaunchBox community Bayesian (raw 5.8, n=31)=6.1; LaunchBox Community=5.4
gba	aggressive inline	Aggressive Inline	7.1	6.5	2002-08-27	Full Fat Productions	Acclaim Entertainment	Metacritic=7.5; GameRankings (n=11)=6.9; MobyGames (n=5)=7.5	GameFAQs community=6.0; LaunchBox community Bayesian (raw 7.0, n=29)=7.0; LaunchBox Community=6.5
gba	alex rider stormbreaker	Alex Rider: Stormbreaker	4.0	5.6	2006-09-25	Razorback Developments	THQ	GameRankings (n=4)=3.9; MobyGames (n=5)=4.0	GameFAQs community=4.4; LaunchBox community Bayesian (raw 6.7, n=34)=6.8; LaunchBox Community=5.6
gba	alien hominid	Alien Hominid	8.7	7.4	2006-02-03	Tuna Technologies	Zoo Digital Publishing	GameRankings (n=6)=8.8; MobyGames (n=5)=8.6	GameFAQs community=7.2; LaunchBox community Bayesian (raw 7.6, n=81)=7.5; LaunchBox Community=7.4
gba	alienators evolution continues	Alienators: Evolution Continues	6.1	6.0	2001-11-13	Digital Eclipse Software	Activision Publishing	GameRankings (n=7)=6.1	GameFAQs community=5.3; LaunchBox community Bayesian (raw 6.6, n=38)=6.7; LaunchBox Community=6.0
gba	all star baseball 2004	All-Star Baseball 2004	7.3	7.0	2003-02-23	Acclaim Studios Manchester	Acclaim Entertainment	Metacritic=7.3	LaunchBox community Bayesian (raw 7.0, n=26)=7.0
gba	altered beast guardian of the realms	Altered Beast: Guardian of the Realms	6.0	6.5	2002-11-23	3d6 Games	Sega	Metacritic=6.3; GameRankings (n=13)=6.0; MobyGames (n=5)=5.8	Metacritic users=7.0; GameFAQs community=6.1; LaunchBox community Bayesian (raw 6.4, n=67)=6.5; Legacy community=6.5
gba	american bass challenge	American Bass Challenge	6.9	7.3	2001-12-05	Starfish	Ubi Soft Entertainment Software	GameRankings (n=6)=6.9	GameFAQs community=6.8; LaunchBox community Bayesian (raw 8.0, n=34)=7.8; LaunchBox Community=7.3
gba	american idol	American Idol	4.4	4.7	2003-11-11	Möbius Entertainment	Codemasters Software	GameRankings (n=4)=4.5; MobyGames (n=5)=4.3	GameFAQs community=4.1; LaunchBox community Bayesian (raw 4.7, n=38)=5.2
gba	an american tail fievel s gold rush	An American Tail: Fievel's Gold Rush	5.8	6.7	2003-05-02	Hokus Pokus	Conspiracy Entertainment	MobyGames (n=5)=5.8	GameFAQs community=6.0; LaunchBox community Bayesian (raw 7.3, n=36)=7.2; LaunchBox Community=6.7
gba	animal snap rescue them 2 by 2	Animal Snap: Rescue Them 2 By 2		5.5	2002-11-01	Ignition Entertainment	Ignition Entertainment		LaunchBox community Bayesian (raw 5.0, n=27)=5.5; LaunchBox Community=5.5
gba	antz extreme racing	Antz Extreme Racing		4.8	2002-11-20	Magic Pockets	Empire Interactive		GameFAQs community=2.3; LaunchBox community Bayesian (raw 7.4, n=34)=7.3; LaunchBox Community=4.8
gba	archer maclean s 3d pool	Archer Maclean's 3D Pool		5.5	2004-11-03	Ignition Entertainment	Ignition Entertainment		GameFAQs community=4.9; LaunchBox community Bayesian (raw 5.9, n=35)=6.1; LaunchBox Community=5.5
gba	archer maclean s super dropzone	Archer Maclean's Super Dropzone
gba	army men advance	Army Men Advance	5.6	5.9	2001-06-05	DC Studios	3DO	Metacritic=5.7; GameRankings (n=18)=5.5; MobyGames (n=5)=5.6	GameFAQs community=5.2; LaunchBox community Bayesian (raw 6.6, n=42)=6.7; LaunchBox Community=5.9
gba	army men operation green	Army Men: Operation Green	6.0	6.7	2001-12-03	Pocket Studios	3DO	GameRankings (n=4)=6.0	GameFAQs community=5.5; LaunchBox community Bayesian (raw 8.2, n=33)=7.9; LaunchBox Community=6.7
gba	army men turf wars	Army Men: Turf Wars		6.3	2002-09-03	Möbius Entertainment	3DO		GameFAQs community=6.2; LaunchBox community Bayesian (raw 6.1, n=21)=6.4; LaunchBox Community=6.3
gba	around the world in 80 days	Around the World in 80 Days	3.8	4.9	2004-07-05	Saffire	Hip Interactive	Metacritic=4.0; GameRankings (n=8)=3.8; MobyGames (n=5)=3.7	GameFAQs community=5.3; LaunchBox community Bayesian (raw 3.5, n=22)=4.6; LaunchBox Community=4.9
gba	astro boy omega factor	Astro Boy: Omega Factor	8.6	8.4	2004-08-18	Treasure	THQ	Metacritic=8.5; GameRankings (n=41)=8.7; MobyGames (n=5)=8.5	Metacritic users=8.6; GameFAQs community=8.4; LaunchBox community Bayesian (raw 8.3, n=154)=8.2; Legacy community=8.4
gba	atari anniversary advance	Atari Anniversary Advance	7.3	6.6	2002-03-25	Digital Eclipse Software	Infogrames	Metacritic=7.5; GameRankings (n=7)=7.2	GameFAQs community=7.2; LaunchBox community Bayesian (raw 6.0, n=45)=6.2; LaunchBox Community=6.6
gba	atlantis the lost empire	Atlantis: The Lost Empire
gba	atomic betty	Atomic Betty	6.5	5.8	2005-10-25	Big Blue Bubble	Atari Europe	Metacritic=6.2; GameRankings (n=10)=6.7; MobyGames (n=5)=6.0	GameFAQs community=6.0; LaunchBox community Bayesian (raw 5.2, n=25)=5.7; LaunchBox Community=5.8
gba	atv quad power racing	ATV Quad Power Racing	5.6	5.8	2002-08-28	Tantalus Interactive	Acclaim Entertainment	Metacritic=4.9; GameRankings (n=11)=5.7	GameFAQs community=5.4; LaunchBox community Bayesian (raw 5.9, n=26)=6.2; LaunchBox Community=5.8
gba	atv thunder ridge riders	ATV Thunder Ridge Riders		5.2	2006-09-05	Skyworks Technologies	Destination Software		GameFAQs community=5.0; LaunchBox community Bayesian (raw 4.8, n=26)=5.4; LaunchBox Community=5.2
gba	avatar the last airbender	Avatar: The Last Airbender	6.5	7.0	2006-10-10	Halfbrick Studios	THQ	GameRankings (n=4)=6.5	GameFAQs community=7.2; LaunchBox community Bayesian (raw 6.8, n=54)=6.8; LaunchBox Community=7.0
gba	babar to the rescue	Babar: To the Rescue		5.5	2006-06-28	Sirius Games	The Game Factory		GameFAQs community=5.2; LaunchBox community Bayesian (raw 5.4, n=26)=5.8; LaunchBox Community=5.5
gba	back track	Back Track	5.1	5.8	2001-10-04	JV Games	Telegames	GameRankings (n=6)=5.6; MobyGames (n=5)=4.4	LaunchBox community Bayesian (raw 5.3, n=25)=5.8; LaunchBox Community=5.8
gba	backyard baseball	Backyard Baseball		6.1	2002-05-21	GameBrains	Infogrames		GameFAQs community=6.1; LaunchBox community Bayesian (raw 5.7, n=26)=6.1; LaunchBox Community=6.1
gba	backyard basketball	Backyard Basketball		5.8	2004-09-24	Mistic Software	Atari		GameFAQs community=5.9; LaunchBox community Bayesian (raw 5.2, n=22)=5.8; LaunchBox Community=5.8
gba	backyard football 2006	Backyard Football 2006		6.2	2005-11-01	Humongous Entertainment	Atari		GameFAQs community=6.4; LaunchBox community Bayesian (raw 5.7, n=22)=6.1; LaunchBox Community=6.2
gba	backyard hockey	Backyard Hockey	5.3	6.0	2003-10-09	Mistic Software	Atari	GameRankings (n=4)=5.3	GameFAQs community=6.4; LaunchBox community Bayesian (raw 5.1, n=21)=5.7; LaunchBox Community=6.0
gba	backyard skateboarding	Backyard Skateboarding		5.8	2005-10-01	Humongous Entertainment	Atari		GameFAQs community=6.3; LaunchBox community Bayesian (raw 4.5, n=22)=5.3; LaunchBox Community=5.8
gba	backyard sports baseball 2007	Backyard Sports: Baseball 2007		5.4	2006-06-12	Humongous Entertainment	Atari		GameFAQs community=6.0; LaunchBox community Bayesian (raw 3.8, n=23)=4.8; LaunchBox Community=5.4
gba	backyard sports basketball 2007	Backyard Sports: Basketball 2007		6.8	2006-11-14	Mistic Software	Atari		GameFAQs community=6.3; LaunchBox community Bayesian (raw 7.3, n=18)=7.2; LaunchBox Community=6.8
gba	backyard sports football 2007	Backyard Sports Football 2007		6.6	2006-09-26	Humongous Entertainment	Atari		GameFAQs community=6.2; LaunchBox community Bayesian (raw 6.8, n=20)=6.9; LaunchBox Community=6.6
gba	baldur s gate dark alliance	Baldur's Gate: Dark Alliance	7.2	7.5	2004-02-10	Magic Pockets	Destination Software	Metacritic=7.6; GameRankings (n=19)=7.1	Metacritic users=8.2; GameFAQs community=6.8; LaunchBox community Bayesian (raw 7.6, n=60)=7.5; Legacy community=7.5
gba	ballistic ecks vs sever	Ballistic: Ecks vs. Sever	7.9	7.6	2002-09-14	Crawfish Interactive	BAM! Entertainment	MobyGames (n=5)=7.9	LaunchBox community Bayesian (raw 7.8, n=40)=7.6; LaunchBox Community=7.6
gba	banjo kazooie grunty s revenge	Banjo-Kazooie: Grunty's Revenge	7.3	7.4	2003-09-10	Rare	THQ	Metacritic=7.2; GameRankings (n=33)=7.3	Metacritic users=7.5; GameFAQs community=6.9; LaunchBox community Bayesian (raw 7.8, n=104)=7.7; Legacy community=7.4
gba	banjo pilot	Banjo-Pilot	6.7	6.7	2005-01-12	Rare	THQ	Metacritic=6.8; GameRankings (n=23)=6.7	Metacritic users=5.9; GameFAQs community=6.4; LaunchBox community Bayesian (raw 7.8, n=65)=7.7; Legacy community=6.7
gba	barbie and the magic of pegasus	Barbie and the Magic of Pegasus		6.3	2005-09-06	WayForward Technologies	VU Games		GameFAQs community=5.8; LaunchBox community Bayesian (raw 6.6, n=26)=6.7; LaunchBox Community=6.3
gba	barbie groovy games	Barbie: Groovy Games	3.7		2002	Digital Illusions Canada, Inc.		MobyGames (n=5)=3.7
gba	barbie horse adventures	Barbie Horse Adventures
gba	barbie in the 12 dancing princesses	Barbie in the 12 Dancing Princesses		5.8	2006-10-30	WayForward Technologies	Activision Publishing		GameFAQs community=5.5; LaunchBox community Bayesian (raw 5.6, n=22)=6.0; LaunchBox Community=5.8
gba	barbie secret agent	Barbie Secret Agent
gba	barbie superpack secret agent and gro	Barbie Superpack: Secret Agent & Gro
gba	barbie the princess and the pauper	Barbie: The Princess and the Pauper		6.2	2004-09-13	WayForward Technologies	VU Games		LaunchBox community Bayesian (raw 5.8, n=23)=6.2; LaunchBox Community=6.2
gba	barnyard	Barnyard	5.6	6.4	2006-08-01	Halfbrick Studios	THQ	GameRankings (n=8)=5.6; MobyGames (n=5)=5.7	LaunchBox community Bayesian (raw 6.2, n=25)=6.4; LaunchBox Community=6.4
gba	baseball advance	Baseball Advance	8.1	6.2	2002-03-20	Smilebit	Sega	Metacritic=8.0; GameRankings (n=17)=8.1; MobyGames (n=5)=8.2	GameFAQs community=6.2; LaunchBox community Bayesian (raw 6.0, n=33)=6.2; LaunchBox Community=6.2
gba	batman begins	Batman Begins	6.2	6.7	2005-06-15	Vicarious Visions	Electronic Arts	GameRankings (n=7)=6.2	GameFAQs community=6.6; LaunchBox community Bayesian (raw 6.8, n=50)=6.8; LaunchBox Community=6.7
gba	batman rise of sin tzu	Batman: Rise of Sin Tzu	5.9	6.3	2003-10-27	Ubi Soft Entertainment	Ubi Soft Entertainment Software	Metacritic=6.3; GameRankings (n=15)=5.9; MobyGames (n=5)=6.0	GameFAQs community=7.2; LaunchBox community Bayesian (raw 5.0, n=44)=5.4; LaunchBox Community=6.3
gba	batman vengeance	Batman: Vengeance	6.8	7.2	2001-10-30	Ubi Soft Entertainment	Ubi Soft Entertainment Software	Metacritic=6.8; GameRankings (n=8)=6.8	Metacritic users=8.8; GameFAQs community=6.1; LaunchBox community Bayesian (raw 6.6, n=45)=6.7; Legacy community=7.2
gba	battle b daman	Battle B-Daman	6.6	6.9	2006-07-25	Zero One	Atlus	GameRankings (n=4)=6.6	GameFAQs community=7.4; LaunchBox community Bayesian (raw 6.2, n=27)=6.4; LaunchBox Community=6.9
gba	battle b daman fire spirits	Battle B-Daman: Fire Spirits!		7.3	2006-09-26	Atlus U.S.A.	Will		GameFAQs community=7.6; LaunchBox community Bayesian (raw 6.9, n=23)=6.9; LaunchBox Community=7.3
gba	battlebots beyond the battlebox	BattleBots: Beyond the Battlebox	5.1	5.1	2002-12-10	Cave Barn Studios	Majesco Sales	Metacritic=5.3; GameRankings (n=6)=5.9; MobyGames (n=5)=4.2	GameFAQs community=4.7; LaunchBox community Bayesian (raw 5.0, n=26)=5.6; LaunchBox Community=5.1
gba	battlebots design and destroy	BattleBots: Design & Destroy		5.4					GameFAQs community=5.4
gba	beyblade g revolution	Beyblade: G-Revolution	3.4	7.1	2004-11-18	Full Fat Productions	Atari	GameRankings (n=6)=3.6; MobyGames (n=5)=3.1	GameFAQs community=6.0; LaunchBox community Bayesian (raw 8.6, n=26)=8.2; LaunchBox Community=7.1
gba	beyblade vforce ultimate blader jam	Beyblade VForce: Ultimate Blader Jam	6.2	5.9	2003-11-18	Takara	Atari	GameRankings (n=3)=6.2	GameFAQs community=5.3; LaunchBox community Bayesian (raw 6.2, n=33)=6.4; LaunchBox Community=5.9
gba	big mutha truckers	Big Mutha Truckers		6.0	2005-11-01	Raylight Studios	Destination Software		GameFAQs community=5.5; LaunchBox community Bayesian (raw 6.2, n=26)=6.4; LaunchBox Community=6.0
gba	bionicle maze of shadows	Bionicle: Maze of Shadows		7.3	2005-09-13	Razorback Developments	THQ		GameFAQs community=6.7; LaunchBox community Bayesian (raw 8.1, n=34)=7.8; LaunchBox Community=7.3
gba	blackthorne	BlackThorne	6.8	7.3	2003-09-17	Mass Media	Blizzard Entertainment	Metacritic=6.7; GameRankings (n=11)=6.9	Metacritic users=7.4; GameFAQs community=7.3; LaunchBox community Bayesian (raw 7.1, n=39)=7.1; Legacy community=7.3
gba	blades of thunder	Blades of Thunder		5.5	2005-02-23	InterActive Vision	Summitsoft Entertainment		GameFAQs community=5.8; LaunchBox community Bayesian (raw 4.6, n=27)=5.2; LaunchBox Community=5.5
gba	blender bros	Blender Bros	7.5	6.8	2002-04-15	Hudson Soft	Infogrames	Metacritic=7.3; GameRankings (n=8)=7.5	GameFAQs community=5.9; LaunchBox community Bayesian (raw 7.7, n=46)=7.6; LaunchBox Community=6.8
gba	bmx trick racer	BMX Trick Racer		6.7	2003-12-31	Hypnotix	Simon & Schuster Interactive		GameFAQs community=7.0; LaunchBox community Bayesian (raw 6.1, n=22)=6.4; LaunchBox Community=6.7
gba	board game classics	Board Game Classics		6.5	2005-11-03	Black Lantern Studios	DSI Games		GameFAQs community=6.1; LaunchBox community Bayesian (raw 6.7, n=25)=6.8; LaunchBox Community=6.5
gba	boktai 2 solar boy django	Boktai 2: Solar Boy Django	7.8	8.0	2004-10-19	Konami	Konami	Metacritic=7.8; GameRankings (n=22)=7.7; MobyGames (n=5)=8.0	Metacritic users=8.0; GameFAQs community=8.1; LaunchBox community Bayesian (raw 8.0, n=63)=7.9
gba	boktai the sun is in your hand	Boktai: The Sun Is in Your Hand	8.0	7.6	2003-09-16	Konami Computer Entertainment Japan	Konami	Metacritic=8.3; GameRankings (n=32)=8.0; MobyGames (n=5)=7.9	Metacritic users=7.2; GameFAQs community=7.9; LaunchBox community Bayesian (raw 7.8, n=74)=7.7; Legacy community=7.6
gba	bomberman max 2 blue	Bomberman Max 2: Blue
gba	bomberman max 2 red	Bomberman Max 2: Red
gba	bomberman tournament	Bomberman Tournament	8.4	7.7	2001-06-29	Hudson Soft	Activision Publishing	Metacritic=8.8; GameRankings (n=28)=8.4; MobyGames (n=5)=8.3	Metacritic users=8.4; GameFAQs community=7.4; LaunchBox community Bayesian (raw 7.1, n=74)=7.1; Legacy community=7.7
gba	bookworm	Bookworm	6.3	6.9	2003	PopCap Games	Majesco Sales	GameRankings (n=4)=6.3	GameFAQs community=6.8; LaunchBox community Bayesian (raw 7.0, n=36)=7.0; Legacy community=6.9
gba	boulder dash ex	Boulder Dash EX	7.7	6.9	2002-09-16	Vision Works	Kotobuki System	GameRankings (n=6)=7.8; MobyGames (n=5)=7.6	GameFAQs community=6.9; LaunchBox community Bayesian (raw 6.9, n=52)=6.9
gba	boxing fever	Boxing Fever	7.5	6.9	2001-10-11	Digital Fiction	THQ	Metacritic=7.6; GameRankings (n=18)=7.5	GameFAQs community=6.1; LaunchBox community Bayesian (raw 8.0, n=35)=7.8; LaunchBox Community=6.9
gba	bratz	Bratz		4.4	2003-03-12	DC Studios	Ubisoft Entertainment		GameFAQs community=3.4; LaunchBox community Bayesian (raw 4.6, n=23)=5.3; LaunchBox Community=4.4
gba	bratz forever diamondz	Bratz: Forever Diamondz		5.3	2006-09-18	Barking Lizards Technologies	THQ		GameFAQs community=3.0; LaunchBox community Bayesian (raw 7.8, n=24)=7.6; LaunchBox Community=5.3
gba	bratz rock angelz	Bratz: Rock Angelz		5.2	2005-01-01	Altron	THQ		GameFAQs community=5.5; LaunchBox community Bayesian (raw 3.9, n=21)=4.9; LaunchBox Community=5.2
gba	breakout centipede warlords	Breakout. Centipede. Warlords
gba	breath of fire	Breath of Fire	7.6	7.5	2001-12-13	Capcom	Capcom	Metacritic=7.9; GameRankings (n=26)=7.6; MobyGames (n=5)=7.5	Metacritic users=7.3; GameFAQs community=7.4; LaunchBox community Bayesian (raw 7.9, n=101)=7.8; Legacy community=7.5
gba	breath of fire ii	Breath of Fire II	7.6	7.9	2002-04-16	Capcom	Capcom	Metacritic=8.1; GameRankings (n=28)=7.5; MobyGames (n=5)=7.9	Metacritic users=8.3; GameFAQs community=7.8; LaunchBox community Bayesian (raw 7.6, n=74)=7.5; Legacy community=7.9
gba	britney s dance beat	Britney's Dance Beat	5.7	5.7	2002-03-25	Art	THQ	Metacritic=5.3; GameRankings (n=12)=5.8	Metacritic users=8.9; GameFAQs community=3.8; LaunchBox community Bayesian (raw 3.6, n=34)=4.4; Legacy community=5.7
gba	broken sword the shadow of the temp	Broken Sword: The Shadow of The Temp	8.1					GameRankings (n=25)=8.1
gba	broken sword the shadow of the templars	Broken Sword: The Shadow of the Templars	8.1	7.4	2002-03-17	Revolution Software	BAM! Entertainment	Metacritic=8.0; GameRankings (n=25)=8.1	Metacritic users=8.1; GameFAQs community=7.1; LaunchBox community Bayesian (raw 7.0, n=55)=7.0; Legacy community=7.4
gba	bruce lee return of the legend	Bruce Lee: Return of the Legend	8.0	7.3	2003-03-21	Vicarious Visions	Universal Interactive	GameRankings (n=4)=7.9; MobyGames (n=5)=8.1	GameFAQs community=6.9; LaunchBox community Bayesian (raw 7.8, n=56)=7.7; LaunchBox Community=7.3
gba	bubble bobble old and new	Bubble Bobble: Old & New	7.1	7.2	2003	Taito Corporation		GameRankings (n=7)=6.9; MobyGames (n=5)=7.4	GameFAQs community=7.2
gba	buffy the vampire slayer	Buffy: The Vampire Slayer
gba	butt ugly martians b k m battles	Butt-Ugly Martians: B.K.M. Battles	5.7	5.8	2002-10-01	Runecraft	Vivendi Universal Interactive Publishing	GameRankings (n=5)=5.7	GameFAQs community=4.8; LaunchBox community Bayesian (raw 6.7, n=23)=6.8; LaunchBox Community=5.8
gba	cabbage patch kids the patch puppy rescue	Cabbage Patch Kids: The Patch Puppy Rescue		5.3	2006-04-11	1st Playable Productions	D3Publisher of America		GameFAQs community=4.9; LaunchBox community Bayesian (raw 5.1, n=20)=5.7; LaunchBox Community=5.3
gba	cabela s big game hunter	Cabela's Big Game Hunter		4.8	2002-12-11	ImageBuilder Software	Activision Value Publishing		GameFAQs community=5.3; LaunchBox community Bayesian (raw 3.0, n=20)=4.3; LaunchBox Community=4.8
gba	cabela s big game hunter 2005 adven	Cabela's Big Game Hunter: 2005 Adven
gba	caesar s palace advance	Caesar's Palace Advance
gba	camp lazlo leaky lake games	Camp Lazlo: Leaky Lake Games	4.7	5.4	2006-11-06	Collision Studios	Crave Entertainment	GameRankings (n=3)=4.7	GameFAQs community=4.9; LaunchBox community Bayesian (raw 5.5, n=25)=5.9; LaunchBox Community=5.4
gba	capcom classics mini mix	Capcom Classics Mini Mix	6.7	7.1	2006-09-19	Capcom	Capcom	Metacritic=6.6; GameRankings (n=7)=6.7	GameFAQs community=7.1; LaunchBox community Bayesian (raw 7.0, n=46)=7.0; LaunchBox Community=7.1
gba	car battler joe	Car Battler Joe	7.6	7.2	2002-10-21	Ancient	Natsume	Metacritic=7.7; GameRankings (n=10)=7.5; MobyGames (n=5)=7.6	Metacritic users=7.5; GameFAQs community=7.2; LaunchBox community Bayesian (raw 6.9, n=53)=6.9
gba	care bears the care quests	Care Bears: The Care Quests
gba	cars	Cars	5.4	5.9	2006-06-06	Helixe	THQ	GameRankings (n=9)=5.4	LaunchBox community Bayesian (raw 5.6, n=40)=5.9; LaunchBox Community=5.9
gba	cartoon network block party	Cartoon Network: Block Party	4.1	6.1	2004-08-05	Monkeystone	Majesco Sales	MobyGames (n=5)=4.1	GameFAQs community=5.8; LaunchBox community Bayesian (raw 6.3, n=30)=6.5; LaunchBox Community=6.1
gba	cartoon network collection limited edition	Cartoon Network Collection: Limited Edition
gba	cartoon network collection platinum	Cartoon Network Collection: Platinum
gba	cartoon network collection special	Cartoon Network Collection: Special
gba	cartoon network collection volume 1	Cartoon Network Collection: Volume 1
gba	cartoon network collection volume 2	Cartoon Network Collection: Volume 2
gba	cartoon network speedway	Cartoon Network Speedway	5.3	6.2	2003-11-17	DC Studios	Majesco Sales	GameRankings (n=4)=5.3	GameFAQs community=6.1; LaunchBox community Bayesian (raw 6.0, n=32)=6.2; LaunchBox Community=6.2
gba	casper	Casper		5.1	2002-03-22	Planet Interactive Development	Microïds		GameFAQs community=3.8; LaunchBox community Bayesian (raw 6.0, n=26)=6.3; LaunchBox Community=5.1
gba	castlevania aria of sorrow	Castlevania: Aria of Sorrow	8.8	8.9	2003-05-06	Konami	Konami	Metacritic=9.1; GameRankings (n=48)=8.8; MobyGames (n=5)=8.8	Metacritic users=8.8; GameFAQs community=8.8; LaunchBox community Bayesian (raw 9.2, n=374)=9.1; Legacy community=8.9
gba	castlevania circle of the moon	Castlevania: Circle of the Moon	8.8	8.1	2001-06-10	Konami	Konami	Metacritic=9.1; GameRankings (n=40)=8.8; MobyGames (n=5)=8.5	Metacritic users=7.7; GameFAQs community=8.0; LaunchBox community Bayesian (raw 8.5, n=257)=8.4; Legacy community=8.1
gba	castlevania harmony of dissonance	Castlevania: Harmony of Dissonance	8.5	8.1	2002-09-16	Konami	Konami	Metacritic=8.7; GameRankings (n=33)=8.5; MobyGames (n=5)=8.2	Metacritic users=7.9; GameFAQs community=7.8; LaunchBox community Bayesian (raw 8.6, n=233)=8.5; Legacy community=8.1
gba	catwoman	Catwoman	5.6	4.9	2004-07-20	Magic Pockets	Electronic Arts	Metacritic=6.1; GameRankings (n=9)=5.7; MobyGames (n=5)=5.4	GameFAQs community=5.5; LaunchBox community Bayesian (raw 3.5, n=30)=4.4; LaunchBox Community=4.9
gba	catz	Catz		6.3	2006-03-28	Saffire	Mindscape		GameFAQs community=6.1; LaunchBox community Bayesian (raw 6.3, n=23)=6.5
gba	charlie and the chocolate factory	Charlie and the Chocolate Factory	4.9	5.9	2005-07-15	Digital Eclipse Software	2K Games	GameRankings (n=8)=5.2; MobyGames (n=5)=4.6	GameFAQs community=5.6; LaunchBox community Bayesian (raw 5.8, n=25)=6.1; LaunchBox Community=5.9
gba	chessmaster	Chessmaster	7.9	5.6	2002-08-28	Ubi Soft	Ubi Soft Entertainment Software	GameRankings (n=10)=7.9	GameFAQs community=4.8; LaunchBox community Bayesian (raw 6.2, n=29)=6.4; LaunchBox Community=5.6
gba	chicken little	Chicken Little
gba	chicken shoot	Chicken Shoot		4.3	2005-10-18	Frontline Studios	Destination Software		GameFAQs community=3.1; LaunchBox community Bayesian (raw 4.8, n=19)=5.6; LaunchBox Community=4.3
gba	chuchu rocket	ChuChu Rocket!	8.2	7.6	2001-06-10	Sonic Team	Sega of America	Metacritic=8.4; GameRankings (n=28)=8.3; MobyGames (n=5)=8.1	Metacritic users=8.1; GameFAQs community=7.6; LaunchBox community Bayesian (raw 7.2, n=52)=7.2; Legacy community=7.6
gba	cima the enemy	CIMA: The Enemy	6.7	7.7	2003-11-17	Neverland	Natsume	Metacritic=7.0; GameRankings (n=15)=6.7	GameFAQs community=7.0; LaunchBox community Bayesian (raw 8.6, n=41)=8.3; LaunchBox Community=7.7
gba	classic nes series bomberman	Classic NES Series: Bomberman	5.5	6.5	2004-02-14	Hudson Soft	Nintendo	GameRankings (n=18)=5.5	GameFAQs community=6.9; LaunchBox community Bayesian (raw 5.9, n=34)=6.2; LaunchBox Community=6.5
gba	classic nes series castlevania	Classic NES Series: Castlevania	7.1	7.8	2004-08-10	Konami	Nintendo	GameRankings (n=12)=7.1	GameFAQs community=7.9; LaunchBox community Bayesian (raw 7.8, n=45)=7.7
gba	classic nes series donkey kong	Classic NES Series: Donkey Kong	6.4	7.7	2004-02-14	Nintendo	Nintendo	GameRankings (n=21)=6.4	GameFAQs community=7.5; LaunchBox community Bayesian (raw 8.0, n=55)=7.8; LaunchBox Community=7.7
gba	classic nes series dr mario	Classic NES Series: Dr. Mario	6.9	7.4	2004-05-21	Nintendo	Nintendo	GameRankings (n=12)=6.9	GameFAQs community=7.4; LaunchBox community Bayesian (raw 7.5, n=41)=7.4; LaunchBox Community=7.4
gba	classic nes series excitebike	Classic NES Series: Excitebike	6.5	7.2	2004-02-14	Nintendo R&D1	Nintendo	GameRankings (n=16)=6.5	GameFAQs community=7.3; LaunchBox community Bayesian (raw 7.1, n=40)=7.1; LaunchBox Community=7.2
gba	classic nes series ice climber	Classic NES Series: Ice Climber	6.4	6.6	2004-02-14	Nintendo	Nintendo	GameRankings (n=17)=6.4	GameFAQs community=6.9; LaunchBox community Bayesian (raw 6.1, n=30)=6.3; LaunchBox Community=6.6
gba	classic nes series metroid	Classic NES Series: Metroid	6.2	7.7	2004-08-10	Nintendo R&D1	Nintendo	GameRankings (n=14)=6.2	GameFAQs community=7.4; LaunchBox community Bayesian (raw 8.0, n=44)=7.8; LaunchBox Community=7.7
gba	classic nes series pac man	Classic NES Series: Pac-Man	5.6	7.2	2004-02-14	Namco	Nintendo	GameRankings (n=18)=5.6	GameFAQs community=7.5; LaunchBox community Bayesian (raw 6.8, n=27)=6.9; LaunchBox Community=7.2
gba	classic nes series super mario bros	Classic NES Series: Super Mario Bros	8.0	8.2	2004-02-14	Nintendo	Nintendo	GameRankings (n=23)=8.0	GameFAQs community=8.2; LaunchBox community Bayesian (raw 8.3, n=82)=8.2; LaunchBox Community=8.2
gba	classic nes series the legend of ze	Classic NES Series: The Legend of Ze	7.9					GameRankings (n=21)=7.9
gba	classic nes series xevious	Classic NES Series: Xevious	6.3	7.3	2004-02-14	Nintendo	Nintendo	GameRankings (n=14)=6.3	GameFAQs community=6.8; LaunchBox community Bayesian (raw 7.9, n=34)=7.7; LaunchBox Community=7.3
gba	classic nes series zelda ii the a	Classic NES Series: Zelda II: The A
gba	code breaker	Code Breaker
gba	codename kids next door operation s o d a	Codename: Kids Next Door: Operation S.O.D.A		5.9	2004-11-02	Vicarious Visions	Global Star Software		GameFAQs community=6.1; LaunchBox community Bayesian (raw 5.4, n=29)=5.8; LaunchBox Community=5.9
gba	codename kids next door volume 1	Codename Kids Next Door: Volume 1
gba	colin mcrae rally 2 0	Colin McRae Rally 2.0	8.3	7.2	2002-10-08	Spellbound Interactive	Ubi Soft Entertainment Software	Metacritic=8.0; GameRankings (n=12)=8.2; MobyGames (n=5)=8.4	GameFAQs community=6.5; LaunchBox community Bayesian (raw 8.1, n=46)=7.9; LaunchBox Community=7.2
gba	columns crown	Columns Crown	6.8	6.4	2002-02-04	WOW Entertainment	Sega	Metacritic=7.0; GameRankings (n=13)=6.8	GameFAQs community=5.6; LaunchBox community Bayesian (raw 7.2, n=35)=7.2; LaunchBox Community=6.4
gba	connect four perfection trouble	Connect Four: Perfection: Trouble		5.6					GameFAQs community=5.6
gba	contra advance the alien wars ex	Contra Advance: The Alien Wars EX	6.4	6.6	2002-11-05	TOSE	Konami	GameRankings (n=16)=6.4	GameFAQs community=6.8; LaunchBox community Bayesian (raw 6.4, n=90)=6.5; LaunchBox Community=6.6
gba	corvette 50th anniversary	Corvette 50th Anniversary
gba	crash bandicoot 2 n tranced	Crash Bandicoot 2: N-Tranced	7.6	7.5	2003-01-07	Vicarious Visions	Universal Interactive	Metacritic=7.5; GameRankings (n=27)=7.5; MobyGames (n=5)=7.8	Metacritic users=8.0; GameFAQs community=7.1; LaunchBox community Bayesian (raw 7.6, n=112)=7.6; Legacy community=7.5
gba	crash bandicoot purple ripto s ramp	Crash Bandicoot Purple: Ripto's Ramp	6.4					GameRankings (n=23)=6.4
gba	crash bandicoot the huge adventure	Crash Bandicoot: The Huge Adventure	8.0	7.5	2002-02-25	Vicarious Visions	Universal Interactive	Metacritic=7.8; GameRankings (n=20)=7.9; MobyGames (n=5)=8.3	Metacritic users=7.9; GameFAQs community=7.0; LaunchBox community Bayesian (raw 7.8, n=117)=7.7; Legacy community=7.5
gba	crash nitro kart	Crash Nitro Kart	7.0	6.6	2003-11-11	Vicarious Visions	Universal Interactive	GameRankings (n=7)=7.0	GameFAQs community=6.9; LaunchBox community Bayesian (raw 6.3, n=64)=6.4; LaunchBox Community=6.6
gba	crash superpack crash bandicoot 2	Crash Superpack: Crash Bandicoot 2
gba	crazy chase	Crazy Chase		5.8	2002-10-23	Kotobuki System	Kotobuki System		GameFAQs community=5.3; LaunchBox community Bayesian (raw 5.9, n=26)=6.2; LaunchBox Community=5.8
gba	crazy taxi	Crazy Taxi
gba	crouching tiger hidden dragon	Crouching Tiger. Hidden Dragon	5.9	6.2	2003-10-09	Genki	Ubi Soft Entertainment Software	Metacritic=6.0; GameRankings (n=9)=6.2; MobyGames (n=5)=5.2	GameFAQs community=5.7; LaunchBox community Bayesian (raw 6.5, n=29)=6.6; LaunchBox Community=6.2
gba	cruis n velocity	Cruis'n Velocity	4.7	6.2	2001-11-30	Graphic State	Midway Home Entertainment	Metacritic=5.3; GameRankings (n=10)=4.8; MobyGames (n=5)=4.5	Metacritic users=6.8; GameFAQs community=6.1; LaunchBox community Bayesian (raw 5.2, n=29)=5.7; Legacy community=6.2
gba	crushed baseball	Crushed Baseball		5.9	2005-02-22	Griptonite	Summitsoft Entertainment		GameFAQs community=5.1; LaunchBox community Bayesian (raw 6.5, n=21)=6.7; LaunchBox Community=5.9
gba	ct special forces	CT Special Forces	7.0	7.1	2004-01-04	Light & Shadow Production	Light & Shadow Production	Metacritic=7.1; GameRankings (n=20)=6.9; MobyGames (n=5)=7.4	Metacritic users=7.4; GameFAQs community=6.7; LaunchBox community Bayesian (raw 7.2, n=50)=7.2; Legacy community=7.1
gba	ct special forces 2 back in the tre	CT Special Forces 2: Back in The Tre	8.0					GameRankings (n=8)=8.0
gba	ct special forces 3 bioterror	CT Special Forces 3: BioTerror		7.1	2004-11-05	The Code Monkeys	Light & Shadow Production		LaunchBox community Bayesian (raw 7.1, n=36)=7.1
gba	cubix robots for everyone clash n bash	Cubix: Robots for Everyone: Clash 'n Bash		6.0	2002-06-24	Blitz Games	3DO		GameFAQs community=5.8; LaunchBox community Bayesian (raw 6.0, n=32)=6.2
gba	curious george	Curious George	5.9	6.8	2006-02-01	Torus Games	Electronic Arts	GameRankings (n=6)=5.9	GameFAQs community=6.3; LaunchBox community Bayesian (raw 7.3, n=24)=7.2; LaunchBox Community=6.8
gba	danny phantom the ultimate enemy	Danny Phantom: The Ultimate Enemy		6.6	2005-09-08	Altron	THQ		LaunchBox community Bayesian (raw 6.5, n=43)=6.6; LaunchBox Community=6.6
gba	danny phantom urban jungle	Danny Phantom: Urban Jungle	5.9	6.5	2006-09-19	Altron	THQ	MobyGames (n=5)=5.9	LaunchBox community Bayesian (raw 6.3, n=33)=6.5; LaunchBox Community=6.5
gba	daredevil	Daredevil	4.8	6.7	2003-02-02	Griptonite	THQ	Metacritic=5.0; GameRankings (n=19)=4.8; MobyGames (n=5)=4.5	Metacritic users=7.7; GameFAQs community=5.6; LaunchBox community Bayesian (raw 6.6, n=42)=6.7; Legacy community=6.7
gba	dark arena	Dark Arena	6.5	5.9	2002-01-18	Graphic State	Majesco Sales	Metacritic=6.5; GameRankings (n=21)=6.5	GameFAQs community=5.2; LaunchBox community Bayesian (raw 6.4, n=34)=6.5; LaunchBox Community=5.9
gba	dave mirra freestyle bmx 2	Dave Mirra Freestyle BMX 2	8.1	6.5	2001-11-20	Full Fat Productions	Acclaim Entertainment	Metacritic=8.5; GameRankings (n=12)=8.0; MobyGames (n=5)=8.1	GameFAQs community=5.9; LaunchBox community Bayesian (raw 7.2, n=32)=7.2; LaunchBox Community=6.5
gba	david beckham soccer	David Beckham Soccer	3.7	4.0	2002-10-07	Yoyo Entertainment	Majesco Sales	Metacritic=3.4; GameRankings (n=12)=3.7; MobyGames (n=5)=3.9	Metacritic users=3.0; GameFAQs community=3.8; LaunchBox community Bayesian (raw 4.2, n=19)=5.2; Legacy community=4.0
gba	davis cup	Davis Cup
gba	dead to rights	Dead to Rights	3.4	5.5	2004-11-26	Torus Games	Zoo Digital Publishing	GameRankings (n=5)=3.3; MobyGames (n=5)=3.5	GameFAQs community=5.1; LaunchBox community Bayesian (raw 5.6, n=29)=6.0; LaunchBox Community=5.5
gba	defender	Defender	3.6	4.7	2002-11-07	OutLook Entertainment	Midway Home Entertainment	GameRankings (n=12)=3.6; MobyGames (n=5)=3.7	GameFAQs community=5.2; LaunchBox community Bayesian (raw 3.4, n=29)=4.3; LaunchBox Community=4.7
gba	defender of the crown	Defender of the Crown	7.5	5.8	2002-10-07	Crawfish Interactive	Metro3D	Metacritic=7.2; GameRankings (n=11)=7.5	GameFAQs community=5.3; LaunchBox community Bayesian (raw 6.1, n=31)=6.3; LaunchBox Community=5.8
gba	demikids dark version	DemiKids: Dark Version	6.6	6.1	2003-10-07	Multimedia Intelligence Transfer	Atlus U.S.A.	GameRankings (n=9)=6.6	GameFAQs community=5.9; LaunchBox community Bayesian (raw 6.1, n=41)=6.3
gba	demikids light version	DemiKids: Light Version	6.2	6.1	2003-10-06	Multimedia Intelligence Transfer	Atlus	Metacritic=6.2; GameRankings (n=9)=6.2	GameFAQs community=5.9; LaunchBox community Bayesian (raw 6.0, n=41)=6.2; LaunchBox Community=6.1
gba	demon driver time to burn rubber	Demon Driver: Time to Burn Rubber		5.3	2004-09-22	Ignition Entertainment	Ignition Entertainment		LaunchBox community Bayesian (raw 4.8, n=30)=5.3; LaunchBox Community=5.3
gba	denki blocks	Denki Blocks!	8.1	6.7	2001-10-18	Denki	Majesco Entertainment	GameRankings (n=11)=8.3; MobyGames (n=5)=7.7	GameFAQs community=6.3; LaunchBox community Bayesian (raw 7.0, n=46)=7.0; LaunchBox Community=6.7
gba	desert strike advance	Desert Strike Advance	7.0	6.8	2002-05-08	Budcat Creations	Electronic Arts	GameRankings (n=5)=7.0	GameFAQs community=6.7; LaunchBox community Bayesian (raw 6.8, n=33)=6.8
gba	dexter s lab chess challenge	Dexter's Lab: Chess Challenge
gba	dexter s lab deesaster strikes	Dexter's Lab: Deesaster Strikes!
gba	digimon battle spirit	Digimon: Battle Spirit	5.9	6.9	2003-01-13	Dimps	Bandai	Metacritic=6.0; GameRankings (n=6)=5.8; MobyGames (n=5)=5.9	Metacritic users=6.6; GameFAQs community=6.6; LaunchBox community Bayesian (raw 7.5, n=50)=7.4; Legacy community=6.9
gba	digimon racing	Digimon Racing	6.4	5.9	2004-09-13	Griptonite	Bandai	Metacritic=6.2; GameRankings (n=9)=6.4	Metacritic users=5.9; GameFAQs community=6.0; LaunchBox community Bayesian (raw 5.5, n=36)=5.8
gba	dinotopia the timestone pirates	Dinotopia: The Timestone Pirates	6.0	6.0	2002-04-30	RFX Interactive	TDK Mediactive	Metacritic=6.4; GameRankings (n=9)=5.9; MobyGames (n=5)=6.0	GameFAQs community=6.4; LaunchBox community Bayesian (raw 5.1, n=29)=5.6; LaunchBox Community=6.0
gba	disney channel collection volume 1	Disney Channel Collection: Volume 1
gba	disney princess	Disney Princess	4.5	5.5	2003-04-04	Art	THQ	GameRankings (n=5)=4.5	GameFAQs community=5.1; LaunchBox community Bayesian (raw 5.6, n=34)=5.9; LaunchBox Community=5.5
gba	disney princess royal adventure	Disney Princess: Royal Adventure		5.7	2006-10-05	Human Soft	Buena Vista Games		GameFAQs community=5.3; LaunchBox community Bayesian (raw 5.6, n=23)=6.0; LaunchBox Community=5.7
gba	disney s aladdin	Disney's Aladdin	6.4	6.9	2004-09-28	Capcom Co., Ltd.		Metacritic=5.9; GameRankings (n=18)=6.5; MobyGames (n=5)=6.1	Metacritic users=6.7; GameFAQs community=7.0
gba	disney s american dragon jake long	Disney's American Dragon Jake Long
gba	disney s brother bear	Disney's Brother Bear	7.1	6.1	2003			GameRankings (n=3)=7.1	GameFAQs community=6.1
gba	disney s cinderella magical dreams	Disney's Cinderella: Magical Dreams	5.8	5.7	2005-09-20	DC Studios, Inc.		Metacritic=6.9; GameRankings (n=4)=5.8; MobyGames (n=5)=5.5	GameFAQs community=5.7
gba	disney s extreme skate adventure	Disney's Extreme Skate Adventure	7.1	5.9	2003			GameRankings (n=5)=7.1	GameFAQs community=5.9
gba	disney s finding nemo	Disney's Finding Nemo
gba	disney s finding nemo the continuin	Disney's Finding Nemo: The Continuin
gba	disney s herbie fully loaded	Disney's Herbie: Fully Loaded	4.6	5.2	2005-07-12			Metacritic=4.7; GameRankings (n=12)=4.6	Metacritic users=5.0; GameFAQs community=5.4
gba	disney s home on the range	Disney's Home on the Range	6.0		2004	Artificial Mind & Movement		MobyGames (n=5)=6.0
gba	disney s kim possible 2 drakken s d	Disney's Kim Possible 2: Drakken's D	7.7					GameRankings (n=9)=7.7
gba	disney s kim possible 3 team possib	Disney's Kim Possible 3: Team Possib	7.9					GameRankings (n=4)=7.9
gba	disney s kim possible revenge of mo	Disney's Kim Possible: Revenge of Mo
gba	disney s lilo and stitch	Disney's Lilo & Stitch	7.5	6.6	2002-06-07	Digital Eclipse Software, Inc.		Metacritic=8.0; GameRankings (n=12)=7.6; MobyGames (n=5)=7.4	Metacritic users=6.9; GameFAQs community=6.4
gba	disney s lilo and stitch 2 haemstervi	Disney's Lilo & Stitch 2: Haemstervi
gba	disney s little einsteins	Disney's Little Einsteins		4.9					GameFAQs community=4.9
gba	disney s magical quest	Disney's Magical Quest
gba	disney s magical quest 2	Disney's Magical Quest 2
gba	disney s magical quest 3 starring mic	Disney's Magical Quest 3 Starring Mic
gba	disney s party	Disney's Party	4.1	5.5	2003-09-16	Jupiter	Electronic Arts	GameRankings (n=3)=4.0; MobyGames (n=5)=4.1	GameFAQs community=5.9; LaunchBox community Bayesian (raw 4.4, n=23)=5.2; LaunchBox Community=5.5
gba	disney s peter pan return to neverl	Disney's Peter Pan: Return to Neverl	5.0					GameRankings (n=4)=5.0
gba	disney s tarzan return to the jungle	Disney's Tarzan: Return to the Jungle	7.1	7.2	2002-09-14			Metacritic=6.8; GameRankings (n=9)=7.1	Metacritic users=8.0; GameFAQs community=6.4
gba	disney s that s so raven	Disney's That's SO Raven
gba	disney s that s so raven 2 supernat	Disney's That's SO Raven 2: Supernat
gba	disney s the haunted mansion	Disney's The Haunted Mansion
gba	disney s the lion king 1 5	Disney's The Lion King 1.5
gba	disney s the little mermaid magic i	Disney's The Little Mermaid: Magic i
gba	disney s treasure planet	Disney's Treasure Planet	6.6	5.8	2002			GameRankings (n=7)=6.6	GameFAQs community=5.8
gba	disney sports american football	Disney Sports: American Football
gba	disney sports basketball	Disney Sports Basketball	6.1	6.7	2002-11-23	Konami	Konami	GameRankings (n=6)=6.1	GameFAQs community=6.6; LaunchBox community Bayesian (raw 6.7, n=30)=6.8
gba	disney sports motocross	Disney Sports Motocross	6.1	6.2	2003-03-31	Jupiter	Konami	Metacritic=5.6; GameRankings (n=4)=6.2; MobyGames (n=5)=6.0	GameFAQs community=5.9; LaunchBox community Bayesian (raw 6.1, n=26)=6.3; LaunchBox Community=6.2
gba	disney sports skateboarding	Disney Sports Skateboarding	4.5	5.5	2002-11-12	Konami	Konami	GameRankings (n=7)=4.5	GameFAQs community=6.8; LaunchBox community Bayesian (raw 3.3, n=25)=4.4; LaunchBox Community=5.5
gba	disney sports snowboarding	Disney Sports Snowboarding	5.8	5.6	2003-02-05	Konami	Konami	Metacritic=5.9; GameRankings (n=10)=5.9; MobyGames (n=5)=5.6	GameFAQs community=6.1; LaunchBox community Bayesian (raw 4.3, n=25)=5.1; LaunchBox Community=5.6
gba	disney sports soccer	Disney Sports Soccer	6.7	6.9	2002-11-25	Konami	Konami	GameRankings (n=6)=6.7	GameFAQs community=7.4; LaunchBox community Bayesian (raw 6.3, n=21)=6.5; LaunchBox Community=6.9
gba	dk king of swing	DK: King of Swing	7.2	7.6	2005-09-19	Paon	Nintendo	Metacritic=7.0; GameRankings (n=39)=7.2; MobyGames (n=5)=7.5	Metacritic users=8.3; GameFAQs community=7.1; LaunchBox community Bayesian (raw 7.4, n=81)=7.4; Legacy community=7.6
gba	dogz	Dogz	4.7	5.8	2005-11-17	MTO	Ubisoft Entertainment	Metacritic=4.8; GameRankings (n=12)=4.9; MobyGames (n=5)=4.3	Metacritic users=4.5; GameFAQs community=6.4; LaunchBox community Bayesian (raw 6.5, n=32)=6.6; Legacy community=5.8
gba	dogz fashion	Dogz: Fashion		6.2	2006-09-01	MTO	Ubisoft Entertainment		GameFAQs community=6.0; LaunchBox community Bayesian (raw 6.2, n=24)=6.4
gba	dokapon monster hunter	Dokapon: Monster Hunter	5.9	6.6	2002-06-21	Tycoon	Asmik Ace Entertainment	GameRankings (n=9)=5.9	GameFAQs community=6.4; LaunchBox community Bayesian (raw 6.8, n=33)=6.8; LaunchBox Community=6.6
gba	donald duck advance	Donald Duck Advance
gba	donkey kong country	Donkey Kong Country	7.8	8.2	2003-06-09	Rare	Nintendo	Metacritic=7.8; GameRankings (n=33)=7.9; MobyGames (n=5)=7.7	Metacritic users=8.7; GameFAQs community=8.2; LaunchBox community Bayesian (raw 7.8, n=129)=7.7
gba	donkey kong country 3	Donkey Kong Country 3	7.5	7.9	2005-11-07	Rare	Nintendo	GameRankings (n=23)=7.5	GameFAQs community=7.7; LaunchBox community Bayesian (raw 8.2, n=98)=8.1; LaunchBox Community=7.9
gba	doom	Doom	8.0	7.5	2001-10-28	David A. Palmer Productions	Activision	Metacritic=8.1; GameRankings (n=34)=8.0; MobyGames (n=5)=8.0	Metacritic users=8.1; GameFAQs community=7.3; LaunchBox community Bayesian (raw 6.9, n=73)=6.9; Legacy community=7.5
gba	doom ii	Doom II	7.7	7.5	2002-10-28	Torus Games	Activision	Metacritic=7.7; GameRankings (n=14)=7.7; MobyGames (n=5)=8.0	Metacritic users=7.8; GameFAQs community=7.8; LaunchBox community Bayesian (raw 7.0, n=61)=7.0; Legacy community=7.5
gba	dora s world adventure	Dora's World Adventure
gba	dora the explorer super spies	Dora the Explorer: Super Spies		5.1	2004-10-25	CinéGroupe Interactive	Gotham Games		GameFAQs community=4.4; LaunchBox community Bayesian (raw 5.2, n=23)=5.7; LaunchBox Community=5.1
gba	dora the explorer super star advent	Dora the Explorer: Super Star Advent
gba	dora the explorer the search for pi	Dora the Explorer: The Search for Pi
gba	dora the explorer volume 1	Dora the Explorer: Volume 1
gba	double dragon advance	Double Dragon Advance	7.5	7.7	2003-11-12	Million	Atlus	Metacritic=7.5; GameRankings (n=18)=7.5	Metacritic users=7.2; GameFAQs community=7.9; LaunchBox community Bayesian (raw 8.1, n=100)=8.0; Legacy community=7.7
gba	downforce	Downforce		6.0	2004-12-07	Smart Dog	Titus Software		GameFAQs community=6.0; LaunchBox community Bayesian (raw 5.5, n=19)=6.0
gba	dr mario and puzzle league	Dr. Mario & Puzzle League	7.6		2005-01-01	Nintendo Co., Ltd.		MobyGames=7.6 (n=5 min)
gba	dr seuss green eggs and ham	Dr. Seuss' Green Eggs and Ham		7.6	2003-11-17	Handheld Games	NewKidCo		Metacritic users=7.6; GameFAQs community=4.7
gba	dr seuss the cat in the hat	Dr. Seuss' The Cat in the Hat	4.2	5.1	2003-11-05	Digital Eclipse Software, Inc.	VU Games	Metacritic=4 (n=7) | GameRankings=4.7 (n=6) | MobyGames=3.8 (n=5 min)	GameFAQs community=5.1
gba	dr seuss the cat in the hat super	Dr. Seuss' The Cat in the Hat: Super
gba	dr sudoku	Dr. Sudoku	7.0	7.0	2006-05-03	Success	Mastiff	Metacritic=6.8; GameRankings (n=12)=7.0	GameFAQs community=6.6; LaunchBox community Bayesian (raw 7.5, n=31)=7.4; LaunchBox Community=7.0
gba	dragon ball advanced adventure	Dragon Ball: Advanced Adventure	7.7	8.3	2006-06-06	Dimps	Atari	Metacritic=7.5; GameRankings (n=8)=7.5; MobyGames (n=5)=8.0	Metacritic users=8.6; GameFAQs community=8.0; LaunchBox community Bayesian (raw 8.4, n=189)=8.3; Legacy community=8.3
gba	dragon ball gt transformation	Dragon Ball GT: Transformation	6.5	6.6	2005-08-09	Webfoot Technologies	Atari	Metacritic=6.9; GameRankings (n=12)=6.8; MobyGames (n=5)=5.9	Metacritic users=6.8; GameFAQs community=7.0; LaunchBox community Bayesian (raw 5.8, n=68)=6.0; Legacy community=6.6
gba	dragon ball gt volume 1	Dragon Ball GT: Volume 1
gba	dragon ball z buu s fury	Dragon Ball Z: Buu's Fury	6.9	8.1	2004-09-14	Webfoot Technologies	Atari	Metacritic=6.2; GameRankings (n=21)=6.9	Metacritic users=8.4; GameFAQs community=8.0; LaunchBox community Bayesian (raw 8.0, n=93)=7.9; Legacy community=8.1
gba	dragon ball z supersonic warriors	Dragon Ball Z: Supersonic Warriors	7.4	7.6	2004-06-22	Arc System Works	Atari	Metacritic=7.3; GameRankings (n=30)=7.3; MobyGames (n=5)=7.5	Metacritic users=7.7; GameFAQs community=7.3; LaunchBox community Bayesian (raw 7.7, n=89)=7.6; Legacy community=7.6
gba	dragon ball z taiketsu	Dragon Ball Z: Taiketsu	3.7	4.5	2003-11-24	Webfoot Technologies	Atari	Metacritic=4.0; GameRankings (n=27)=3.7; MobyGames (n=5)=3.2	Metacritic users=4.7; GameFAQs community=4.2; LaunchBox community Bayesian (raw 4.2, n=62)=4.6; Legacy community=4.5
gba	dragon ball z the collectible card	Dragon Ball Z: The Collectible Card
gba	dragon ball z the legacy of goku	Dragon Ball Z: The Legacy of Goku	5.2	6.2	2002-05-14	Webfoot Technologies	Infogrames	Metacritic=5.3; GameRankings (n=32)=5.2; MobyGames (n=5)=5.5	Metacritic users=6.4; GameFAQs community=5.7; LaunchBox community Bayesian (raw 6.6, n=96)=6.6; Legacy community=6.2
gba	dragon ball z the legacy of goku ii	Dragon Ball Z: The Legacy of Goku II	7.6	8.1	2003-06-17	Webfoot Technologies	Infogrames	Metacritic=7.5; GameRankings (n=26)=7.6; MobyGames (n=5)=7.5	Metacritic users=8.5; GameFAQs community=7.8; LaunchBox community Bayesian (raw 8.2, n=106)=8.1; Legacy community=8.1
gba	dragon quest monsters caravan heart	Dragon Quest Monsters: Caravan Heart		6.5	2003-03-29	TOSE	Enix		GameFAQs community=7.4; LaunchBox community Bayesian (raw 5.2, n=27)=5.7; LaunchBox Community=6.5
gba	dragon tales dragon adventures	Dragon Tales: Dragon Adventures		6.2	2004-01-01	Handheld Games	Global Star Software		GameFAQs community=6.1; LaunchBox community Bayesian (raw 5.8, n=24)=6.2; LaunchBox Community=6.2
gba	drill dozer	Drill Dozer	8.1	8.2	2006-02-06	Game Freak	Nintendo	Metacritic=8.1; GameRankings (n=33)=8.2; MobyGames (n=5)=8.1	Metacritic users=8.6; GameFAQs community=7.9; LaunchBox community Bayesian (raw 8.0, n=107)=7.9; Legacy community=8.2
gba	driv3r	Driv3r	5.3	5.9	2005-10-25	Velez & Dubail	Atari	GameRankings (n=3)=5.0; MobyGames (n=5)=5.5	GameFAQs community=5.5; LaunchBox community Bayesian (raw 6.1, n=36)=6.3; LaunchBox Community=5.9
gba	driven	Driven	6.6	5.6	2001-12-11	Crawfish Interactive	BAM! Entertainment	Metacritic=6.8; GameRankings (n=14)=6.6	GameFAQs community=4.3; LaunchBox community Bayesian (raw 6.7, n=24)=6.8; LaunchBox Community=5.6
gba	driver 2 advance	Driver 2 Advance	6.4	5.4	2002-11-04	Sennari Interactive	Atari	Metacritic=7.3; GameRankings (n=19)=6.3	Metacritic users=4.0; GameFAQs community=6.0; LaunchBox community Bayesian (raw 6.1, n=35)=6.3; Legacy community=5.4
gba	dual blades	Dual Blades	6.1	6.1	2002-10-07	Vivid Image	Metro3D	Metacritic=6.1; GameRankings (n=12)=6.1; MobyGames (n=5)=6.0	GameFAQs community=6.3; LaunchBox community Bayesian (raw 5.5, n=26)=5.9; LaunchBox Community=6.1
gba	duel masters kaijudo showdown	Duel Masters: Kaijudo Showdown	6.6	6.5	2004-11-16	Mistic Software	Atari	Metacritic=6.6; GameRankings (n=11)=6.6	GameFAQs community=6.4; LaunchBox community Bayesian (raw 6.6, n=22)=6.7; LaunchBox Community=6.5
gba	duel masters sempai legends	Duel Masters: Sempai Legends	6.6	6.4	2004-06-01	Amble	Atari	Metacritic=6.9; GameRankings (n=18)=6.6	GameFAQs community=6.1; LaunchBox community Bayesian (raw 6.5, n=27)=6.6; LaunchBox Community=6.4
gba	duel masters shadow of the code	Duel Masters: Shadow of the Code		7.3	2005-10-18	Amble	Atlus		GameFAQs community=7.1; LaunchBox community Bayesian (raw 7.6, n=25)=7.4; LaunchBox Community=7.3
gba	duke nukem advance	Duke Nukem Advance	8.1	6.9	2002-08-12	Torus Games	Take-Two Interactive Software	Metacritic=8.1; GameRankings (n=23)=8.1; MobyGames (n=5)=8.2	Metacritic users=6.9; GameFAQs community=6.9; LaunchBox community Bayesian (raw 7.0, n=58)=7.0
gba	dungeons and dragons eye of the beh	Dungeons and Dragons: Eye of the Beh	5.2					GameRankings (n=8)=5.2
gba	dynasty warriors advance	Dynasty Warriors Advance	5.5	6.6	2005-08-29	Omega Force	Nintendo	Metacritic=5.6; GameRankings (n=26)=5.5	Metacritic users=6.0; GameFAQs community=6.4; LaunchBox community Bayesian (raw 7.4, n=51)=7.3; Legacy community=6.6
gba	e t the extra terrestrial	E.T. The Extra-Terrestrial	4.4	4.6	2001-12-06	Fluid Studios	NewKidCo	GameRankings (n=3)=5.0; MobyGames (n=5)=4.1	GameFAQs community=2.9; LaunchBox community Bayesian (raw 6.1, n=49)=6.3; LaunchBox Community=4.6
gba	earthworm jim	Earthworm Jim	6.6	6.7	2001-06-10	Game Titan	THQ	Metacritic=7.2; GameRankings (n=21)=6.6	Metacritic users=6.1; GameFAQs community=6.6; LaunchBox community Bayesian (raw 7.4, n=56)=7.3; Legacy community=6.7
gba	ecks vs sever	Ecks vs. Sever	7.6	6.6	2001-11-27	Crawfish Interactive	BAM! Entertainment	Metacritic=8.0; GameRankings (n=29)=7.6; MobyGames (n=5)=7.8	Metacritic users=7.0; GameFAQs community=5.7; LaunchBox community Bayesian (raw 7.1, n=31)=7.1; Legacy community=6.6
gba	ed edd n eddy jawbreakers	Ed, Edd n Eddy: Jawbreakers!	4.0	6.2	2002-09-16	Crawfish Interactive	BAM! Entertainment	GameRankings (n=4)=4.0	GameFAQs community=5.0; LaunchBox community Bayesian (raw 7.4, n=30)=7.3; LaunchBox Community=6.2
gba	ed edd n eddy the mis edventures	Ed, Edd n Eddy: The Mis-Edventures		6.5	2005-11-01	Artificial Mind & Movement	Midway Home Entertainment		GameFAQs community=5.4; LaunchBox community Bayesian (raw 7.8, n=29)=7.6; LaunchBox Community=6.5
gba	egg mania	Egg Mania	7.3	7.1	2002-09-17	HotGen Studios	Kemco	GameRankings (n=5)=7.3	GameFAQs community=6.8; LaunchBox community Bayesian (raw 7.5, n=28)=7.4; LaunchBox Community=7.1
gba	elf bowling 1 and 2	Elf Bowling 1 & 2		3.9					GameFAQs community=3.9
gba	elf the movie	Elf: The Movie	2.2	4.7	2004-11-04	Jolliford Management	Crave Entertainment	GameRankings (n=5)=2.4; MobyGames (n=5)=2.0	GameFAQs community=4.2; LaunchBox community Bayesian (raw 4.4, n=27)=5.1; LaunchBox Community=4.7
gba	espn final round golf 2002	ESPN Final Round Golf 2002	6.7	7.3	2001-08-28	Konami Computer Entertainment Nagoya	Konami	Metacritic=7.0; GameRankings (n=11)=6.6	Metacritic users=8.5; GameFAQs community=6.8; LaunchBox community Bayesian (raw 6.2, n=27)=6.4; Legacy community=7.3
gba	espn great outdoor games bass 2002	ESPN Great Outdoor Games: Bass 2002	5.3	6.3	2001-11-29	Konami	Konami	Metacritic=5.7; GameRankings (n=8)=5.2	Metacritic users=8.0; GameFAQs community=5.0; LaunchBox community Bayesian (raw 5.4, n=23)=5.9; Legacy community=6.3
gba	espn international winter sports 2002	ESPN International Winter Sports 2002		6.2	2002-01-31	Konami	Konami		LaunchBox community Bayesian (raw 5.9, n=27)=6.2; LaunchBox Community=6.2
gba	espn winter x games snowboarding 2002	ESPN Winter X-Games Snowboarding 2002		6.4	2001-12-20	Konami Computer Entertainment Osaka	Konami		GameFAQs community=6.6; LaunchBox community Bayesian (raw 6.0, n=24)=6.3; LaunchBox Community=6.4
gba	espn x games skateboarding	ESPN X-Games Skateboarding	5.6	4.9	2001-09-12	Konami	Konami	GameRankings (n=5)=5.5; MobyGames (n=5)=5.8	GameFAQs community=4.5; LaunchBox community Bayesian (raw 4.5, n=21)=5.3; LaunchBox Community=4.9
gba	evergirl	EverGirl		6.0	2005-10-04	Artificial Mind & Movement	THQ		GameFAQs community=5.8; LaunchBox community Bayesian (raw 5.8, n=19)=6.2; LaunchBox Community=6.0
gba	extreme ghostbusters code ecto 1	Extreme Ghostbusters: Code Ecto-1		7.3	2003-04-05	Magic Pockets	DreamCatcher Interactive		LaunchBox community Bayesian (raw 7.4, n=37)=7.3; LaunchBox Community=7.3
gba	f 14 tomcat	F-14 Tomcat	6.7	6.7	2001-09-02	Virtucraft	Majesco Sales	Metacritic=6.7; GameRankings (n=14)=6.7	GameFAQs community=6.1; LaunchBox community Bayesian (raw 7.4, n=31)=7.3; LaunchBox Community=6.7
gba	f zero gp legend	F-Zero: GP Legend	7.7	8.1	2004-09-20	Suzak	Nintendo	Metacritic=7.7; GameRankings (n=27)=7.7; MobyGames (n=5)=7.6	Metacritic users=8.3; GameFAQs community=7.5; LaunchBox community Bayesian (raw 8.5, n=103)=8.4; Legacy community=8.1
gba	f zero maximum velocity	F-Zero: Maximum Velocity	8.3	7.4	2001-06-12	Nintendo R&D1	Nintendo	Metacritic=8.6; GameRankings (n=39)=8.3; MobyGames (n=5)=8.3	Metacritic users=7.8; GameFAQs community=6.8; LaunchBox community Bayesian (raw 7.8, n=117)=7.7; Legacy community=7.4
gba	f1 2002	F1 2002	7.0	6.7	2002-01-07	Magic Pockets	Electronic Arts	GameRankings (n=3)=7.0	GameFAQs community=6.3; LaunchBox community Bayesian (raw 7.1, n=34)=7.1; LaunchBox Community=6.7
gba	family feud	Family Feud		5.6	2006-10-12	Atomic Planet Entertainment	Global Star Software		GameFAQs community=5.2; LaunchBox community Bayesian (raw 5.3, n=17)=5.9; LaunchBox Community=5.6
gba	fantastic 4	Fantastic 4	5.5	6.4	2005-06-27	Torus Games	Activision	Metacritic=5.7; GameRankings (n=10)=5.5; MobyGames (n=5)=5.4	GameFAQs community=7.2; LaunchBox community Bayesian (raw 5.2, n=25)=5.7; LaunchBox Community=6.4
gba	fantastic 4 flame on	Fantastic 4: Flame On		6.8	2005-11-08	Torus Games	Activision		GameFAQs community=7.4; LaunchBox community Bayesian (raw 5.9, n=23)=6.2; LaunchBox Community=6.8
gba	fear factor unleashed	Fear Factor: Unleashed	3.3	4.7	2004-11-17	DC Studios	Hip Interactive	Metacritic=3.0; GameRankings (n=17)=3.3	Metacritic users=3.8; GameFAQs community=4.3; LaunchBox community Bayesian (raw 5.4, n=20)=5.9; Legacy community=4.7
gba	fifa 06	FIFA 06
gba	fifa 2007	FIFA 2007
gba	fifa football 2004	FIFA Football 2004
gba	fifa football 2005	FIFA Football 2005
gba	fifa world cup 2006	FIFA World Cup 2006
gba	final fantasy i and ii dawn of souls	Final Fantasy I & II: Dawn of Souls	8.0	8.0	2004-11-29	TOSE	Square Enix	Metacritic=7.9; GameRankings (n=44)=8.0	Metacritic users=7.9; GameFAQs community=7.8; LaunchBox community Bayesian (raw 8.3, n=157)=8.2; Legacy community=8.0
gba	final fantasy iv advance	Final Fantasy IV Advance	8.3	8.3	2005-12-12	TOSE	Square Enix	GameRankings (n=40)=8.3	GameFAQs community=8.2; LaunchBox community Bayesian (raw 8.5, n=107)=8.4; LaunchBox Community=8.3
gba	final fantasy tactics advance	Final Fantasy Tactics Advance	8.7	8.3	2003-09-08	Square	Square Enix	Metacritic=8.7; GameRankings (n=66)=8.8; MobyGames (n=5)=8.6	Metacritic users=8.2; GameFAQs community=8.0; LaunchBox community Bayesian (raw 8.8, n=175)=8.7; Legacy community=8.3
gba	final fantasy v advance	Final Fantasy V Advance	8.2	8.5	2006-11-06	TOSE	Square Enix	GameRankings (n=24)=8.2; MobyGames (n=5)=8.0	GameFAQs community=8.3; LaunchBox community Bayesian (raw 8.7, n=125)=8.6; LaunchBox Community=8.5
gba	final fantasy vi advance	Final Fantasy VI Advance	9.1	8.8	2007-02-05	TOSE	Square Enix	GameRankings (n=25)=9.1	GameFAQs community=8.9; LaunchBox community Bayesian (raw 8.9, n=164)=8.8; LaunchBox Community=8.8
gba	final fight one	Final Fight One	7.6	7.9	2001-09-26	Capcom	Capcom	Metacritic=8.2; GameRankings (n=25)=7.6; MobyGames (n=5)=7.4	Metacritic users=8.1; GameFAQs community=7.9; LaunchBox community Bayesian (raw 7.7, n=100)=7.6
gba	fire emblem	Fire Emblem	8.9	8.7	2003-11-03	Intelligent Systems	Nintendo	Metacritic=8.8; GameRankings (n=48)=8.9; MobyGames (n=5)=8.6	Metacritic users=8.9; GameFAQs community=8.6; LaunchBox community Bayesian (raw 8.5, n=207)=8.4; Legacy community=8.7
gba	fire emblem the binding blade	Fire Emblem: The Binding Blade		7.8	2002-03-29	Intelligent Systems	Nintendo		LaunchBox community Bayesian (raw 7.9, n=72)=7.8; LaunchBox Community=7.8
gba	fire emblem the sacred stones	Fire Emblem: The Sacred Stones	8.5	8.5	2005-05-23	Intelligent Systems	Nintendo	Metacritic=8.5; GameRankings (n=49)=8.5; MobyGames (n=5)=8.5	Metacritic users=8.7; GameFAQs community=8.2; LaunchBox community Bayesian (raw 8.8, n=176)=8.7; Legacy community=8.5
gba	fire pro wrestling	Fire Pro Wrestling	7.7	6.7	2001-06-10	Vaill	BAM! Entertainment	Metacritic=8.0; GameRankings (n=21)=7.7	Metacritic users=6.2; GameFAQs community=7.5; LaunchBox community Bayesian (raw 6.1, n=41)=6.3; Legacy community=6.7
gba	fire pro wrestling 2	Fire Pro Wrestling 2	7.7	7.4	2002-09-23	Spike	BAM! Entertainment	Metacritic=7.2; GameRankings (n=10)=7.5; MobyGames (n=5)=8.1	GameFAQs community=7.8; LaunchBox community Bayesian (raw 7.0, n=30)=7.0; LaunchBox Community=7.4
gba	flushed away	Flushed Away		6.1	2006-10-24	Altron	D3Publisher		LaunchBox community Bayesian (raw 5.6, n=16)=6.1; LaunchBox Community=6.1
gba	ford racing 3	Ford Racing 3		6.3	2005-11-01	Visual Impact	Destination Software		GameFAQs community=7.2; LaunchBox community Bayesian (raw 4.7, n=25)=5.4; LaunchBox Community=6.3
gba	fortress	Fortress	6.7	5.9	2001-08-13	Pipedream Interactictive	THQ	Metacritic=6.4; GameRankings (n=19)=6.7	Metacritic users=7.8; GameFAQs community=4.8; LaunchBox community Bayesian (raw 4.4, n=31)=5.0; Legacy community=5.9
gba	foster s home for imaginary friends	Foster's Home for Imaginary Friends	6.2	5.4	2006-10-17	Collision Studios	Crave Entertainment	GameRankings (n=3)=6.2	GameFAQs community=4.9; LaunchBox community Bayesian (raw 5.6, n=23)=6.0; LaunchBox Community=5.4
gba	franklin s great adventures	Franklin's Great Adventures		6.4	2006-04-01	Neko Entertainment	The Game Factory		GameFAQs community=6.5; LaunchBox community Bayesian (raw 5.7, n=13)=6.3; LaunchBox Community=6.4
gba	franklin the turtle	Franklin the Turtle		5.7	2005-11-14	Interactive Vision	The Game Factory		GameFAQs community=5.3; LaunchBox community Bayesian (raw 5.8, n=23)=6.2; LaunchBox Community=5.7
gba	freekstyle	Freekstyle	6.8	6.8	2003-08-30	Full Fat Productions	Destination Software	Metacritic=6.5; GameRankings (n=6)=6.9	GameFAQs community=6.3; LaunchBox community Bayesian (raw 7.2, n=21)=7.1; LaunchBox Community=6.8
gba	frogger advance the great quest	Frogger Advance: The Great Quest	5.5	5.8	2002-05-26	Team Angry Robot	Konami of America	Metacritic=5.5; GameRankings (n=7)=5.6; MobyGames (n=5)=5.4	Metacritic users=5.8; GameFAQs community=5.6; LaunchBox community Bayesian (raw 5.7, n=35)=6.0
gba	frogger s adventures 2 the lost wan	Frogger's Adventures 2: The Lost Wan
gba	frogger s adventures temple of the frog	Frogger's Adventures: Temple of the Frog	7.1	6.3	2001-11-22	Konami Computer Entertainment Hawaii	Konami	GameRankings (n=7)=7.1	GameFAQs community=6.2; LaunchBox community Bayesian (raw 6.3, n=56)=6.4
gba	frogger s journey the forgotten rel	Frogger's Journey: The Forgotten Rel	5.6					GameRankings (n=5)=5.6
gba	gadget racers	Gadget Racers	7.6	7.2	2001-10-29	Takara	Conspiracy Entertainment	GameRankings (n=4)=7.6	GameFAQs community=7.6; LaunchBox community Bayesian (raw 6.7, n=29)=6.8; LaunchBox Community=7.2
gba	galidor defenders of the outer dime	Galidor: Defenders of the Outer Dime	6.4					GameRankings (n=4)=6.4
gba	game and watch gallery 4	Game & Watch Gallery 4	7.1	7.6	2002-10-28			Metacritic=7.1; GameRankings (n=13)=7.1	Metacritic users=7.6; GameFAQs community=7.6
gba	games explosion	Games Explosion		5.3	2006-08-05	Frontline Studios	THQ		GameFAQs community=5.5; LaunchBox community Bayesian (raw 4.1, n=20)=5.1; LaunchBox Community=5.3
gba	garfield and his nine lives	Garfield and His Nine Lives	5.2	6.8	2006-05-10	Lucky Jump	Game Factory	Metacritic=5.6; GameRankings (n=11)=5.2	Metacritic users=7.0; GameFAQs community=6.9; LaunchBox community Bayesian (raw 6.3, n=30)=6.5; Legacy community=6.8
gba	garfield the search for pooky	Garfield: The Search for Pooky		5.6	2005-11-14	Interactive Vision	The Game Factory		GameFAQs community=6.0; LaunchBox community Bayesian (raw 4.6, n=30)=5.2; LaunchBox Community=5.6
gba	gauntlet dark legacy	Gauntlet Dark Legacy	3.6	4.9	2002-11-25	Pocket Studios	Midway Home Entertainment	Metacritic=3.7; GameRankings (n=12)=3.5; MobyGames (n=5)=3.6	GameFAQs community=5.3; LaunchBox community Bayesian (raw 4.0, n=43)=4.6; LaunchBox Community=4.9
gba	gauntlet rampart	Gauntlet: Rampart		6.1					GameFAQs community=6.1
gba	gekido advance kintaro s revenge	Gekido Advance: Kintaro's Revenge	7.4	6.9	2003-11-25	NAPS Team	Destination Software	Metacritic=7.0; GameRankings (n=7)=7.4	GameFAQs community=6.6; LaunchBox community Bayesian (raw 7.3, n=49)=7.2; LaunchBox Community=6.9
gba	gem smashers	Gem Smashers		6.8	2003-07-01	Frame Studios	Metro3D		GameFAQs community=6.8; LaunchBox community Bayesian (raw 6.7, n=25)=6.8; LaunchBox Community=6.8
gba	godzilla domination	Godzilla: Domination!	5.0	7.4	2002-11-11	WayForward Technologies	Infogrames	Metacritic=5.3; GameRankings (n=16)=4.9; MobyGames (n=5)=5.5	Metacritic users=7.8; GameFAQs community=7.1; LaunchBox community Bayesian (raw 7.4, n=48)=7.3
gba	goemon new age shutsudou	Goemon: New Age Shutsudou!		7.0	2002-02-28	Konami	Now Production		GameFAQs community=6.7; LaunchBox community Bayesian (raw 7.6, n=10)=7.3; LaunchBox Community=7.0
gba	golden nugget casino	Golden Nugget Casino		5.4	2004-11-16		Majesco Sales		GameFAQs community=5.0; LaunchBox community Bayesian (raw 5.0, n=18)=5.7; LaunchBox Community=5.4
gba	golden sun	Golden Sun	8.9	8.6	2001-11-11	Camelot Software Planning	Nintendo	Metacritic=9.1; GameRankings (n=48)=8.9; MobyGames (n=5)=8.7	Metacritic users=8.8; GameFAQs community=8.5; LaunchBox community Bayesian (raw 8.6, n=231)=8.5
gba	golden sun the lost age	Golden Sun: The Lost Age	8.7	8.8	2003-04-14	Camelot Software Planning	Nintendo	Metacritic=8.6; GameRankings (n=51)=8.7; MobyGames (n=5)=8.6	Metacritic users=8.8; GameFAQs community=8.9; LaunchBox community Bayesian (raw 8.8, n=164)=8.7
gba	gp 1 racing	GP-1 Racing		6.0	2003-01-01	Edge Interact			LaunchBox community Bayesian (raw 5.6, n=28)=6.0; LaunchBox Community=6.0
gba	gradius galaxies	Gradius Galaxies	7.6	7.5	2001-11-12	Mobile21	Konami	Metacritic=7.8; GameRankings (n=24)=7.6; MobyGames (n=5)=7.7	Metacritic users=7.8; GameFAQs community=7.3; LaunchBox community Bayesian (raw 7.5, n=75)=7.4
gba	grand theft auto advance	Grand Theft Auto Advance
gba	greg hastings tournament paintball m	Greg Hastings' Tournament Paintball M
gba	gremlins stripe vs gizmo	Gremlins: Stripe vs. Gizmo		5.7	2002-11-27	Magic Pockets	DreamCatcher Interactive		GameFAQs community=5.1; LaunchBox community Bayesian (raw 6.1, n=29)=6.3; LaunchBox Community=5.7
gba	gt advance 2 rally racing	GT Advance 2: Rally Racing	7.7	7.2	2002-06-30	MTO	THQ	Metacritic=7.7; GameRankings (n=18)=7.7; MobyGames (n=5)=7.7	GameFAQs community=6.9; LaunchBox community Bayesian (raw 7.5, n=48)=7.4; LaunchBox Community=7.2
gba	gt advance 3 pro concept racing	GT Advance 3: Pro Concept Racing	7.7	7.4	2003-02-06	MTO	THQ	Metacritic=7.4; GameRankings (n=15)=7.7; MobyGames (n=5)=7.6	Metacritic users=7.5; GameFAQs community=7.6; LaunchBox community Bayesian (raw 7.2, n=43)=7.2; Legacy community=7.4
gba	gt advance championship racing	GT Advance Championship Racing	7.8	7.4	2001-06-08	MTO	THQ	Metacritic=8.2; GameRankings (n=21)=7.8; MobyGames (n=5)=7.7	Metacritic users=8.0; GameFAQs community=6.6; LaunchBox community Bayesian (raw 7.5, n=48)=7.4; Legacy community=7.4
gba	gt championship racing	GT Championship Racing
gba	guilty gear x advance edition	Guilty Gear X: Advance Edition	6.5	6.2	2002-08-29	Arc System Works	Sammy	Metacritic=6.7; GameRankings (n=17)=6.5	Metacritic users=4.6; GameFAQs community=7.1; LaunchBox community Bayesian (raw 6.9, n=46)=6.9; Legacy community=6.2
gba	gumby vs the astrobots	Gumby vs. The Astrobots	6.6	6.8	2005-08-09	Torus Games	Namco Hometek	GameRankings (n=6)=6.6	GameFAQs community=6.7; LaunchBox community Bayesian (raw 6.8, n=27)=6.9
gba	gunstar super heroes	Gunstar Super Heroes	8.3	7.6	2005-10-25	Treasure	Sega Corporation	Metacritic=8.3; GameRankings (n=37)=8.3; MobyGames (n=5)=8.3	Metacritic users=7.9; GameFAQs community=7.3; LaunchBox community Bayesian (raw 7.5, n=101)=7.5; Legacy community=7.6
gba	hamtaro ham ham heartbreak	Hamtaro: Ham-Ham Heartbreak	7.7	8.0	2003-04-08	Pax Softnica	Nintendo	Metacritic=7.2; GameRankings (n=5)=7.8; MobyGames (n=5)=7.6	Metacritic users=8.1; GameFAQs community=7.8; LaunchBox community Bayesian (raw 8.3, n=54)=8.1; Legacy community=8.0
gba	hardcore pinball	Hardcore Pinball	6.8	6.0	2002-12-16	Paragon Five	Telegames	GameRankings (n=3)=6.8	GameFAQs community=5.8; LaunchBox community Bayesian (raw 5.9, n=25)=6.2; LaunchBox Community=6.0
gba	harlem globetrotters world tour	Harlem Globetrotters World Tour	3.2	5.2	2006-10-02	Full Fat Productions	DSI Games	GameRankings (n=5)=3.2; MobyGames (n=5)=3.2	GameFAQs community=4.6; LaunchBox community Bayesian (raw 5.2, n=19)=5.8
gba	harry potter and the chamber of secre	Harry Potter and The Chamber of Secre	7.3					GameRankings (n=9)=7.3
gba	harry potter and the goblet of fire	Harry Potter and the Goblet of Fire	7.0	6.2	2005-11-08	Magic Pockets	Electronic Arts	Metacritic=7.1; GameRankings (n=10)=7.0	Metacritic users=5.7; GameFAQs community=6.2; LaunchBox community Bayesian (raw 6.7, n=37)=6.8; Legacy community=6.2
gba	harry potter and the prisoner of azka	Harry Potter and The Prisoner of Azka	7.0					GameRankings (n=12)=7.0
gba	harry potter and the sorcerer s stone	Harry Potter and The Sorcerer's Stone	6.8	6.2	2001-11-16	Griptonite	Electronic Arts	Metacritic=6.4; GameRankings (n=10)=6.8	Metacritic users=6.5; GameFAQs community=6.0; LaunchBox community Bayesian (raw 5.9, n=58)=6.1; Legacy community=6.2
gba	harry potter quidditch world cup	Harry Potter: Quidditch World Cup	5.3	6.5	2003-10-28	Magic Pockets	Electronic Arts	GameRankings (n=5)=5.3	GameFAQs community=6.1; LaunchBox community Bayesian (raw 6.7, n=27)=6.8; LaunchBox Community=6.5
gba	harvest moon friends of mineral tow	Harvest Moon: Friends of Mineral Tow	8.2					GameRankings (n=31)=8.2
gba	harvest moon friends of mineral town	Harvest Moon: Friends of Mineral Town	8.2	8.2	2003-11-17	Marvelous Interactive	Natsume	Metacritic=8.1; GameRankings (n=31)=8.2; MobyGames (n=5)=8.4	Metacritic users=7.7; GameFAQs community=8.4; LaunchBox community Bayesian (raw 8.6, n=93)=8.4; Legacy community=8.2
gba	harvest moon more friends of minera	Harvest Moon: More Friends of Minera	7.9					GameRankings (n=14)=7.9
gba	harvest moon more friends of mineral town	Harvest Moon: More Friends of Mineral Town	7.9	8.0	2005-07-26	Marvelous Interactive	Natsume	Metacritic=8.2; GameRankings (n=14)=7.9; MobyGames (n=5)=7.8	Metacritic users=8.2; GameFAQs community=8.4; LaunchBox community Bayesian (raw 7.6, n=51)=7.5; Legacy community=8.0
gba	hello kitty happy party pals	Hello Kitty: Happy Party Pals		6.2	2005-10-11	Valusoft	THQ		GameFAQs community=5.9; LaunchBox community Bayesian (raw 6.3, n=19)=6.5; LaunchBox Community=6.2
gba	hey arnold the movie	Hey Arnold! The Movie	5.2	6.1	2002-05-29	Altron Corporation	THQ	GameRankings (n=3)=5.2	GameFAQs community=5.8; LaunchBox community Bayesian (raw 6.1, n=19)=6.4
gba	hi hi puffy amiyumi kaznapped	Hi Hi Puffy AmiYumi: Kaznapped!	7.1	6.9	2005-12-22	Altron	D3Publisher	GameRankings (n=8)=7.1	GameFAQs community=6.8; LaunchBox community Bayesian (raw 7.0, n=22)=7.0; LaunchBox Community=6.9
gba	high heat major league baseball 2002	High Heat Major League Baseball 2002	6.5	5.4	2001-09-25	Möbius Entertainment	3DO	Metacritic=6.2; GameRankings (n=10)=6.5	GameFAQs community=4.7; LaunchBox community Bayesian (raw 5.6, n=18)=6.1; LaunchBox Community=5.4
gba	high heat major league baseball 2003	High Heat Major League Baseball 2003	6.5	6.2	2002-03-05	Möbius Entertainment	3DO	GameRankings (n=6)=6.5	GameFAQs community=5.9; LaunchBox community Bayesian (raw 6.0, n=18)=6.4; LaunchBox Community=6.2
gba	hot potato	Hot Potato!	6.9	6.2	2001-07-01	Pukka Games	BAM! Entertainment	Metacritic=7.4; GameRankings (n=14)=6.8	GameFAQs community=6.4; LaunchBox community Bayesian (raw 5.5, n=23)=6.0; LaunchBox Community=6.2
gba	hot wheels burnin rubber	Hot Wheels: Burnin' Rubber	6.7	6.5	2001-11-21	Altron	THQ	GameRankings (n=7)=6.7	GameFAQs community=7.3; LaunchBox community Bayesian (raw 5.5, n=33)=5.8; LaunchBox Community=6.5
gba	hot wheels stunt track challenge	Hot Wheels: Stunt Track Challenge	6.1	6.4	2004-11-09	Razorback Developments	THQ	GameRankings (n=3)=6.1	GameFAQs community=7.1; LaunchBox community Bayesian (raw 5.1, n=22)=5.7; LaunchBox Community=6.4
gba	hot wheels velocity x	Hot Wheels Velocity X	4.9	6.4	2002-11-05	Saffire	THQ	GameRankings (n=13)=4.9	GameFAQs community=6.8; LaunchBox community Bayesian (raw 5.6, n=22)=6.0; LaunchBox Community=6.4
gba	hot wheels world race	Hot Wheels World Race		6.3	2003-11-14	Climax Studios	THQ		GameFAQs community=7.2; LaunchBox community Bayesian (raw 4.7, n=25)=5.4; LaunchBox Community=6.3
gba	hugo the evil mirror advance	Hugo: The Evil Mirror Advance
gba	i spy challenger	I Spy Challenger!		5.8	2002-09-02	Black Hammer Game	Scholastic		GameFAQs community=5.8; LaunchBox community Bayesian (raw 5.3, n=24)=5.8
gba	ice age	Ice Age	4.6	5.4	2002-03-18	Artificial Mind & Movement	Ubi Soft Entertainment Software	Metacritic=4.7; GameRankings (n=11)=4.6	Metacritic users=5.4; GameFAQs community=4.8; LaunchBox community Bayesian (raw 5.6, n=32)=5.9
gba	ice age 2 the meltdown	Ice Age 2: The Meltdown	5.9	6.3	2006-03-14	Amaze Entertainment	Vivendi Universal Games	GameRankings (n=4)=5.8; MobyGames (n=5)=6.0	GameFAQs community=5.6; LaunchBox community Bayesian (raw 7.0, n=19)=7.0; LaunchBox Community=6.3
gba	ice nine	Ice Nine	4.3	5.8	2005-02-28	Torus Games	BAM! Entertainment	GameRankings (n=3)=4.3	GameFAQs community=5.1; LaunchBox community Bayesian (raw 6.2, n=19)=6.5; LaunchBox Community=5.8
gba	inspector gadget advance mission	Inspector Gadget: Advance Mission	6.9	7.0	2001-11-29	Magic Pockets	DreamCatcher Interactive	GameRankings (n=6)=6.9	GameFAQs community=6.8; LaunchBox community Bayesian (raw 7.3, n=21)=7.2; LaunchBox Community=7.0
gba	international karate plus	International Karate Plus
gba	iridion 3d	Iridion 3D	5.6	6.7	2001-05-29	Shin'en Multimedia	THQ	Metacritic=5.3; GameRankings (n=26)=5.7	Metacritic users=7.1; GameFAQs community=5.9; LaunchBox community Bayesian (raw 7.1, n=54)=7.1; Legacy community=6.7
gba	iridion ii	Iridion II	8.0	7.9	2003-05-29	Shin'en Multimedia	Vivendi Universal Games	Metacritic=7.8; GameRankings (n=24)=8.0; MobyGames (n=5)=7.8	Metacritic users=8.2; GameFAQs community=8.1; LaunchBox community Bayesian (raw 7.5, n=56)=7.4; Legacy community=7.9
gba	island xtreme stunts	Island Xtreme Stunts		6.2	2002-11-15	Silicon Dreams	Electronic Arts		GameFAQs community=5.9; LaunchBox community Bayesian (raw 6.2, n=20)=6.5
gba	it s mr pants	It's Mr. Pants	7.6	6.7	2004-11-15	Rare	THQ	Metacritic=7.3; GameRankings (n=19)=7.6; MobyGames (n=5)=7.6	GameFAQs community=6.4; LaunchBox community Bayesian (raw 6.9, n=25)=6.9; LaunchBox Community=6.7
gba	jackie chan adventures legend of th	Jackie Chan Adventures: Legend of Th
gba	james bond 007 nightfire	James Bond 007: Nightfire
gba	james pond codename robocod	James Pond: Codename: Robocod	6.3	6.1	2005-02-11	Creature Labs	Valcon Games	GameRankings (n=3)=6.3	GameFAQs community=6.2; LaunchBox community Bayesian (raw 5.8, n=27)=6.1; LaunchBox Community=6.1
gba	jazz jackrabbit	Jazz Jackrabbit	6.7	5.9	2003-01-03	Game Titan	Jaleco	Metacritic=6.8; GameRankings (n=9)=6.7	Metacritic users=5.3; GameFAQs community=6.4; LaunchBox community Bayesian (raw 5.7, n=27)=6.1; Legacy community=5.9
gba	jet grind radio	Jet Grind Radio	7.6	6.4	2003-06-26	Sega	Sega	Metacritic=7.4; GameRankings (n=26)=7.6; MobyGames (n=5)=7.5	Metacritic users=7.4; GameFAQs community=6.2; LaunchBox community Bayesian (raw 5.3, n=33)=5.7; Legacy community=6.4
gba	jimmy neutron boy genius	Jimmy Neutron: Boy Genius	6.8	5.9	2001-11-09	Human Soft	THQ	GameRankings (n=3)=8.2; MobyGames (n=5)=5.9	GameFAQs community=4.9; LaunchBox community Bayesian (raw 6.9, n=22)=6.9; LaunchBox Community=5.9
gba	jonny moseley mad trix	Jonny Moseley: Mad Trix		5.3	2002-02-12	GFX Construction	3DO		GameFAQs community=5.2; LaunchBox community Bayesian (raw 4.5, n=20)=5.3; LaunchBox Community=5.3
gba	juka and the monophonic menace	Juka and the Monophonic Menace	6.7	7.0	2006-10-24	Orbital Media	SouthPeak Games	Metacritic=6.6; GameRankings (n=20)=6.9; MobyGames (n=5)=6.0	GameFAQs community=6.4; LaunchBox community Bayesian (raw 7.7, n=27)=7.5; LaunchBox Community=7.0
gba	jurassic park iii island attack	Jurassic Park III: Island Attack	5.9	6.1	2001-11-26	Mobile21	Konami	MobyGames (n=5)=5.9	GameFAQs community=5.4; LaunchBox community Bayesian (raw 6.8, n=33)=6.8; LaunchBox Community=6.1
gba	jurassic park iii park builder	Jurassic Park III: Park Builder	6.9	6.4	2001-09-10	Konami	Konami	GameRankings (n=12)=6.9	GameFAQs community=5.8; LaunchBox community Bayesian (raw 7.1, n=35)=7.1; LaunchBox Community=6.4
gba	jurassic park iii the dna factor	Jurassic Park III: The DNA Factor	4.9	5.1	2001-07-16	Konami Computer Entertainment Hawaii	Konami	Metacritic=4.4; GameRankings (n=13)=4.9	Metacritic users=5.5; GameFAQs community=4.7; LaunchBox community Bayesian (raw 4.4, n=31)=5.0; Legacy community=5.1
gba	justice league chronicles	Justice League: Chronicles	4.1	5.1	2003-11-12	Full Fat Productions	Midway Home Entertainment	Metacritic=4.3; GameRankings (n=7)=4.1; MobyGames (n=5)=4.1	GameFAQs community=4.6; LaunchBox community Bayesian (raw 5.0, n=22)=5.6; LaunchBox Community=5.1
gba	justice league heroes the flash	Justice League Heroes: The Flash	7.0	7.2	2006-10-17	WayForward Technologies	Warner Bros. Interactive Entertainment	Metacritic=7.2; GameRankings (n=9)=7.0	Metacritic users=8.1; GameFAQs community=7.4; LaunchBox community Bayesian (raw 6.1, n=36)=6.3; Legacy community=7.2
gba	justice league injustice for all	Justice League: Injustice for All	5.5	6.4	2002-11-17	Saffire	Midway Home Entertainment	Metacritic=5.6; GameRankings (n=17)=5.5; MobyGames (n=5)=5.4	GameFAQs community=5.4; LaunchBox community Bayesian (raw 7.3, n=28)=7.2; LaunchBox Community=6.4
gba	kao the kangaroo	Kao the Kangaroo	5.5	6.0	2001-12-11	Titus Interactive	Titus Software	Metacritic=5.2; GameRankings (n=13)=5.5; MobyGames (n=5)=5.4	Metacritic users=6.6; GameFAQs community=5.2; LaunchBox community Bayesian (raw 6.0, n=24)=6.3
gba	karnaaj rally	Karnaaj Rally	8.0	6.7	2003-01-02	Infinite Dreams	Jaleco Entertainment	Metacritic=8.1; GameRankings (n=12)=8.0	GameFAQs community=6.4; LaunchBox community Bayesian (raw 7.1, n=33)=7.1; LaunchBox Community=6.7
gba	kelly slater s pro surfer	Kelly Slater's Pro Surfer	7.3	5.9	2002-08-21	HotGen Studios	Activision	GameRankings (n=3)=7.2; MobyGames (n=5)=7.4	GameFAQs community=5.8; LaunchBox community Bayesian (raw 5.3, n=17)=5.9; LaunchBox Community=5.9
gba	kerplunk toss across and tipit	KerPlunk!. Toss Across. and TipIt
gba	kid s cards	Kid's Cards		6.2	2006-07-15	Skyworks Technologies	Majesco Entertainment		LaunchBox community Bayesian (raw 5.7, n=18)=6.2; LaunchBox Community=6.2
gba	kien	Kien		5.8	2004-01-01	P.M. Studios	Destination Software		GameFAQs community=5.1; LaunchBox community Bayesian (raw 5.9, n=7)=6.5; LaunchBox Community=5.8
gba	kill switch	Kill.Switch	6.8	5.7	2004-09-22	Visual Impact	Namco	GameRankings (n=5)=6.8	GameFAQs community=5.4; LaunchBox community Bayesian (raw 5.6, n=28)=6.0; LaunchBox Community=5.7
gba	killer 3d pool	Killer 3D Pool		6.2	2005-05-02	Gravity-I	Destination Software		GameFAQs community=6.1; LaunchBox community Bayesian (raw 5.8, n=20)=6.2
gba	kingdom hearts chain of memories	Kingdom Hearts: Chain of Memories	7.8	7.5	2004-12-07	Square Enix	Square Enix	Metacritic=7.6; GameRankings (n=46)=7.8; MobyGames (n=5)=7.9	Metacritic users=7.2; GameFAQs community=7.4; LaunchBox community Bayesian (raw 7.8, n=118)=7.7; Legacy community=7.5
gba	kirby and the amazing mirror	Kirby & the Amazing Mirror	7.7	8.3	2004-10-18	HAL Laboratory, Inc.		Metacritic=8.0; GameRankings (n=25)=7.8; MobyGames (n=5)=7.4	Metacritic users=8.5; GameFAQs community=8.0
gba	kirby nightmare in dream land	Kirby: Nightmare in Dream Land	7.9	8.2	2002-12-02	HAL Laboratory	Nintendo	Metacritic=8.1; GameRankings (n=29)=8.0; MobyGames (n=5)=7.7	Metacritic users=8.4; GameFAQs community=8.0; LaunchBox community Bayesian (raw 8.3, n=212)=8.2; Legacy community=8.2
gba	klonoa 2 dream champ tournament	Klonoa 2: Dream Champ Tournament	7.8	7.8	2005-02-23	Now Production	Namco	Metacritic=7.8; GameRankings (n=26)=7.8; MobyGames (n=5)=8.0	Metacritic users=8.3; GameFAQs community=7.6; LaunchBox community Bayesian (raw 7.5, n=63)=7.4; Legacy community=7.8
gba	klonoa empire of dreams	Klonoa: Empire of Dreams	8.3	7.7	2001-09-11	Now Production	Namco	Metacritic=8.3; GameRankings (n=32)=8.3; MobyGames (n=5)=8.5	Metacritic users=8.1; GameFAQs community=7.5; LaunchBox community Bayesian (raw 7.6, n=86)=7.5; Legacy community=7.7
gba	konami collectors series arcade adv	Konami Collectors Series: Arcade Adv	7.9					GameRankings (n=14)=7.9
gba	konami krazy racers	Konami Krazy Racers	8.0	7.5	2001-06-10	Konami Computer Entertainment Kobe	Konami	Metacritic=7.8; GameRankings (n=16)=8.1; MobyGames (n=5)=7.9	Metacritic users=7.8; GameFAQs community=7.7; LaunchBox community Bayesian (raw 7.2, n=58)=7.2; Legacy community=7.5
gba	kong king of atlantis	Kong: King of Atlantis	2.5	4.4	2005-10-25	Skyworks Technologies	Majesco Entertainment	GameRankings (n=3)=2.5	GameFAQs community=4.1; LaunchBox community Bayesian (raw 2.3, n=10)=4.7; LaunchBox Community=4.4
gba	kong the 8th wonder of the world	Kong: The 8th Wonder of the World	6.2	6.1	2005-11-21	Ubisoft Entertainment	Ubisoft Entertainment	Metacritic=5.9; GameRankings (n=11)=6.2	GameFAQs community=6.3; LaunchBox community Bayesian (raw 5.4, n=23)=5.9; LaunchBox Community=6.1
gba	kong the animated series	Kong: The Animated Series	5.0	5.0	2002-08-13	Planet Interactive Development	BAM! Entertainment	GameRankings (n=7)=4.8; MobyGames (n=5)=5.3	GameFAQs community=4.4; LaunchBox community Bayesian (raw 4.8, n=19)=5.6; LaunchBox Community=5.0
gba	krazy racers	Krazy Racers
gba	kuru kuru kururin	Kuru Kuru Kururin	7.7	7.5	2001-06-22	Eighting	Nintendo	GameRankings (n=11)=7.4; MobyGames (n=5)=8.3	GameFAQs community=7.4; LaunchBox community Bayesian (raw 7.7, n=58)=7.6; LaunchBox Community=7.5
gba	lady sia	Lady Sia	7.6	7.0	2001-10-15	RFX Interactive	TDK Mediactive	Metacritic=7.3; GameRankings (n=20)=7.6; MobyGames (n=5)=7.8	Metacritic users=7.5; GameFAQs community=6.4; LaunchBox community Bayesian (raw 7.1, n=50)=7.1; Legacy community=7.0
gba	lego bionicle	LEGO Bionicle	5.9	6.3	2001-10-03	Saffire	Lego Media	GameRankings (n=7)=5.9	GameFAQs community=5.8; LaunchBox community Bayesian (raw 6.6, n=35)=6.7; LaunchBox Community=6.3
gba	lego bionicle matoran adventures	LEGO Bionicle: Matoran Adventures
gba	lego bionicle the game	LEGO Bionicle: The Game
gba	lego drome racers	LEGO Drome Racers
gba	lego football mania	LEGO Football Mania
gba	lego island 2	LEGO Island 2
gba	lego knights kingdom	LEGO Knights' Kingdom		5.8					GameFAQs community=5.8
gba	lego racers 2	LEGO Racers 2		6.4	2001-11-27	Pocket Studios	Lego Media		GameFAQs community=5.4; LaunchBox community Bayesian (raw 7.3, n=33)=7.2; LaunchBox Community=6.4
gba	lego star wars ii the original tril	LEGO Star Wars II: The Original Tril	6.2					GameRankings (n=10)=6.2
gba	lego star wars the video game	LEGO Star Wars: The Video Game	7.8	6.6	2005-03-29	Griptonite	Eidos Interactive	GameRankings (n=15)=7.8	GameFAQs community=7.1; LaunchBox community Bayesian (raw 6.1, n=50)=6.2; LaunchBox Community=6.6
gba	lemony snicket s a series of unfortunate events	Lemony Snicket's A Series of Unfortunate Events	7.0	6.2	2004-11-10	Griptonite	Activision Publishing	Metacritic=7.2; GameRankings (n=11)=7.0	GameFAQs community=5.7; LaunchBox community Bayesian (raw 6.7, n=26)=6.8; LaunchBox Community=6.2
gba	let s ride dreamer	Let's Ride!: Dreamer		5.3	2006-03-10	Kritzelkratz 3000	THQ		GameFAQs community=5.3; LaunchBox community Bayesian (raw 4.2, n=15)=5.3; LaunchBox Community=5.3
gba	let s ride sunshine stables	Let's Ride!: Sunshine Stables		5.8	2005-08-04	Valusoft	THQ		GameFAQs community=6.2; LaunchBox community Bayesian (raw 4.6, n=22)=5.3; LaunchBox Community=5.8
gba	lilo and stitch	Lilo & Stitch
gba	lilo and stitch 2 haemsterviel havoc	Lilo & Stitch 2: Haemsterviel Havoc
gba	little league baseball 2002	Little League Baseball 2002		5.6	2002-05-27	Handheld Games	NewKidCo		GameFAQs community=5.8; LaunchBox community Bayesian (raw 4.5, n=17)=5.4; LaunchBox Community=5.6
gba	lizzie mcguire 2 lizzie diaries	Lizzie McGuire 2: Lizzie Diaries	6.3	6.0	2004-08-12	Artificial Mind & Movement	Disney Interactive Studios	GameRankings (n=7)=6.3	GameFAQs community=5.7; LaunchBox community Bayesian (raw 5.7, n=14)=6.2; LaunchBox Community=6.0
gba	lizzie mcguire 3 homecoming havoc	Lizzie McGuire 3: Homecoming Havoc	6.2	5.8	2005-08-16	Climax Studios	Disney Interactive	GameRankings (n=5)=6.2	GameFAQs community=5.9; LaunchBox community Bayesian (raw 5.0, n=15)=5.8
gba	lizzie mcguire on the go	Lizzie McGuire: On The Go!	5.5	6.5	2003-08-12	Digital Eclipse Software	Disney Interactive	GameRankings (n=4)=5.5	GameFAQs community=6.6; LaunchBox community Bayesian (raw 6.0, n=15)=6.4; LaunchBox Community=6.5
gba	looney tunes back in action	Looney Tunes: Back in Action	4.9	5.1	2003-11-11	Warthog Games	Electronic Arts	Metacritic=4.7; GameRankings (n=8)=4.9	Metacritic users=4.5; GameFAQs community=4.8; LaunchBox community Bayesian (raw 5.5, n=26)=5.9; Legacy community=5.1
gba	lufia the ruins of lore	Lufia: The Ruins of Lore	7.1	6.7	2003-05-06	Atelier Double	Atlus	Metacritic=7.6; GameRankings (n=14)=7.1	GameFAQs community=6.6; LaunchBox community Bayesian (raw 6.7, n=62)=6.7
gba	lunar legend	Lunar Legend	7.8	6.7	2002-12-10	Japan Art Media	Media Rings	Metacritic=7.9; GameRankings (n=29)=7.9; MobyGames (n=5)=7.5	Metacritic users=6.0; GameFAQs community=7.3; LaunchBox community Bayesian (raw 6.9, n=66)=6.9; Legacy community=6.7
gba	m and m s blast	M&M's Blast!		7.4					GameFAQs community=7.4
gba	madagascar	Madagascar	6.6	7.2	2005-05-23	Vicarious Visions	Activision	GameRankings (n=8)=6.6	LaunchBox community Bayesian (raw 7.3, n=26)=7.2; LaunchBox Community=7.2
gba	madagascar operation penguin	Madagascar: Operation Penguin		7.0	2005-11-07	Vicarious Visions	Activision		LaunchBox community Bayesian (raw 7.0, n=27)=7.0
gba	madden nfl 07	Madden NFL 07	6.3	5.5	2006-08-22	Exient Entertainment	Electronic Arts	GameRankings (n=5)=6.3	GameFAQs community=5.0; LaunchBox community Bayesian (raw 5.6, n=21)=6.1; LaunchBox Community=5.5
gba	madden nfl 2002	Madden NFL 2002	6.3	5.4	2001-11-01	Budcat Creations	Electronic Arts	GameRankings (n=3)=6.3	GameFAQs community=5.2; LaunchBox community Bayesian (raw 5.1, n=28)=5.6; LaunchBox Community=5.4
gba	madden nfl 2003	Madden NFL 2003	8.0	5.6	2002-08-12	Budcat Creations	Electronic Arts	GameRankings (n=4)=8.0	GameFAQs community=5.0; LaunchBox community Bayesian (raw 5.9, n=19)=6.3; LaunchBox Community=5.6
gba	madden nfl 2004	Madden NFL 2004	7.4	5.2	2003-08-12	Budcat Creations	Electronic Arts	Metacritic=7.0; GameRankings (n=5)=7.5	GameFAQs community=6.0; LaunchBox community Bayesian (raw 3.3, n=21)=4.5; LaunchBox Community=5.2
gba	madden nfl 2005	Madden NFL 2005	8.0	5.9	2004-08-09	Exient Entertainment	Electronic Arts	Metacritic=7.9; GameRankings (n=7)=8.0; MobyGames (n=5)=8.1	GameFAQs community=5.9; LaunchBox community Bayesian (raw 5.2, n=20)=5.8; LaunchBox Community=5.9
gba	magical vacation	Magical Vacation		7.4	2001-12-07	Brownie Brown	Nintendo		GameFAQs community=7.9; LaunchBox community Bayesian (raw 7.0, n=21)=7.0; LaunchBox Community=7.4
gba	marble madness klax	Marble Madness: Klax	5.5	5.1	2005			GameRankings (n=3)=5.5	GameFAQs community=5.1
gba	mario and luigi superstar saga	Mario & Luigi: Superstar Saga	9.0	8.5	2003-11-17	AlphaDream Corporation, Ltd.		Metacritic=9.0; GameRankings (n=64)=9.0; MobyGames (n=5)=9.0	Metacritic users=8.5; GameFAQs community=8.4
gba	mario golf advance tour	Mario Golf: Advance Tour	8.5	7.9	2004-06-22	Camelot Software Planning	Nintendo	Metacritic=8.4; GameRankings (n=31)=8.5; MobyGames (n=5)=8.6	Metacritic users=8.0; GameFAQs community=7.7; LaunchBox community Bayesian (raw 8.1, n=99)=8.0; Legacy community=7.9
gba	mario kart super circuit	Mario Kart: Super Circuit	9.2	7.7	2001-08-26	Intelligent Systems	Nintendo	Metacritic=9.3; GameRankings (n=39)=9.2; MobyGames (n=5)=9.2	Metacritic users=7.3; GameFAQs community=7.5; LaunchBox community Bayesian (raw 8.2, n=261)=8.2; Legacy community=7.7
gba	mario party advance	Mario Party Advance	5.7	6.4	2005-03-28	Hudson Soft	Nintendo	Metacritic=5.4; GameRankings (n=32)=5.7; MobyGames (n=5)=5.9	Metacritic users=5.2; GameFAQs community=6.3; LaunchBox community Bayesian (raw 7.6, n=74)=7.5; Legacy community=6.4
gba	mario pinball land	Mario Pinball Land	6.5	5.7	2004-10-04	Fuse Games	Nintendo	Metacritic=6.2; GameRankings (n=32)=6.5	Metacritic users=4.5; GameFAQs community=5.8; LaunchBox community Bayesian (raw 6.9, n=83)=6.9; Legacy community=5.7
gba	mario tennis advance power tour	Mario Tennis Advance: Power Tour
gba	mario tennis power tour	Mario Tennis: Power Tour	8.1	8.1	2005-12-05	Camelot Software Planning	Nintendo	Metacritic=8.1; GameRankings (n=26)=8.1; MobyGames (n=5)=8.5	Metacritic users=8.5; GameFAQs community=7.8; LaunchBox community Bayesian (raw 8.0, n=118)=7.9; Legacy community=8.1
gba	mario vs donkey kong	Mario vs. Donkey Kong	7.9	7.7	2004-05-24	Nintendo STC	Nintendo	Metacritic=8.1; GameRankings (n=48)=7.9; MobyGames (n=5)=7.8	Metacritic users=7.9; GameFAQs community=7.4; LaunchBox community Bayesian (raw 8.0, n=155)=7.9; Legacy community=7.7
gba	mary kate and ashley girls night ou	Mary-Kate and Ashley: Girls Night Ou	7.3					GameRankings (n=3)=7.3
gba	mary kate and ashley sweet 16 lic	Mary-Kate and Ashley: Sweet 16: Lic
gba	masters of the universe he man powe	Masters of the Universe: He-man Powe
gba	mat hoffman s pro bmx	Mat Hoffman's Pro BMX	6.7	6.4	2001-11-12	HotGen Studios	Activision	Metacritic=7.1; GameRankings (n=14)=6.7	Metacritic users=7.5; GameFAQs community=6.0; LaunchBox community Bayesian (raw 5.1, n=26)=5.6; Legacy community=6.4
gba	matchbox cross town heroes	Matchbox: Cross Town Heroes		6.3	2002-08-01	Imagine Engine	THQ		GameFAQs community=5.9; LaunchBox community Bayesian (raw 6.2, n=15)=6.5; LaunchBox Community=6.3
gba	max payne	Max Payne	7.9	7.9	2003-12-16	Möbius Entertainment	Rockstar Games	Metacritic=7.8; GameRankings (n=40)=8.0; MobyGames (n=5)=7.8	Metacritic users=8.8; GameFAQs community=7.3; LaunchBox community Bayesian (raw 7.8, n=54)=7.7; Legacy community=7.9
gba	mech platoon	Mech Platoon	7.6	6.4	2002-01-03	Will	Kemco	Metacritic=7.7; GameRankings (n=9)=7.5; MobyGames (n=5)=7.7	GameFAQs community=6.4; LaunchBox community Bayesian (raw 6.2, n=30)=6.4
gba	medabots ax metabee version	Medabots AX: Metabee Version
gba	medabots ax rokusho version	Medabots AX: Rokusho Version
gba	medabots metabee	Medabots: Metabee		7.7	2002-11-22	Natsume	Natsume		GameFAQs community=7.8; LaunchBox community Bayesian (raw 7.8, n=42)=7.6; LaunchBox Community=7.7
gba	medal of honor infiltrator	Medal of Honor: Infiltrator	8.0	7.3	2003-11-17	Netherock	Electronic Arts	Metacritic=8.0; GameRankings (n=17)=8.1; MobyGames (n=5)=7.5	Metacritic users=7.6; GameFAQs community=6.5; LaunchBox community Bayesian (raw 7.8, n=50)=7.7; Legacy community=7.3
gba	medal of honor underground	Medal of Honor: Underground	4.3	4.3	2002-12-02	Rebellion Developments	Destination Software	GameRankings (n=3)=5.0; MobyGames (n=5)=3.9	GameFAQs community=4.1; LaunchBox community Bayesian (raw 3.8, n=33)=4.5; LaunchBox Community=4.3
gba	mega man and bass	Mega Man & Bass	7.9	7.3	2003-03-10	Capcom Co., Ltd.		Metacritic=7.9; GameRankings (n=20)=8.0; MobyGames (n=5)=7.5	Metacritic users=7.1; GameFAQs community=7.5
gba	mega man battle network	Mega Man Battle Network	7.9	7.4	2001-10-30	Capcom	Capcom	Metacritic=7.9; GameRankings (n=20)=8.0; MobyGames (n=5)=7.8	Metacritic users=6.9; GameFAQs community=7.6; LaunchBox community Bayesian (raw 7.9, n=91)=7.8; Legacy community=7.4
gba	mega man battle network 3 blue version	Mega Man Battle Network 3: Blue Version	7.6	8.5	2003-06-24	Capcom	Capcom	GameRankings (n=13)=7.6; MobyGames (n=5)=7.6	GameFAQs community=8.6; LaunchBox community Bayesian (raw 8.6, n=81)=8.4; LaunchBox Community=8.5
gba	mega man battle network 3 white version	Mega Man Battle Network 3: White Version	7.8	8.0	2003-06-24	Capcom Production Studio 2	Capcom	Metacritic=7.7; GameRankings (n=22)=7.8; MobyGames (n=5)=7.7	Metacritic users=7.2; GameFAQs community=8.5; LaunchBox community Bayesian (raw 8.4, n=63)=8.2; Legacy community=8.0
gba	mega man battle network 4 blue moon	Mega Man Battle Network 4: Blue Moon	6.9	7.1	2004-06-29	Capcom Production Studio 2	Capcom	Metacritic=6.7; GameRankings (n=21)=6.9	Metacritic users=6.2; GameFAQs community=7.4; LaunchBox community Bayesian (raw 7.8, n=63)=7.7; Legacy community=7.1
gba	mega man battle network 4 red sun	Mega Man Battle Network 4: Red Sun	7.1	7.0	2004-06-29	Capcom Production Studio 2	Capcom	Metacritic=6.8; GameRankings (n=18)=7.1	Metacritic users=5.7; GameFAQs community=7.4; LaunchBox community Bayesian (raw 8.1, n=57)=7.9; Legacy community=7.0
gba	mega man battle network 5 team colonel	Mega Man Battle Network 5: Team Colonel	6.6	7.6	2005-06-21	Capcom	Capcom	Metacritic=6.6; GameRankings (n=16)=6.6	Metacritic users=6.7; GameFAQs community=8.0; LaunchBox community Bayesian (raw 8.2, n=56)=8.0; Legacy community=7.6
gba	mega man battle network 5 team protoman	Mega Man Battle Network 5: Team Protoman	6.8	7.3	2005-06-21	Capcom	Capcom	Metacritic=6.7; GameRankings (n=20)=6.8	Metacritic users=6.0; GameFAQs community=8.1; LaunchBox community Bayesian (raw 8.2, n=61)=8.0; Legacy community=7.3
gba	mega man battle network 6 cybeast falzar	Mega Man Battle Network 6: Cybeast Falzar	6.3	7.7	2006-06-13	Capcom	Capcom	Metacritic=6.3; GameRankings (n=15)=6.3	Metacritic users=6.9; GameFAQs community=8.5; LaunchBox community Bayesian (raw 7.8, n=69)=7.7; Legacy community=7.7
gba	mega man battle network 6 cybeast gregar	Mega Man Battle Network 6: Cybeast Gregar	6.5	8.0	2006-06-13	Capcom	Capcom	Metacritic=6.2; GameRankings (n=12)=6.5	Metacritic users=7.3; GameFAQs community=8.6; LaunchBox community Bayesian (raw 8.4, n=68)=8.2; Legacy community=8.0
gba	mega man zero	Mega Man Zero	8.2	7.8	2002-09-09	Inti Creates	Capcom	Metacritic=8.2; GameRankings (n=23)=8.2; MobyGames (n=5)=8.1	Metacritic users=7.8; GameFAQs community=7.9; LaunchBox community Bayesian (raw 7.8, n=146)=7.7
gba	mega man zero 3	Mega Man Zero 3	7.8	8.1	2004-10-05	Inti Creates	Capcom	Metacritic=7.7; GameRankings (n=22)=7.8; MobyGames (n=5)=7.7	Metacritic users=8.0; GameFAQs community=8.4; LaunchBox community Bayesian (raw 7.9, n=127)=7.8; Legacy community=8.1
gba	mega man zero 4	Mega Man Zero 4	7.7	7.9	2005-10-04	Inti Creates	Capcom	Metacritic=7.7; GameRankings (n=21)=7.7; MobyGames (n=5)=7.8	Metacritic users=7.7; GameFAQs community=8.2; LaunchBox community Bayesian (raw 8.0, n=114)=7.9; Legacy community=7.9
gba	megaman battle chip challenge	Megaman Battle Chip Challenge	5.3	6.2	2004-03-03	Inti Creates	Capcom	Metacritic=5.4; MobyGames (n=5)=5.3	Metacritic users=4.9; LaunchBox community Bayesian (raw 7.7, n=57)=7.6; Legacy community=6.2
gba	megaman battle network 2	Megaman Battle Network 2	8.0	7.3	2002-06-17	Capcom Production Studio 2	Capcom	Metacritic=8.1; MobyGames (n=5)=8.0	Metacritic users=7.1; LaunchBox community Bayesian (raw 7.6, n=77)=7.5; Legacy community=7.3
gba	megaman battle network 3 blue versi	Megaman Battle Network 3: Blue Versi	7.6					GameRankings (n=13)=7.6
gba	megaman battle network 3 white vers	Megaman Battle Network 3: White Vers	7.8					GameRankings (n=22)=7.8
gba	megaman battle network 5 team colon	Megaman Battle Network 5: Team Colon	6.6					GameRankings (n=16)=6.6
gba	megaman battle network 5 team proto	Megaman Battle Network 5: Team Proto	6.8		2005-01-01			GameRankings=6.8 (n=20)
gba	megaman battle network 6 cybeast fa	Megaman Battle Network 6: Cybeast Fa	6.3		2006-01-01			GameRankings=6.3 (n=15)
gba	megaman battle network 6 cybeast gr	Megaman Battle Network 6: Cybeast Gr	6.5					GameRankings (n=12)=6.5
gba	men in black the series	Men in Black: The Series	3.9	6.0	2002-01-01	David A. Palmer Productions	Crave Entertainment	MobyGames (n=5)=3.9	GameFAQs community=5.8; LaunchBox community Bayesian (raw 6.0, n=26)=6.3
gba	metal slug advance	Metal Slug Advance	7.9	7.8	2004-12-02	Noise Factory	Ignition Entertainment	Metacritic=7.9; GameRankings (n=32)=7.9; MobyGames (n=5)=8.0	Metacritic users=8.1; GameFAQs community=7.3; LaunchBox community Bayesian (raw 8.2, n=117)=8.1; Legacy community=7.8
gba	metroid fusion	Metroid Fusion	9.1	8.7	2002-11-17	Nintendo R&D1	Nintendo	Metacritic=9.2; GameRankings (n=56)=9.1; MobyGames (n=5)=8.9	Metacritic users=8.8; GameFAQs community=8.4; LaunchBox community Bayesian (raw 8.9, n=430)=8.9; Legacy community=8.7
gba	metroid zero mission	Metroid: Zero Mission	9.0	8.8	2004-02-09	Nintendo R&D1	Nintendo	Metacritic=8.9; GameRankings (n=51)=9.0; MobyGames (n=5)=8.9	Metacritic users=8.9; GameFAQs community=8.5; LaunchBox community Bayesian (raw 9.1, n=436)=9.1; Legacy community=8.8
gba	midnight club street racing	Midnight Club: Street Racing	4.8	5.1	2001-11-14	Rebellion Developments	Destination Software	GameRankings (n=7)=4.8	GameFAQs community=4.7; LaunchBox community Bayesian (raw 4.8, n=23)=5.5; LaunchBox Community=5.1
gba	midway s greatest arcade hits	Midway's Greatest Arcade Hits	5.4	6.5	2001-11-22	Pocket Studios	Midway Home Entertainment	Metacritic=4.8; GameRankings (n=8)=5.5	Metacritic users=7.0; GameFAQs community=6.0; LaunchBox community Bayesian (raw 6.2, n=28)=6.4; Legacy community=6.5
gba	mighty beanz pocket puzzles	Mighty Beanz Pocket Puzzles	3.8	5.0	2004-06-24	Radius9	Majesco Sales	GameRankings (n=4)=3.8	GameFAQs community=5.0; LaunchBox community Bayesian (raw 4.0, n=19)=5.0; LaunchBox Community=5.0
gba	mike tyson boxing	Mike Tyson Boxing	4.5	4.7	2002-03-06	Virtucraft	Ubi Soft Entertainment Software	Metacritic=4.4; GameRankings (n=11)=4.5	GameFAQs community=3.8; LaunchBox community Bayesian (raw 5.1, n=28)=5.6; LaunchBox Community=4.7
gba	minority report everybody runs	Minority Report: Everybody Runs	5.7	5.8	2002-11-12	Torus Games	Activision	Metacritic=5.4; GameRankings (n=6)=5.9; MobyGames (n=5)=5.6	GameFAQs community=4.7; LaunchBox community Bayesian (raw 6.7, n=15)=6.8; LaunchBox Community=5.8
gba	mission impossible operation surma	Mission: Impossible: Operation Surma	4.1	5.7	2003-12-02	M4 Ltd.	Atari	Metacritic=4.2; GameRankings (n=17)=4.1; MobyGames (n=5)=4.0	GameFAQs community=5.7; LaunchBox community Bayesian (raw 5.1, n=20)=5.7; LaunchBox Community=5.7
gba	mlb slugfest 2004	MLB SlugFest 2004	4.3	5.8	2003-03-18	Handheld Games	Midway Home Entertainment	Metacritic=4.3	LaunchBox community Bayesian (raw 5.2, n=20)=5.8
gba	mobile suit gundam seed battle assa	Mobile Suit Gundam Seed: Battle Assa	5.9					GameRankings (n=8)=5.9
gba	monopoly	Monopoly		5.9	2004-11-26	Full Fat Productions	Destination Software		GameFAQs community=6.2; LaunchBox community Bayesian (raw 5.4, n=38)=5.7; LaunchBox Community=5.9
gba	monster bass fishing	Monster! Bass Fishing		5.2	2004-09-28	Ignition Entertainment	AIA		GameFAQs community=4.6; LaunchBox community Bayesian (raw 4.9, n=14)=5.8; LaunchBox Community=5.2
gba	monster force	Monster Force	7.2	6.6	2002-09-29	Digital Eclipse Software	Universal Interactive	Metacritic=6.5; GameRankings (n=19)=7.3	GameFAQs community=5.2; LaunchBox community Bayesian (raw 8.2, n=30)=7.9; LaunchBox Community=6.6
gba	monster house	Monster House	6.7	5.9	2006-07-18	Artificial Mind & Movement	THQ	Metacritic=6.9; GameRankings (n=10)=6.7	GameFAQs community=5.2; LaunchBox community Bayesian (raw 6.3, n=23)=6.5; LaunchBox Community=5.9
gba	monster jam maximum destruction	Monster Jam: Maximum Destruction	5.6	6.1	2002-03-27	Unique Development Studios	Ubi Soft Entertainment Software	Metacritic=5.8; GameRankings (n=8)=5.6	GameFAQs community=5.9; LaunchBox community Bayesian (raw 5.9, n=21)=6.3; LaunchBox Community=6.1
gba	monster rancher advance	Monster Rancher Advance	7.7	7.1	2001-11-28	Tecmo	Tecmo	Metacritic=7.6; GameRankings (n=11)=7.8; MobyGames (n=5)=7.5	Metacritic users=7.0; GameFAQs community=7.1; LaunchBox community Bayesian (raw 7.2, n=30)=7.2; Legacy community=7.1
gba	monster truck madness	Monster Truck Madness	7.4	6.1	2003-08-11	Tantalus Media	THQ	Metacritic=7.5; GameRankings (n=13)=7.4	GameFAQs community=6.5; LaunchBox community Bayesian (raw 5.2, n=27)=5.7; LaunchBox Community=6.1
gba	monster trucks	Monster Trucks		5.3	2004-11-16	Skyworks Technologies	Majesco Sales		GameFAQs community=5.2; LaunchBox community Bayesian (raw 4.6, n=20)=5.4; LaunchBox Community=5.3
gba	monster trucks mayhem	Monster Trucks Mayhem		5.9	2006-09-05	Apex Designs	Destination Software		GameFAQs community=5.8; LaunchBox community Bayesian (raw 5.6, n=25)=6.0; LaunchBox Community=5.9
gba	monsters inc	Monsters, Inc		5.6	2001-10-25	Natsume	THQ		LaunchBox community Bayesian (raw 5.1, n=26)=5.6; LaunchBox Community=5.6
gba	mortal kombat advance	Mortal Kombat Advance	3.4	3.7	2001-12-12	Virtucraft	Midway Games	Metacritic=3.3; GameRankings (n=16)=3.4	Metacritic users=2.8; GameFAQs community=3.4; LaunchBox community Bayesian (raw 4.4, n=58)=4.8; Legacy community=3.7
gba	mortal kombat deadly alliance	Mortal Kombat: Deadly Alliance	8.4	6.8	2002-11-20	Midway Games	Midway Home Entertainment	Metacritic=8.1; GameRankings (n=18)=8.5; MobyGames (n=5)=8.3	Metacritic users=6.6; GameFAQs community=6.9; LaunchBox community Bayesian (raw 7.0, n=60)=7.0; Legacy community=6.8
gba	mortal kombat tournament edition	Mortal Kombat: Tournament Edition	7.8	7.4	2003-08-27	Midway Games	Midway Home Entertainment	Metacritic=7.5; GameRankings (n=11)=7.6; MobyGames (n=5)=8.3	Metacritic users=8.0; GameFAQs community=7.2; LaunchBox community Bayesian (raw 6.9, n=51)=6.9; Legacy community=7.4
gba	mother	Mother
gba	moto gp	Moto GP	6.7		2002-03-08			Metacritic=6.7
gba	motocross maniacs advance	Motocross Maniacs Advance	6.4	6.4	2002-03-21	Konami Computer Entertainment Hawaii	Konami	Metacritic=6.9; GameRankings (n=10)=6.4; MobyGames (n=5)=6.1	GameFAQs community=6.1; LaunchBox community Bayesian (raw 6.7, n=41)=6.8; LaunchBox Community=6.4
gba	motoracer advance	Motoracer Advance	7.9	6.9	2002-12-05	Delphine Software International	Ubi Soft Entertainment Software	Metacritic=8.6; MobyGames (n=5)=7.7	LaunchBox community Bayesian (raw 6.9, n=43)=6.9
gba	mr driller 2	Mr. Driller 2	6.5	7.2	2005-04-10	Namco	Namco	Metacritic=6.2; GameRankings (n=17)=6.5	GameFAQs community=7.2; LaunchBox community Bayesian (raw 7.1, n=43)=7.1; LaunchBox Community=7.2
gba	ms pac man maze madness	Ms. Pac-Man: Maze Madness	5.5	6.4	2004-11-03	Full Fat Productions	Namco Hometek	GameRankings (n=4)=5.5	GameFAQs community=7.5; LaunchBox community Bayesian (raw 4.9, n=32)=5.4; LaunchBox Community=6.4
gba	mucha lucha mascaritas of the lost code	Mucha Lucha! Mascaritas of the Lost Code	2.6	4.7	2003-11-18	Digital Eclipse Software	Ubisoft Entertainment	Metacritic=2.6; GameRankings (n=13)=2.6	Metacritic users=3.0; GameFAQs community=4.5; LaunchBox community Bayesian (raw 6.5, n=109)=6.5; Legacy community=4.7
gba	multiboot six pack 1	Multiboot Six Pack #1
gba	muppet pinball mayhem	Muppet Pinball Mayhem	7.8	6.6	2002-05-18	Digital Eclipse Software	NewKidCo	GameRankings (n=4)=7.8; MobyGames (n=5)=7.9	GameFAQs community=6.3; LaunchBox community Bayesian (raw 6.7, n=29)=6.8; LaunchBox Community=6.6
gba	mx 2k2 ricky carmichael	MX 2K2 Ricky Carmichael
gba	my little pony crystal princess the	My Little Pony Crystal Princess: The
gba	namco museum	Namco Museum	7.2	7.3	2001-06-10	Mass Media	Namco	Metacritic=7.9; GameRankings (n=20)=7.2	Metacritic users=7.5; GameFAQs community=7.3; LaunchBox community Bayesian (raw 7.1, n=47)=7.1; Legacy community=7.3
gba	namco museum 50th anniversary	Namco Museum 50th Anniversary	5.9	6.7	2005-08-30	Namco	Electronic Arts	Metacritic=6.0; GameRankings (n=8)=6.0; MobyGames (n=5)=5.7	Metacritic users=7.5; GameFAQs community=7.4; LaunchBox community Bayesian (raw 4.8, n=30)=5.3; Legacy community=6.7
gba	nancy drew message in a haunted man	Nancy Drew: Message in a Haunted Man	6.4					GameRankings (n=4)=6.4
gba	naruto ninja council	Naruto: Ninja Council	5.2	6.5	2006-03-07	Arc System Works	Tomy	Metacritic=6.0; GameRankings (n=15)=5.0; MobyGames (n=5)=5.5	Metacritic users=6.5; GameFAQs community=6.0; LaunchBox community Bayesian (raw 6.9, n=54)=6.9
gba	nascar heat 2002	NASCAR Heat 2002	5.0	6.0	2002-05-07	Crawfish Interactive	Infogrames	GameRankings (n=5)=5.0	GameFAQs community=5.8; LaunchBox community Bayesian (raw 5.9, n=20)=6.3; LaunchBox Community=6.0
gba	nba jam 2002	NBA Jam 2002	4.3	4.9	2002-02-21	DC Studios	Acclaim Entertainment	Metacritic=4.9; GameRankings (n=11)=4.3	GameFAQs community=4.1; LaunchBox community Bayesian (raw 5.2, n=28)=5.7; LaunchBox Community=4.9
gba	need for speed porsche unleashed	Need for Speed: Porsche Unleashed	5.8	6.3	2004-03-15	Pocketeers	Destination Software	GameRankings (n=4)=5.9; MobyGames (n=5)=5.7	GameFAQs community=6.8; LaunchBox community Bayesian (raw 5.6, n=36)=5.9; LaunchBox Community=6.3
gba	need for speed underground	Need for Speed: Underground	7.7	6.7	2003-12-17	Pocketeers	Electronic Arts	Metacritic=7.7; GameRankings (n=9)=7.7	Metacritic users=7.1; GameFAQs community=6.8; LaunchBox community Bayesian (raw 5.9, n=38)=6.1; Legacy community=6.7
gba	need for speed underground 2	Need for Speed: Underground 2	7.0	7.5	2004-11-15	Pocketeers	Electronic Arts	Metacritic=7.2; GameRankings (n=11)=7.0	Metacritic users=8.2; GameFAQs community=7.5; LaunchBox community Bayesian (raw 6.8, n=34)=6.8; Legacy community=7.5
gba	nfl blitz 2002	NFL Blitz 2002	3.3	4.8	2001-09-17	OutLook Entertainment	Midway Home Entertainment	Metacritic=3.7; MobyGames (n=5)=3.2	LaunchBox community Bayesian (raw 3.7, n=19)=4.8; LaunchBox Community=4.8
gba	nfl blitz 2003	NFL Blitz 2003	2.9	6.0	2002-08-12	OutLook Entertainment	Midway Home Entertainment	GameRankings (n=7)=2.9	LaunchBox community Bayesian (raw 5.4, n=16)=6.0; LaunchBox Community=6.0
gba	nhl 2002	NHL 2002	8.0	5.5	2002-03-07	Budcat Creations	Electronic Arts	GameRankings (n=3)=8.0; MobyGames (n=5)=8.0	GameFAQs community=5.6; LaunchBox community Bayesian (raw 4.7, n=21)=5.4; LaunchBox Community=5.5
gba	nhl hitz 2003	NHL Hitz 2003	7.0	6.5	2002-10-31	Exient Entertainment	Midway Home Entertainment	GameRankings (n=5)=7.0	LaunchBox community Bayesian (raw 6.1, n=11)=6.5; LaunchBox Community=6.5
gba	nicktoons battle for volcano island	Nicktoons: Battle for Volcano Island	6.5	6.7	2006-11-28	Halfbrick Studios	THQ	GameRankings (n=5)=6.5	GameFAQs community=6.6; LaunchBox community Bayesian (raw 6.8, n=22)=6.9; LaunchBox Community=6.7
gba	nicktoons collection volume 1	Nicktoons Collection: Volume 1
gba	nicktoons collection volume 2	Nicktoons Collection: Volume 2
gba	nicktoons freeze frame frenzy	Nicktoons: Freeze Frame Frenzy	6.0	6.2	2004-09-27	Altron	THQ	GameRankings (n=5)=6.0	GameFAQs community=5.8; LaunchBox community Bayesian (raw 6.4, n=30)=6.5; LaunchBox Community=6.2
gba	nicktoons racing	Nicktoons Racing	7.8	6.4	2002-06-14	Crawfish Interactive	Infogrames	GameRankings (n=4)=7.8; MobyGames (n=5)=7.7	GameFAQs community=6.0; LaunchBox community Bayesian (raw 6.7, n=30)=6.8; LaunchBox Community=6.4
gba	nicktoons unite	Nicktoons Unite!	5.3	5.9	2005-10-26	Climax Group	THQ	GameRankings (n=3)=5.3	GameFAQs community=5.5; LaunchBox community Bayesian (raw 6.1, n=24)=6.4; LaunchBox Community=5.9
gba	ninja five o	Ninja Five-O	8.3	7.8	2003-04-22	Hudson Soft Company, Ltd.		Metacritic=8.2; GameRankings (n=20)=8.4; MobyGames (n=5)=8.2	Metacritic users=7.8
gba	no rules get phat	No Rules: Get Phat	4.1	4.4	2001-11-01	Flying Tiger Development	TDK Mediactive	MobyGames (n=5)=4.1	GameFAQs community=4.0; LaunchBox community Bayesian (raw 3.5, n=19)=4.7; LaunchBox Community=4.4
gba	noddy a day in toyland	Noddy: A Day in Toyland	6.9	6.4	2006-10-16	Lucky Jump	The Game Factory	GameRankings (n=6)=6.9	GameFAQs community=6.3; LaunchBox community Bayesian (raw 6.4, n=20)=6.6
gba	oddworld munch s oddysee	Oddworld: Munch's Oddysee	4.9	6.1	2003-09-24	Art	THQ	Metacritic=4.4; GameRankings (n=22)=5.0	GameFAQs community=5.8; LaunchBox community Bayesian (raw 6.3, n=38)=6.4; LaunchBox Community=6.1
gba	onimusha tactics	Onimusha Tactics	6.0	7.3	2003-11-11	Capcom	Capcom	Metacritic=6.4; GameRankings (n=21)=5.9	Metacritic users=7.8; GameFAQs community=7.1; LaunchBox community Bayesian (raw 6.9, n=42)=6.9; Legacy community=7.3
gba	open season	Open Season	7.5	6.4	2006-09-19	Ubisoft Entertainment	Ubisoft Entertainment	GameRankings (n=4)=7.5	GameFAQs community=6.6; LaunchBox community Bayesian (raw 5.8, n=19)=6.2; LaunchBox Community=6.4
gba	operation armored liberty	Operation: Armored Liberty		5.6	2003-11-03	Eastridge Technology	Majesco Sales		GameFAQs community=5.4; LaunchBox community Bayesian (raw 5.0, n=16)=5.8; LaunchBox Community=5.6
gba	oriental blue ao no tengai	Oriental Blue: Ao no Tengai		8.0					GameFAQs community=8.0; Legacy community=8.0
gba	over the hedge	Over the Hedge	5.0	6.5	2006-05-05	Vicarious Visions	Activision	GameRankings (n=13)=5.0	LaunchBox community Bayesian (raw 6.2, n=22)=6.5; LaunchBox Community=6.5
gba	over the hedge hammy goes nuts	Over the Hedge: Hammy Goes Nuts!	6.5	6.8	2006-10-12	Vicarious Visions	Activision	GameRankings (n=5)=6.5	LaunchBox community Bayesian (raw 6.7, n=16)=6.8; LaunchBox Community=6.8
gba	ozzy and drix	Ozzy & Drix	4.6	3.9	2003			GameRankings (n=5)=4.6	GameFAQs community=3.9
gba	pac man collection	Pac-Man Collection	7.8	7.7	2001-07-12	Mass Media	Namco	Metacritic=7.9; GameRankings (n=15)=7.8	Metacritic users=8.1; GameFAQs community=7.5; LaunchBox community Bayesian (raw 7.6, n=56)=7.5; Legacy community=7.7
gba	pac man pinball advance	Pac-Man Pinball Advance	5.0	6.2	2005-05-02	Human Soft	Namco	GameRankings (n=10)=5.0	GameFAQs community=5.5; LaunchBox community Bayesian (raw 6.9, n=45)=6.9; LaunchBox Community=6.2
gba	pac man world	Pac-Man World	5.9	6.8	2004-11-17	Full Fat Productions	Zoo Digital Publishing	GameRankings (n=3)=5.9	GameFAQs community=5.7; LaunchBox community Bayesian (raw 8.0, n=32)=7.8; LaunchBox Community=6.8
gba	paws and claws pet resort	Paws & Claws: Pet Resort		5.6					GameFAQs community=5.6
gba	peter pan the motion picture event	Peter Pan: The Motion Picture Event	5.3	5.7	2003-12-10	Saffire	Atari	GameRankings (n=3)=5.3	GameFAQs community=5.0; LaunchBox community Bayesian (raw 6.0, n=20)=6.3; LaunchBox Community=5.7
gba	phalanx the enforce fighter a 144	Phalanx: The Enforce Fighter A-144
gba	phantasy star collection	Phantasy Star Collection	7.6	7.4	2002-11-24	Sega	THQ	Metacritic=7.6; GameRankings (n=31)=7.6; MobyGames (n=5)=7.4	GameFAQs community=7.4; LaunchBox community Bayesian (raw 7.5, n=56)=7.4; LaunchBox Community=7.4
gba	phil of the future	Phil of the Future		6.1	2006-09-26	Handheld Games	Buena Vista Games		GameFAQs community=6.6; LaunchBox community Bayesian (raw 5.0, n=20)=5.7; LaunchBox Community=6.1
gba	piglet s big game	Piglet's Big Game		6.6	2003-03-11	Doki Denki	Disney Interactive		LaunchBox community Bayesian (raw 6.2, n=12)=6.6; LaunchBox Community=6.6
gba	pinball tycoon	Pinball Tycoon	5.4	5.0	2003-01-02	Ignition Entertainment	AIA USA	GameRankings (n=3)=5.4	GameFAQs community=4.6; LaunchBox community Bayesian (raw 4.6, n=27)=5.2; LaunchBox Community=5.0
gba	pink panther pinkadelic pursuit	Pink Panther: Pinkadelic Pursuit	5.9	6.3	2002-01-01	SuperEmpire Interactive	Wanadoo Edition	MobyGames (n=5)=5.9	GameFAQs community=5.2; LaunchBox community Bayesian (raw 7.4, n=28)=7.3; LaunchBox Community=6.3
gba	pinobee wings of adventure	Pinobee: Wings of Adventure	6.7	6.2	2001-05-30	Artoon	Activision	Metacritic=6.1; GameRankings (n=21)=6.7	GameFAQs community=5.7; LaunchBox community Bayesian (raw 6.5, n=30)=6.6; LaunchBox Community=6.2
gba	pirates of the caribbean	Pirates of the Caribbean
gba	pirates of the caribbean dead man s chest	Pirates of the Caribbean: Dead Man's Chest	7.4	6.6	2006-06-27	Amaze Entertainment	Buena Vista Games	Metacritic=7.0; GameRankings (n=11)=7.4	Metacritic users=5.8; GameFAQs community=6.9; LaunchBox community Bayesian (raw 7.1, n=30)=7.1; Legacy community=6.6
gba	pitfall the lost expedition	Pitfall: The Lost Expedition	6.3	6.2	2004-02-18	Torus Games	Activision	Metacritic=6.6; GameRankings (n=12)=6.6; MobyGames (n=5)=5.4	GameFAQs community=6.7; LaunchBox community Bayesian (raw 5.3, n=35)=5.7; LaunchBox Community=6.2
gba	pitfall the mayan adventure	Pitfall: The Mayan Adventure	5.4	5.1	2001-06-10	Pipedream Interactictive	THQ	Metacritic=5.8; GameRankings (n=18)=5.3; MobyGames (n=5)=5.7	Metacritic users=4.8; GameFAQs community=5.2; LaunchBox community Bayesian (raw 5.0, n=33)=5.5; Legacy community=5.1
gba	planet monsters	Planet Monsters	7.2	5.7	2001-12-06	Planet Interactive Development	Titus Software	Metacritic=6.7; GameRankings (n=16)=7.2	GameFAQs community=4.9; LaunchBox community Bayesian (raw 6.3, n=22)=6.5; LaunchBox Community=5.7
gba	planet of the apes	Planet of the Apes	5.9	5.9	2001-11-30	Torus Games	Ubi Soft Entertainment Software	GameRankings (n=9)=5.9; MobyGames (n=5)=5.8	GameFAQs community=5.0; LaunchBox community Bayesian (raw 6.7, n=24)=6.8; LaunchBox Community=5.9
gba	pocket dogs	Pocket Dogs		6.4	2005-12-22	Agatsuma Entertainment	Agatsuma Entertainment		GameFAQs community=6.1; LaunchBox community Bayesian (raw 6.3, n=17)=6.6; LaunchBox Community=6.4
gba	pocket professor kwik notes vol 1	Pocket Professor Kwik Notes Vol. 1
gba	pocky and rocky with becky	Pocky & Rocky with Becky	5.2	6.9	2002	Altron Corporation		GameRankings (n=5)=5.2; MobyGames (n=5)=5.2	GameFAQs community=6.9
gba	pok mon emerald version	Pokémon Emerald Version	7.7	8.9	2005-04-30	Game Freak	Nintendo	Metacritic=7.6; GameRankings (n=29)=7.7; MobyGames (n=5)=7.6	Metacritic users=8.8; GameFAQs community=8.5; LaunchBox community Bayesian (raw 9.2, n=566)=9.2; Legacy community=8.9
gba	pok mon firered version	Pokémon FireRed Version	8.2	8.6	2004-09-07	Game Freak	Nintendo	Metacritic=8.1; GameRankings (n=36)=8.2; MobyGames (n=5)=8.1	Metacritic users=8.4; GameFAQs community=8.4; LaunchBox community Bayesian (raw 9.0, n=534)=9.0; Legacy community=8.6
gba	pok mon mystery dungeon red rescue team	Pokémon Mystery Dungeon: Red Rescue Team	7.1	7.9	2006-09-18	Chunsoft	Nintendo	Metacritic=6.7; GameRankings (n=14)=7.1	Metacritic users=8.0; GameFAQs community=7.9; LaunchBox community Bayesian (raw 8.0, n=139)=7.9; Legacy community=7.9
gba	pok mon pinball ruby and sapphire	Pokémon Pinball: Ruby & Sapphire	8.0	7.5	2003-08-26	Jupiter	Nintendo	Metacritic=8.1; GameRankings (n=27)=8.0; MobyGames (n=5)=8.0	Metacritic users=7.7; GameFAQs community=7.3; LaunchBox community Bayesian (raw 7.7, n=137)=7.7; Legacy community=7.5
gba	pok mon ruby version	Pokémon Ruby Version	8.4	8.5	2003-03-19	Game Freak	Nintendo	Metacritic=8.2; GameRankings (n=50)=8.4; MobyGames (n=5)=8.3	Metacritic users=8.3; GameFAQs community=8.2; LaunchBox community Bayesian (raw 8.9, n=254)=8.8; Legacy community=8.5
gba	pok mon sapphire version	Pokémon Sapphire Version	8.4	8.5	2002-11-21	Game Freak	Nintendo	GameRankings (n=49)=8.4; MobyGames (n=5)=8.3	GameFAQs community=8.3; LaunchBox community Bayesian (raw 8.8, n=211)=8.7; LaunchBox Community=8.5
gba	pokemon leaf green version	Pokemon: Leaf Green Version	8.1		2004			MobyGames=81 (n=5 min)
gba	pokemon leafgreen version	Pokemon: LeafGreen Version	8.1	8.5	2004-09-07	Game Freak	Nintendo	Metacritic=8.1; GameRankings (n=35)=8.1; MobyGames (n=5)=8.1	Metacritic users=8.3; GameFAQs community=8.4; LaunchBox community Bayesian (raw 8.9, n=265)=8.8; Legacy community=8.5
gba	pokemon volume 1	Pokemon: Volume 1
gba	pokemon volume 2	Pokemon: Volume 2
gba	pokemon volume 3	Pokemon: Volume 3
gba	pokemon volume 4	Pokemon: Volume 4
gba	polly pocket super splash island	Polly Pocket!: Super Splash Island	6.5	5.4	2003-09-17	Digital Illusions	VU Games	GameRankings (n=6)=6.5	GameFAQs community=4.8; LaunchBox community Bayesian (raw 5.4, n=19)=6.0
gba	popeye rush for spinach	Popeye: Rush for Spinach	5.3	5.8	2005-04-24	Magic Pockets	Namco	Metacritic=4.8; GameRankings (n=12)=5.3	Metacritic users=5.8; GameFAQs community=6.0; LaunchBox community Bayesian (raw 5.2, n=26)=5.7
gba	power rangers dino thunder	Power Rangers: Dino Thunder	4.9	6.4	2004-09-22	Natsume	THQ	GameRankings (n=4)=4.9	GameFAQs community=5.9; LaunchBox community Bayesian (raw 6.9, n=25)=6.9; LaunchBox Community=6.4
gba	power rangers ninja storm	Power Rangers: Ninja Storm	5.3	6.6	2003-09-05	Natsume	THQ	GameRankings (n=9)=5.1; MobyGames (n=5)=5.7	GameFAQs community=6.6; LaunchBox community Bayesian (raw 6.5, n=37)=6.6; LaunchBox Community=6.6
gba	power rangers s p d	Power Rangers S.P.D		7.2	2005-09-08	Natsume	THQ		GameFAQs community=7.3; LaunchBox community Bayesian (raw 7.3, n=25)=7.2; LaunchBox Community=7.2
gba	power rangers time force	Power Rangers Time Force	5.9	6.2	2001-09-15	Vicarious Visions	THQ	GameRankings (n=5)=5.9	LaunchBox community Bayesian (raw 5.9, n=27)=6.2; LaunchBox Community=6.2
gba	power rangers wild force	Power Rangers: Wild Force	4.8	5.5	2002-08-19	Natsume	THQ	GameRankings (n=7)=4.8	GameFAQs community=5.3; LaunchBox community Bayesian (raw 5.2, n=24)=5.7; LaunchBox Community=5.5
gba	prehistorik man	Prehistorik Man	7.5	6.5	2001-10-16	Titus Interactive	Titus Software	Metacritic=6.9; GameRankings (n=18)=7.5	GameFAQs community=6.0; LaunchBox community Bayesian (raw 6.9, n=23)=6.9; LaunchBox Community=6.5
gba	prince of persia the sands of time	Prince of Persia: The Sands of Time	7.3	7.2	2003-10-28	Ubisoft Entertainment	Ubisoft Entertainment	Metacritic=7.5; GameRankings (n=24)=7.3; MobyGames (n=5)=7.5	Metacritic users=8.0; GameFAQs community=6.9; LaunchBox community Bayesian (raw 6.7, n=59)=6.7; Legacy community=7.2
gba	princess natasha	Princess Natasha
gba	punch king arcade boxing	Punch King: Arcade Boxing
gba	puyo pop	Puyo Pop	8.2	7.0	2002-02-11	Sonic Team	Sega	Metacritic=8.4; GameRankings (n=28)=8.2; MobyGames (n=5)=7.9	Metacritic users=6.7; GameFAQs community=6.9; LaunchBox community Bayesian (raw 7.4, n=48)=7.3; Legacy community=7.0
gba	quad desert fury	Quad Desert Fury	3.7	4.8	2003-09-25	Skyworks Technologies	Majesco Sales	GameRankings (n=3)=3.7	GameFAQs community=4.3; LaunchBox community Bayesian (raw 4.6, n=26)=5.3; LaunchBox Community=4.8
gba	r type iii	R-Type III
gba	racing gears advance	Racing Gears Advance	8.1	7.5	2005-02-08	Orbital Media	Orbital Media	Metacritic=8.3; GameRankings (n=22)=8.2; MobyGames (n=5)=8.1	Metacritic users=7.3; GameFAQs community=7.5; LaunchBox community Bayesian (raw 7.9, n=34)=7.7
gba	rainbow six rogue spear	Rainbow Six: Rogue Spear
gba	rampage puzzle attack	Rampage Puzzle Attack	7.6	5.9	2001-11-29	Ninai Games	Midway Home Entertainment	Metacritic=7.1; GameRankings (n=11)=7.6	GameFAQs community=5.6; LaunchBox community Bayesian (raw 5.8, n=27)=6.1; LaunchBox Community=5.9
gba	rapala pro fishing	Rapala Pro Fishing		6.3	2004-08-31	Torus Games	Activision		GameFAQs community=6.4; LaunchBox community Bayesian (raw 6.0, n=20)=6.3; LaunchBox Community=6.3
gba	rave master special attack force	Rave Master: Special Attack Force!	5.6	6.8	2005-03-08	Konami	Konami	Metacritic=5.6; GameRankings (n=10)=5.7; MobyGames (n=5)=5.3	GameFAQs community=6.8; LaunchBox community Bayesian (raw 6.7, n=26)=6.8
gba	rayman 10th anniversary rayman adva	Rayman 10th Anniversary: Rayman Adva
gba	rayman 3 hoodlum havoc	Rayman 3: Hoodlum Havoc
gba	rayman advance	Rayman Advance	8.5	6.9	2001-06-11	Digital Eclipse Software	Ubi Soft Entertainment Software	GameRankings (n=21)=8.5	GameFAQs community=6.8; LaunchBox community Bayesian (raw 7.1, n=61)=7.1; LaunchBox Community=6.9
gba	rayman hoodlums revenge	Rayman: Hoodlums' Revenge	6.1	7.1	2005-03-15	Digital Eclipse Software	Ubisoft Entertainment	Metacritic=6.1; MobyGames (n=5)=6.1	LaunchBox community Bayesian (raw 7.1, n=38)=7.1
gba	razor freestyle scooter	Razor Freestyle Scooter		5.9	2001-11-01	Crawfish Interactive	Crave Entertainment		GameFAQs community=5.7; LaunchBox community Bayesian (raw 5.5, n=15)=6.1; LaunchBox Community=5.9
gba	ready 2 rumble boxing round 2	Ready 2 Rumble Boxing: Round 2	5.5	7.1	2001-05-30	Crawfish Interactive	Midway Home Entertainment	Metacritic=5.7; GameRankings (n=19)=5.4; MobyGames (n=5)=5.6	Metacritic users=8.5; GameFAQs community=6.5; LaunchBox community Bayesian (raw 5.8, n=23)=6.2; Legacy community=7.1
gba	rebelstar tactical command	Rebelstar: Tactical Command	7.8	7.4	2005-09-06	Codo Technologies	Atari Europe	Metacritic=7.8; GameRankings (n=30)=7.8; MobyGames (n=5)=7.9	Metacritic users=7.3; GameFAQs community=7.2; LaunchBox community Bayesian (raw 7.6, n=42)=7.5; Legacy community=7.4
gba	reign of fire	Reign of Fire	4.9	5.2	2002-10-31	Crawfish Interactive	BAM! Entertainment	Metacritic=6.1; GameRankings (n=7)=5.3; MobyGames (n=5)=4.2	GameFAQs community=4.3; LaunchBox community Bayesian (raw 5.7, n=22)=6.1; LaunchBox Community=5.2
gba	rescue heroes billy blazes	Rescue Heroes: Billy Blazes	7.5	6.7	2003-08-27	WayForward Technologies	Vivendi Universal Games	GameRankings (n=3)=7.5	GameFAQs community=6.5; LaunchBox community Bayesian (raw 7.0, n=29)=7.0; LaunchBox Community=6.7
gba	rhythm tengoku	Rhythm Tengoku	8.2	8.3	2006-08-03	J.P. Room	Nintendo	MobyGames (n=5)=8.2	GameFAQs community=8.3; LaunchBox community Bayesian (raw 8.6, n=54)=8.3; LaunchBox Community=8.3
gba	risk battleship clue	Risk Battleship Clue		6.5					GameFAQs community=6.5
gba	river city ransom ex	River City Ransom EX	7.8	7.9	2004-03-05	Million	Atlus	GameRankings (n=21)=7.8	GameFAQs community=8.1; LaunchBox community Bayesian (raw 7.9, n=62)=7.8
gba	riviera the promised land	Riviera: The Promised Land	8.0	7.2	2005-06-28	Sting	Atlus	Metacritic=7.6; GameRankings (n=37)=8.0; MobyGames (n=5)=8.0	Metacritic users=6.5; GameFAQs community=8.0; LaunchBox community Bayesian (raw 7.3, n=48)=7.2; Legacy community=7.2
gba	road rash jailbreak	Road Rash: Jailbreak	5.8	6.3	2003-09-11	Magic Pockets	Destination Software	Metacritic=7.8; GameRankings (n=7)=5.6; MobyGames (n=5)=5.6	Metacritic users=6.1; GameFAQs community=6.8; LaunchBox community Bayesian (raw 5.7, n=29)=6.0; Legacy community=6.3
gba	robopon 2 ring version	Robopon 2 Ring Version	6.1	7.4	2002-06-11	Hudson Soft	Atlus	GameRankings (n=4)=6.1	GameFAQs community=7.9; LaunchBox community Bayesian (raw 6.9, n=24)=6.9; LaunchBox Community=7.4
gba	robot wars advanced destruction	Robot Wars: Advanced Destruction	6.5	5.3	2002-11-22	Crawfish Interactive	BBC Multimedia	GameRankings (n=3)=6.5	GameFAQs community=4.8; LaunchBox community Bayesian (raw 5.2, n=22)=5.8; LaunchBox Community=5.3
gba	robotech the macross saga	Robotech: The Macross Saga	6.2	6.5	2002-10-27	Lucky Chicken Games	TDK Mediactive	Metacritic=6.1; GameRankings (n=12)=6.3; MobyGames (n=5)=5.8	GameFAQs community=6.1; LaunchBox community Bayesian (raw 6.9, n=33)=6.9; LaunchBox Community=6.5
gba	robots	Robots	4.5	6.4	2005-02-24	Amaze Entertainment	Sierra Entertainment	GameRankings (n=4)=4.7; MobyGames (n=5)=4.4	GameFAQs community=5.9; LaunchBox community Bayesian (raw 6.8, n=18)=6.9; LaunchBox Community=6.4
gba	rock em sock em robots	Rock 'Em Sock 'Em Robots	2.4	5.0	2006-10-02	Full Fat Productions	DSI Games	GameRankings (n=6)=2.4; MobyGames (n=5)=2.4	GameFAQs community=4.0; LaunchBox community Bayesian (raw 4.6, n=8)=5.9; LaunchBox Community=5.0
gba	rock n roll racing	Rock n' Roll Racing	8.2	7.8	2003-06-23	Mass Media	Blizzard Entertainment	Metacritic=8.0; GameRankings (n=14)=8.2; MobyGames (n=5)=8.3	Metacritic users=8.7; GameFAQs community=8.0; LaunchBox community Bayesian (raw 6.6, n=31)=6.7; Legacy community=7.8
gba	rocket power beach bandits	Rocket Power: Beach Bandits		5.1	2002-10-19	Halfbrick Studios	THQ		GameFAQs community=4.6; LaunchBox community Bayesian (raw 4.8, n=17)=5.6; LaunchBox Community=5.1
gba	rocket power dream scheme	Rocket Power: Dream Scheme	6.8	6.2	2001-09-14	Helixe	THQ	GameRankings (n=3)=6.8	GameFAQs community=5.9; LaunchBox community Bayesian (raw 6.2, n=18)=6.5
gba	rocket power zero gravity zone	Rocket Power: Zero Gravity Zone	5.8	5.2	2003-09-04	Altron	THQ	GameRankings (n=6)=5.8	GameFAQs community=4.2; LaunchBox community Bayesian (raw 5.8, n=24)=6.2; LaunchBox Community=5.2
gba	rocky	Rocky	5.9	6.3	2002-11-17	Virtucraft	Ubi Soft Entertainment Software	Metacritic=6.3; GameRankings (n=16)=5.9	GameFAQs community=6.4; LaunchBox community Bayesian (raw 5.7, n=20)=6.1; LaunchBox Community=6.3
gba	rugrats all grown up express you	Rugrats: All Grown Up!: Express You
gba	rugrats all grown up volume 1	Rugrats: All Grown Up!: Volume 1
gba	rugrats castle capers	Rugrats: Castle Capers	6.1	5.4	2001-09-25	Software Creations	THQ	GameRankings (n=4)=6.1	GameFAQs community=4.6; LaunchBox community Bayesian (raw 5.8, n=20)=6.2; LaunchBox Community=5.4
gba	rugrats go wild	Rugrats Go Wild!		6.7	2003-05-28	ImaginEngine	THQ		LaunchBox community Bayesian (raw 6.6, n=18)=6.7; LaunchBox Community=6.7
gba	rugrats i gotta go party	Rugrats: I Gotta Go Party		5.3	2002-11-18	Eurocom Entertainment Software	THQ		GameFAQs community=5.2; LaunchBox community Bayesian (raw 4.7, n=21)=5.4; LaunchBox Community=5.3
gba	sabre wulf	Sabre Wulf	7.8	7.2	2004-06-09	Rare	THQ	Metacritic=7.5; GameRankings (n=29)=7.9; MobyGames (n=5)=7.5	Metacritic users=7.7; GameFAQs community=7.1; LaunchBox community Bayesian (raw 6.8, n=42)=6.8; Legacy community=7.2
gba	sabrina the teenage witch potion co	Sabrina The Teenage Witch: Potion Co
gba	salt lake 2002	Salt Lake 2002	5.7	4.9	2002-01-19	DC Studios	Ubi Soft Entertainment Software	Metacritic=5.5; GameRankings (n=11)=5.6; MobyGames (n=5)=5.8	GameFAQs community=5.9; LaunchBox community Bayesian (raw 2.6, n=21)=4.0; LaunchBox Community=4.9
gba	samurai jack the amulet of time	Samurai Jack: The Amulet of Time	6.2	6.3	2003-03-30	Virtucraft	BAM! Entertainment	Metacritic=6.3; GameRankings (n=11)=6.5; MobyGames (n=5)=5.7	Metacritic users=5.0; GameFAQs community=6.0; LaunchBox community Bayesian (raw 8.1, n=41)=7.9; Legacy community=6.3
gba	scooby doo	Scooby-Doo	6.6	5.5	2002-06-04	Winky Soft	THQ	GameRankings (n=4)=6.6	GameFAQs community=4.8; LaunchBox community Bayesian (raw 5.7, n=19)=6.1; LaunchBox Community=5.5
gba	scooby doo 2 monsters unleashed	Scooby-Doo 2: Monsters Unleashed	4.3	5.4	2004-03-15	Altron	THQ	GameRankings (n=7)=4.4; MobyGames (n=5)=4.2	GameFAQs community=5.8; LaunchBox community Bayesian (raw 4.2, n=24)=5.0; LaunchBox Community=5.4
gba	scooby doo and the cyber chase	Scooby-Doo and the Cyber Chase	5.5	5.4	2001-10-02	Software Creations	THQ	MobyGames (n=5)=5.5	GameFAQs community=4.8; LaunchBox community Bayesian (raw 5.7, n=24)=6.1; LaunchBox Community=5.4
gba	scooby doo mystery mayhem	Scooby-Doo!: Mystery Mayhem	5.3	6.1	2003-09-10	Artificial Mind & Movement	THQ	GameRankings (n=10)=5.3	GameFAQs community=6.0; LaunchBox community Bayesian (raw 5.7, n=26)=6.1; LaunchBox Community=6.1
gba	scooby doo unmasked	Scooby-Doo! Unmasked	6.2	6.3	2005-09-12	Artificial Mind & Movement	THQ	GameRankings (n=5)=6.2	GameFAQs community=5.9; LaunchBox community Bayesian (raw 6.4, n=31)=6.5; LaunchBox Community=6.3
gba	scrabble blast	Scrabble Blast!		6.5	2005-05-02	Visual Impact	Destination Software		GameFAQs community=6.4; LaunchBox community Bayesian (raw 6.3, n=21)=6.5; LaunchBox Community=6.5
gba	sd gundam force	SD Gundam Force		6.5	2004-10-10	Tom Create	Bandai		GameFAQs community=6.7; LaunchBox community Bayesian (raw 6.2, n=31)=6.4; LaunchBox Community=6.5
gba	sea trader rise of taipan	Sea Trader: Rise of Taipan	6.3	5.7	2003-01-03	Jaleco Entertainment	Jaleco Entertainment	Metacritic=6.8; GameRankings (n=6)=6.2	GameFAQs community=5.3; LaunchBox community Bayesian (raw 5.8, n=23)=6.2; LaunchBox Community=5.7
gba	sega arcade gallery	Sega Arcade Gallery	6.8	6.8	2003-05-21	Bits Studios	Sega	Metacritic=7.0; GameRankings (n=14)=6.8	GameFAQs community=7.1; LaunchBox community Bayesian (raw 6.4, n=41)=6.5; LaunchBox Community=6.8
gba	sega rally championship	Sega Rally Championship	5.7	5.7	2003-03-10	DiCE	Sega of America	Metacritic=5.9; GameRankings (n=10)=5.7	GameFAQs community=6.1; LaunchBox community Bayesian (raw 5.0, n=39)=5.4; LaunchBox Community=5.7
gba	sega smash pack	Sega Smash Pack	6.2	6.1	2002-09-23	CodeFire	Sega	Metacritic=6.0; GameRankings (n=16)=6.2	Metacritic users=5.9; GameFAQs community=6.5; LaunchBox community Bayesian (raw 5.6, n=32)=5.9; Legacy community=6.1
gba	serious sam advance	Serious Sam Advance	4.6	5.0	2004-04-12			Metacritic=5.1; GameRankings (n=7)=4.5	Metacritic users=5.7; GameFAQs community=4.3; Legacy community=5.0
gba	shamu s deep sea adventures	Shamu's Deep Sea Adventures		6.6	2005-11-08	Humagade	Activision		LaunchBox community Bayesian (raw 6.3, n=17)=6.6; LaunchBox Community=6.6
gba	shark tale	Shark Tale		5.1	2004-09-29	Vicarious Visions	Activision		LaunchBox community Bayesian (raw 4.4, n=29)=5.1; LaunchBox Community=5.1
gba	shaun palmer s pro snowboarder	Shaun Palmer's Pro Snowboarder	6.0	6.0	2001-12-04	Natsume	Activision	Metacritic=5.8; GameRankings (n=12)=6.0	GameFAQs community=5.2; LaunchBox community Bayesian (raw 6.6, n=20)=6.7; LaunchBox Community=6.0
gba	shifting gears road trip	Shifting Gears: Road Trip
gba	shining force resurrection of the d	Shining Force: Resurrection of the D
gba	shining soul	Shining Soul	5.7	6.2	2003-09-16	Grasshopper Manufacture	Sega	Metacritic=5.8; GameRankings (n=21)=5.7	Metacritic users=5.8; GameFAQs community=6.4; LaunchBox community Bayesian (raw 6.1, n=52)=6.2; Legacy community=6.2
gba	shining soul ii	Shining Soul II	7.8	7.7	2004-04-20	Grasshopper Manufacture	Sega	Metacritic=7.4; GameRankings (n=14)=7.9; MobyGames (n=5)=7.7	Metacritic users=8.1; GameFAQs community=7.7; LaunchBox community Bayesian (raw 7.2, n=54)=7.2; Legacy community=7.7
gba	shonen jump s one piece	Shonen Jump's One Piece	7.2	6.9	2005			GameRankings (n=5)=7.2	GameFAQs community=6.9
gba	shonen jump s shaman king legacy of the spirits soaring hawk	Shonen Jump's Shaman King: Legacy of the Spirits — Soaring Hawk	5.9	6.9	2005-02-08	Konami Computer Entertainment Japan	Konami	Metacritic=5.9; GameRankings (n=13)=5.9	Metacritic users=7.8; GameFAQs community=6.0; LaunchBox community Bayesian (raw 6.7, n=25)=6.8; Legacy community=6.9
gba	shonen jump s shaman king legacy of the spirits sprinting wolf	Shonen Jump's Shaman King: Legacy of the Spirits — Sprinting Wolf	5.9	6.9	2005-02-08	Konami Computer Entertainment Japan	Konami	Metacritic=6.0; GameRankings (n=13)=5.9	GameFAQs community=6.5; LaunchBox community Bayesian (raw 7.4, n=34)=7.3; LaunchBox Community=6.9
gba	shonen jump s shaman king master of spirits	Shonen Jump's Shaman King: Master of Spirits		7.2	2004-11-09	Konami Computer Entertainment Japan	Konami		LaunchBox community Bayesian (raw 7.3, n=50)=7.2; LaunchBox Community=7.2
gba	shonen jump s shaman king master of spirits 2	Shonen Jump's Shaman King: Master of Spirits 2		8.3	2005-08-02	Konami Computer Entertainment Japan	Konami		LaunchBox community Bayesian (raw 8.6, n=40)=8.3; LaunchBox Community=8.3
gba	shrek 2	Shrek 2	7.3	6.5	2004-04-28	Vicarious Visions	Activision	Metacritic=7.2; GameRankings (n=9)=7.3	Metacritic users=5.9; GameFAQs community=6.7; LaunchBox community Bayesian (raw 6.8, n=29)=6.9; Legacy community=6.5
gba	shrek 2 beg for mercy	Shrek 2: Beg for Mercy!	5.4	7.0	2004-10-27	Vicarious Visions	Activision	GameRankings (n=4)=5.5; MobyGames (n=5)=5.3	GameFAQs community=7.1; LaunchBox community Bayesian (raw 6.9, n=20)=6.9; LaunchBox Community=7.0
gba	shrek hassle at the castle	Shrek: Hassle at the Castle	6.9	6.7	2002-10-10	TOSE	TDK Mediactive	Metacritic=7.1; GameRankings (n=6)=6.8	Metacritic users=6.9; GameFAQs community=6.6; LaunchBox community Bayesian (raw 6.4, n=21)=6.6; Legacy community=6.7
gba	shrek reekin havoc	Shrek: Reekin' Havoc	5.3	6.0	2003-07-30	TOSE	TDK Mediactive	Metacritic=5.7; GameRankings (n=12)=5.2	GameFAQs community=5.9; LaunchBox community Bayesian (raw 5.7, n=21)=6.1; LaunchBox Community=6.0
gba	shrek super slam	Shrek Super Slam		6.0	2005-10-25	Amaze Entertainment	Activision		LaunchBox community Bayesian (raw 5.6, n=24)=6.0; LaunchBox Community=6.0
gba	shrek swamp kart speedway	Shrek: Swamp Kart Speedway	3.0	5.4	2002-03-19	Prolific	TDK Mediactive	GameRankings (n=5)=2.6; MobyGames (n=5)=3.4	GameFAQs community=5.0; LaunchBox community Bayesian (raw 5.2, n=29)=5.7; LaunchBox Community=5.4
gba	sigma star saga	Sigma Star Saga	6.7	8.2	2005-08-16	WayForward Technologies	Atari	Metacritic=6.8; GameRankings (n=42)=6.7	Metacritic users=9.3; GameFAQs community=7.3; LaunchBox community Bayesian (raw 8.3, n=61)=8.1; Legacy community=8.2
gba	silent scope	Silent Scope	7.5	6.5	2002-09-04	Now Production	Konami	GameRankings (n=6)=7.5	GameFAQs community=6.3; LaunchBox community Bayesian (raw 6.6, n=31)=6.7; LaunchBox Community=6.5
gba	sim city 2000	Sim City 2000	5.8	6.6	2003-11-13	Maxis	Destination Software	Metacritic=6.2; MobyGames (n=5)=5.7	Metacritic users=7.1; LaunchBox community Bayesian (raw 5.7, n=33)=6.0; Legacy community=6.6
gba	sitting ducks	Sitting Ducks	3.9	5.8	2004-06-30	Light & Shadow Production	Hip Interactive	GameRankings (n=4)=3.9	GameFAQs community=5.8; LaunchBox community Bayesian (raw 5.4, n=26)=5.8
gba	sky dancers they magically fly	Sky Dancers: They Magically Fly!
gba	smashing drive	Smashing Drive	6.0	6.4	2004-11-03	Raylight Studios	Destination Software	GameRankings (n=4)=6.0	GameFAQs community=6.6; LaunchBox community Bayesian (raw 6.0, n=26)=6.3; LaunchBox Community=6.4
gba	smuggler s run	Smuggler's Run	3.9	6.4	2002-09-25	Rebellion Developments	Destination Software	GameRankings (n=4)=3.9; MobyGames (n=5)=4.0	GameFAQs community=5.9; LaunchBox community Bayesian (raw 6.8, n=25)=6.9; LaunchBox Community=6.4
gba	snood	Snood	5.9	6.4	2001-09-28	Rebellion Developments	Destination Software	GameRankings (n=7)=5.7; MobyGames (n=5)=6.1	GameFAQs community=6.3; LaunchBox community Bayesian (raw 6.2, n=31)=6.4; LaunchBox Community=6.4
gba	snood 2 snoods on vacation	Snood 2: Snoods on Vacation
gba	soccer kid	Soccer Kid	5.8	4.9	2002-09-30	Telegames	Telegames	GameRankings (n=4)=5.8	GameFAQs community=4.3; LaunchBox community Bayesian (raw 4.8, n=22)=5.5; LaunchBox Community=4.9
gba	sonic advance	Sonic Advance	8.3	7.7	2002-02-03	Sonic Team	Sega	Metacritic=8.7; GameRankings (n=36)=8.3; MobyGames (n=5)=8.1	Metacritic users=7.9; GameFAQs community=7.4; LaunchBox community Bayesian (raw 7.9, n=229)=7.9; Legacy community=7.7
gba	sonic advance 3	Sonic Advance 3	8.1	7.8	2004-06-07	Sonic Team	Sega	Metacritic=7.9; GameRankings (n=30)=8.1; MobyGames (n=5)=7.8	Metacritic users=7.8; GameFAQs community=7.6; LaunchBox community Bayesian (raw 8.1, n=157)=8.0
gba	sonic battle	Sonic Battle	6.9	7.4	2004-01-05	Sonic Team	Sega	Metacritic=6.9; GameRankings (n=33)=6.9	Metacritic users=7.9; GameFAQs community=7.4; LaunchBox community Bayesian (raw 6.9, n=100)=6.9; Legacy community=7.4
gba	sonic pinball party	Sonic Pinball Party	7.8	6.7	2003-06-01	Sonic Team	Sega	Metacritic=7.7; GameRankings (n=16)=7.9; MobyGames (n=5)=7.5	Metacritic users=6.1; GameFAQs community=6.7; LaunchBox community Bayesian (raw 7.2, n=70)=7.2; Legacy community=6.7
gba	sonic x volume 1	Sonic X: Volume 1
gba	space channel 5 ulala s cosmic atta	Space Channel 5: Ulala's Cosmic Atta	5.9					GameRankings (n=19)=5.9
gba	space invaders	Space Invaders	7.5	7.3	2002-03-19	Torus Games	Activision	GameRankings (n=5)=7.6; MobyGames (n=5)=7.4	GameFAQs community=7.4; LaunchBox community Bayesian (raw 7.3, n=41)=7.2
gba	space twins	Space Twins
gba	spider man	Spider-Man	7.7	7.4	2002-04-16	Digital Eclipse Software	Activision Publishing	GameRankings (n=18)=7.8; MobyGames (n=5)=7.6	GameFAQs community=7.1; LaunchBox community Bayesian (raw 7.7, n=61)=7.6; LaunchBox Community=7.4
gba	spider man mysterio s menace	Spider-Man: Mysterio's Menace	8.0	7.5	2001-09-19	Vicarious Visions	Activision	Metacritic=8.4; GameRankings (n=20)=8.0; MobyGames (n=5)=7.8	Metacritic users=8.0; GameFAQs community=7.3; LaunchBox community Bayesian (raw 7.2, n=57)=7.2; Legacy community=7.5
gba	spider man the movie	Spider-Man: The Movie
gba	spirit stallion of the cimarron	Spirit: Stallion of the Cimarron	4.2	3.9	2002	Hyperspace Cowgirls		GameRankings (n=3)=4.6; MobyGames (n=5)=3.9	GameFAQs community=3.9
gba	spirits and spells	Spirits & Spells		6.3					GameFAQs community=6.3
gba	spongebob squarepants battle for bi	SpongeBob SquarePants: Battle for Bi
gba	spongebob squarepants creature from	SpongeBob SquarePants: Creature From
gba	spongebob squarepants lights camer	SpongeBob SquarePants: Lights. Camer
gba	spongebob squarepants revenge of th	SpongeBob SquarePants: Revenge of Th
gba	spongebob squarepants supersponge	SpongeBob SquarePants: SuperSponge	6.1	6.4	2001-11-05	The Climax Group	THQ	GameRankings (n=4)=6.8; MobyGames (n=5)=5.6	GameFAQs community=5.9; LaunchBox community Bayesian (raw 6.9, n=33)=6.9; LaunchBox Community=6.4
gba	spongebob squarepants the movie	SpongeBob SquarePants: The Movie
gba	spongebob squarepants volume 1	SpongeBob SquarePants: Volume 1
gba	spongebob squarepants volume 2	SpongeBob SquarePants: Volume 2
gba	spongebob squarepants volume 3	SpongeBob SquarePants: Volume 3
gba	sports illustrated for kids baseball	Sports Illustrated for Kids: Baseball	4.5	5.9	2001-09-02	Sennari Interactive	BAM! Entertainment	GameRankings (n=4)=4.5	GameFAQs community=5.5; LaunchBox community Bayesian (raw 5.6, n=16)=6.1; LaunchBox Community=5.9
gba	sports illustrated for kids football	Sports Illustrated for Kids: Football	4.3	5.4	2003-08-31	Sennari Interactive	BAM! Entertainment	GameRankings (n=3)=4.3	GameFAQs community=5.2; LaunchBox community Bayesian (raw 5.0, n=20)=5.7; LaunchBox Community=5.4
gba	spy hunter	Spy Hunter	6.9	6.6	2002-05-14	Midway Games	Midway Home Entertainment	Metacritic=6.4; GameRankings (n=17)=6.9	GameFAQs community=7.3; LaunchBox community Bayesian (raw 5.7, n=34)=6.0; LaunchBox Community=6.6
gba	spy kids 3 d game over	Spy Kids 3-D: Game Over	5.5	4.8	2003-06-30	InLight Entertainment	Disney Interactive	GameRankings (n=3)=5.5	GameFAQs community=5.3; LaunchBox community Bayesian (raw 3.3, n=24)=4.4; LaunchBox Community=4.8
gba	spy kids challenger	Spy Kids Challenger		5.5	2002-08-21	Game Titan	Disney Interactive Studios		GameFAQs community=5.3; LaunchBox community Bayesian (raw 5.0, n=18)=5.7; LaunchBox Community=5.5
gba	spy muppets license to croak	Spy Muppets: License to Croak
gba	spyro 2 season of flame	Spyro 2: Season of Flame	7.7	7.1	2002-09-24	Digital Eclipse Software	Universal Interactive	Metacritic=7.6; GameRankings (n=21)=7.7; MobyGames (n=5)=7.6	Metacritic users=6.9; GameFAQs community=7.0; LaunchBox community Bayesian (raw 7.3, n=60)=7.3; Legacy community=7.1
gba	spyro attack of the rhynocs	Spyro: Attack of the Rhynocs	7.4	7.2	2003-10-27	Digital Eclipse Software	Universal Interactive	Metacritic=7.2; GameRankings (n=12)=7.5	Metacritic users=6.5; GameFAQs community=7.4; LaunchBox community Bayesian (raw 7.9, n=48)=7.7; Legacy community=7.2
gba	spyro orange the cortex conspiracy	Spyro Orange: The Cortex Conspiracy	5.9	5.8	2004-06-03	Vicarious Visions	Vivendi Universal Games	Metacritic=6.0; GameRankings (n=24)=5.9; MobyGames (n=5)=6.1	Metacritic users=5.0; GameFAQs community=5.7; LaunchBox community Bayesian (raw 6.8, n=50)=6.8; Legacy community=5.8
gba	spyro season of ice	Spyro: Season of Ice	7.2	6.9	2001-11-07	Digital Eclipse Software	Konami	Metacritic=7.4; GameRankings (n=23)=7.2	Metacritic users=6.8; GameFAQs community=6.4; LaunchBox community Bayesian (raw 7.4, n=69)=7.3; Legacy community=6.9
gba	srs street racing syndicate	SRS: Street Racing Syndicate	4.8	6.8	2005			GameRankings (n=4)=4.8	GameFAQs community=6.8
gba	ssx 3	SSX 3	5.8	6.0	2003-11-11	Visual Impact	Electronic Arts	Metacritic=6.3; GameRankings (n=12)=5.7	GameFAQs community=6.2; LaunchBox community Bayesian (raw 5.4, n=27)=5.8; LaunchBox Community=6.0
gba	ssx tricky	SSX Tricky	6.5	6.0	2002-10-31	Visual Impact	Electronic Arts	Metacritic=6.6; GameRankings (n=11)=6.5	GameFAQs community=5.8; LaunchBox community Bayesian (raw 5.8, n=29)=6.1; LaunchBox Community=6.0
gba	stadium games	Stadium Games		4.7	2004-11-03	Ignition Entertainment	Crave Entertainment		GameFAQs community=5.3; LaunchBox community Bayesian (raw 2.7, n=18)=4.2; LaunchBox Community=4.7
gba	star wars episode ii attack of th	Star Wars: Episode II: Attack of Th
gba	star wars episode iii revenge of th	Star Wars Episode III: Revenge of th	7.1					GameRankings (n=17)=7.1
gba	star wars flight of the falcon	Star Wars: Flight of the Falcon	4.0	5.3	2003-11-18	Pocket Studios	THQ	Metacritic=3.9; GameRankings (n=14)=4.1; MobyGames (n=5)=3.6	GameFAQs community=5.0; LaunchBox community Bayesian (raw 5.3, n=38)=5.7
gba	star wars jedi power battles	Star Wars: Jedi Power Battles	5.7	5.1	2001-12-04	HotGen Studios	THQ	Metacritic=5.8; GameRankings (n=14)=5.7	Metacritic users=4.4; GameFAQs community=5.6; LaunchBox community Bayesian (raw 5.0, n=40)=5.4; Legacy community=5.1
gba	star wars the new droid army	Star Wars: The New Droid Army	5.8	6.2	2002-11-14	Helixe	THQ	Metacritic=6.0; GameRankings (n=12)=5.9; MobyGames (n=5)=5.5	GameFAQs community=5.9; LaunchBox community Bayesian (raw 6.4, n=43)=6.5; LaunchBox Community=6.2
gba	star wars trilogy apprentice of the force	Star Wars Trilogy: Apprentice of the Force	6.4	6.9	2004-09-21	Ubisoft Entertainment	Ubisoft Entertainment	Metacritic=6.0; GameRankings (n=25)=6.5; MobyGames (n=5)=5.9	Metacritic users=6.8; GameFAQs community=6.5; LaunchBox community Bayesian (raw 7.4, n=59)=7.3; Legacy community=6.9
gba	star x	Star X	6.0	6.2	2002-04-17	Graphic State	BAM! Entertainment	Metacritic=6.0; GameRankings (n=13)=6.1; MobyGames (n=5)=5.8	Metacritic users=8.5; GameFAQs community=4.5; LaunchBox community Bayesian (raw 5.3, n=32)=5.7; Legacy community=6.2
gba	starsky and hutch	Starsky & Hutch		5.9					GameFAQs community=5.9
gba	strawberry shortcake summertime adv	Strawberry Shortcake: Summertime Adv
gba	strawberry shortcake sweet dreams	Strawberry Shortcake: Sweet Dreams		4.7	2006-09-19	Gorilla Systems	Majesco Entertainment		GameFAQs community=4.2; LaunchBox community Bayesian (raw 3.0, n=8)=5.2; LaunchBox Community=4.7
gba	strawberry shortcake volume 1	Strawberry Shortcake: Volume 1
gba	street fighter alpha 3	Street Fighter Alpha 3	8.3	7.4	2002-12-01	Crawfish Interactive	Capcom	Metacritic=8.3; GameRankings (n=22)=8.4; MobyGames (n=5)=8.2	GameFAQs community=7.7; LaunchBox community Bayesian (raw 7.2, n=76)=7.2; LaunchBox Community=7.4
gba	street jam basketball	Street Jam Basketball	3.8	5.7	2004-04-25	Prograph Research	DSI Games	Metacritic=3.5; GameRankings (n=5)=3.8	GameFAQs community=4.8; LaunchBox community Bayesian (raw 6.3, n=19)=6.5; LaunchBox Community=5.7
gba	strike force hydra	Strike Force Hydra		5.8	2004-09-22	Awesome Developments	Ignition Entertainment		GameFAQs community=5.6; LaunchBox community Bayesian (raw 5.6, n=24)=6.0; LaunchBox Community=5.8
gba	stuart little 2	Stuart Little 2	6.3	6.5	2002-07-12	Creations	Activision	Metacritic=5.9; GameRankings (n=9)=6.3	Metacritic users=7.1; GameFAQs community=6.2; LaunchBox community Bayesian (raw 5.9, n=18)=6.3; Legacy community=6.5
gba	stuntman	Stuntman	7.1	5.8	2003-06-24	Velez & Dubail	Atari	Metacritic=7.7; GameRankings (n=13)=6.9; MobyGames (n=5)=7.6	Metacritic users=6.0; GameFAQs community=6.2; LaunchBox community Bayesian (raw 4.4, n=29)=5.1; Legacy community=5.8
gba	sudoku fever	Sudoku Fever
gba	summon night	Summon Night
gba	summon night swordcraft story	Summon Night: Swordcraft Story	7.7	7.9	2006-07-26	Flight-Plan	Atlus	Metacritic=7.7; GameRankings (n=22)=7.7; MobyGames (n=5)=7.7	Metacritic users=7.9; GameFAQs community=8.1; LaunchBox community Bayesian (raw 7.9, n=64)=7.8
gba	super army war	Super Army War	6.3	6.6	2005-02-22	Neko Entertainment	Atlus	Metacritic=5.8; GameRankings (n=8)=6.4	GameFAQs community=6.7; LaunchBox community Bayesian (raw 6.3, n=28)=6.5; LaunchBox Community=6.6
gba	super bubble pop	Super Bubble Pop	6.3	5.9	2003-01-03	Runecraft	Jaleco Entertainment	GameRankings (n=5)=6.3	GameFAQs community=6.0; LaunchBox community Bayesian (raw 5.2, n=20)=5.8; LaunchBox Community=5.9
gba	super bust a move	Super Bust-A-Move	7.4	6.4	2001-11-27	Altron	Taito	Metacritic=7.7; GameRankings (n=11)=7.3; MobyGames (n=5)=7.5	GameFAQs community=6.3; LaunchBox community Bayesian (raw 6.3, n=41)=6.4; LaunchBox Community=6.4
gba	super collapse ii	Super Collapse! II		6.6	2004-03-05	pixelStorm entertainment studios	Majesco Sales		GameFAQs community=6.5; LaunchBox community Bayesian (raw 6.6, n=21)=6.7
gba	super dodgeball advance	Super Dodgeball Advance	7.9	7.5	2001-06-10	Million	Atlus	Metacritic=7.9	LaunchBox community Bayesian (raw 7.6, n=54)=7.5; LaunchBox Community=7.5
gba	super duper sumos	Super Duper Sumos	5.1	4.7	2003-10-26	Handheld Games	Midway Home Entertainment	GameRankings (n=4)=5.1	GameFAQs community=4.3; LaunchBox community Bayesian (raw 4.1, n=22)=5.0; LaunchBox Community=4.7
gba	super ghouls n ghosts	Super Ghouls 'n Ghosts	8.0	7.8	2002-09-23	Capcom	Capcom	Metacritic=7.8; GameRankings (n=24)=8.0; MobyGames (n=5)=8.0	Metacritic users=8.1; GameFAQs community=7.3; LaunchBox community Bayesian (raw 8.1, n=80)=8.0; Legacy community=7.8
gba	super hornet fa 18f	Super Hornet FA 18F		5.4	2004-11-16	UK Magic	Majesco Sales		LaunchBox community Bayesian (raw 4.5, n=18)=5.4; LaunchBox Community=5.4
gba	super mario advance	Super Mario Advance	8.2	7.7	2001-06-10	Nintendo R&D2	Nintendo	Metacritic=8.4; GameRankings (n=44)=8.2; MobyGames (n=5)=8.3	Metacritic users=7.7; GameFAQs community=7.6; LaunchBox community Bayesian (raw 7.8, n=184)=7.8
gba	super mario advance 2 super mario w	Super Mario Advance 2: Super Mario W
gba	super mario advance 2 super mario world	Super Mario Advance 2: Super Mario World		8.8	2002-02-11	Nintendo	Nintendo		LaunchBox community Bayesian (raw 8.9, n=215)=8.8; LaunchBox Community=8.8
gba	super mario advance 3 yoshi s islan	Super Mario Advance 3: Yoshi's Islan
gba	super mario advance 3 yoshi s island	Super Mario Advance 3: Yoshi's Island		8.5	2002-09-20	Nintendo R&D2	Nintendo		LaunchBox community Bayesian (raw 8.6, n=174)=8.5; LaunchBox Community=8.5
gba	super mario advance 4 super mario b	Super Mario Advance 4: Super Mario B	9.2					GameRankings (n=37)=9.2
gba	super mario advance 4 super mario bros 3	Super Mario Advance 4: Super Mario Bros. 3	9.2	8.6	2003-10-21	Nintendo EAD	Nintendo	Metacritic=9.4; GameRankings (n=37)=9.2; MobyGames (n=5)=8.9	Metacritic users=8.6; GameFAQs community=8.5; LaunchBox community Bayesian (raw 8.9, n=226)=8.8
gba	super monkey ball jr	Super Monkey Ball Jr	7.9	7.1	2002-11-19	Software Creations	THQ	Metacritic=8.2; GameRankings (n=34)=7.9; MobyGames (n=5)=7.9	Metacritic users=7.0; GameFAQs community=6.4; LaunchBox community Bayesian (raw 8.0, n=60)=7.9; Legacy community=7.1
gba	super puzzle fighter ii turbo	Super Puzzle Fighter II Turbo	8.2	6.6	2003-03-31	Capcom Co., Ltd.	Capcom	Metacritic=8.3 (n=22) | MobyGames=7.9 (n=5 min)	Metacritic users=6.6
gba	super robot monkey team volume 1	Super Robot Monkey Team: Volume 1
gba	super robot taisen original generatio	Super Robot Taisen Original Generatio
gba	super robot taisen original generation	Super Robot Taisen: Original Generation	7.2	7.1	2006-08-08	Banpresto	Atlus	Metacritic=7.2; GameRankings (n=19)=7.2; MobyGames (n=5)=7.4	Metacritic users=6.6; GameFAQs community=8.1; LaunchBox community Bayesian (raw 6.7, n=39)=6.8; Legacy community=7.1
gba	super robot taisen r	Super Robot Taisen R		7.5	2002-08-02	A.I	Banpresto		GameFAQs community=7.8; LaunchBox community Bayesian (raw 7.5, n=6)=7.2
gba	super street fighter ii turbo revival	Super Street Fighter II Turbo: Revival	8.3	7.5	2001-10-30	Capcom Production Studio 3	Capcom	Metacritic=8.4; GameRankings (n=29)=8.3; MobyGames (n=5)=8.1	Metacritic users=7.2; GameFAQs community=7.7; LaunchBox community Bayesian (raw 7.7, n=83)=7.6; Legacy community=7.5
gba	superman countdown to apokolips	Superman: Countdown to Apokolips		6.1	2003-03-26	Mistic Software	Atari		GameFAQs community=5.8; LaunchBox community Bayesian (raw 6.1, n=25)=6.4
gba	sword of mana	Sword of Mana	7.1	7.6	2003-12-01	Brownie Brown	Nintendo	Metacritic=7.2; GameRankings (n=35)=7.0	Metacritic users=8.4; GameFAQs community=7.3; LaunchBox community Bayesian (raw 7.2, n=106)=7.2; Legacy community=7.6
gba	tactics ogre the knight of lodis	Tactics Ogre: The Knight of Lodis	8.4	8.2	2002-05-11	Quest	Nintendo	Metacritic=8.8; GameRankings (n=26)=8.4; MobyGames (n=5)=8.8	Metacritic users=8.4; GameFAQs community=8.2; LaunchBox community Bayesian (raw 8.0, n=84)=7.9; Legacy community=8.2
gba	tak 2 the staff of dreams	Tak 2: The Staff of Dreams	5.6	5.9	2004-10-11	Helixe	THQ	GameRankings (n=7)=5.6	GameFAQs community=5.6; LaunchBox community Bayesian (raw 6.0, n=27)=6.3; LaunchBox Community=5.9
gba	tak and the power of juju	Tak and the Power of Juju	6.3	6.5	2003-10-15	Helixe	THQ	Metacritic=7.9; GameRankings (n=21)=6.3	Metacritic users=7.2; GameFAQs community=5.7; LaunchBox community Bayesian (raw 6.6, n=32)=6.7; Legacy community=6.5
gba	tak the great juju challenge	Tak: The Great Juju Challenge	6.1	5.8	2005-09-19	WayForward Technologies	THQ	GameRankings (n=4)=6.1	GameFAQs community=5.4; LaunchBox community Bayesian (raw 5.9, n=26)=6.2; LaunchBox Community=5.8
gba	tales of phantasia	Tales of Phantasia	7.3	7.6	2006-03-06	Namco Tales Studio	Namco	Metacritic=7.6; GameRankings (n=32)=7.3	Metacritic users=8.0; GameFAQs community=7.6; LaunchBox community Bayesian (raw 7.3, n=57)=7.3
gba	tang tang	Tang Tang	5.7	5.5	2001-08-28	GameVision	Take-Two Interactive Software	Metacritic=5.6; GameRankings (n=11)=5.7	GameFAQs community=6.1; LaunchBox community Bayesian (raw 4.2, n=31)=4.9; LaunchBox Community=5.5
gba	teen titans	Teen Titans	6.0	7.2	2005-10-16	Artificial Mind & Movement	Majesco Entertainment	Metacritic=6.1; GameRankings (n=10)=6.0	Metacritic users=7.5; GameFAQs community=7.2; LaunchBox community Bayesian (raw 7.0, n=37)=7.0
gba	teen titans 2 the brotherhood s rev	Teen Titans 2: The Brotherhood's Rev
gba	teenage mutant ninja turtles	Teenage Mutant Ninja Turtles	7.0	7.7	2003-10-21	Konami	Konami	GameRankings (n=21)=7.0	GameFAQs community=7.4; LaunchBox community Bayesian (raw 8.0, n=77)=7.9; LaunchBox Community=7.7
gba	teenage mutant ninja turtles 2 batt	Teenage Mutant Ninja Turtles 2: Batt
gba	teenage mutant ninja turtles 2 battle nexus	Teenage Mutant Ninja Turtles 2: Battle Nexus	6.2	7.8	2004-10-19	Konami	Konami	Metacritic=6.5; GameRankings (n=13)=6.1	Metacritic users=8.8; GameFAQs community=7.4; LaunchBox community Bayesian (raw 7.3, n=65)=7.3; Legacy community=7.8
gba	teenage mutant ninja turtles double p	Teenage Mutant Ninja Turtles Double P
gba	teenage mutant ninja turtles volume	Teenage Mutant Ninja Turtles: Volume
gba	tekken advance	Tekken Advance	8.0	7.4	2002-01-28	Eighting	Namco	Metacritic=8.2; GameRankings (n=24)=7.9; MobyGames (n=5)=8.2	Metacritic users=7.7; GameFAQs community=7.1; LaunchBox community Bayesian (raw 7.5, n=68)=7.4; Legacy community=7.4
gba	ten pin alley 2	Ten Pin Alley 2		5.4	2004-04-26	Pronto Games	XS Games		GameFAQs community=5.3; LaunchBox community Bayesian (raw 4.7, n=24)=5.4; LaunchBox Community=5.4
gba	terminator 3 rise of the machines	Terminator 3: Rise of the Machines	5.0	5.0	2003-11-18	Taniko	Atari	Metacritic=5.0; GameRankings (n=18)=4.9; MobyGames (n=5)=5.3	GameFAQs community=4.4; LaunchBox community Bayesian (raw 4.9, n=29)=5.4; LaunchBox Community=5.0
gba	tetris worlds	Tetris Worlds	6.5	7.1	2001-09-05	3d6 Games	THQ	Metacritic=6.5; GameRankings (n=18)=6.5	Metacritic users=7.6; GameFAQs community=6.9; LaunchBox community Bayesian (raw 6.9, n=50)=6.9; Legacy community=7.1
gba	texas hold em poker	Texas Hold 'Em Poker	5.2	5.3	2004-11-01	Skyworks Technologies	Majesco Sales	GameRankings (n=4)=5.2	GameFAQs community=5.2; LaunchBox community Bayesian (raw 4.7, n=23)=5.4; LaunchBox Community=5.3
gba	the amazing virtual sea monkeys	The Amazing Virtual Sea Monkeys		4.0	2002-01-01	ELO Interactive Media	Conspiracy Entertainment		GameFAQs community=2.8; LaunchBox community Bayesian (raw 4.6, n=29)=5.2; LaunchBox Community=4.0
gba	the ant bully	The Ant Bully	5.6	5.7	2006-07-24	Artificial Mind & Movement	Midway Home Entertainment	GameRankings (n=4)=5.6	GameFAQs community=4.8; LaunchBox community Bayesian (raw 6.4, n=27)=6.6; LaunchBox Community=5.7
gba	the barbie diaries high school mys	The Barbie Diaries: High School Mys
gba	the berenstain bears and the spooky old tree	The Berenstain Bears and the Spooky Old Tree		6.3	2005-09-20	Program Ace	Namco Hometek		GameFAQs community=6.0; LaunchBox community Bayesian (raw 6.2, n=17)=6.5; LaunchBox Community=6.3
gba	the bible game	The Bible Game		5.5	2005-10-25	Alpine Studios	Crave Entertainment		GameFAQs community=5.0; LaunchBox community Bayesian (raw 5.4, n=23)=5.9; LaunchBox Community=5.5
gba	the cheetah girls	The Cheetah Girls		4.9	2006-09-26	Gorilla Systems	Buena Vista Games		GameFAQs community=4.1; LaunchBox community Bayesian (raw 5.0, n=17)=5.7; LaunchBox Community=4.9
gba	the chronicles of narnia	The Chronicles of Narnia
gba	the fairly odd parents breakin d	The Fairly Odd Parents!: Breakin' d
gba	the fairly odd parents clash with	The Fairly Odd Parents!: Clash With
gba	the fairly odd parents enter the	The Fairly Odd Parents!: Enter the
gba	the fairly odd parents shadow sho	The Fairly Odd Parents!: Shadow Sho
gba	the fairly odd parents volume 1	The Fairly Odd Parents!: Volume 1
gba	the fairly odd parents volume 2	The Fairly Odd Parents!: Volume 2
gba	the flintstones big trouble in bed	The Flintstones: Big Trouble in Bed
gba	the hobbit	The Hobbit
gba	the incredible hulk	The Incredible Hulk	5.8	5.9	2003-05-27	Pocket Studios	Universal Interactive	Metacritic=5.7; GameRankings (n=22)=5.7; MobyGames (n=5)=6.0	Metacritic users=6.2; GameFAQs community=5.6; LaunchBox community Bayesian (raw 5.4, n=35)=5.8; Legacy community=5.9
gba	the incredibles	The Incredibles	5.3	6.3	2004-11-01	Helixe	THQ	GameRankings (n=16)=5.3; MobyGames (n=5)=5.5	LaunchBox community Bayesian (raw 6.2, n=45)=6.3; LaunchBox Community=6.3
gba	the incredibles rise of the underm	The Incredibles: Rise of the Underm
gba	the invincible iron man	The Invincible Iron Man
gba	the king of fighters ex neoblood	The King of Fighters EX: NeoBlood	7.7	7.8	2002-12-31	Artoon	Marvelous Entertainment	Metacritic=8.0; MobyGames (n=5)=7.6	LaunchBox community Bayesian (raw 7.9, n=52)=7.8; LaunchBox Community=7.8
gba	the king of fighters ex2 howling b	The King of Fighters EX2: Howling B
gba	the koala brothers outback adventu	The Koala Brothers: Outback Adventu
gba	the land before time	The Land Before Time		5.7					GameFAQs community=5.7; Legacy community=5.7
gba	the land before time into the myst	The Land Before Time: Into the Myst
gba	the legend of spyro a new beginnin	The Legend of Spyro: A New Beginnin
gba	the legend of zelda a link to the	The Legend of Zelda: A Link To The
gba	the legend of zelda a link to the past and four swords	The Legend of Zelda: A Link to the Past & Four Swords		8.9	2002-12-02	Nintendo	Nintendo		LaunchBox community Bayesian (raw 9.0, n=242)=8.9; LaunchBox Community=8.9
gba	the legend of zelda the minish cap	The Legend of Zelda: The Minish Cap	9.0	8.7	2005-01-10	Capcom	Nintendo	Metacritic=8.9; GameRankings (n=67)=9.0; MobyGames (n=5)=8.8	Metacritic users=8.8; GameFAQs community=8.4; LaunchBox community Bayesian (raw 9.0, n=491)=9.0; Legacy community=8.7
gba	the lord of the rings the fellowsh	The Lord of the Rings: The Fellowsh
gba	the lord of the rings the return o	The Lord of the Rings: The Return o
gba	the lord of the rings the third ag	The Lord of the Rings: The Third Ag
gba	the lord of the rings the two towe	The Lord of the Rings: The Two Towe
gba	the lost vikings	The Lost Vikings	7.7	7.4	2003-03-30	Blizzard Entertainment	Blizzard Entertainment	Metacritic=7.5; GameRankings (n=21)=7.7; MobyGames (n=5)=7.8	Metacritic users=7.7; GameFAQs community=7.7; LaunchBox community Bayesian (raw 6.8, n=38)=6.8; Legacy community=7.4
gba	the mummy	The Mummy	6.6	6.8	2002-11-22	Ubi Soft Studios	Ubi Soft Entertainment Software	GameRankings (n=3)=6.6	GameFAQs community=6.7; LaunchBox community Bayesian (raw 6.8, n=19)=6.9
gba	the muppets on with the show	The Muppets: On with the Show!	4.6	6.5	2003-04-05	Vicarious Visions	TDK Mediactive	GameRankings (n=3)=4.8; MobyGames (n=5)=4.4	LaunchBox community Bayesian (raw 6.3, n=22)=6.5; LaunchBox Community=6.5
gba	the pinball of the dead	The Pinball of the Dead	7.8	7.0	2002-06-16	WOW Entertainment	Sega	Metacritic=7.9; GameRankings (n=25)=7.8; MobyGames (n=5)=7.8	Metacritic users=6.8; GameFAQs community=7.2; LaunchBox community Bayesian (raw 7.1, n=65)=7.1; Legacy community=7.0
gba	the polar express	The Polar Express	4.4	5.2	2004-11-02	Tantalus Interactive	THQ	GameRankings (n=5)=4.8; MobyGames (n=5)=4.0	GameFAQs community=5.8; LaunchBox community Bayesian (raw 4.0, n=30)=4.8; LaunchBox Community=5.2
gba	the powerpuff girls him and seek	The Powerpuff Girls: Him and Seek	6.3	6.5	2002-11-05	Vicarious Visions	BAM! Entertainment	GameRankings (n=3)=6.9; MobyGames (n=5)=6.0	GameFAQs community=6.2; LaunchBox community Bayesian (raw 6.7, n=27)=6.8; LaunchBox Community=6.5
gba	the powerpuff girls mojo jojo a go	The Powerpuff Girls: Mojo Jojo A-Go	6.3					GameRankings (n=13)=6.3
gba	the proud family	The Proud Family		5.7	2005-11-13	Gorilla Systems	Buena Vista Games		GameFAQs community=5.5; LaunchBox community Bayesian (raw 5.2, n=19)=5.8; LaunchBox Community=5.7
gba	the revenge of shinobi	The Revenge of Shinobi	4.7	5.5	2002-11-19	3d6 Games	Sega	Metacritic=5.1; GameRankings (n=14)=4.8; MobyGames (n=5)=4.4	GameFAQs community=5.3; LaunchBox community Bayesian (raw 5.4, n=45)=5.7; LaunchBox Community=5.5
gba	the ripping friends	The Ripping Friends
gba	the santa clause 3 the escape clau	The Santa Clause 3: The Escape Clau
gba	the scorpion king sword of osiris	The Scorpion King: Sword of Osiris	7.2	7.3	2002-03-31	WayForward Technologies	Universal Interactive	Metacritic=7.2; GameRankings (n=15)=7.2	Metacritic users=8.8; GameFAQs community=6.5; LaunchBox community Bayesian (raw 6.5, n=30)=6.6; Legacy community=7.3
gba	the simpsons road rage	The Simpsons: Road Rage	5.4	6.9	2003-06-30	Altron	THQ	Metacritic=5.5; GameRankings (n=19)=5.2; MobyGames (n=5)=6.0	GameFAQs community=6.3; LaunchBox community Bayesian (raw 7.5, n=46)=7.4; LaunchBox Community=6.9
gba	the sims 2	The Sims 2	5.8	7.2	2005-10-24	Maxis	Electronic Arts	Metacritic=5.8; GameRankings (n=11)=5.8	Metacritic users=8.0; GameFAQs community=6.6; LaunchBox community Bayesian (raw 7.0, n=36)=7.0; Legacy community=7.2
gba	the sims bustin out	The Sims: Bustin' Out	7.8	7.5	2003-12-02	Griptonite	Electronic Arts	GameRankings (n=24)=7.8; MobyGames (n=5)=7.8	GameFAQs community=7.4; LaunchBox community Bayesian (raw 7.6, n=44)=7.5; LaunchBox Community=7.5
gba	the suite life of zack and cody ti	The Suite Life of Zack and Cody: Ti
gba	the sum of all fears	The Sum of All Fears	6.8	6.3	2002-11-05	Crawfish Interactive	Ubi Soft Entertainment Software	Metacritic=6.9; GameRankings (n=11)=6.8	GameFAQs community=6.7; LaunchBox community Bayesian (raw 5.4, n=20)=5.9; LaunchBox Community=6.3
gba	the three stooges	The Three Stooges	5.5	6.3	2002-03-31	Cinemaware	Metro3D	Metacritic=5.3; GameRankings (n=9)=5.4; MobyGames (n=5)=5.7	Metacritic users=7.2; GameFAQs community=5.0; LaunchBox community Bayesian (raw 6.5, n=21)=6.7; Legacy community=6.3
gba	the tower sp	The Tower SP	6.4	7.1	2006-03-21	VIVARIUM	Nintendo	Metacritic=6.2; GameRankings (n=14)=6.5	GameFAQs community=7.5; LaunchBox community Bayesian (raw 6.6, n=19)=6.7; LaunchBox Community=7.1
gba	the urbz sims in the city	The Urbz: Sims in the City	6.9	7.4	2004-11-09	Griptonite	Electronic Arts	GameRankings (n=13)=6.9	GameFAQs community=7.7; LaunchBox community Bayesian (raw 7.0, n=42)=7.0; LaunchBox Community=7.4
gba	the wild	The Wild	5.8	6.1	2006	Climax Group Limited		MobyGames (n=5)=5.8	GameFAQs community=6.1; Legacy community=6.1
gba	the wild thornberrys chimp chase	The Wild Thornberrys: Chimp Chase		5.6	2001-10-05	Helixe	THQ		GameFAQs community=5.1; LaunchBox community Bayesian (raw 5.5, n=22)=6.0; LaunchBox Community=5.6
gba	the wild thornberrys the movie	The Wild Thornberrys: The Movie
gba	thunder alley	Thunder Alley	2.1	4.4	2004-06-11	Pronto Games	XS Games	GameRankings (n=3)=2.1	GameFAQs community=4.5; LaunchBox community Bayesian (raw 3.0, n=22)=4.2; LaunchBox Community=4.4
gba	thunderbirds	Thunderbirds	4.6	5.5	2004-08-10	Saffire	Vivendi Universal Games	Metacritic=4.7; GameRankings (n=15)=4.6	GameFAQs community=5.3; LaunchBox community Bayesian (raw 5.0, n=19)=5.7; LaunchBox Community=5.5
gba	tiger woods pga tour 2002	Tiger Woods PGA Tour 2002
gba	tiger woods pga tour golf	Tiger Woods PGA Tour Golf	5.5	5.4	2002-05-29	Rebellion Developments	Destination Software	GameRankings (n=5)=5.2; MobyGames (n=5)=5.8	GameFAQs community=3.8; LaunchBox community Bayesian (raw 6.9, n=15)=6.9; LaunchBox Community=5.4
gba	tim burton s the nightmare before chr	Tim Burton's The Nightmare Before Chr
gba	tiny toon adventures scary dreams	Tiny Toon Adventures: Scary Dreams		7.5	2002-07-05	Treasure	Conspiracy Entertainment		LaunchBox community Bayesian (raw 7.6, n=46)=7.5; LaunchBox Community=7.5
gba	tiny toon adventures wacky stackers	Tiny Toon Adventures: Wacky Stackers	5.8	7.0	2002-05-04	Warthog	Conspiracy Entertainment	GameRankings (n=3)=5.8	GameFAQs community=7.5; LaunchBox community Bayesian (raw 6.3, n=26)=6.5; LaunchBox Community=7.0
gba	tmnt	TMNT	7.6	7.9	2007-03-20	Ubisoft Entertainment	Ubisoft Entertainment	Metacritic=8.0; GameRankings (n=10)=7.6; MobyGames (n=5)=7.4	Metacritic users=8.0; GameFAQs community=8.0; LaunchBox community Bayesian (raw 8.0, n=68)=7.9; Legacy community=7.9
gba	tokyo xtreme racer advance	Tokyo Xtreme Racer Advance	6.4	6.1	2005-04-20	David A. Palmer Productions	Crave Entertainment	GameRankings (n=4)=6.4	GameFAQs community=6.0; LaunchBox community Bayesian (raw 5.8, n=32)=6.1; LaunchBox Community=6.1
gba	tom and jerry in infurnal escape	Tom and Jerry in Infurnal Escape	6.4	5.9	2003-03-14	CinéGroupe Interactive	NewKidCo	GameRankings (n=3)=6.4	GameFAQs community=5.6; LaunchBox community Bayesian (raw 6.0, n=28)=6.3; LaunchBox Community=5.9
gba	tom and jerry the magic ring	Tom and Jerry: The Magic Ring	6.0	5.5	2001-11-01	Cave Barn Studios	NewKidCo	GameRankings (n=3)=7.1; MobyGames (n=5)=5.3	GameFAQs community=5.7; LaunchBox community Bayesian (raw 5.0, n=32)=5.5; LaunchBox Community=5.5
gba	tom clancy s splinter cell	Tom Clancy's Splinter Cell	7.7	6.9	2003-04-27	Ubi Soft Entertainment	Ubi Soft Entertainment Software	Metacritic=7.7; GameRankings (n=29)=7.7; MobyGames (n=5)=7.8	Metacritic users=6.8; GameFAQs community=7.4; LaunchBox community Bayesian (raw 6.5, n=32)=6.6; Legacy community=6.9
gba	tom clancy s splinter cell pandora tomorrow	Tom Clancy's Splinter Cell: Pandora Tomorrow	6.7	6.9	2004-03-24	Ubisoft Entertainment	Ubisoft Entertainment	Metacritic=6.8; GameRankings (n=20)=6.7	Metacritic users=6.5; GameFAQs community=7.4; LaunchBox community Bayesian (raw 6.8, n=26)=6.9; Legacy community=6.9
gba	tomato adventure	Tomato Adventure		7.7	2002-01-25	AlphaDream	Nintendo		GameFAQs community=8.0; LaunchBox community Bayesian (raw 7.7, n=14)=7.4
gba	tomb raider the prophecy	Tomb Raider: The Prophecy
gba	tony hawk s american sk8land	Tony Hawk's American Sk8land	6.8	6.5	2005-10-18	Vicarious Visions	Activision	Metacritic=6.4; GameRankings (n=8)=6.9	GameFAQs community=6.1; LaunchBox community Bayesian (raw 6.8, n=29)=6.9; LaunchBox Community=6.5
gba	tony hawk s pro skater 3	Tony Hawk's Pro Skater 3	8.8	6.5	2002-03-04	Vicarious Visions	Activision	Metacritic=9.0; GameRankings (n=27)=8.8; MobyGames (n=5)=8.8	Metacritic users=6.4; GameFAQs community=6.6; LaunchBox community Bayesian (raw 6.3, n=47)=6.4; Legacy community=6.5
gba	tony hawk s pro skater 4	Tony Hawk's Pro Skater 4	8.7	6.2	2002-10-23	Vicarious Visions	Activision	Metacritic=8.5; GameRankings (n=12)=8.8; MobyGames (n=5)=8.7	Metacritic users=5.1; GameFAQs community=6.6; LaunchBox community Bayesian (raw 7.0, n=41)=7.0; Legacy community=6.2
gba	tony hawk s underground	Tony Hawk's Underground	8.8	6.6	2003-10-27	Vicarious Visions	Activision	Metacritic=8.6; GameRankings (n=8)=8.8; MobyGames (n=5)=8.8	GameFAQs community=6.2; LaunchBox community Bayesian (raw 6.9, n=40)=6.9; LaunchBox Community=6.6
gba	top gear gt championship	Top Gear GT Championship	5.5	6.0	2001-07-09	Vision Works	Kemco	GameRankings (n=5)=5.5; MobyGames (n=5)=5.5	GameFAQs community=5.3; LaunchBox community Bayesian (raw 6.5, n=26)=6.6; LaunchBox Community=6.0
gba	top gear rally	Top Gear Rally	7.7	7.2	2003-10-28	Tantalus Interactive	Nintendo	Metacritic=7.8; GameRankings (n=12)=7.7; MobyGames (n=5)=7.6	GameFAQs community=7.0; LaunchBox community Bayesian (raw 7.6, n=25)=7.4; LaunchBox Community=7.2
gba	top gun combat zones	Top Gun: Combat Zones		6.0	2004-12-01	Titus Software	Mastiff		GameFAQs community=6.4; LaunchBox community Bayesian (raw 5.0, n=21)=5.6; LaunchBox Community=6.0
gba	top gun firestorm advance	Top Gun: Firestorm Advance		5.9	2002-11-26	Fluid Studios	Titus France		GameFAQs community=5.7; LaunchBox community Bayesian (raw 5.6, n=22)=6.0; LaunchBox Community=5.9
gba	top spin 2	Top Spin 2	6.0	6.0	2006-03-29	Magic Pockets	2K Games	GameRankings (n=4)=6.0	GameFAQs community=6.3; LaunchBox community Bayesian (raw 5.1, n=26)=5.6; LaunchBox Community=6.0
gba	totally spies	Totally Spies!		6.3	2005-11-15	Mistic Software	Atari		GameFAQs community=5.8; LaunchBox community Bayesian (raw 6.8, n=23)=6.9; LaunchBox Community=6.3
gba	tringo	Tringo	5.8	5.5	2006-05-16	David A. Palmer Productions	Liquid Games	GameRankings (n=3)=5.8	GameFAQs community=5.8; LaunchBox community Bayesian (raw 4.3, n=18)=5.3; LaunchBox Community=5.5
gba	trollz hair affair	Trollz: Hair Affair!	5.9	4.8	2005-11-01	Powerhead Games	Ubisoft Entertainment	GameRankings (n=6)=5.9	GameFAQs community=4.4; LaunchBox community Bayesian (raw 4.2, n=20)=5.1; LaunchBox Community=4.8
gba	tron 2 0 killer app	Tron 2.0: Killer App	6.7	6.9	2004-10-20	Digital Eclipse Software	Buena Vista Interactive	GameRankings (n=19)=6.7	GameFAQs community=6.6; LaunchBox community Bayesian (raw 7.2, n=26)=7.1; LaunchBox Community=6.9
gba	turbo turtle adventure	Turbo Turtle Adventure	6.9	6.9	2002-10-07	Iridon Interactive	Majesco Sales	Metacritic=7.0; GameRankings (n=10)=6.9	GameFAQs community=7.1; LaunchBox community Bayesian (raw 6.6, n=22)=6.7; LaunchBox Community=6.9
gba	turok evolution	Turok: Evolution	7.2	7.1	2002-09-01	RFX Interactive	Acclaim Entertainment	Metacritic=7.2; GameRankings (n=15)=7.2	Metacritic users=7.4; GameFAQs community=6.5; LaunchBox community Bayesian (raw 7.5, n=47)=7.4; Legacy community=7.1
gba	tweety and the magic gems	Tweety & The Magic Gems	4.3	6.1	2001-07-09	Kotobuki System	Kemco	GameRankings (n=7)=4.3	GameFAQs community=5.9; LaunchBox community Bayesian (raw 6.1, n=27)=6.3
gba	ty the tasmanian tiger 2 bush rescue	Ty the Tasmanian Tiger 2: Bush Rescue	6.7	6.3	2004-10-12	Halfbrick Studios	Electronic Arts	Metacritic=6.3; GameRankings (n=10)=6.8	Metacritic users=5.8; GameFAQs community=6.6; LaunchBox community Bayesian (raw 6.2, n=25)=6.4; Legacy community=6.3
gba	ty the tasmanian tiger 3 night of t	Ty the Tasmanian Tiger 3: Night of t
gba	ultimate arcade games	Ultimate Arcade Games		5.6	2005-10-17	Nocturnal Entertainment Australia	Telegames		GameFAQs community=5.8; LaunchBox community Bayesian (raw 4.6, n=19)=5.4; LaunchBox Community=5.6
gba	ultimate beach soccer	Ultimate Beach Soccer		6.5	2003-11-03	Magic Pockets	Wanadoo Edition		GameFAQs community=6.0; LaunchBox community Bayesian (raw 6.8, n=22)=6.9; LaunchBox Community=6.5
gba	ultimate brain games	Ultimate Brain Games	8.1	7.1	2003-03-18	Cosmigo	Telegames	Metacritic=8.0; GameRankings (n=7)=8.1	GameFAQs community=6.9; LaunchBox community Bayesian (raw 7.4, n=24)=7.3; LaunchBox Community=7.1
gba	ultimate card games	Ultimate Card Games	9.1	6.8	2004-12-31	Cosmigo	Telegames	Metacritic=8.7; GameRankings (n=4)=9.2	GameFAQs community=6.9; LaunchBox community Bayesian (raw 6.5, n=13)=6.7; LaunchBox Community=6.8
gba	ultimate muscle the path of the sup	Ultimate Muscle: The Path of the Sup
gba	ultimate puzzle games	Ultimate Puzzle Games		6.2	2005-11-14	Telegames	Telegames		GameFAQs community=6.5; LaunchBox community Bayesian (raw 5.5, n=16)=6.1; LaunchBox Community=6.2
gba	ultimate spider man	Ultimate Spider-Man	6.3	7.7	2005-09-22	Vicarious Visions	Activision	GameRankings (n=6)=6.3	GameFAQs community=7.6; LaunchBox community Bayesian (raw 7.9, n=39)=7.7; LaunchBox Community=7.7
gba	ultimate winter games	Ultimate Winter Games		6.4	2003-12-04	Sproing Interactive Media	Telegames		GameFAQs community=6.8; LaunchBox community Bayesian (raw 5.7, n=21)=6.1; LaunchBox Community=6.4
gba	unfabulous	Unfabulous		5.6	2006-09-25	WayForward Technologies	THQ		GameFAQs community=5.2; LaunchBox community Bayesian (raw 5.2, n=17)=5.9; LaunchBox Community=5.6
gba	uno 52	Uno 52		5.4	2006-10-03	Black Lantern Studios	DSI Games		GameFAQs community=6.7; LaunchBox community Bayesian (raw 2.8, n=22)=4.1; LaunchBox Community=5.4
gba	urban yeti	Urban Yeti!	6.9	5.2	2002-08-16	Cave Barn Studios	Telegames	GameRankings (n=7)=6.9	GameFAQs community=4.9; LaunchBox community Bayesian (raw 4.7, n=21)=5.4; LaunchBox Community=5.2
gba	v i p	V.I.P.		4.3	2002-10-01	Planet Interactive Development	Ubi Soft Entertainment Software		GameFAQs community=2.2; LaunchBox community Bayesian (raw 5.8, n=13)=6.3; LaunchBox Community=4.3
gba	v rally 3	V-Rally 3	8.0	7.4	2002-09-30	Velez & Dubail Dev. Team	Atari	Metacritic=8.2; GameRankings (n=18)=8.0; MobyGames (n=5)=8.3	Metacritic users=7.8; GameFAQs community=7.5; LaunchBox community Bayesian (raw 7.0, n=34)=7.0; Legacy community=7.4
gba	van helsing	Van Helsing	3.5	6.1	2004-05-06	Saffire	VU Games	Metacritic=3.3; GameRankings (n=14)=3.7; MobyGames (n=5)=3.2	GameFAQs community=5.4; LaunchBox community Bayesian (raw 6.6, n=22)=6.7; LaunchBox Community=6.1
gba	veggietales larryboy and the bad ap	VeggieTales: LarryBoy and the Bad Ap	7.2					GameRankings (n=6)=7.2
gba	virtua tennis	Virtua Tennis	7.7	7.4	2002-10-08	Altron	THQ	Metacritic=8.3; GameRankings (n=19)=7.6; MobyGames (n=5)=8.0	GameFAQs community=7.4; LaunchBox community Bayesian (raw 7.4, n=47)=7.3
gba	virtual kasparov	Virtual Kasparov	6.9	6.6	2002-04-05	Titus Software	Titus Software	GameRankings (n=10)=6.9	GameFAQs community=5.6; LaunchBox community Bayesian (raw 7.9, n=25)=7.6; LaunchBox Community=6.6
gba	wade hixton s counter punch	Wade Hixton's Counter Punch	7.6	7.2	2004-03-15	Inferno Games	Destination Software	Metacritic=7.8; GameRankings (n=10)=7.6; MobyGames (n=5)=7.6	Metacritic users=7.8; GameFAQs community=7.0; LaunchBox community Bayesian (raw 6.8, n=40)=6.8; Legacy community=7.2
gba	wakeboarding unleashed featuring shau	Wakeboarding Unleashed featuring Shau
gba	walt disney s the jungle book	Walt Disney's The Jungle Book	5.4	6.5	2003			GameRankings (n=5)=5.4	GameFAQs community=6.5
gba	wario land 4	Wario Land 4	8.6	8.4	2001-11-18	Nintendo R&D1	Nintendo	Metacritic=8.8; GameRankings (n=32)=8.5; MobyGames (n=5)=8.8	Metacritic users=8.8; GameFAQs community=8.0; LaunchBox community Bayesian (raw 8.5, n=200)=8.4; Legacy community=8.4
gba	warioware inc	WarioWare Inc.
gba	warioware inc mega microgame	WarioWare, Inc.: Mega Microgame$!	8.9	8.3	2003-05-26	Nintendo R&D1	Nintendo	Metacritic=8.9; GameRankings (n=54)=8.9; MobyGames (n=5)=8.8	Metacritic users=8.5; GameFAQs community=8.2; LaunchBox community Bayesian (raw 8.4, n=184)=8.3; Legacy community=8.3
gba	warioware twisted	WarioWare: Twisted!	8.8	8.0	2005-05-23	Intelligent Systems	Nintendo	Metacritic=8.8; GameRankings (n=40)=8.8; MobyGames (n=5)=8.7	Metacritic users=8.6; GameFAQs community=8.2; LaunchBox community Bayesian (raw 7.5, n=65)=7.4; Legacy community=8.0
gba	whac a mole	Whac-A-Mole		6.1	2005-09-20	DC Studios	Activision Value Publishing		GameFAQs community=6.8; LaunchBox community Bayesian (raw 4.5, n=16)=5.5; LaunchBox Community=6.1
gba	wing commander prophecy	Wing Commander: Prophecy	6.3	7.4	2003-06-04	Raylight Studios	Destination Software	Metacritic=7.0; GameRankings (n=11)=6.2	Metacritic users=9.2; GameFAQs community=6.8; LaunchBox community Bayesian (raw 5.9, n=33)=6.2; Legacy community=7.4
gba	wings	Wings	6.6	6.4	2003-02-13	Crawfish Interactive	Metro3D	Metacritic=7.2; GameRankings (n=12)=6.6	GameFAQs community=6.3; LaunchBox community Bayesian (raw 6.2, n=24)=6.4; LaunchBox Community=6.4
gba	winnie the pooh s rumbly tumbly adven	Winnie the Pooh's Rumbly Tumbly Adven
gba	winx club	WinX Club		6.0	2005-11-15	Rainbow Studios	Konami		GameFAQs community=5.3; LaunchBox community Bayesian (raw 6.6, n=23)=6.7; LaunchBox Community=6.0
gba	wolfenstein 3d	Wolfenstein 3D	5.9	7.2	2002-03-31	Stalker Entertainment	BAM! Entertainment	Metacritic=5.7; GameRankings (n=9)=6.0; MobyGames (n=5)=5.6	Metacritic users=7.9; GameFAQs community=7.0; LaunchBox community Bayesian (raw 6.7, n=48)=6.8; Legacy community=7.2
gba	woody woodpecker in crazy castle 5	Woody Woodpecker in Crazy Castle 5		5.2	2003-12-02	Tantalus Interactive	Kemco		GameFAQs community=5.7; LaunchBox community Bayesian (raw 3.9, n=28)=4.7; LaunchBox Community=5.2
gba	world championship poker	World Championship Poker	6.8	5.6	2004-11-03	Sensory Sweep Studios	Crave Entertainment	GameRankings (n=5)=6.8	GameFAQs community=5.4; LaunchBox community Bayesian (raw 5.2, n=24)=5.7; LaunchBox Community=5.6
gba	world poker tour	World Poker Tour		7.0	2005-10-18	Backbone Entertainment	2K Games		GameFAQs community=6.3; LaunchBox community Bayesian (raw 8.0, n=18)=7.6; LaunchBox Community=7.0
gba	world tennis stars	World Tennis Stars		5.1	2004-11-22	Awesome Developments	Ignition Entertainment		GameFAQs community=5.2; LaunchBox community Bayesian (raw 4.3, n=24)=5.1; LaunchBox Community=5.1
gba	worms world party	Worms World Party	6.4	5.6	2002-09-26	Fluid Studios	Ubi Soft Entertainment Software	GameRankings (n=4)=6.4	GameFAQs community=5.7; LaunchBox community Bayesian (raw 5.1, n=41)=5.5; LaunchBox Community=5.6
gba	wta tour tennis	WTA Tour Tennis	6.4	5.8	2002-05-31	Konami	Konami	Metacritic=6.6; GameRankings (n=11)=6.3	GameFAQs community=5.4; LaunchBox community Bayesian (raw 6.0, n=31)=6.2; LaunchBox Community=5.8
gba	wwe road to wrestlemania x8	WWE Road to WrestleMania X8	6.5	6.8	2002-10-23	Natsume	THQ	Metacritic=7.3; GameRankings (n=10)=6.4	Metacritic users=7.3; GameFAQs community=6.0; LaunchBox community Bayesian (raw 7.0, n=23)=7.0; Legacy community=6.8
gba	wwe survivor series	WWE Survivor Series	5.3	6.2	2004-10-12	Natsume	THQ	Metacritic=5.5; GameRankings (n=13)=5.3	GameFAQs community=6.0; LaunchBox community Bayesian (raw 6.3, n=27)=6.5; LaunchBox Community=6.2
gba	wwf road to wrestlemania	WWF Road to WrestleMania	6.2	5.9	2001-11-18	Natsume	THQ	Metacritic=6.2; GameRankings (n=13)=6.2	GameFAQs community=5.4; LaunchBox community Bayesian (raw 6.3, n=38)=6.4; LaunchBox Community=5.9
gba	x bladez inline skater	X-Bladez: Inline Skater		5.2	2003-03-30	The Code Monkeys	Crave Entertainment		GameFAQs community=4.3; LaunchBox community Bayesian (raw 5.6, n=21)=6.1; LaunchBox Community=5.2
gba	x men 2 wolverine s revenge	X-Men 2: Wolverine's Revenge
gba	x men reign of apocalypse	X-Men: Reign of Apocalypse	5.9	6.3	2001-09-25	Digital Eclipse Software	Activision Publishing	Metacritic=6.1; GameRankings (n=16)=5.9	Metacritic users=7.0; GameFAQs community=5.8; LaunchBox community Bayesian (raw 5.8, n=44)=6.0; Legacy community=6.3
gba	x men the official game	X-Men: The Official Game	5.3	5.8	2006-05-16	WayForward Technologies	Activision Publishing	Metacritic=5.5; GameRankings (n=11)=5.3	Metacritic users=5.4; GameFAQs community=6.2; LaunchBox community Bayesian (raw 5.4, n=40)=5.7; Legacy community=5.8
gba	xs moto	XS Moto		5.7	2004-06-12	DC Studios	XS Games		GameFAQs community=5.3; LaunchBox community Bayesian (raw 5.6, n=19)=6.1; LaunchBox Community=5.7
gba	xxx	xXx	5.1	6.1	2002-07-31	Digital Eclipse Software	Activision Publishing	Metacritic=5.0; GameRankings (n=15)=5.1	GameFAQs community=5.3; LaunchBox community Bayesian (raw 6.7, n=28)=6.8; LaunchBox Community=6.1
gba	yggdra union we ll never fight alone	Yggdra Union: We'll Never Fight Alone	7.8	7.9	2006-11-21	Sting	Sting	Metacritic=7.7; GameRankings (n=10)=7.8; MobyGames (n=5)=7.8	Metacritic users=8.6; GameFAQs community=7.6; LaunchBox community Bayesian (raw 7.4, n=39)=7.3; Legacy community=7.9
gba	yoshi topsy turvy	Yoshi Topsy-Turvy	6.1	7.0	2005-06-13	Artoon	Nintendo	Metacritic=6.0; GameRankings (n=29)=6.1	Metacritic users=7.2; GameFAQs community=6.4; LaunchBox community Bayesian (raw 7.5, n=42)=7.4; Legacy community=7.0
gba	yu gi oh 7 trials to glory world	Yu-Gi-Oh!: 7 Trials to Glory: World
gba	yu gi oh destiny board traveler	Yu-Gi-Oh! Destiny Board Traveler	4.1	5.2	2004-10-26	Konami Computer Entertainment Japan	Konami	GameRankings (n=7)=4.1	GameFAQs community=5.5; LaunchBox community Bayesian (raw 4.2, n=34)=4.8; LaunchBox Community=5.2
gba	yu gi oh dungeon dice monsters	Yu-Gi-Oh! Dungeon Dice Monsters	6.8	6.4	2003-02-12	Konami	Konami	Metacritic=6.7; GameRankings (n=8)=6.8	Metacritic users=6.1; GameFAQs community=6.5; LaunchBox community Bayesian (raw 6.6, n=42)=6.7; Legacy community=6.4
gba	yu gi oh gx duel academy	Yu-Gi-Oh! GX Duel Academy	7.1	7.4	2006-01-10	Konami	Konami	GameRankings (n=6)=7.1	GameFAQs community=7.4; LaunchBox community Bayesian (raw 7.5, n=52)=7.4; LaunchBox Community=7.4
gba	yu gi oh reshef of destruction	Yu-Gi-Oh! Reshef of Destruction	6.1	6.2	2004-06-29	Konami	Konami	Metacritic=6.1; GameRankings (n=15)=6.2; MobyGames (n=5)=5.8	Metacritic users=6.1; GameFAQs community=6.3; LaunchBox community Bayesian (raw 6.2, n=51)=6.3
gba	yu gi oh the eternal duelist soul	Yu-Gi-Oh! The Eternal Duelist Soul	7.5	7.4	2002-10-15	Konami Computer Entertainment Japan	Konami	GameRankings (n=4)=7.5	GameFAQs community=7.2; LaunchBox community Bayesian (raw 7.5, n=63)=7.4; LaunchBox Community=7.4
gba	yu gi oh the sacred cards	Yu-Gi-Oh! The Sacred Cards	5.9	6.8	2003-11-04	Konami Computer Entertainment Japan	Konami	Metacritic=6.0; GameRankings (n=10)=5.9	Metacritic users=7.0; GameFAQs community=6.9; LaunchBox community Bayesian (raw 6.5, n=52)=6.6; Legacy community=6.8
gba	yu gi oh ultimate masters 2006	Yu-Gi-Oh!: Ultimate Masters 2006
gba	yu gi oh world championship tourna	Yu-Gi-Oh!: World Championship Tourna
gba	yu gi oh worldwide edition	Yu-Gi-Oh!: Worldwide Edition
gba	yu gi oh yugi vs joey volume 1	Yu-Gi-Oh!: Yugi vs. Joey: Volume 1
gba	yu yu hakusho spirit detective	Yu Yu Hakusho: Spirit Detective
gba	yu yu hakusho tournament tactics	Yu Yu Hakusho Tournament Tactics
gba	zapper	Zapper	5.8		2002-11-05			Metacritic=5.8
gba	zatch bell electric arena	Zatch Bell! Electric Arena	5.5	6.7	2005	Dimps	Bandai	GameRankings (n=3)=5.5	GameFAQs community=6.5; LaunchBox community Bayesian (raw 6.9, n=31)=6.9; Legacy community=6.7
gba	zoids legacy	Zoids: Legacy		7.1	2004-09-15	Amedio	Atari		GameFAQs community=7.8; LaunchBox community Bayesian (raw 6.4, n=48)=6.5; LaunchBox Community=7.1
gba	zone of the enders the fist of mars	Zone of the Enders: The Fist of Mars	7.0	7.9	2002-02-26	Winky Soft	Konami	Metacritic=7.1; GameRankings (n=16)=7.0	Metacritic users=7.9; GameFAQs community=8.0; LaunchBox community Bayesian (raw 8.0, n=56)=7.8
gba	zoocube	ZooCube	7.0	5.8	2002-05-14	Puzzlekings	Acclaim Entertainment	Metacritic=7.1; GameRankings (n=16)=7.0	GameFAQs community=6.1; LaunchBox community Bayesian (raw 5.1, n=27)=5.6; LaunchBox Community=5.8
gbc	007 the world is not enough	007: The World is Not Enough		5.8	2001-09-18	2n Productions	Electronic Arts		GameFAQs community=5.0; LaunchBox community Bayesian (raw 6.6, n=94)=6.6; LaunchBox Community=5.8
gbc	10 pin bowling	10-Pin Bowling		6.3	1999-08-01	Morning Star Multimedia	Majesco Sales		GameFAQs community=5.7; LaunchBox community Bayesian (raw 6.9, n=72)=6.9; LaunchBox Community=6.3
gbc	1942	1942	5.5	6.5	2000-05-22	Digital Eclipse Software	Capcom	GameRankings (n=5)=5.3; MobyGames (n=5)=5.6	GameFAQs community=6.1; LaunchBox community Bayesian (raw 6.8, n=83)=6.8; LaunchBox Community=6.5
gbc	3 d ultra pinball thrillride	3-D Ultra Pinball: Thrillride	5.5	6.6	2000-12-01	Left Field Productions	Sierra Entertainment	GameRankings (n=3)=5.5	GameFAQs community=6.0; LaunchBox community Bayesian (raw 7.2, n=71)=7.2; LaunchBox Community=6.6
gbc	3d pocket pool	3D Pocket Pool		5.5	2001-03-30	Aardvark Software	Virgin Interactive Entertainment (Europe)		GameFAQs community=5.5; LaunchBox community Bayesian (raw 5.2, n=44)=5.5; LaunchBox Community=5.5
gbc	58 in 1	58-in-1
gbc	72 in 1	72-in-1
gbc	720 degrees	720 Degrees		5.2					GameFAQs community=5.2; Legacy community=5.2
gbc	a bug s life	A Bug's Life		5.3	1998-12-01	Tiertex Design Studios	THQ		LaunchBox community Bayesian (raw 4.8, n=35)=5.3; LaunchBox Community=5.3
gbc	action man search for base x	Action Man: Search For Base X	6.3	5.9	2001-02-06	Natsume	THQ	GameRankings (n=9)=6.8; MobyGames (n=5)=5.4	GameFAQs community=6.1; LaunchBox community Bayesian (raw 5.6, n=46)=5.8; LaunchBox Community=5.9
gbc	airforce delta	AirForce Delta	4.1	6.4	2000-11-21	The Climax Group	Konami	MobyGames (n=5)=4.1	GameFAQs community=6.2; LaunchBox community Bayesian (raw 6.4, n=32)=6.5
gbc	aladdin	Aladdin
gbc	alice in wonderland	Alice in Wonderland	7.3	6.5	2000-10-04	Digital Eclipse Software	Nintendo	GameRankings (n=7)=7.3	LaunchBox community Bayesian (raw 6.4, n=47)=6.5; LaunchBox Community=6.5
gbc	aliens thanatos encounter	Aliens: Thanatos Encounter	6.3	5.6	2001-03-21	Crawfish Interactive	THQ	MobyGames (n=5)=6.3	GameFAQs community=5.6; LaunchBox community Bayesian (raw 5.5, n=65)=5.7; LaunchBox Community=5.6
gbc	all star baseball 2000	All-Star Baseball 2000	6.5	6.3	1999-05-01	Realtime Associates	Acclaim Entertainment	GameRankings (n=5)=6.0; MobyGames (n=5)=7.1	GameFAQs community=6.1; LaunchBox community Bayesian (raw 6.3, n=25)=6.5
gbc	all star tennis 2000	All Star Tennis 2000	7.8	6.1	1999-06-25	Smart Dog	Ubi Soft Entertainment Software	MobyGames (n=5)=7.8	GameFAQs community=5.4; LaunchBox community Bayesian (raw 6.5, n=25)=6.6; LaunchBox Community=6.1
gbc	alone in the dark the new nightmare	Alone in the Dark: The New Nightmare	6.2	6.2	2001-06-27	Pocket Studios	Infogrames	GameRankings (n=11)=6.2; MobyGames (n=5)=6.2	GameFAQs community=5.7; LaunchBox community Bayesian (raw 6.6, n=52)=6.7; LaunchBox Community=6.2
gbc	amazing robot	Amazing Robot
gbc	animorphs	Animorphs	4.2	5.1	2000-11-07	Run and Gun!	Ubi Soft Entertainment Software	MobyGames (n=5)=4.2	GameFAQs community=4.2; LaunchBox community Bayesian (raw 5.9, n=45)=6.1; LaunchBox Community=5.1
gbc	antz	Antz	6.9	5.6	1999-09-28	Planet Interactive Development	Infogrames	MobyGames (n=5)=6.9	GameFAQs community=4.5; LaunchBox community Bayesian (raw 6.6, n=43)=6.7; LaunchBox Community=5.6
gbc	antz racing	Antz Racing	5.3	3.7	2000-06-01	RFX Interactive	Electronic Arts	MobyGames (n=5)=5.3	GameFAQs community=2.9; LaunchBox community Bayesian (raw 3.6, n=30)=4.5; LaunchBox Community=3.7
gbc	arle no bouken mahou no jewel	Arle no Bouken: Mahou no Jewel		6.8	2000-03-31	Compile	Compile		GameFAQs community=7.5; LaunchBox community Bayesian (raw 5.5, n=17)=6.1; LaunchBox Community=6.8
gbc	armada fx racers	Armada: FX Racers		6.9	2000-08-25	Metro3D	Metro3D		LaunchBox community Bayesian (raw 6.9, n=43)=6.9
gbc	army men	Army Men	7.1	6.7	2000-02-25	3DO	3DO	GameRankings (n=6)=7.5; MobyGames (n=5)=6.6	GameFAQs community=6.0; LaunchBox community Bayesian (raw 7.3, n=45)=7.2; LaunchBox Community=6.7
gbc	army men air combat	Army Men: Air Combat		7.3	2000-11-01	Fluid Studios	3DO		GameFAQs community=7.4; LaunchBox community Bayesian (raw 7.2, n=31)=7.2; LaunchBox Community=7.3
gbc	army men sarge s heroes 2	Army Men: Sarge's Heroes 2		6.5	2000-11-01	Game Brains	3DO		GameFAQs community=7.0; LaunchBox community Bayesian (raw 5.7, n=30)=6.0; LaunchBox Community=6.5
gbc	arthur s absolutely fun day	Arthur's Absolutely Fun Day!		5.9	2000-09-07	Ed Magnin and Associates	The Learning Company		GameFAQs community=5.3; LaunchBox community Bayesian (raw 6.4, n=37)=6.5; LaunchBox Community=5.9
gbc	ast rix and ob lix	Astérix & Obélix	6.6	6.6	1999	Bit Managers S.L.		MobyGames=66 (n=5 min)	GameFAQs community=6.6
gbc	asteroids	Asteroids	7.5	6.7	1999-09-01	Syrox Developments	Activision	GameRankings (n=5)=7.8; MobyGames (n=5)=7.2	GameFAQs community=6.3; LaunchBox community Bayesian (raw 7.0, n=43)=7.0; LaunchBox Community=6.7
gbc	atlantis the lost empire	Atlantis: The Lost Empire
gbc	atv racing	ATV Racing		7.6					GameFAQs community=7.6
gbc	atv racing and karate joe	ATV Racing & Karate Joe
gbc	austin powers oh behave	Austin Powers: Oh, Behave!	4.8	4.5	2000-09-01	Tarantula Studios	Rockstar Games	MobyGames (n=5)=4.8	GameFAQs community=3.9; LaunchBox community Bayesian (raw 4.7, n=43)=5.1; LaunchBox Community=4.5
gbc	austin powers welcome to my underground lair	Austin Powers: Welcome to My Underground Lair!	4.8	5.2	2000-09-18	Tarantula Studios	Rockstar Games	GameRankings (n=4)=4.4; MobyGames (n=5)=5.1	GameFAQs community=5.0; LaunchBox community Bayesian (raw 4.8, n=33)=5.3; LaunchBox Community=5.2
gbc	azure dreams	Azure Dreams	6.7	7.1	1999-08-05	Konami Computer Entertainment Nagoya	Konami	GameRankings (n=5)=7.0; MobyGames (n=5)=6.4	GameFAQs community=7.7; LaunchBox community Bayesian (raw 6.4, n=57)=6.5; LaunchBox Community=7.1
gbc	babe and friends	Babe and Friends	6.6	5.9	1999-11-01	Aqua Pacific	Crave Entertainment	GameRankings (n=3)=6.3; MobyGames (n=5)=6.8	GameFAQs community=6.1; LaunchBox community Bayesian (raw 5.2, n=22)=5.8; LaunchBox Community=5.9
gbc	ballistic	Ballistic	7.3	7.3	1999-11-01	Mitchell	Capcom	GameRankings (n=7)=7.0; MobyGames (n=5)=7.8	GameFAQs community=7.7; LaunchBox community Bayesian (raw 6.9, n=36)=6.9; LaunchBox Community=7.3
gbc	barbie fashion pack games	Barbie: Fashion Pack Games		3.6	2000-09-01	Hyperspace Cowgirls	Mattel Interactive		GameFAQs community=2.7; LaunchBox community Bayesian (raw 3.2, n=18)=4.6; LaunchBox Community=3.6
gbc	barbie magic genie adventure	Barbie: Magic Genie Adventure		5.6	2000-11-11	Vicarious Visions	Mattel Interactive		GameFAQs community=4.7; LaunchBox community Bayesian (raw 6.3, n=28)=6.5; LaunchBox Community=5.6
gbc	barbie ocean discovery	Barbie: Ocean Discovery		4.6	1999-05-01	Realtime Associates	Mattel Interactive		GameFAQs community=4.0; LaunchBox community Bayesian (raw 4.6, n=31)=5.2
gbc	barbie pet rescue	Barbie Pet Rescue		4.4	2001-08-15	HotGen Studios	Mattel Interactive		GameFAQs community=4.6; LaunchBox community Bayesian (raw 3.1, n=22)=4.3; LaunchBox Community=4.4
gbc	bass masters classic	Bass Masters Classic	5.9	6.1	1999-11-04	Natsume	THQ	MobyGames (n=5)=5.9	GameFAQs community=6.6; LaunchBox community Bayesian (raw 5.0, n=25)=5.6; LaunchBox Community=6.1
gbc	batman beyond return of the joker	Batman Beyond: Return of the Joker	5.2	5.5	2000-11-30	Kemco	Ubi Soft Entertainment Software	MobyGames (n=5)=5.2	GameFAQs community=5.0; LaunchBox community Bayesian (raw 5.7, n=58)=5.9; LaunchBox Community=5.5
gbc	batman chaos in gotham	Batman: Chaos in Gotham	6.3	6.3	2001-04-16	Digital Eclipse Software	Ubi Soft Entertainment Software	GameRankings (n=4)=6.3; MobyGames (n=5)=6.3	GameFAQs community=5.9; LaunchBox community Bayesian (raw 6.6, n=58)=6.7; LaunchBox Community=6.3
gbc	battle tanx	Battle Tanx	4.3	7.2	2000-03-01	Lucky Chicken Games	3DO	GameRankings (n=4)=4.2; MobyGames (n=5)=4.5	LaunchBox community Bayesian (raw 7.2, n=50)=7.2
gbc	battleship	Battleship	7.1	6.3	1999			GameRankings (n=3)=7.1	GameFAQs community=6.3; Legacy community=6.3
gbc	bear in the big blue house	Bear in the Big Blue House
gbc	billy bob s huntin n fishin	Billy Bob's Huntin'-n-Fishin'	5.7	6.0	1999-11-17	Saffire	Midway Home Entertainment	GameRankings (n=4)=5.1; MobyGames (n=5)=6.2	GameFAQs community=5.7; LaunchBox community Bayesian (raw 5.8, n=23)=6.2; LaunchBox Community=6.0
gbc	bionic commando elite forces	Bionic Commando: Elite Forces	8.2	7.4	2000-01-24	Nintendo	Nintendo	GameRankings (n=8)=8.4; MobyGames (n=5)=8.0	GameFAQs community=7.3; LaunchBox community Bayesian (raw 7.5, n=79)=7.4; LaunchBox Community=7.4
gbc	black bass lure fishing	Black Bass: Lure Fishing	4.7	6.9	1999-01-01	Hot-B	Majesco Sales	MobyGames (n=5)=4.7	GameFAQs community=6.5; LaunchBox community Bayesian (raw 7.4, n=25)=7.3; LaunchBox Community=6.9
gbc	blade	Blade	5.4	6.3	2000-11-20	HAL Laboratory	Activision	MobyGames (n=5)=5.4	GameFAQs community=5.8; LaunchBox community Bayesian (raw 6.9, n=43)=6.9; LaunchBox Community=6.3
gbc	blaster master enemy below	Blaster Master: Enemy Below	7.2	7.0	2000-09-20	Sunsoft	Sunsoft	GameRankings (n=7)=7.6; MobyGames (n=5)=6.5	GameFAQs community=7.4; LaunchBox community Bayesian (raw 6.6, n=55)=6.7; LaunchBox Community=7.0
gbc	blue s clues blue s alphabet book	Blue's Clues: Blue's Alphabet Book		5.1	2001-01-30	Vicarious Visions	Mattel Interactive		GameFAQs community=4.4; LaunchBox community Bayesian (raw 5.2, n=27)=5.7; LaunchBox Community=5.1
gbc	boarder zone	Boarder Zone	6.0	6.8	1999-01-01	Software Creations	Infogrames	MobyGames (n=5)=6.0	GameFAQs community=6.7; LaunchBox community Bayesian (raw 6.8, n=30)=6.8
gbc	bob the builder fix it fun	Bob the Builder: Fix it Fun!	7.0	5.6	2001-09-01	Tiertex Design Studios	THQ	GameRankings (n=3)=7.0	GameFAQs community=5.1; LaunchBox community Bayesian (raw 5.9, n=36)=6.1; LaunchBox Community=5.6
gbc	bokujou monogatari gb2	Bokujou Monogatari GB2
gbc	bomberman max blue champion	Bomberman Max: Blue Champion	7.5	7.3	1999-12-17	Hudson Soft	Hudson Soft	GameRankings (n=4)=7.5	GameFAQs community=7.4; LaunchBox community Bayesian (raw 7.4, n=50)=7.3; LaunchBox Community=7.3
gbc	bomberman max red challenger	Bomberman Max: Red Challenger		7.1	1999-12-17	Hudson Soft	Hudson Soft		GameFAQs community=7.4; LaunchBox community Bayesian (raw 6.7, n=45)=6.8; LaunchBox Community=7.1
gbc	bomberman quest	Bomberman Quest	7.7	6.8	1998-12-24	Eleven	Hudson Soft	MobyGames (n=5)=7.7	GameFAQs community=7.0; LaunchBox community Bayesian (raw 6.6, n=54)=6.7; LaunchBox Community=6.8
gbc	bubble bobble	Bubble Bobble
gbc	buffy the vampire slayer	Buffy the Vampire Slayer	3.9	6.0	2000-09-01	Game Brains	THQ	GameRankings (n=9)=3.9; MobyGames (n=5)=3.9	GameFAQs community=5.2; LaunchBox community Bayesian (raw 6.8, n=45)=6.8; LaunchBox Community=6.0
gbc	bugs bunny and lola bunny carrot crazy	Bugs Bunny & Lola Bunny: Carrot Crazy
gbc	bugs bunny in crazy castle 4	Bugs Bunny in Crazy Castle 4	6.1	6.5	2000-05-21	Kotobuki System	Kemco	GameRankings (n=4)=6.2; MobyGames (n=5)=6.0	GameFAQs community=5.9; LaunchBox community Bayesian (raw 7.2, n=52)=7.2; LaunchBox Community=6.5
gbc	bust a move 4	Bust-a-Move 4	7.3	6.9	1999-05-06	Taito	Acclaim Entertainment	MobyGames (n=5)=7.3	GameFAQs community=7.3; LaunchBox community Bayesian (raw 6.5, n=38)=6.6; LaunchBox Community=6.9
gbc	bust a move millennium	Bust-A-Move Millennium	8.2	7.4	2000-10-24	Altron	Acclaim Entertainment	GameRankings (n=4)=8.4; MobyGames (n=5)=8.1	GameFAQs community=7.4; LaunchBox community Bayesian (raw 7.6, n=40)=7.5; LaunchBox Community=7.4
gbc	buzz lightyear of star command	Buzz Lightyear of Star Command		6.3	2000-11-17	Traveller's Tales (UK)	Activision Publishing		LaunchBox community Bayesian (raw 6.1, n=31)=6.3; LaunchBox Community=6.3
gbc	caesars palace ii	Caesars Palace II	8.2	6.8	1999-07-01	Runecraft	Interplay Productions	GameRankings (n=4)=8.2	GameFAQs community=6.6; LaunchBox community Bayesian (raw 6.8, n=19)=6.9
gbc	cannon fodder	Cannon Fodder	8.7	7.1	2000-12-05	Codemasters	Codemasters	GameRankings (n=4)=8.8; MobyGames (n=5)=8.5	GameFAQs community=7.4; LaunchBox community Bayesian (raw 6.8, n=47)=6.8; LaunchBox Community=7.1
gbc	carl lewis athletics 2000	Carl Lewis Athletics 2000	7.5	6.2	2000-09-15	Planet Interactive Development	Ubi Soft Entertainment Software	MobyGames (n=5)=7.5	LaunchBox community Bayesian (raw 5.6, n=12)=6.2; LaunchBox Community=6.2
gbc	carmageddon	Carmageddon	4.5	4.7	2000	Aqua Pacific Ltd.		GameRankings (n=7)=4.4; MobyGames (n=5)=4.6	GameFAQs community=4.7
gbc	casper	Casper	5.5	5.7	2000-05-01	G3 Interactive	Interplay Entertainment	GameRankings (n=3)=5.4; MobyGames (n=5)=5.5	GameFAQs community=4.7; LaunchBox community Bayesian (raw 6.5, n=32)=6.6; LaunchBox Community=5.7
gbc	caterpillar construction zone	Caterpillar Construction Zone	5.7		1999	Realtime Associates Seattle Division		MobyGames (n=5)=5.7
gbc	catwoman	Catwoman	5.6	5.6	1999-12-01	Kemco	Kemco	MobyGames (n=5)=5.6	GameFAQs community=5.0; LaunchBox community Bayesian (raw 6.0, n=47)=6.2; LaunchBox Community=5.6
gbc	catz your virtual petz palz	Catz: Your Virtual Petz Palz
gbc	centipede	Centipede	5.4	7.5	1998-11-30	Morning Star Multimedia	Majesco Sales	MobyGames (n=5)=5.4	GameFAQs community=7.5; LaunchBox community Bayesian (raw 7.7, n=38)=7.6; LaunchBox Community=7.5
gbc	championship motocross 2001 featuring ricky carmichael	Championship Motocross 2001 featuring Ricky Carmichael	6.1	6.6	2000-10-01	Tiertex Design Studios	THQ	GameRankings (n=6)=6.1	GameFAQs community=7.1; LaunchBox community Bayesian (raw 5.0, n=7)=6.2; LaunchBox Community=6.6
gbc	chase h q secret police	Chase H.Q.: Secret Police	5.9	6.1	2000-05-26	Dreams	Metro3D	GameRankings (n=6)=6.1; MobyGames (n=5)=5.6	GameFAQs community=6.4; LaunchBox community Bayesian (raw 5.6, n=34)=5.9; LaunchBox Community=6.1
gbc	chicken run	Chicken Run	5.4	5.6	2000-11-01	Blitz Games	THQ	GameRankings (n=3)=5.3; MobyGames (n=5)=5.4	GameFAQs community=6.0; LaunchBox community Bayesian (raw 4.5, n=25)=5.2; LaunchBox Community=5.6
gbc	commander keen	Commander Keen	6.4	5.6	2001-05-30	David A. Palmer Productions	Activision	GameRankings (n=9)=6.5; MobyGames (n=5)=6.2	GameFAQs community=5.1; LaunchBox community Bayesian (raw 5.9, n=41)=6.1; LaunchBox Community=5.6
gbc	conker s pocket tales	Conker's Pocket Tales	6.6	6.3	1999-06-08	Rare	Rare	GameRankings (n=4)=5.5; MobyGames (n=5)=7.5	GameFAQs community=5.9; LaunchBox community Bayesian (raw 6.5, n=49)=6.6; LaunchBox Community=6.3
gbc	croc	Croc	5.6	6.1	2000-06-06	Virtucraft	THQ	GameRankings (n=6)=5.4; MobyGames (n=5)=5.8	GameFAQs community=6.3; LaunchBox community Bayesian (raw 5.7, n=42)=5.9; LaunchBox Community=6.1
gbc	cruis n exotica	Cruis'n Exotica	4.8	6.9	2000-11-06	Crawfish Interactive	Midway Home Entertainment	GameRankings (n=3)=4.8	GameFAQs community=7.1; LaunchBox community Bayesian (raw 6.7, n=29)=6.8; LaunchBox Community=6.9
gbc	crystalis	Crystalis	7.8	7.2	2000-06-26	Nintendo Software Technology	Nintendo	GameRankings (n=8)=7.4; MobyGames (n=5)=8.4	GameFAQs community=7.3; LaunchBox community Bayesian (raw 7.1, n=56)=7.1; LaunchBox Community=7.2
gbc	cubix robots for everyone race n robots	Cubix: Robots For Everyone: Race 'N Robots		6.0	2001-11-13	Blitz Games	3DO		GameFAQs community=5.1; LaunchBox community Bayesian (raw 6.6, n=14)=6.8; LaunchBox Community=6.0
gbc	cyber tiger	Cyber Tiger		6.3	2000-11-01	Xantera	Electronic Arts		LaunchBox community Bayesian (raw 6.0, n=19)=6.3; LaunchBox Community=6.3
gbc	daffy duck fowl play	Daffy Duck: Fowl Play	5.9	6.5	1999-12-01	Santaclaus	Sunsoft	MobyGames (n=5)=5.9	GameFAQs community=6.1; LaunchBox community Bayesian (raw 6.8, n=41)=6.8; LaunchBox Community=6.5
gbc	daiku no gensan kachikachi no tonkachi ga kachi	Daiku no Gensan: Kachikachi no Tonkachi ga Kachi		7.1	2000-04-28	Biox	Irem		LaunchBox community Bayesian (raw 7.2, n=12)=7.1; LaunchBox Community=7.1
gbc	dave mirra freestyle bmx	Dave Mirra Freestyle BMX	6.9	6.2	2000-11-09	NEON Software	Acclaim Entertainment	GameRankings (n=5)=7.1; MobyGames (n=5)=6.6	GameFAQs community=6.7; LaunchBox community Bayesian (raw 5.2, n=27)=5.7; LaunchBox Community=6.2
gbc	deer hunter	Deer Hunter		6.5	1999-12-22	Morning Star Multimedia	Vatical Entertainment		GameFAQs community=6.5; LaunchBox community Bayesian (raw 5.9, n=9)=6.5
gbc	deja vu i and ii	Deja Vu I & II
gbc	detective conan karakuri jiin satsujin jiken	Detective Conan: Karakuri Jiin Satsujin Jiken
gbc	dexter s laboratory robot rampage	Dexter's Laboratory: Robot Rampage	6.7	5.9	2000-11-23	Altron	BAM! Entertainment	GameRankings (n=3)=6.6; MobyGames (n=5)=6.8	GameFAQs community=6.2; LaunchBox community Bayesian (raw 5.3, n=33)=5.7; LaunchBox Community=5.9
gbc	dinosaur	Dinosaur		5.9	2000-05-19	Digital Eclipse Software	Ubi Soft Entertainment Software		LaunchBox community Bayesian (raw 5.5, n=26)=5.9; LaunchBox Community=5.9
gbc	dinosaur us	Dinosaur'us		6.2	2001-02-02	RFX Interactive	Electronic Arts		GameFAQs community=5.7; LaunchBox community Bayesian (raw 6.5, n=20)=6.7; LaunchBox Community=6.2
gbc	disney s 102 dalmatians puppies to the rescue	Disney's 102 Dalmatians: Puppies to the Rescue	7.1	6.0	2000	Digital Eclipse Software, Inc.		MobyGames (n=5)=7.1	GameFAQs community=6.0
gbc	disney s beauty and the beast a board game adventure	Disney's Beauty and the Beast: A Board Game Adventure		6.4					GameFAQs community=6.4
gbc	disney s pooh and tigger s hunny safari	Disney's Pooh and Tigger's Hunny Safari		6.1					GameFAQs community=6.1
gbc	disney s tarzan	Disney's Tarzan	7.7	5.9	1999	Digital Eclipse Software, Inc.		MobyGames (n=5)=7.7	GameFAQs community=5.9
gbc	diva starz mall mania	Diva Starz: Mall Mania		4.8	2001-12-03	Digital Illusions	VU Games		GameFAQs community=3.8; LaunchBox community Bayesian (raw 5.2, n=25)=5.7; LaunchBox Community=4.8
gbc	dogz your virtual petz palz	Dogz: Your Virtual Petz Palz
gbc	donald duck goin quackers	Donald Duck: Goin' Quackers
gbc	donald duck quack attack	Donald Duck: Quack Attack
gbc	donkey kong country	Donkey Kong Country	8.9	7.5	2000-11-20	Rare	Nintendo	GameRankings (n=14)=9.0; MobyGames (n=5)=8.5	GameFAQs community=7.8; LaunchBox community Bayesian (raw 7.3, n=97)=7.3; LaunchBox Community=7.5
gbc	doug s big game	Doug's Big Game
gbc	dracula crazy vampire	Dracula: Crazy Vampire		4.9	2001-10-09	Planet Interactive Development	DreamCatcher Interactive		GameFAQs community=4.0; LaunchBox community Bayesian (raw 5.3, n=35)=5.7; LaunchBox Community=4.9
gbc	dragon ball z legendary super warriors	Dragon Ball Z: Legendary Super Warriors		7.2	2002-08-09	Flight-Plan	Infogrames		GameFAQs community=7.7; LaunchBox community Bayesian (raw 6.7, n=74)=6.7; LaunchBox Community=7.2
gbc	dragon dance	Dragon Dance		7.2	1998-12-18	Natsume	Crave Entertainment		GameFAQs community=7.4; LaunchBox community Bayesian (raw 7.1, n=19)=7.1; LaunchBox Community=7.2
gbc	dragon s lair	Dragon's Lair	7.3	5.9	2001-01-15	Digital Eclipse Software	Capcom	GameRankings (n=8)=7.7; MobyGames (n=5)=6.7	GameFAQs community=5.5; LaunchBox community Bayesian (raw 6.2, n=40)=6.4; LaunchBox Community=5.9
gbc	dragon tales dragon adventures	Dragon Tales: Dragon Adventures		5.9	2001-11-15	Handheld Games	NewKidCo		GameFAQs community=5.4; LaunchBox community Bayesian (raw 5.8, n=15)=6.3; LaunchBox Community=5.9
gbc	dragon tales dragon wings	Dragon Tales: Dragon Wings		5.3	2000-12-16	Zed Two Game Design Studio	NewKidCo		GameFAQs community=4.7; LaunchBox community Bayesian (raw 5.2, n=21)=5.8; LaunchBox Community=5.3
gbc	dragon warrior i and ii	Dragon Warrior I & II	8.0	7.9	2000	Tose Co., Ltd.		GameRankings (n=12)=8.2; MobyGames (n=5)=7.6	GameFAQs community=7.9
gbc	dragon warrior iii	Dragon Warrior III	8.6	8.0	2001-07-16	TOSE	Enix	GameRankings (n=16)=8.7; MobyGames (n=5)=8.3	GameFAQs community=8.6; LaunchBox community Bayesian (raw 7.5, n=78)=7.4; LaunchBox Community=8.0
gbc	dragon warrior monsters	Dragon Warrior Monsters	8.2	7.8	1998-09-25	TOSE	Eidos Interactive	GameRankings (n=12)=8.0; MobyGames (n=5)=8.8	GameFAQs community=8.2; LaunchBox community Bayesian (raw 7.6, n=69)=7.5; LaunchBox Community=7.8
gbc	dragon warrior monsters 2 cobi s journey	Dragon Warrior Monsters 2: Cobi's Journey	8.0	8.3	2001-03-15	TOSE	Enix America	GameRankings (n=4)=8.1; MobyGames (n=5)=8.0	GameFAQs community=8.6; LaunchBox community Bayesian (raw 8.1, n=58)=7.9; LaunchBox Community=8.3
gbc	dragon warrior monsters 2 tara s adventure	Dragon Warrior Monsters 2: Tara's Adventure	8.0	8.0	2001-09-15	TOSE	Enix America	GameRankings (n=4)=8.1; MobyGames (n=5)=8.0	GameFAQs community=8.6; LaunchBox community Bayesian (raw 7.5, n=43)=7.4; LaunchBox Community=8.0
gbc	driver you are the wheelman	Driver: You Are the Wheelman	7.5	6.9	1999-05-10	Crawfish Interactive	Infogrames	GameRankings (n=6)=7.5	GameFAQs community=6.5; LaunchBox community Bayesian (raw 7.3, n=40)=7.2; LaunchBox Community=6.9
gbc	dropzone	Dropzone	6.4	6.8	1999-01-01	Awesome Developments	Acclaim Entertainment	MobyGames (n=5)=6.4	GameFAQs community=6.5; LaunchBox community Bayesian (raw 7.3, n=17)=7.2; LaunchBox Community=6.8
gbc	duke nukem	Duke Nukem	7.5	6.9	1999-09-02	Torus Games	GT Interactive Software	GameRankings (n=8)=7.3; MobyGames (n=5)=7.9	GameFAQs community=7.0; LaunchBox community Bayesian (raw 6.7, n=43)=6.8; LaunchBox Community=6.9
gbc	e t the extra terrestrial and the cosmic garden	E T : The Extra-Terrestrial and the Cosmic Garden		4.8					GameFAQs community=4.8
gbc	e t the extra terrestrial digital companion	E.T. the Extra Terrestrial: Digital Companion		5.5	2001-10-18	Powerhead Games	NewKidCo		GameFAQs community=3.7; LaunchBox community Bayesian (raw 7.4, n=27)=7.3; LaunchBox Community=5.5
gbc	e t the extra terrestrial escape from planet earth	E T : The Extra-Terrestrial: Escape from Planet Earth		5.5					GameFAQs community=5.5
gbc	earthworm jim menace 2 the galaxy	Earthworm Jim: Menace 2 the Galaxy	5.7	5.9	1999-11-10	David A. Palmer Productions	Crave Entertainment	MobyGames (n=5)=5.7	GameFAQs community=5.4; LaunchBox community Bayesian (raw 6.2, n=44)=6.3; LaunchBox Community=5.9
gbc	ecw hardcore revolution	ECW Hardcore Revolution	3.4	6.7	2000-02-01	Crawfish Interactive	Acclaim Entertainment	GameRankings (n=3)=3.8; MobyGames (n=5)=3.2	GameFAQs community=6.1; LaunchBox community Bayesian (raw 7.3, n=33)=7.2; LaunchBox Community=6.7
gbc	elmo in grouchland	Elmo in Grouchland
gbc	elmo s 123s	Elmo's 123s
gbc	elmo s abcs	Elmo's ABCs
gbc	espn international track and field	ESPN International Track & Field	7.5	7.5	2000-10-03	Konami	Konami	GameRankings (n=4)=7.3; MobyGames (n=5)=7.7	GameFAQs community=8.0; LaunchBox community Bayesian (raw 6.9, n=16)=6.9; LaunchBox Community=7.5
gbc	espn national hockey night	ESPN National Hockey Night		7.0	2001-03-21	Sandbox Studios	Konami		GameFAQs community=6.8; LaunchBox community Bayesian (raw 7.2, n=16)=7.1; LaunchBox Community=7.0
gbc	evel knievel	Evel Knievel	5.0	5.6	1999-11-30	Tarantula Studios	Rockstar Games	GameRankings (n=3)=4.6; MobyGames (n=5)=5.2	GameFAQs community=5.3; LaunchBox community Bayesian (raw 5.6, n=32)=5.9
gbc	extreme sports with the berenstain bears	Extreme Sports with the Berenstain Bears		6.0	2000-11-01	Ed Magnin and Associates	Sound Source Interactive		GameFAQs community=5.5; LaunchBox community Bayesian (raw 5.7, n=7)=6.5; LaunchBox Community=6.0
gbc	f 1 world grand prix	F-1 World Grand Prix	7.4	7.5	2000-01-01	Video System	Video System	MobyGames (n=5)=7.4	GameFAQs community=7.2; LaunchBox community Bayesian (raw 8.0, n=23)=7.7; LaunchBox Community=7.5
gbc	f 1 world grand prix ii	F-1 World Grand Prix II		6.6	2000-01-01	ITL	Konami		LaunchBox community Bayesian (raw 6.5, n=24)=6.6; LaunchBox Community=6.6
gbc	f 18 thunder strike	F-18 Thunder Strike		6.5	2000-05-01	Morning Star Multimedia	Majesco Sales		GameFAQs community=6.2; LaunchBox community Bayesian (raw 6.8, n=10)=6.9; LaunchBox Community=6.5
gbc	fifa 2000	FIFA 2000	5.6	6.2	1999-11-30	Tiertex Design Studios	THQ	GameRankings (n=6)=4.7; MobyGames (n=5)=6.8	GameFAQs community=5.9; LaunchBox community Bayesian (raw 6.3, n=22)=6.5; LaunchBox Community=6.2
gbc	final fantasy x fantasy war	Final Fantasy X: Fantasy War
gbc	force 21	Force 21		5.8	2000-12-06	The Code Monkeys	Red Storm Entertainment		GameFAQs community=5.4; LaunchBox community Bayesian (raw 5.9, n=21)=6.3; LaunchBox Community=5.8
gbc	formula one 2000	Formula One 2000		6.6	2000-12-18	Tarantula Studios	Take-Two Interactive Software		GameFAQs community=6.2; LaunchBox community Bayesian (raw 7.1, n=23)=7.1; LaunchBox Community=6.6
gbc	freme tuner	FREME Tuner
gbc	frogger	Frogger	6.9	6.4	1998-12-31	Morning Star Multimedia	Majesco Sales	GameRankings (n=4)=7.0; MobyGames (n=5)=6.9	GameFAQs community=6.0; LaunchBox community Bayesian (raw 6.9, n=52)=6.9; LaunchBox Community=6.4
gbc	funk the 9 ball	Funk the 9 Ball
gbc	galaga destination earth	Galaga: Destination Earth		6.2	2000-09-25	Pipedream Interactictive	Majesco Sales		GameFAQs community=5.9; LaunchBox community Bayesian (raw 6.4, n=46)=6.5; LaunchBox Community=6.2
gbc	game and watch gallery 3	Game & Watch Gallery 3	7.5	7.5	1999-01-01	Tose Co., Ltd.		GameRankings=8.3 (n=3) | MobyGames=7 (n=5 min)	GameFAQs community=7.5
gbc	gameboy wars 2	Gameboy Wars 2		7.3	1998-11-20	Hudson Soft	Hudson Soft		LaunchBox community Bayesian (raw 7.6, n=12)=7.3; LaunchBox Community=7.3
gbc	gameboy wars 3	Gameboy Wars 3		6.9	2001-08-30	Hudson Soft	Hudson Soft		LaunchBox community Bayesian (raw 6.8, n=13)=6.9; LaunchBox Community=6.9
gbc	gen the carpenter	Gen the Carpenter
gbc	gex 3 deep cover gecko	Gex 3: Deep Cover Gecko
gbc	gex enter the gecko	Gex: Enter the Gecko	7.4	6.0	1998-12-01	David A. Palmer Productions	Crave Entertainment	MobyGames (n=5)=7.4	GameFAQs community=5.5; LaunchBox community Bayesian (raw 6.3, n=28)=6.5; LaunchBox Community=6.0
gbc	ghosts n goblins	Ghosts 'n Goblins	7.7	7.2	1999-12-31	Digital Eclipse Software	Capcom	GameRankings (n=8)=7.6; MobyGames (n=5)=7.9	GameFAQs community=6.9; LaunchBox community Bayesian (raw 7.4, n=62)=7.3; LaunchBox Community=7.2
gbc	gobs of games	Gobs of Games	5.0	6.5	2000-09-01	2n Productions	3DO	GameRankings (n=3)=5.0	GameFAQs community=6.6; LaunchBox community Bayesian (raw 6.1, n=24)=6.4; LaunchBox Community=6.5
gbc	godzilla the series monster wars	Godzilla The Series: Monster Wars	4.0	4.8	2000-11-20	Crawfish Interactive	Crave Entertainment	MobyGames (n=5)=4.0	GameFAQs community=4.7; LaunchBox community Bayesian (raw 4.1, n=25)=4.9; LaunchBox Community=4.8
gbc	gold and glory the road to el dorado	Gold and Glory: The Road to El Dorado	6.3	6.6	2000-04-30	Planet Interactive Development	Ubi Soft Entertainment Software	GameRankings (n=5)=5.9; MobyGames (n=5)=6.6	GameFAQs community=5.9; LaunchBox community Bayesian (raw 7.4, n=26)=7.3; LaunchBox Community=6.6
gbc	gpsboy	GPSboy
gbc	grand theft auto	Grand Theft Auto	6.1	5.7	1999-11-01	Tarantula Studios	Rockstar Games	GameRankings (n=3)=5.7; MobyGames (n=5)=6.4	GameFAQs community=4.8; LaunchBox community Bayesian (raw 6.4, n=58)=6.5; LaunchBox Community=5.7
gbc	grandia parallel trippers	Grandia: Parallel Trippers		7.0	2000-12-22	Game Arts	Hudson Soft		GameFAQs community=7.8; LaunchBox community Bayesian (raw 5.9, n=17)=6.3; LaunchBox Community=7.0
gbc	gremlins unleashed	Gremlins Unleashed		4.6	2001-09-23	Planet Interactive Development	Light & Shadow Production		GameFAQs community=3.9; LaunchBox community Bayesian (raw 4.5, n=22)=5.3; LaunchBox Community=4.6
gbc	hamtaro ham hams unite	Hamtaro: Ham-Hams Unite!	7.7	7.3	2001-04-21	Pax Softnica	Nintendo	GameRankings (n=8)=7.6; MobyGames (n=5)=7.8	GameFAQs community=7.6; LaunchBox community Bayesian (raw 7.1, n=55)=7.1; LaunchBox Community=7.3
gbc	hands of time	Hands of Time		7.1	2001-10-01	Mirage Media	Titus Software		GameFAQs community=6.8; LaunchBox community Bayesian (raw 7.6, n=18)=7.4; LaunchBox Community=7.1
gbc	hang time basketball	Hang Time Basketball
gbc	harley davidson race across america	Harley-Davidson: Race Across America		6.7					GameFAQs community=6.7
gbc	harry potter and the chamber of secrets	Harry Potter and the Chamber of Secrets	7.7	7.8	2002-11-01	Griptonite	Electronic Arts	GameRankings (n=3)=7.7	GameFAQs community=8.0; LaunchBox community Bayesian (raw 7.8, n=62)=7.7
gbc	harry potter and the sorcerer s stone	Harry Potter and the Sorcerer's Stone	7.6	7.1	2001-11-15	Griptonite	Electronic Arts	GameRankings (n=6)=7.3; MobyGames (n=5)=8.0	GameFAQs community=7.2; LaunchBox community Bayesian (raw 7.0, n=64)=7.0; LaunchBox Community=7.1
gbc	harvest moon 2 gbc	Harvest Moon 2 GBC	7.9	7.4	2000-11-07	Victor Interactive Software	Victor Interactive Software	GameRankings (n=5)=7.8; MobyGames (n=5)=7.9	GameFAQs community=7.5; LaunchBox community Bayesian (raw 7.3, n=55)=7.3; LaunchBox Community=7.4
gbc	harvest moon 3 gbc	Harvest Moon 3 GBC	7.8	7.4	2000-09-29	Natsume	Natsume	GameRankings (n=4)=7.8	GameFAQs community=7.6; LaunchBox community Bayesian (raw 7.1, n=50)=7.1; LaunchBox Community=7.4
gbc	harvest moon gb	Harvest Moon GB	8.1		1998	Victor Interactive Software, Inc.		MobyGames (n=5)=8.1
gbc	harvest moon gbc	Harvest Moon GBC	7.2	7.3	1999-11-01	Victor Interactive Software	Natsume	GameRankings (n=7)=7.2	GameFAQs community=7.2; LaunchBox community Bayesian (raw 7.4, n=54)=7.3; LaunchBox Community=7.3
gbc	hello kitty no magical museum	Hello Kitty no Magical Museum		6.5	1999-04-28	Imagineer	Sanrio		GameFAQs community=7.2; LaunchBox community Bayesian (raw 4.6, n=8)=5.9; LaunchBox Community=6.5
gbc	hello kitty s cube frenzy	Hello Kitty's Cube Frenzy	6.0	6.5	1999-12-28	Torus Games	NewKidCo	GameRankings (n=3)=6.0	GameFAQs community=5.8; LaunchBox community Bayesian (raw 7.2, n=6)=7.1; LaunchBox Community=6.5
gbc	hercules the legendary journeys	Hercules: The Legendary Journeys		6.4	2001-09-14	Titus Software	Titus Software		GameFAQs community=5.7; LaunchBox community Bayesian (raw 7.1, n=28)=7.1; LaunchBox Community=6.4
gbc	heroes of might and magic	Heroes of Might and Magic	6.5	6.3	2000-04-29	KnowWonder	3DO	GameRankings (n=6)=6.3; MobyGames (n=5)=6.9	GameFAQs community=6.7; LaunchBox community Bayesian (raw 5.7, n=34)=6.0; LaunchBox Community=6.3
gbc	heroes of might and magic ii	Heroes of Might and Magic II	7.7	7.0	2000-12-01	KnowWonder	3DO	GameRankings (n=3)=7.7	GameFAQs community=7.3; LaunchBox community Bayesian (raw 6.7, n=27)=6.8; LaunchBox Community=7.0
gbc	heroic sword	Heroic Sword
gbc	hexcite the shapes of victory	Hexcite: The Shapes of Victory	8.2	7.2	1998-10-21	Landwarf	NEC Interchannel	MobyGames (n=5)=8.2	GameFAQs community=8.1; LaunchBox community Bayesian (raw 6.1, n=24)=6.4; LaunchBox Community=7.2
gbc	hole in one golf	Hole in One Golf		7.5	1999-08-30	Natsume	Natsume		GameFAQs community=8.3; LaunchBox community Bayesian (raw 6.6, n=12)=6.8; LaunchBox Community=7.5
gbc	hollywood pinball	Hollywood Pinball	6.1	6.7	1999-01-01	Tarantula Studios	Starfish	MobyGames (n=5)=6.1	GameFAQs community=6.7; LaunchBox community Bayesian (raw 6.6, n=13)=6.8; LaunchBox Community=6.7
gbc	hot wheels stunt track driver	Hot Wheels Stunt Track Driver	5.7	6.5	2000-01-01	Lucky Chicken Games	Mattel Media	MobyGames (n=5)=5.7	GameFAQs community=6.3; LaunchBox community Bayesian (raw 6.5, n=31)=6.6
gbc	hoyle card games	Hoyle Card Games		6.8	2000-12-01	Sandbox Studios	Sierra Entertainment		GameFAQs community=7.3; LaunchBox community Bayesian (raw 6.0, n=22)=6.3; LaunchBox Community=6.8
gbc	hoyle casino	Hoyle Casino		6.9	2000-10-24	Pulsar Interactive	Sierra Entertainment		GameFAQs community=6.8; LaunchBox community Bayesian (raw 6.8, n=8)=6.9; LaunchBox Community=6.9
gbc	ice age	Ice Age
gbc	ice age ii	Ice Age II
gbc	indiana jones and the infernal machine	Indiana Jones and the Infernal Machine	7.0	7.3	2001-03-22	HotGen Studios	THQ	GameRankings (n=5)=7.4; MobyGames (n=5)=6.6	GameFAQs community=7.7; LaunchBox community Bayesian (raw 6.8, n=32)=6.8; LaunchBox Community=7.3
gbc	inspector gadget operation madkactus	Inspector Gadget: Operation Madkactus	7.3	6.3	2001-03-01	RFX Interactive	Ubi Soft Entertainment Software	GameRankings (n=3)=7.7; MobyGames (n=5)=7.1	GameFAQs community=6.2; LaunchBox community Bayesian (raw 6.1, n=26)=6.3; LaunchBox Community=6.3
gbc	international rally	International Rally	5.9	7.4	2000-09-01	Konami Computer Entertainment Nagoya	Konami	MobyGames (n=5)=5.9	GameFAQs community=7.7; LaunchBox community Bayesian (raw 7.1, n=25)=7.1; LaunchBox Community=7.4
gbc	international superstar soccer 99	International Superstar Soccer 99	6.6	7.3	2000-01-01	Konami Computer Entertainment Nagoya	Konami	MobyGames (n=5)=6.6	GameFAQs community=7.9; LaunchBox community Bayesian (raw 6.6, n=32)=6.7; LaunchBox Community=7.3
gbc	international track and field	International Track & Field		8.0					GameFAQs community=8.0
gbc	jeff gordon xs racing	Jeff Gordon XS Racing		6.1	1999-11-11	Natsume	American Softworks		GameFAQs community=5.7; LaunchBox community Bayesian (raw 5.8, n=8)=6.5; LaunchBox Community=6.1
gbc	jeremy mcgrath supercross 2000	Jeremy McGrath Supercross 2000	6.9	7.0	2000-03-31	M4 Ltd.	Acclaim Entertainment	GameRankings (n=4)=6.9; MobyGames (n=5)=7.0	GameFAQs community=6.6; LaunchBox community Bayesian (raw 7.5, n=24)=7.4; LaunchBox Community=7.0
gbc	john romero s daikatana	John Romero's Daikatana	7.5	7.4	2000-09-29	Will	Kemco	MobyGames (n=5)=7.5	LaunchBox community Bayesian (raw 7.5, n=39)=7.4; LaunchBox Community=7.4
gbc	joust and defender	Joust & Defender
gbc	jumpstart dino adventure field trip	JumpStart Dino Adventure: Field Trip		6.1	2001-10-18	Digital Illusions	Knowledge Adventure		GameFAQs community=5.2; LaunchBox community Bayesian (raw 6.8, n=4)=6.9; LaunchBox Community=6.1
gbc	karate joe	Karate Joe		6.2					GameFAQs community=6.2
gbc	kelly club clubhouse fun	Kelly Club: Clubhouse Fun		6.4					GameFAQs community=6.4
gbc	ken griffey jr s slugfest	Ken Griffey Jr.'s Slugfest		7.2	1999-06-01	Software Creations	Nintendo		GameFAQs community=7.5; LaunchBox community Bayesian (raw 7.0, n=15)=7.0; LaunchBox Community=7.2
gbc	kettou beast wars beast senshi saikyou ketteisen	Kettou Beast Wars: Beast Senshi Saikyou Ketteisen
gbc	king of fighters r 2	King of Fighters R-2
gbc	kirby tilt n tumble	Kirby Tilt 'n' Tumble	8.1	7.3	2000-08-23	Nintendo	Nintendo	GameRankings (n=11)=8.3; MobyGames (n=5)=7.9	GameFAQs community=7.0; LaunchBox community Bayesian (raw 7.6, n=74)=7.5; LaunchBox Community=7.3
gbc	klax	Klax	7.2	6.6	1999-04-01	Digital Eclipse Software	Midway Home Entertainment	MobyGames (n=5)=7.2	GameFAQs community=5.7; LaunchBox community Bayesian (raw 7.5, n=26)=7.4; LaunchBox Community=6.6
gbc	klustar	Klustar	7.2	6.0	1999-07-01	Rebellion Developments	Infogrames	MobyGames (n=5)=7.2	GameFAQs community=5.5; LaunchBox community Bayesian (raw 6.3, n=20)=6.5; LaunchBox Community=6.0
gbc	knockout kings	Knockout Kings	6.8	6.6	1999-12-07	Digital Eclipse Software	Electronic Arts	MobyGames (n=5)=6.8	GameFAQs community=7.3; LaunchBox community Bayesian (raw 5.2, n=13)=6.0; LaunchBox Community=6.6
gbc	las vegas cool hand	Las Vegas Cool Hand	6.5	5.6	1998-12-01	Tarantula Studios	Take-Two Interactive Software	MobyGames (n=5)=6.5	GameFAQs community=5.6; LaunchBox community Bayesian (raw 5.0, n=25)=5.6; LaunchBox Community=5.6
gbc	laura	Laura		6.1	2000-12-06	Planet Interactive Development	Ubi Soft Entertainment Software		LaunchBox community Bayesian (raw 5.7, n=21)=6.1; LaunchBox Community=6.1
gbc	legend of heroes	Legend of Heroes
gbc	legend of the river king 2	Legend of the River King 2		7.4	2001-04-17	Natsume	Natsume		GameFAQs community=7.4; LaunchBox community Bayesian (raw 7.5, n=37)=7.4; LaunchBox Community=7.4
gbc	legend of the river king gb	Legend of the River King GB	7.6		1999	Tose Co., Ltd.		MobyGames (n=5)=7.6
gbc	legend of the river king gbc	Legend of the River King GBC	7.8	7.3	1999-11-23	Natsume	Natsume	GameRankings (n=4)=7.8	GameFAQs community=7.2; LaunchBox community Bayesian (raw 7.4, n=36)=7.3; LaunchBox Community=7.3
gbc	lego alpha team	LEGO Alpha Team		6.6	2000-11-01	The Climax Group	Lego Media		GameFAQs community=5.7; LaunchBox community Bayesian (raw 7.5, n=29)=7.4; LaunchBox Community=6.6
gbc	lego island 2 the brickster s revenge	LEGO Island 2: The Brickster's Revenge	5.4	5.3	2001-03-01	Crawfish Interactive	Lego Media	GameRankings (n=3)=5.7; MobyGames (n=5)=5.3	GameFAQs community=5.6; LaunchBox community Bayesian (raw 4.5, n=33)=5.1; LaunchBox Community=5.3
gbc	lego racers	LEGO Racers		6.0	2000-12-29	The Climax Group	Lego Media		GameFAQs community=6.3; LaunchBox community Bayesian (raw 5.4, n=31)=5.8; LaunchBox Community=6.0
gbc	lego stunt rally	LEGO Stunt Rally		6.2	2000-12-29	Graphic State	Lego Media		GameFAQs community=5.5; LaunchBox community Bayesian (raw 6.9, n=33)=6.9; LaunchBox Community=6.2
gbc	lemmings and oh no more lemmings	Lemmings & Oh No! More Lemmings		6.8	2000-12-20	DMA Design	Psygnosis		GameFAQs community=7.1; LaunchBox community Bayesian (raw 6.5, n=31)=6.6; LaunchBox Community=6.8
gbc	lil monster	Lil' Monster		4.8	1999-07-30	Kid	Agetec		GameFAQs community=4.1; LaunchBox community Bayesian (raw 4.7, n=18)=5.5; LaunchBox Community=4.8
gbc	little magic	Little Magic		7.1	1999-11-26	Altron	Altron		GameFAQs community=7.9; LaunchBox community Bayesian (raw 5.9, n=11)=6.4; LaunchBox Community=7.1
gbc	little nicky	Little Nicky	6.8	4.6	2000-12-01	Digital Eclipse Software	Ubi Soft Entertainment Software	GameRankings (n=4)=6.8	GameFAQs community=3.0; LaunchBox community Bayesian (raw 5.8, n=22)=6.2; LaunchBox Community=4.6
gbc	logical	Logical		5.7	1999-04-01	Conspiracy Entertainment	Sunsoft		GameFAQs community=4.9; LaunchBox community Bayesian (raw 6.2, n=22)=6.5; LaunchBox Community=5.7
gbc	looney tunes	Looney Tunes	6.5	7.3	1999-09-01	Sunsoft	Sunsoft	MobyGames (n=5)=6.5	GameFAQs community=7.3; LaunchBox community Bayesian (raw 7.4, n=41)=7.3
gbc	looney tunes collector alert	Looney Tunes Collector: Alert!	7.5	6.7	2000-06-24	Infogrames	Infogrames	GameRankings (n=7)=7.4; MobyGames (n=5)=7.8	GameFAQs community=6.6; LaunchBox community Bayesian (raw 6.6, n=43)=6.7; LaunchBox Community=6.7
gbc	looney tunes racing	Looney Tunes Racing	5.4	6.3	2000-11-13	Xantera	Infogrames	GameRankings (n=3)=5.6; MobyGames (n=5)=5.3	GameFAQs community=6.4; LaunchBox community Bayesian (raw 6.0, n=30)=6.2; LaunchBox Community=6.3
gbc	lucky luke	Lucky Luke	6.2	6.9	1999-05-01	Bit Managers	Infogrames	MobyGames (n=5)=6.2	GameFAQs community=6.9; LaunchBox community Bayesian (raw 6.9, n=36)=6.9
gbc	lufia the legend returns	Lufia: The Legend Returns	6.2	7.0	2001-09-20	Natsume	Natsume	GameRankings (n=8)=6.1; MobyGames (n=5)=6.3	GameFAQs community=7.5; LaunchBox community Bayesian (raw 6.5, n=54)=6.6; LaunchBox Community=7.0
gbc	m and m s minis madness	M&M's Minis Madness		6.4					GameFAQs community=6.4
gbc	madden nfl 2000	Madden NFL 2000	7.1	6.6	1999-11-01	Tiertex Design Studios	THQ	GameRankings (n=5)=7.3; MobyGames (n=5)=6.8	GameFAQs community=7.2; LaunchBox community Bayesian (raw 5.4, n=22)=5.9; LaunchBox Community=6.6
gbc	madden nfl 2001	Madden NFL 2001		5.5	2000-11-13	3d6 Games	Electronic Arts		GameFAQs community=4.5; LaunchBox community Bayesian (raw 6.2, n=19)=6.5; LaunchBox Community=5.5
gbc	madden nfl 2002	Madden NFL 2002	6.9	6.3	2001-09-01	3d6 Games	Electronic Arts	GameRankings (n=3)=6.9	GameFAQs community=5.7; LaunchBox community Bayesian (raw 6.9, n=22)=6.9; LaunchBox Community=6.3
gbc	magi nation	Magi Nation	8.3	7.4	2001-03-04	Interactive Imagination	Interactive Imagination	GameRankings (n=8)=8.6; MobyGames (n=5)=7.9	GameFAQs community=7.7; LaunchBox community Bayesian (raw 7.2, n=35)=7.2; LaunchBox Community=7.4
gbc	magic monkey	Magic Monkey
gbc	magical chase gb	Magical Chase GB
gbc	magical drop	Magical Drop	6.2	6.8	2000-10-18	Conspiracy Entertainment	Classified Games	GameRankings (n=3)=6.2	GameFAQs community=7.1; LaunchBox community Bayesian (raw 6.5, n=35)=6.6; LaunchBox Community=6.8
gbc	magical tetris challenge	Magical Tetris Challenge	8.8	7.5	1999-11-12	Capcom	Capcom	GameRankings (n=4)=8.5; MobyGames (n=5)=9.0	GameFAQs community=7.7; LaunchBox community Bayesian (raw 7.4, n=41)=7.3; LaunchBox Community=7.5
gbc	marble madness	Marble Madness	5.0	5.8	1999-12-01	Digital Eclipse Software	Midway Home Entertainment	MobyGames (n=5)=5.0	GameFAQs community=4.7; LaunchBox community Bayesian (raw 6.8, n=44)=6.8; LaunchBox Community=5.8
gbc	mario golf	Mario Golf	8.8	7.6	1999-10-01	Camelot Software Planning	Nintendo	GameRankings (n=10)=8.8; MobyGames (n=5)=8.8	GameFAQs community=7.6; LaunchBox community Bayesian (raw 7.6, n=95)=7.5
gbc	mario tennis	Mario Tennis	9.1	8.1	2001-01-16	Camelot Software Planning	Nintendo	GameRankings (n=17)=9.1; MobyGames (n=5)=9.1	GameFAQs community=8.0; LaunchBox community Bayesian (raw 8.2, n=105)=8.1; LaunchBox Community=8.1
gbc	mark of the wolves	Mark of the Wolves
gbc	marvin strikes back	Marvin Strikes Back!
gbc	mary kate and ashley crush course	Mary-Kate & Ashley: Crush Course		5.2	2001-11-01	Crawfish Interactive	Acclaim Entertainment		GameFAQs community=4.3; LaunchBox community Bayesian (raw 4.9, n=7)=6.1; Legacy community=5.2
gbc	mary kate and ashley get a clue	Mary-Kate & Ashley: Get a Clue!		5.8	2000-05-31	Crawfish Interactive	Acclaim Entertainment		GameFAQs community=5.6; LaunchBox community Bayesian (raw 5.5, n=28)=5.9; LaunchBox Community=5.8
gbc	mary kate and ashley pocket planner	Mary-Kate and Ashley: Pocket Planner		5.2	2000-11-29	Powerhead Games	Acclaim Entertainment		GameFAQs community=4.8; LaunchBox community Bayesian (raw 4.7, n=18)=5.5; LaunchBox Community=5.2
gbc	mary kate and ashley winners circle	Mary-Kate and Ashley: Winners Circle		6.1	2001-03-02	M4 Ltd.	Acclaim Entertainment		GameFAQs community=6.0; LaunchBox community Bayesian (raw 5.0, n=8)=6.1; LaunchBox Community=6.1
gbc	mat hoffman s pro bmx	Mat Hoffman's Pro BMX	7.6	5.8	2001-05-14	HotGen Studios	Activision	GameRankings (n=6)=7.7; MobyGames (n=5)=7.4	GameFAQs community=6.1; LaunchBox community Bayesian (raw 5.0, n=31)=5.5; LaunchBox Community=5.8
gbc	matchbox emergency patrol	Matchbox: Emergency Patrol		7.2	2001-06-01	Lucky Chicken Games	Mattel Interactive		GameFAQs community=6.9; LaunchBox community Bayesian (raw 7.6, n=23)=7.4; LaunchBox Community=7.2
gbc	mega man xtreme	Mega Man Xtreme	7.6	7.6	2001-01-10	Capcom	Capcom	GameRankings (n=13)=7.7; MobyGames (n=5)=7.2	GameFAQs community=7.4; LaunchBox community Bayesian (raw 7.8, n=102)=7.7; LaunchBox Community=7.6
gbc	megaman xtreme 2	Megaman Xtreme 2	7.2	7.4	2001-07-19	Capcom	Capcom	GameRankings (n=6)=7.4; MobyGames (n=5)=6.9	LaunchBox community Bayesian (raw 7.4, n=83)=7.4
gbc	men in black 2 the series	Men in Black 2: The Series	4.9	6.0	2000-07-09	David A. Palmer Productions	Crave Entertainment	GameRankings (n=7)=4.9	GameFAQs community=6.3; LaunchBox community Bayesian (raw 5.5, n=29)=5.9; LaunchBox Community=6.0
gbc	metal gear solid	Metal Gear Solid	9.5	8.0	2000-04-24	TOSE	Konami	GameRankings (n=19)=9.6; MobyGames (n=5)=9.3	GameFAQs community=8.1; LaunchBox community Bayesian (raw 7.9, n=147)=7.8; LaunchBox Community=8.0
gbc	metal slug	Metal Slug
gbc	metal slug 2001	Metal Slug 2001
gbc	metal walker	Metal Walker	8.0	7.0	2001-02-06	Capcom	Capcom	GameRankings (n=7)=8.3; MobyGames (n=5)=7.5	GameFAQs community=7.1; LaunchBox community Bayesian (raw 6.9, n=39)=6.9; LaunchBox Community=7.0
gbc	metroid ii return of samus by zorlon hack	Metroid II: Return of Samus by Zorlon (Hack)
gbc	metroid ii return of samus dx	Metroid II: Return of Samus DX
gbc	mia hamm soccer shootout	Mia Hamm Soccer Shootout		6.3	2000-10-27	Aqua Pacific	SouthPeak Games		GameFAQs community=6.0; LaunchBox community Bayesian (raw 6.1, n=8)=6.6; LaunchBox Community=6.3
gbc	mickey s racing adventure	Mickey's Racing Adventure	8.6	7.7	1999-11-22	Rare	Nintendo	GameRankings (n=4)=8.4; MobyGames (n=5)=8.7	GameFAQs community=7.3; LaunchBox community Bayesian (raw 8.2, n=40)=8.0; LaunchBox Community=7.7
gbc	mickey s speedway usa	Mickey's Speedway USA	8.0	7.6	2001-03-25	Rare	Nintendo	GameRankings (n=11)=8.1; MobyGames (n=5)=7.7	GameFAQs community=7.6; LaunchBox community Bayesian (raw 7.7, n=44)=7.6; LaunchBox Community=7.6
gbc	micro machines 1 and 2 twin turbo	Micro Machines 1 and 2: Twin Turbo	8.6	7.3	2000-01-01	Virtucraft	THQ	GameRankings (n=5)=8.8; MobyGames (n=5)=8.3	GameFAQs community=7.6; LaunchBox community Bayesian (raw 7.1, n=34)=7.1; LaunchBox Community=7.3
gbc	micro machines v3	Micro Machines V3	8.7	6.9	2000-11-13	Novalicious	THQ	GameRankings (n=4)=8.5; MobyGames (n=5)=8.8	GameFAQs community=7.3; LaunchBox community Bayesian (raw 6.3, n=23)=6.5; LaunchBox Community=6.9
gbc	microsoft entertainment pack	Microsoft Entertainment Pack
gbc	microsoft pinball arcade	Microsoft Pinball Arcade		6.1	2001-05-01	Saffire	Classified Games		GameFAQs community=5.8; LaunchBox community Bayesian (raw 6.2, n=30)=6.4; LaunchBox Community=6.1
gbc	microsoft puzzle collection	Microsoft Puzzle Collection
gbc	millenium winter sports	Millenium Winter Sports
gbc	missile command	Missile Command	5.0	7.1	1999-09-01	The Code Monkeys	Hasbro Interactive	MobyGames (n=5)=5.0	GameFAQs community=7.3; LaunchBox community Bayesian (raw 6.8, n=28)=6.9; LaunchBox Community=7.1
gbc	mission impossible	Mission: Impossible	6.3	6.2	2000-02-22	Rebellion Developments	Infogrames	GameRankings (n=6)=5.8; MobyGames (n=5)=7.0	GameFAQs community=5.2; LaunchBox community Bayesian (raw 7.2, n=30)=7.2; LaunchBox Community=6.2
gbc	mobile golf	Mobile Golf		7.1	2001-05-11	Camelot Software Planning	Nintendo		GameFAQs community=7.8; LaunchBox community Bayesian (raw 6.1, n=15)=6.5; LaunchBox Community=7.1
gbc	monkey puncher	Monkey Puncher	6.4	7.3	2000-03-24	Atelier Double	Evolution Entertainment	MobyGames (n=5)=6.4	GameFAQs community=7.3; LaunchBox community Bayesian (raw 7.4, n=23)=7.3; LaunchBox Community=7.3
gbc	monopoly	Monopoly		7.0	1998-12-11	Sculptured Software	Parker Brothers		GameFAQs community=7.2; LaunchBox community Bayesian (raw 6.8, n=29)=6.9; LaunchBox Community=7.0
gbc	monster rancher battle card gb	Monster Rancher Battle Card GB		6.4	2000-04-01	Graphic Research	Tecmo		GameFAQs community=6.8; LaunchBox community Bayesian (raw 5.7, n=26)=6.1; LaunchBox Community=6.4
gbc	monster rancher explorer	Monster Rancher Explorer	6.9	6.5	2000-10-01	Graphic Research	Tecmo	GameRankings (n=5)=6.9	GameFAQs community=6.1; LaunchBox community Bayesian (raw 6.9, n=38)=6.9; LaunchBox Community=6.5
gbc	monsters inc	Monsters, Inc		6.4	2001-10-19	Vicarious Visions	THQ		LaunchBox community Bayesian (raw 6.2, n=31)=6.4; LaunchBox Community=6.4
gbc	montezuma s return	Montezuma's Return!	6.8	6.7	1998-12-01	Tarantula Studios	Take-Two Interactive Software Europe	MobyGames (n=5)=6.8	GameFAQs community=6.7; LaunchBox community Bayesian (raw 6.5, n=28)=6.6; LaunchBox Community=6.7
gbc	moomin s tale	Moomin's Tale		6.6	2000-06-30	Pixel	Sunsoft		GameFAQs community=6.4; LaunchBox community Bayesian (raw 6.6, n=16)=6.8
gbc	moon patrol and spy hunter	Moon Patrol & Spy Hunter
gbc	mortal kombat 4	Mortal Kombat 4	4.1	5.0	1998-12-01	Digital Eclipse Software	Midway Home Entertainment	GameRankings (n=3)=4.6; MobyGames (n=5)=3.8	GameFAQs community=4.4; LaunchBox community Bayesian (raw 5.4, n=60)=5.6; LaunchBox Community=5.0
gbc	motocross maniacs 2	Motocross Maniacs 2	8.0	7.4	1999-09-14	Konami Computer Entertainment Osaka	Konami	MobyGames (n=5)=8.0	GameFAQs community=7.6; LaunchBox community Bayesian (raw 7.2, n=51)=7.2; LaunchBox Community=7.4
gbc	mr driller	Mr. Driller	6.3	7.2	2000-01-01	Namco Limited		GameRankings=6.5 (n=6) | MobyGames=6 (n=5 min)	GameFAQs community=7.2
gbc	mr nutz	Mr. Nutz	6.6	6.8	1999-12-01	Planet Interactive Development	Infogrames	MobyGames (n=5)=6.6	GameFAQs community=7.0; LaunchBox community Bayesian (raw 6.6, n=37)=6.7; LaunchBox Community=6.8
gbc	ms pac man special color edition	Ms. Pac-Man: Special Color Edition	6.6	7.7	1999-11-02	Namco	Namco	MobyGames (n=5)=6.6	GameFAQs community=7.9; LaunchBox community Bayesian (raw 7.7, n=38)=7.6
gbc	mtv sports pure ride	MTV Sports: Pure Ride	6.3	7.3	2000-11-29	Visual Impact	THQ	GameRankings (n=5)=6.3; MobyGames (n=5)=6.3	GameFAQs community=7.4; LaunchBox community Bayesian (raw 7.3, n=22)=7.2
gbc	mtv sports skateboarding featuring andy macdonald	MTV Sports: Skateboarding featuring Andy MacDonald	6.2	5.5	2000-08-28	Yellowbelly	THQ	GameRankings (n=5)=6.1; MobyGames (n=5)=6.2	GameFAQs community=5.1; LaunchBox community Bayesian (raw 5.5, n=20)=6.0
gbc	mtv sports t j lavin s ultimate bmx	MTV Sports: T.J. Lavin's Ultimate BMX	6.1	6.3	2000-12-15	Handheld Games	THQ	GameRankings (n=4)=6.1	GameFAQs community=6.3; LaunchBox community Bayesian (raw 5.8, n=13)=6.3; LaunchBox Community=6.3
gbc	nascar challenge	NASCAR Challenge	2.7	6.1	1999-12-01	Morning Star Multimedia	Hasbro Interactive	GameRankings (n=3)=2.7	GameFAQs community=6.3; LaunchBox community Bayesian (raw 5.4, n=21)=5.9; LaunchBox Community=6.1
gbc	nascar heat	NASCAR Heat		6.3	2000-12-01	Game Titan	Hasbro Interactive		GameFAQs community=5.6; LaunchBox community Bayesian (raw 6.9, n=10)=7.0; LaunchBox Community=6.3
gbc	nascar racers	NASCAR Racers		6.6	2000-12-01	Digital Eclipse Software	Hasbro Interactive		GameFAQs community=5.8; LaunchBox community Bayesian (raw 7.7, n=12)=7.4; LaunchBox Community=6.6
gbc	nba 3 on 3 featuring kobe bryant	NBA 3 on 3 Featuring Kobe Bryant	6.9	6.3	1999-12-07	Left Field Productions	Nintendo	GameRankings (n=3)=6.9	GameFAQs community=5.9; LaunchBox community Bayesian (raw 6.5, n=21)=6.7; LaunchBox Community=6.3
gbc	nba hoopz	NBA Hoopz		6.2	2001-02-25	Torus Games	Midway Home Entertainment		GameFAQs community=6.0; LaunchBox community Bayesian (raw 6.1, n=24)=6.4; LaunchBox Community=6.2
gbc	nba in the zone	NBA in the Zone	5.4	7.2	1999-05-01	Konami Computer Entertainment Kobe	Konami	GameRankings (n=3)=5.4	GameFAQs community=7.3; LaunchBox community Bayesian (raw 7.2, n=29)=7.1
gbc	nba jam 2001	NBA Jam 2001	4.3	6.2	2000-11-28	Beam Software	Acclaim Entertainment	GameRankings (n=3)=4.3	GameFAQs community=5.9; LaunchBox community Bayesian (raw 6.4, n=30)=6.5; LaunchBox Community=6.2
gbc	nba jam 99	NBA Jam 99	6.1	6.9	1999-02-01	Torus Games	Acclaim Entertainment	GameRankings (n=4)=5.8; MobyGames (n=5)=6.4	GameFAQs community=7.3; LaunchBox community Bayesian (raw 6.3, n=31)=6.5; LaunchBox Community=6.9
gbc	nba showtime nba on nbc	NBA Showtime: NBA on NBC	4.7	6.8	2000-01-01	Torus Games	Midway Home Entertainment	GameRankings (n=4)=4.7	GameFAQs community=6.3; LaunchBox community Bayesian (raw 7.4, n=22)=7.3; LaunchBox Community=6.8
gbc	nfl blitz	NFL Blitz	5.3	5.9	1998-12-01	Digital Eclipse Software	Midway Home Entertainment	MobyGames (n=5)=5.3	GameFAQs community=4.9; LaunchBox community Bayesian (raw 6.9, n=26)=6.9; LaunchBox Community=5.9
gbc	nfl blitz 2001	NFL Blitz 2001		7.0	2000-09-12	Morning Star Multimedia	Midway Home Entertainment		GameFAQs community=7.5; LaunchBox community Bayesian (raw 6.3, n=16)=6.6; LaunchBox Community=7.0
gbc	nhl 2000	NHL 2000	6.4	6.5	2000-02-01	Tiertex Design Studios	THQ	GameRankings (n=5)=6.1; MobyGames (n=5)=6.7	GameFAQs community=6.3; LaunchBox community Bayesian (raw 6.5, n=30)=6.6
gbc	nhl blades of steel	NHL Blades of Steel		7.0	1999-07-06	Konami	Konami		GameFAQs community=6.7; LaunchBox community Bayesian (raw 7.2, n=25)=7.1; LaunchBox Community=7.0
gbc	nicktoons racing	Nicktoons Racing		5.3	2000-12-07	Pipedream Interactictive	Hasbro Interactive		GameFAQs community=4.7; LaunchBox community Bayesian (raw 5.6, n=27)=6.0; LaunchBox Community=5.3
gbc	nobunaga no yabou game boy ban 2	Nobunaga no Yabou Game Boy-ban 2
gbc	nsync get to the show	NSYNC: Get to the Show		4.7	2001-12-12	Stunt Puppy Entertainment	Infogrames		GameFAQs community=4.0; LaunchBox community Bayesian (raw 3.8, n=11)=5.3; LaunchBox Community=4.7
gbc	othello millennium	Othello Millennium		6.9	1999-10-08	Tomcat System	Tsukuda Original		GameFAQs community=7.6; LaunchBox community Bayesian (raw 4.2, n=4)=6.2; LaunchBox Community=6.9
gbc	pac man special color edition	Pac-Man: Special Color Edition	7.7	7.8	1999-08-01	Namco	Namco	GameRankings (n=6)=7.8; MobyGames (n=5)=7.6	GameFAQs community=7.9; LaunchBox community Bayesian (raw 7.7, n=59)=7.6; LaunchBox Community=7.8
gbc	painter	Painter
gbc	paperboy	Paperboy	4.5	6.1	1999-01-01	GameBrains	Midway Home Entertainment	MobyGames (n=5)=4.5	GameFAQs community=5.6; LaunchBox community Bayesian (raw 6.4, n=30)=6.5; LaunchBox Community=6.1
gbc	perfect dark	Perfect Dark	6.6	6.5	2000-08-28	Rare	Nintendo	GameRankings (n=9)=6.6; MobyGames (n=5)=6.7	GameFAQs community=6.2; LaunchBox community Bayesian (raw 6.6, n=45)=6.7; LaunchBox Community=6.5
gbc	pitfall beyond the jungle	Pitfall: Beyond the Jungle	5.7	5.2	1998-12-01	David A. Palmer Productions	Interplay Entertainment	MobyGames (n=5)=5.7	GameFAQs community=5.0; LaunchBox community Bayesian (raw 4.7, n=26)=5.3; LaunchBox Community=5.2
gbc	planet of the apes	Planet of the Apes		6.1	2001-12-06	Torus Games	Ubi Soft Entertainment Software		GameFAQs community=6.3; LaunchBox community Bayesian (raw 5.5, n=25)=5.9; LaunchBox Community=6.1
gbc	pocket bomberman	Pocket Bomberman	7.2	7.2	1998-12-14	Hudson Soft	Nintendo	GameRankings (n=3)=7.1; MobyGames (n=5)=7.2	GameFAQs community=7.2; LaunchBox community Bayesian (raw 7.2, n=49)=7.2
gbc	pocket bowling	Pocket Bowling		7.0	1998-10-23	Athena	Jaleco		GameFAQs community=7.7; LaunchBox community Bayesian (raw 5.9, n=23)=6.2; LaunchBox Community=7.0
gbc	pocket monsters crystal version	Pocket Monsters: Crystal Version
gbc	pocket monsters gin	Pocket Monsters Gin
gbc	pocket monsters go go go	Pocket Monsters GO!GO!GO!
gbc	pocket monsters go go the pikachu nightmare	Pocket Monsters GO! GO!: The Pikachu Nightmare
gbc	pocket monsters kin	Pocket Monsters Kin
gbc	pocket smash out	Pocket Smash Out
gbc	pocket smash out and race time	Pocket Smash Out & Race Time			2001-02-23	Various	Rocket Games
gbc	pocket soccer	Pocket Soccer		6.6	2001-03-01	Game-Play Studios	Nintendo		GameFAQs community=6.7; LaunchBox community Bayesian (raw 6.2, n=17)=6.5; LaunchBox Community=6.6
gbc	pok mon crystal version	Pokémon Crystal Version	8.1	8.8	2000-12-14	Nintendo	Nintendo	GameRankings (n=12)=8.0; MobyGames (n=5)=8.3	GameFAQs community=8.8; LaunchBox community Bayesian (raw 8.9, n=308)=8.8; LaunchBox Community=8.8
gbc	pok mon diamond	Pokémon Diamond
gbc	pok mon gold version	Pokémon Gold Version	8.9	8.8	1999-11-21	Game Freak	Nintendo	GameRankings (n=16)=9.0; MobyGames (n=5)=8.9	GameFAQs community=8.7; LaunchBox community Bayesian (raw 8.9, n=208)=8.8; LaunchBox Community=8.8
gbc	pok mon pinball	Pokémon Pinball	8.2	7.3	1999-04-14	HAL Laboratory	Nintendo	GameRankings (n=11)=8.2; MobyGames (n=5)=8.1	GameFAQs community=7.2; LaunchBox community Bayesian (raw 7.5, n=129)=7.5; LaunchBox Community=7.3
gbc	pok mon puzzle challenge	Pokémon Puzzle Challenge	8.8	7.5	2000-09-21	Intelligent Systems	Nintendo	GameRankings (n=10)=9.0; MobyGames (n=5)=8.5	GameFAQs community=7.6; LaunchBox community Bayesian (raw 7.6, n=70)=7.5; LaunchBox Community=7.5
gbc	pok mon silver version	Pokémon Silver Version	9.1	8.8	1999-11-21	Game Freak	Nintendo	GameRankings (n=23)=9.1; MobyGames (n=5)=8.9	GameFAQs community=8.7; LaunchBox community Bayesian (raw 8.9, n=207)=8.8; LaunchBox Community=8.8
gbc	pok mon trading card game	Pokémon Trading Card Game	8.0	7.7	1998-12-18	Hudson Soft	Nintendo	GameRankings (n=13)=8.1; MobyGames (n=5)=7.8	GameFAQs community=7.5; LaunchBox community Bayesian (raw 7.8, n=100)=7.7; LaunchBox Community=7.7
gbc	pokemon 2004	Pokemon 2004
gbc	pokemon adventure	Pokemon Adventure
gbc	pokemon card gb	Pokemon Card GB
gbc	pokemon card gb2 gr dan sanjou	Pokemon Card GB2: GR Dan Sanjou!		7.8	2001-03-28	Hudson Soft	The Pokémon Company		LaunchBox community Bayesian (raw 8.0, n=36)=7.8; LaunchBox Community=7.8
gbc	pokemon crystal all v1 5 hack	Pokemon Crystal ALL V1.5 (Hack)
gbc	pokemon yellow version	Pokemon: Yellow Version
gbc	polaris snocross	Polaris SnoCross	6.6	7.0	2000-02-01	Vicarious Visions	Vatical Entertainment	GameRankings (n=5)=6.6	GameFAQs community=7.5; LaunchBox community Bayesian (raw 6.2, n=9)=6.6; LaunchBox Community=7.0
gbc	pong the next level	Pong: The Next Level	4.3	6.7	1999-12-01	Eastridge Technology	Hasbro Interactive	MobyGames (n=5)=4.3	GameFAQs community=5.3; LaunchBox community Bayesian (raw 8.3, n=46)=8.1; LaunchBox Community=6.7
gbc	portal runner	Portal Runner		7.0	2001-09-01	Handheld Games	3DO		GameFAQs community=6.9; LaunchBox community Bayesian (raw 7.1, n=26)=7.1; LaunchBox Community=7.0
gbc	power quest	Power Quest	6.8	6.7	1998-12-01	Japan System Supply	Capcom	MobyGames (n=5)=6.8	GameFAQs community=6.2; LaunchBox community Bayesian (raw 7.2, n=38)=7.2; LaunchBox Community=6.7
gbc	power rangers lightspeed rescue	Power Rangers: Lightspeed Rescue		6.5	2000-06-01	Natsume	THQ		LaunchBox community Bayesian (raw 6.3, n=32)=6.5; LaunchBox Community=6.5
gbc	power rangers time force	Power Rangers Time Force		6.9	2001-05-02	Natsume	THQ		LaunchBox community Bayesian (raw 6.9, n=28)=6.9
gbc	power spike pro beach volleyball	Power Spike: Pro Beach Volleyball		6.8	2000-12-22	Spark Creative	Infogrames		GameFAQs community=7.4; LaunchBox community Bayesian (raw 5.5, n=13)=6.2; LaunchBox Community=6.8
gbc	powerpuff girls bad mojo jojo	Powerpuff Girls: Bad Mojo Jojo	4.8	5.6	2000-11-14	Sennari Interactive	BAM! Entertainment	MobyGames (n=5)=4.8	GameFAQs community=5.2; LaunchBox community Bayesian (raw 5.6, n=30)=6.0
gbc	powerpuff girls paint the townsville green	Powerpuff Girls: Paint the Townsville Green	4.6	6.0	2000-11-01	Sennari Interactive	BAM! Entertainment	MobyGames (n=5)=4.6	GameFAQs community=5.5; LaunchBox community Bayesian (raw 6.3, n=29)=6.5; Legacy community=5.9
gbc	pro darts	Pro Darts		6.2	2002-02-07	Vicarious Visions	Vatical Entertainment		GameFAQs community=5.9; LaunchBox community Bayesian (raw 5.9, n=11)=6.4; LaunchBox Community=6.2
gbc	pro pool	Pro Pool	7.6	6.6	2000-09-12	Blade Interactive Studios	Codemasters	GameRankings (n=3)=7.5; MobyGames (n=5)=7.7	GameFAQs community=6.8; LaunchBox community Bayesian (raw 6.1, n=22)=6.4; LaunchBox Community=6.6
gbc	project s 11	Project S-11	7.6	7.0	2000-12-14	Paragon Five	Sunsoft	MobyGames (n=5)=7.6	GameFAQs community=7.1; LaunchBox community Bayesian (raw 6.9, n=28)=6.9; LaunchBox Community=7.0
gbc	puzzle master	Puzzle Master	7.7	6.7	1999-12-01	Metro3D	Metro3D	GameRankings (n=4)=7.7	GameFAQs community=6.6; LaunchBox community Bayesian (raw 6.5, n=6)=6.8; LaunchBox Community=6.7
gbc	puzzled	Puzzled	6.6	5.4	2001-03-09	ELO Interactive Media	Conspiracy Entertainment	MobyGames (n=5)=6.6	GameFAQs community=5.3; LaunchBox community Bayesian (raw 4.9, n=27)=5.5; LaunchBox Community=5.4
gbc	q bert	Q-bert		6.6	2000-09-25	Pipedream Interactictive	Hasbro Interactive		GameFAQs community=6.0; LaunchBox community Bayesian (raw 7.3, n=9)=7.1; LaunchBox Community=6.6
gbc	quest fantasy challenge	Quest: Fantasy Challenge		5.5	1999-04-01	Imagineer	Sunsoft		GameFAQs community=3.9; LaunchBox community Bayesian (raw 7.0, n=15)=7.0; LaunchBox Community=5.5
gbc	quest for camelot	Quest for Camelot	5.9	5.4	1998-12-16	Titus France	Nintendo of America	GameRankings (n=3)=5.0; MobyGames (n=5)=6.4	GameFAQs community=4.6; LaunchBox community Bayesian (raw 5.6, n=18)=6.1; LaunchBox Community=5.4
gbc	quest rpg brian s journey	Quest RPG: Brian's Journey
gbc	r type dx	R-Type DX	7.7	7.5	1999-06-01	Bits Studios	Epoch	GameRankings (n=10)=7.6; MobyGames (n=5)=8.0	GameFAQs community=7.5; LaunchBox community Bayesian (raw 7.6, n=64)=7.5; LaunchBox Community=7.5
gbc	race time	Race Time
gbc	rampage 2 universal tour	Rampage 2: Universal Tour	4.7	6.4	1999-11-01	Digital Eclipse Software	Midway Home Entertainment	MobyGames (n=5)=4.7	GameFAQs community=6.2; LaunchBox community Bayesian (raw 6.4, n=38)=6.5
gbc	rampage world tour	Rampage World Tour	5.5	5.3	1998-12-01	Digital Eclipse Software	Midway Home Entertainment	MobyGames (n=5)=5.5	GameFAQs community=5.8; LaunchBox community Bayesian (raw 4.4, n=44)=4.9; LaunchBox Community=5.3
gbc	rampart	Rampart	6.9	6.4	1999-11-17	Digital Eclipse Software	Midway Home Entertainment	GameRankings (n=4)=8.1; MobyGames (n=5)=6.0	GameFAQs community=6.3; LaunchBox community Bayesian (raw 6.4, n=20)=6.6
gbc	rats	Rats!	6.1	5.2	1998-12-01	Tarantula Studios	Take-Two Interactive Software	MobyGames (n=5)=6.1	GameFAQs community=4.9; LaunchBox community Bayesian (raw 4.8, n=26)=5.4; LaunchBox Community=5.2
gbc	rayman	Rayman	8.0	7.4	2000-03-29	Ubi Soft Studios	Ubi Soft Entertainment Software	GameRankings (n=8)=7.9; MobyGames (n=5)=8.3	GameFAQs community=6.7; LaunchBox community Bayesian (raw 8.2, n=51)=8.0; LaunchBox Community=7.4
gbc	rayman 2 the great escape	Rayman 2: The Great Escape
gbc	razor freestyle scooter	Razor Freestyle Scooter	4.4	7.2	2001-05-10	Crawfish Interactive	Crave Entertainment	GameRankings (n=4)=4.4	GameFAQs community=7.5; LaunchBox community Bayesian (raw 6.9, n=13)=6.9; LaunchBox Community=7.2
gbc	ready 2 rumble boxing	Ready 2 Rumble Boxing	6.0	6.4	1999-12-01	Crawfish Interactive	Midway Home Entertainment	GameRankings (n=3)=6.4; MobyGames (n=5)=5.8	GameFAQs community=5.9; LaunchBox community Bayesian (raw 6.7, n=35)=6.8; LaunchBox Community=6.4
gbc	rescue heroes fire frenzy	Rescue Heroes: Fire Frenzy		6.4	2001-01-01	Vicarious Visions	Mattel Interactive		GameFAQs community=5.8; LaunchBox community Bayesian (raw 7.0, n=5)=7.0; LaunchBox Community=6.4
gbc	resident evil gaiden	Resident Evil Gaiden	5.6	6.3	2001-12-14	M4 Ltd.	Capcom	GameRankings (n=12)=5.6; MobyGames (n=5)=5.6	GameFAQs community=5.9; LaunchBox community Bayesian (raw 6.6, n=92)=6.6; LaunchBox Community=6.3
gbc	return of the ninja	Return of the Ninja		6.7	2001-03-30	Act Japan	Natsume		GameFAQs community=6.2; LaunchBox community Bayesian (raw 7.2, n=44)=7.2; LaunchBox Community=6.7
gbc	revelations the demon slayer	Revelations: The Demon Slayer	6.8	6.1	1999-08-01	Atlus	Atlus	GameRankings (n=6)=7.1; MobyGames (n=5)=6.4	GameFAQs community=5.9; LaunchBox community Bayesian (raw 6.2, n=44)=6.3; LaunchBox Community=6.1
gbc	rhino rumble	Rhino Rumble		6.7	2002-03-29	Lost Boys Games	Telegames		GameFAQs community=6.5; LaunchBox community Bayesian (raw 6.8, n=21)=6.9; LaunchBox Community=6.7
gbc	road champs bxs stunt biking	Road Champs: BXS Stunt Biking	7.4	6.1	2000-12-05	HotGen Studios	Activision	GameRankings (n=6)=7.5; MobyGames (n=5)=7.2	GameFAQs community=5.6; LaunchBox community Bayesian (raw 6.3, n=16)=6.6; LaunchBox Community=6.1
gbc	road rash	Road Rash		6.8	2000-11-29	3d6 Games	Electronic Arts		GameFAQs community=6.7; LaunchBox community Bayesian (raw 6.9, n=27)=6.9; LaunchBox Community=6.8
gbc	roadsters 98	Roadsters '98
gbc	robocop	RoboCop		6.0	2001-01-01	Mirage Interactive	Titus Software		GameFAQs community=5.6; LaunchBox community Bayesian (raw 6.0, n=21)=6.3
gbc	robopon sun version	Robopon: Sun Version	3.8	6.8	1998-12-04	Will	Atlus	GameRankings (n=3)=3.8	GameFAQs community=7.3; LaunchBox community Bayesian (raw 6.2, n=29)=6.4; LaunchBox Community=6.8
gbc	rocket power gettin air	Rocket Power: Gettin' Air		5.6	2001-03-21	Tiertex Design Studios	THQ		GameFAQs community=5.2; LaunchBox community Bayesian (raw 5.4, n=17)=6.0; LaunchBox Community=5.6
gbc	rocky mountain trophy hunter	Rocky Mountain: Trophy Hunter		6.8	2000-09-06	Xantera	Infogrames		GameFAQs community=7.5; LaunchBox community Bayesian (raw 5.1, n=8)=6.2; LaunchBox Community=6.8
gbc	ronaldo v soccer	Ronaldo V.Soccer	5.9	6.3	2000-01-01	Bit Managers	Infogrames	MobyGames (n=5)=5.9	GameFAQs community=6.5; LaunchBox community Bayesian (raw 5.7, n=22)=6.1; LaunchBox Community=6.3
gbc	roswell conspiracies aliens myths and legends	Roswell Conspiracies: Aliens, Myths & Legends		5.7	2001-05-28	Crawfish Interactive	Red Storm Entertainment		GameFAQs community=5.1; LaunchBox community Bayesian (raw 5.8, n=18)=6.2; LaunchBox Community=5.7
gbc	rpg tsukuuru gb	RPG Tsukuuru GB
gbc	rugrats in paris the movie	Rugrats in Paris: The Movie	4.3	5.5	2000-11-01	Software Creations	THQ	GameRankings (n=4)=5.0; MobyGames (n=5)=3.8	GameFAQs community=4.9; LaunchBox community Bayesian (raw 5.9, n=29)=6.2; LaunchBox Community=5.5
gbc	rugrats time travelers	Rugrats: Time Travelers	4.9	6.3	1999-11-01	Software Creations	THQ	MobyGames (n=5)=4.9	LaunchBox community Bayesian (raw 6.0, n=21)=6.3; LaunchBox Community=6.3
gbc	rugrats totally angelica	Rugrats: Totally Angelica	4.8	5.9	2000-05-05	Tiertex Design Studios	THQ	GameRankings (n=3)=4.8	GameFAQs community=6.0; LaunchBox community Bayesian (raw 5.5, n=25)=5.9; LaunchBox Community=5.9
gbc	sabrina the animated series spooked	Sabrina the Animated Series: Spooked!		6.4	2001-11-06	WayForward Technologies	Simon & Schuster Interactive		GameFAQs community=6.4; LaunchBox community Bayesian (raw 6.1, n=21)=6.4; LaunchBox Community=6.4
gbc	sabrina the animated series zapped	Sabrina the Animated Series: Zapped!		6.1	2000-11-01	WayForward Technologies	Simon & Schuster Interactive		GameFAQs community=6.2; LaunchBox community Bayesian (raw 5.8, n=31)=6.1; LaunchBox Community=6.1
gbc	san francisco rush 2049	San Francisco Rush 2049	4.7	6.3	2000-09-07	Handheld Games	Midway Home Entertainment	GameRankings (n=5)=5.0; MobyGames (n=5)=4.4	GameFAQs community=6.3; LaunchBox community Bayesian (raw 6.1, n=26)=6.3; LaunchBox Community=6.3
gbc	sanrio timenet mirai hen	Sanrio TimeNet: Mirai-hen		6.5	1998-11-27	TOSE	Imagineer		LaunchBox community Bayesian (raw 5.6, n=5)=6.5; LaunchBox Community=6.5
gbc	scooby doo classic creep capers	Scooby-Doo! Classic Creep Capers	6.8	6.6	2001-02-20	Digital Eclipse Software	THQ	GameRankings (n=4)=7.1; MobyGames (n=5)=6.6	GameFAQs community=6.6; LaunchBox community Bayesian (raw 6.5, n=31)=6.6
gbc	sesame street sports	Sesame Street Sports		5.3	2001-11-15	Realtime Associates	NewKidCo		GameFAQs community=5.1; LaunchBox community Bayesian (raw 4.7, n=20)=5.5; LaunchBox Community=5.3
gbc	sgt rock on the frontline	Sgt. Rock: On the Frontline	5.3	7.1	2000-12-17	Altron	BAM! Entertainment	GameRankings (n=3)=5.3	GameFAQs community=6.9; LaunchBox community Bayesian (raw 7.5, n=23)=7.3; LaunchBox Community=7.1
gbc	shamus	Shamus		6.3	2000-03-01	Vatical Entertainment	Telegames		GameFAQs community=6.0; LaunchBox community Bayesian (raw 6.2, n=19)=6.5; LaunchBox Community=6.3
gbc	shanghai pocket	Shanghai Pocket	7.8	6.5	1998-12-30	Sunsoft	Activision	MobyGames (n=5)=7.8	GameFAQs community=6.3; LaunchBox community Bayesian (raw 6.5, n=23)=6.7
gbc	shantae	Shantae	7.8	7.9	2002-06-02	WayForward Technologies	Capcom	GameRankings (n=13)=7.8; MobyGames (n=5)=8.0	GameFAQs community=7.7; LaunchBox community Bayesian (raw 8.2, n=138)=8.1; LaunchBox Community=7.9
gbc	shark mx	SHARK MX
gbc	shaun palmer s pro snowboarder	Shaun Palmer's Pro Snowboarder		6.9	2001-11-01	ITL	Activision		GameFAQs community=7.1; LaunchBox community Bayesian (raw 6.3, n=7)=6.7; LaunchBox Community=6.9
gbc	shin megami tensei devil children kuro no sho	Shin Megami Tensei: Devil Children: Kuro no Sho		4.9	2000-11-17	Multimedia Intelligence Transfer	Atlus		GameFAQs community=3.1; LaunchBox community Bayesian (raw 6.5, n=12)=6.7; LaunchBox Community=4.9
gbc	shin megami tensei devil children kuro no shou	Shin Megami Tensei Devil Children: Kuro no Shou
gbc	shrek fairy tale freakdown	Shrek: Fairy Tale Freakdown	3.4	4.8	2001-05-29	Prolific	TDK Mediactive	GameRankings (n=6)=3.6; MobyGames (n=5)=3.1	GameFAQs community=4.2; LaunchBox community Bayesian (raw 5.0, n=37)=5.4; LaunchBox Community=4.8
gbc	sky dragon	Sky Dragon
gbc	snoopy tennis	Snoopy Tennis	7.9	7.1	2001-04-06	Mermaid Studios	Infogrames	MobyGames (n=5)=7.9	GameFAQs community=7.3; LaunchBox community Bayesian (raw 6.9, n=33)=6.9; LaunchBox Community=7.1
gbc	snow white and the seven dwarfs	Snow White and the Seven Dwarfs
gbc	snowboard champion	Snowboard Champion		7.7					GameFAQs community=7.7
gbc	sonic 7	Sonic 7
gbc	soul falchion	Soul Falchion
gbc	soul getter houkago bouken rpg	Soul Getter: Houkago Bouken RPG		7.2	2000-08-04		Micro Cabin		GameFAQs community=7.7; LaunchBox community Bayesian (raw 5.6, n=4)=6.6; LaunchBox Community=7.2
gbc	space invaders	Space Invaders	7.7	7.6	1999-10-27	Crawfish Interactive	Activision	MobyGames (n=5)=7.7	GameFAQs community=7.8; LaunchBox community Bayesian (raw 7.5, n=48)=7.4; LaunchBox Community=7.6
gbc	space invasion	Space Invasion		7.6					GameFAQs community=7.6
gbc	space invasion and karate joe	Space Invasion & Karate Joe
gbc	space marauder	Space Marauder		7.1	2000-08-28	Kid	Agetec		GameFAQs community=6.8; LaunchBox community Bayesian (raw 7.4, n=30)=7.3; LaunchBox Community=7.1
gbc	spawn	Spawn		5.5	1999-09-15	Konami	Konami		GameFAQs community=4.0; LaunchBox community Bayesian (raw 7.1, n=39)=7.1; LaunchBox Community=5.5
gbc	speedy gonzales aztec adventure	Speedy Gonzales: Aztec Adventure	6.1	7.4	2000-01-01	Sunsoft	Sunsoft	MobyGames (n=5)=6.1	GameFAQs community=7.3; LaunchBox community Bayesian (raw 7.7, n=24)=7.5; LaunchBox Community=7.4
gbc	spider man	Spider-Man	6.7	6.4	2000-08-01	Vicarious Visions	Activision	GameRankings (n=11)=6.7; MobyGames (n=5)=6.8	GameFAQs community=6.1; LaunchBox community Bayesian (raw 6.7, n=54)=6.7; LaunchBox Community=6.4
gbc	spider man 2 the sinister six	Spider-Man 2: The Sinister Six	7.4	7.0	2001-05-30	Torus Games	Activision	GameRankings (n=7)=7.0; MobyGames (n=5)=8.0	GameFAQs community=7.4; LaunchBox community Bayesian (raw 6.5, n=45)=6.6; LaunchBox Community=7.0
gbc	spongebob squarepants legend of the lost spatula	SpongeBob SquarePants: Legend of the Lost Spatula	6.0	6.0	2001-03-05	Vicarious Visions	THQ	GameRankings (n=5)=6.1; MobyGames (n=5)=5.9	GameFAQs community=5.3; LaunchBox community Bayesian (raw 6.4, n=28)=6.6; LaunchBox Community=6.0
gbc	spy vs spy	Spy vs Spy	7.4	6.6	1999-06-01	Kemco	Vatical Entertainment	GameRankings (n=7)=7.1; MobyGames (n=5)=7.9	GameFAQs community=6.6; LaunchBox community Bayesian (raw 6.5, n=26)=6.6; LaunchBox Community=6.6
gbc	star wars episode i obi wan s adventures	Star Wars: Episode I: Obi-Wan's Adventures	5.7	6.2	2000-11-27	HotGen Studios	THQ	GameRankings (n=3)=6.2; MobyGames (n=5)=5.4	GameFAQs community=5.0; LaunchBox community Bayesian (raw 7.4, n=52)=7.3; LaunchBox Community=6.2
gbc	star wars episode i racer	Star Wars: Episode I: Racer	7.0	6.3	1999-12-01	Pax Softnica	Nintendo	GameRankings (n=8)=6.9; MobyGames (n=5)=7.0	GameFAQs community=6.2; LaunchBox community Bayesian (raw 6.2, n=42)=6.4; LaunchBox Community=6.3
gbc	stone age	Stone Age
gbc	street fighter alpha warriors dreams	Street Fighter Alpha: Warriors' Dreams	7.5	7.0	2000-03-01	Crawfish Interactive	Capcom	GameRankings (n=8)=7.7; MobyGames (n=5)=7.3	GameFAQs community=7.1; LaunchBox community Bayesian (raw 6.9, n=80)=6.9; LaunchBox Community=7.0
gbc	stuart little the journey home	Stuart Little: The Journey Home	6.2	5.4	2001-08-24	Tiertex Design Studios	Activision	GameRankings (n=3)=6.2	GameFAQs community=4.8; LaunchBox community Bayesian (raw 5.5, n=28)=5.9; LaunchBox Community=5.4
gbc	super breakout	Super Breakout	5.0	6.1	1998-12-01	Morning Star Multimedia	Majesco Sales	GameRankings (n=3)=5.0; MobyGames (n=5)=5.0	GameFAQs community=5.8; LaunchBox community Bayesian (raw 6.2, n=38)=6.4; LaunchBox Community=6.1
gbc	super chinese fighter ex	Super Chinese Fighter EX		7.0	1999-12-24	Culture Brain	Culture Brain		GameFAQs community=7.8; LaunchBox community Bayesian (raw 5.4, n=7)=6.3; LaunchBox Community=7.0
gbc	super fighters 99	Super Fighters '99
gbc	super mario bros deluxe	Super Mario Bros. Deluxe	9.2	8.1	1999-04-30	Nintendo	Nintendo	GameRankings (n=15)=9.3; MobyGames (n=5)=9.2	GameFAQs community=8.1; LaunchBox community Bayesian (raw 8.2, n=174)=8.1; LaunchBox Community=8.1
gbc	super mario bros special	Super Mario Bros. Special
gbc	super mario land dx	Super Mario Land DX		8.2	2019-04-22	toruzz	Romhacking.net		LaunchBox community Bayesian (raw 8.4, n=52)=8.2; LaunchBox Community=8.2
gbc	super robot pinball	Super Robot Pinball		7.2	2001-02-23	Jupiter	Media Factory		GameFAQs community=7.9; LaunchBox community Bayesian (raw 6.4, n=15)=6.6; LaunchBox Community=7.2
gbc	survival kids	Survival Kids	9.2	7.8	1999-06-17	Konami Computer Entertainment Sapporo	Konami	MobyGames (n=5)=9.2	GameFAQs community=7.9; LaunchBox community Bayesian (raw 7.8, n=64)=7.7
gbc	survival kids 2 dasshutsu futago jima	Survival Kids 2: Dasshutsu!! Futago-Jima!
gbc	sylvanian families otogi no kuni no pendant	Sylvanian Families: Otogi no Kuni no Pendant		7.0	1999-10-15	Epoch	Epoch		GameFAQs community=7.4; LaunchBox community Bayesian (raw 6.0, n=7)=6.6; LaunchBox Community=7.0
gbc	sylvester and tweety	Sylvester and Tweety
gbc	tazmanian devil munching madness	Tazmanian Devil: Munching Madness		6.3	1999-11-01	M4 Ltd.	Sunsoft		LaunchBox community Bayesian (raw 6.1, n=28)=6.3; LaunchBox Community=6.3
gbc	tech deck skateboarding	Tech Deck Skateboarding	5.0	6.0	2001-03-25	Handheld Games	Activision	GameRankings (n=8)=5.1; MobyGames (n=5)=4.8	GameFAQs community=5.1; LaunchBox community Bayesian (raw 7.0, n=25)=7.0; LaunchBox Community=6.0
gbc	test drive 6	Test Drive 6	5.6	6.2	1999-11-16	Xantera	Infogrames	MobyGames (n=5)=5.6	GameFAQs community=6.4; LaunchBox community Bayesian (raw 5.6, n=25)=6.0; LaunchBox Community=6.2
gbc	test drive cycles	Test Drive Cycles	6.0	7.4	2000-07-25	Xantera	Infogrames	GameRankings (n=9)=6.0	GameFAQs community=7.8; LaunchBox community Bayesian (raw 7.1, n=13)=7.1; LaunchBox Community=7.4
gbc	test drive le mans	Test Drive: Le Mans	7.4	7.6	2000-06-01	Velez & Dubail	Infogrames	GameRankings (n=7)=7.5; MobyGames (n=5)=7.3	GameFAQs community=8.1; LaunchBox community Bayesian (raw 7.2, n=24)=7.1; LaunchBox Community=7.6
gbc	test drive off road 3	Test Drive: Off-Road 3		6.6	1999-11-01	Xantera	Infogrames		GameFAQs community=7.4; LaunchBox community Bayesian (raw 5.5, n=26)=5.9; LaunchBox Community=6.6
gbc	tetris dx	Tetris DX	8.4	8.2	1998-10-21	Nintendo	Nintendo	GameRankings (n=9)=8.1; MobyGames (n=5)=9.0	GameFAQs community=8.2; LaunchBox community Bayesian (raw 8.3, n=102)=8.2; LaunchBox Community=8.2
gbc	the chessmaster	The Chessmaster	7.1	6.7	1999	Park Place Productions	Mindscape	GameRankings (n=6)=7.1	GameFAQs community=6.6; LaunchBox community Bayesian (raw 6.6, n=25)=6.7; Legacy community=6.7
gbc	the dukes of hazzard racing for home	The Dukes of Hazzard: Racing for Home		6.4	2000-11-07	Spellbound Interactive	SouthPeak Games		GameFAQs community=6.7; LaunchBox community Bayesian (raw 5.8, n=28)=6.1; LaunchBox Community=6.4
gbc	the emperor s new groove	The Emperor's New Groove		6.1	2000-11-01	Sandbox Studios	Ubi Soft Entertainment Software		LaunchBox community Bayesian (raw 5.8, n=28)=6.1; LaunchBox Community=6.1
gbc	the f a premier league stars 2001	The F.A. Premier League Stars 2001		5.7	2001-06-08	Krisalis Software	THQ		GameFAQs community=5.7; LaunchBox community Bayesian (raw 5.1, n=22)=5.7; LaunchBox Community=5.7
gbc	the flintstones burgertime in bedrock	The Flintstones: Burgertime in Bedrock	6.2	6.7	2001-05-30	Conspiracy Entertainment	Conspiracy Entertainment	MobyGames (n=5)=6.2	GameFAQs community=6.8; LaunchBox community Bayesian (raw 6.5, n=40)=6.6; LaunchBox Community=6.7
gbc	the grinch	The Grinch	6.9	7.1	2000-11-01	Konami Computer Entertainment Nagoya	Konami	MobyGames (n=5)=6.9	GameFAQs community=7.2; LaunchBox community Bayesian (raw 6.9, n=30)=6.9; LaunchBox Community=7.1
gbc	the jungle book mowgli s wild adventure	The Jungle Book: Mowgli's Wild Adventure		6.5	2000-11-20	Ubi Soft Studios	Ubi Soft Entertainment Software		LaunchBox community Bayesian (raw 6.4, n=30)=6.5; LaunchBox Community=6.5
gbc	the land before time	The Land Before Time		5.5	2001-07-14	Eclipse Entertainment	Conspiracy Entertainment		GameFAQs community=5.8; LaunchBox community Bayesian (raw 4.6, n=27)=5.2; LaunchBox Community=5.5
gbc	the legend of zelda link s awakening dx	The Legend of Zelda: Link's Awakening DX	9.1	9.0	1998-12-12	Nintendo EAD	Nintendo	GameRankings (n=12)=9.1; MobyGames (n=5)=9.2	GameFAQs community=8.7; LaunchBox community Bayesian (raw 9.2, n=342)=9.1; LaunchBox Community=9.0
gbc	the legend of zelda oracle of ages	The Legend of Zelda: Oracle of Ages	9.3	8.5	2001-05-14	Capcom	Nintendo	GameRankings (n=20)=9.2; MobyGames (n=5)=9.4	GameFAQs community=8.3; LaunchBox community Bayesian (raw 8.7, n=257)=8.6; LaunchBox Community=8.5
gbc	the legend of zelda oracle of seasons	The Legend of Zelda: Oracle of Seasons	9.1	8.4	2001-05-14	Capcom	Nintendo	GameRankings (n=23)=9.1; MobyGames (n=5)=9.1	GameFAQs community=8.3; LaunchBox community Bayesian (raw 8.5, n=263)=8.4; LaunchBox Community=8.4
gbc	the lion king simba s mighty adventure	The Lion King: Simba's Mighty Adventure		7.2	2000-12-29	Torus Games	Activision		LaunchBox community Bayesian (raw 7.2, n=39)=7.2
gbc	the little mermaid ii pinball frenzy	The Little Mermaid II: Pinball Frenzy
gbc	the mask of zorro	The Mask of Zorro	3.8	5.7	2000-01-14	Saffire	Sunsoft	GameRankings (n=3)=3.8; MobyGames (n=5)=3.8	GameFAQs community=5.5; LaunchBox community Bayesian (raw 5.5, n=27)=5.9; LaunchBox Community=5.7
gbc	the mummy	The Mummy	7.1	6.8	2000-11-30	Konami Computer Entertainment Nagoya	Konami	GameRankings (n=4)=7.4; MobyGames (n=5)=6.8	GameFAQs community=6.9; LaunchBox community Bayesian (raw 6.6, n=29)=6.7; LaunchBox Community=6.8
gbc	the mummy returns	The Mummy Returns	3.1	6.2	2001-04-26	Game Brains	Universal Interactive	GameRankings (n=3)=3.3; MobyGames (n=5)=3.0	GameFAQs community=7.4; LaunchBox community Bayesian (raw 4.0, n=18)=5.1; LaunchBox Community=6.2
gbc	the muppets	The Muppets
gbc	the new adventures of mary kate and ashley	The New Adventures of Mary-Kate & Ashley		6.3	1999-12-16	Crawfish Interactive	Acclaim Entertainment		GameFAQs community=6.0; LaunchBox community Bayesian (raw 6.0, n=9)=6.5; LaunchBox Community=6.3
gbc	the new batman adventures chaos in gotham	The New Batman Adventures: Chaos in Gotham
gbc	the powerpuff girls battle him	The Powerpuff Girls: Battle Him		5.9	2001-02-27	Sennari Interactive	BAM! Entertainment		GameFAQs community=5.2; LaunchBox community Bayesian (raw 6.3, n=25)=6.5; LaunchBox Community=5.9
gbc	the rugrats movie	The Rugrats Movie	6.2	6.0	1998-12-01	Software Creations	THQ	GameRankings (n=4)=6.2; MobyGames (n=5)=6.2	GameFAQs community=5.9; LaunchBox community Bayesian (raw 5.6, n=23)=6.0; LaunchBox Community=6.0
gbc	the simpsons night of the living treehouse of horror	The Simpsons: Night of the Living: Treehouse of Horror	7.4	6.0	2001-03-19	Software Creations	THQ	GameRankings (n=10)=7.4	GameFAQs community=5.4; LaunchBox community Bayesian (raw 6.5, n=44)=6.6; LaunchBox Community=6.0
gbc	the smurfs nightmare	The Smurfs Nightmare	7.0	6.5	1999-01-01	Velez & Dubail	Infogrames Europe	GameRankings (n=7)=6.9; MobyGames (n=5)=7.2	GameFAQs community=6.3; LaunchBox community Bayesian (raw 6.6, n=38)=6.7; LaunchBox Community=6.5
gbc	the wild thornberrys rambler	The Wild Thornberrys: Rambler		4.3					GameFAQs community=4.3
gbc	three lions	Three Lions		6.3					GameFAQs community=6.3; Legacy community=6.3
gbc	tiger woods pga tour 2000	Tiger Woods PGA Tour 2000	6.0	6.1	2000-01-01	Xantera	THQ	MobyGames (n=5)=6.0	GameFAQs community=5.6; LaunchBox community Bayesian (raw 6.2, n=13)=6.5; LaunchBox Community=6.1
gbc	tiny toon adventures buster saves the day	Tiny Toon Adventures: Buster Saves the Day		6.7	2001-06-29	Warthog	Conspiracy Entertainment		GameFAQs community=7.1; LaunchBox community Bayesian (raw 6.2, n=40)=6.4; LaunchBox Community=6.7
gbc	titus the fox	Titus the Fox	3.4	5.7	2000-11-01	Aqua Pacific	Titus Software	GameRankings (n=5)=3.4	GameFAQs community=5.5; LaunchBox community Bayesian (raw 5.4, n=25)=5.9; LaunchBox Community=5.7
gbc	tnn outdoors fishing champ	TNN Outdoors Fishing Champ		7.3	1999-12-01	Starfish	American Softworks		GameFAQs community=7.5; LaunchBox community Bayesian (raw 7.1, n=10)=7.0; LaunchBox Community=7.3
gbc	toca touring car championship	TOCA Touring Car Championship		6.8	2000-11-01	Spellbound Interactive	THQ		GameFAQs community=6.3; LaunchBox community Bayesian (raw 7.5, n=26)=7.4; LaunchBox Community=6.8
gbc	toki tori	Toki Tori	8.0	7.2	2001-09-12	Two Tribes Publishing	Capcom	GameRankings (n=7)=8.0; MobyGames (n=5)=8.1	GameFAQs community=8.0; LaunchBox community Bayesian (raw 6.2, n=33)=6.4; LaunchBox Community=7.2
gbc	tom and jerry	Tom and Jerry	6.2	6.6	1999-09-27	Morning Star Multimedia	Majesco Sales	MobyGames (n=5)=6.2	GameFAQs community=6.2; LaunchBox community Bayesian (raw 6.9, n=34)=6.9; LaunchBox Community=6.6
gbc	tom and jerry in mouse attacks	Tom and Jerry in Mouse Attacks	6.4	6.6	2000-12-01	Warthog	NewKidCo	MobyGames (n=5)=6.4	GameFAQs community=7.1; LaunchBox community Bayesian (raw 5.8, n=28)=6.1; LaunchBox Community=6.6
gbc	tom and jerry mouse hunt	Tom and Jerry: Mouse Hunt	5.7	6.4	2001-03-14	Conspiracy Entertainment	Conspiracy Entertainment	MobyGames (n=5)=5.7	GameFAQs community=7.1; LaunchBox community Bayesian (raw 5.4, n=29)=5.8; LaunchBox Community=6.4
gbc	tom clancy s rainbow six	Tom Clancy's Rainbow Six	5.7	6.2	2000-04-13	Crawfish Interactive	Red Storm Entertainment	GameRankings (n=6)=5.4; MobyGames (n=5)=6.1	GameFAQs community=6.0; LaunchBox community Bayesian (raw 6.2, n=22)=6.5
gbc	tomb raider	Tomb Raider		7.2	2000-06-07	Core Design	THQ		LaunchBox community Bayesian (raw 7.3, n=43)=7.2; LaunchBox Community=7.2
gbc	tomb raider 2	Tomb Raider 2
gbc	tomb raider curse of the sword	Tomb Raider: Curse of the Sword		7.2	2001-07-27	Core Design	Activision		LaunchBox community Bayesian (raw 7.3, n=47)=7.2; LaunchBox Community=7.2
gbc	tonka construction site	Tonka Construction Site		6.2	2002-05-30	Cosmigo	TDK Mediactive		GameFAQs community=5.3; LaunchBox community Bayesian (raw 7.2, n=6)=7.1; LaunchBox Community=6.2
gbc	tonka raceway	Tonka Raceway	6.0	6.6	1999-12-01	Morning Star Multimedia	Hasbro Interactive	GameRankings (n=4)=6.0	GameFAQs community=6.6; LaunchBox community Bayesian (raw 6.5, n=25)=6.6; LaunchBox Community=6.6
gbc	tony hawk s pro skater	Tony Hawk's Pro Skater	6.2	5.1	2000-03-30	Natsume	Activision	GameRankings (n=5)=6.3; MobyGames (n=5)=6.1	GameFAQs community=4.9; LaunchBox community Bayesian (raw 4.8, n=56)=5.1; LaunchBox Community=5.1
gbc	tony hawk s pro skater 3	Tony Hawk's Pro Skater 3		6.1	2001-11-16	HotGen Studios	Activision		GameFAQs community=5.7; LaunchBox community Bayesian (raw 6.3, n=34)=6.5; LaunchBox Community=6.1
gbc	toobin	Toobin'	4.6	6.0	2000-05-18	Digital Eclipse Software	Midway Home Entertainment	GameRankings (n=7)=4.5; MobyGames (n=5)=4.7	GameFAQs community=6.0; LaunchBox community Bayesian (raw 5.4, n=22)=5.9
gbc	toonsylvania	Toonsylvania	5.3	5.8	2000-06-01	RFX Interactive	Ubi Soft Entertainment Software	GameRankings (n=5)=4.8; MobyGames (n=5)=5.8	GameFAQs community=5.3; LaunchBox community Bayesian (raw 6.1, n=22)=6.4; LaunchBox Community=5.8
gbc	top gear pocket	Top Gear Pocket	6.4	6.5	1999-04-01	Vision Works	Vatical Entertainment	GameRankings (n=5)=6.3; MobyGames (n=5)=6.5	GameFAQs community=6.5; LaunchBox community Bayesian (raw 6.4, n=34)=6.5; LaunchBox Community=6.5
gbc	top gun firestorm	Top Gun: Firestorm	6.4	6.8	2001-12-04	Fluid Studios	Titus Software	GameRankings (n=4)=6.4	GameFAQs community=6.8; LaunchBox community Bayesian (raw 6.4, n=4)=6.8
gbc	towers lord baniff s deceit	Towers: Lord Baniff's Deceit	4.5	6.2	2000-06-20	JV Games	Vatical Entertainment	GameRankings (n=5)=4.5	GameFAQs community=5.9; LaunchBox community Bayesian (raw 6.1, n=17)=6.4; LaunchBox Community=6.2
gbc	toy story 2	Toy Story 2		6.3	1999-11-22	Tiertex Design Studios	Activision		LaunchBox community Bayesian (raw 6.0, n=27)=6.3; LaunchBox Community=6.3
gbc	toy story racer	Toy Story Racer		6.8	2001-02-28	Tiertex Design Studios	Activision		LaunchBox community Bayesian (raw 6.8, n=31)=6.8
gbc	trick boarder	Trick Boarder		7.0	2000-06-14	Natsume	Natsume		GameFAQs community=7.2; LaunchBox community Bayesian (raw 6.9, n=24)=6.9; LaunchBox Community=7.0
gbc	triple play 2001	Triple Play 2001	4.8	6.3	2000-05-08	Handheld Games	Electronic Arts	GameRankings (n=5)=5.0; MobyGames (n=5)=4.7	GameFAQs community=5.9; LaunchBox community Bayesian (raw 6.5, n=24)=6.6; LaunchBox Community=6.3
gbc	trouballs	Trouballs		5.4	2001-10-02	Paragon Five	Capcom		GameFAQs community=4.1; LaunchBox community Bayesian (raw 6.6, n=20)=6.7; LaunchBox Community=5.4
gbc	turok 2 seeds of evil	Turok 2: Seeds of Evil	6.3	5.8	1998-12-01	Bit Managers	Acclaim Entertainment	MobyGames (n=5)=6.3	GameFAQs community=6.0; LaunchBox community Bayesian (raw 5.3, n=40)=5.6; LaunchBox Community=5.8
gbc	turok 3 shadow of oblivion	Turok 3: Shadow of Oblivion	6.7	6.2	2000-07-27	Bit Managers	Acclaim Entertainment	GameRankings (n=4)=6.2; MobyGames (n=5)=7.1	GameFAQs community=6.4; LaunchBox community Bayesian (raw 5.7, n=33)=6.0; LaunchBox Community=6.2
gbc	turok rage wars	Turok: Rage Wars	6.3	5.9	2000-06-01	Bit Managers	Acclaim Entertainment	GameRankings (n=6)=6.4; MobyGames (n=5)=6.2	GameFAQs community=5.8; LaunchBox community Bayesian (raw 5.8, n=40)=6.0; LaunchBox Community=5.9
gbc	tweety s high flying adventure	Tweety's High-Flying Adventure	6.2	7.3	2000-11-01	Kemco	Kotobuki System	MobyGames (n=5)=6.2	GameFAQs community=7.5; LaunchBox community Bayesian (raw 7.1, n=13)=7.1; LaunchBox Community=7.3
gbc	tyco rc racin ratz	Tyco RC: Racin' Ratz
gbc	uchuu nin tanaka tarou de rpg tsukuru gb2	Uchuu Nin Tanaka Tarou de RPG Tsukuru GB2
gbc	ultimate fighting championship	Ultimate Fighting Championship		5.3	2000-11-27	Fluid Studios	Crave Entertainment		GameFAQs community=5.4; LaunchBox community Bayesian (raw 4.8, n=32)=5.3; LaunchBox Community=5.3
gbc	ultimate paint ball	Ultimate Paint Ball	3.5	6.7	2000-09-01	Morning Star Multimedia	Majesco Sales	GameRankings (n=3)=3.9; MobyGames (n=5)=3.2	LaunchBox community Bayesian (raw 5.8, n=4)=6.7; LaunchBox Community=6.7
gbc	ultimate surfing	Ultimate Surfing		6.1	2001-06-05	Act Japan	Natsume		GameFAQs community=6.8; LaunchBox community Bayesian (raw 4.9, n=26)=5.5; LaunchBox Community=6.1
gbc	uno	Uno	7.0	6.8	1999-12-16	HotGen Studios	Mattel Electronics	GameRankings (n=3)=7.7; MobyGames (n=5)=6.6	GameFAQs community=7.0; LaunchBox community Bayesian (raw 6.6, n=35)=6.7; LaunchBox Community=6.8
gbc	v rally championship edition	V-Rally: Championship Edition
gbc	vegas games	Vegas Games	6.1	5.3	2000-02-01	Digital Eclipse Software	3DO	GameRankings (n=4)=6.1	GameFAQs community=4.6; LaunchBox community Bayesian (raw 5.4, n=13)=6.1; LaunchBox Community=5.3
gbc	vigilante 8	Vigilante 8	5.6	6.5	1999-12-01	Vicarious Visions	Vatical Entertainment	GameRankings (n=5)=5.3; MobyGames (n=5)=5.8	GameFAQs community=6.1; LaunchBox community Bayesian (raw 6.8, n=29)=6.9; LaunchBox Community=6.5
gbc	wacky races	Wacky Races	8.0	7.3	2000-06-09	Velez & Dubail	Infogrames	GameRankings (n=9)=7.8; MobyGames (n=5)=8.4	GameFAQs community=7.2; LaunchBox community Bayesian (raw 7.5, n=34)=7.4; LaunchBox Community=7.3
gbc	walt disney world quest magical racing tour	Walt Disney World Quest: Magical Racing Tour	5.2	6.8	2000-12-07	Crystal Dynamics	Activision Publishing	GameRankings (n=4)=5.0; MobyGames (n=5)=5.4	GameFAQs community=7.2; LaunchBox community Bayesian (raw 6.2, n=28)=6.4; LaunchBox Community=6.8
gbc	wario land 3	Wario Land 3	9.0	8.1	2000-05-30	Nintendo R&D1	Nintendo	GameRankings (n=15)=9.0; MobyGames (n=5)=9.0	GameFAQs community=8.0; LaunchBox community Bayesian (raw 8.2, n=129)=8.1; LaunchBox Community=8.1
gbc	wario land ii	Wario Land II	8.7	8.0	1999-02-10	Nintendo R&D1	Nintendo	GameRankings (n=14)=8.8; MobyGames (n=5)=8.5	GameFAQs community=8.0; LaunchBox community Bayesian (raw 8.1, n=121)=8.0; LaunchBox Community=8.0
gbc	warlocked	Warlocked	8.7	7.5	2000-06-24	Bits Studios	Nintendo	GameRankings (n=8)=8.6; MobyGames (n=5)=8.9	GameFAQs community=7.4; LaunchBox community Bayesian (raw 7.7, n=45)=7.6; LaunchBox Community=7.5
gbc	warriors of might and magic	Warriors of Might and Magic		5.1	2000-12-22	The Climax Group	3DO		GameFAQs community=3.3; LaunchBox community Bayesian (raw 6.8, n=10)=6.9; LaunchBox Community=5.1
gbc	wcw mayhem	WCW Mayhem	6.4	6.1	2000-04-01	2n Productions	Electronic Arts	GameRankings (n=6)=6.4; MobyGames (n=5)=6.5	GameFAQs community=4.6; LaunchBox community Bayesian (raw 7.8, n=32)=7.6; LaunchBox Community=6.1
gbc	wendy every witch way	Wendy: Every Witch Way	7.7	7.1	2001-08-28	WayForward Technologies	TDK Mediactive	GameRankings (n=6)=8.2; MobyGames (n=5)=7.1	GameFAQs community=6.8; LaunchBox community Bayesian (raw 7.5, n=53)=7.4; LaunchBox Community=7.1
gbc	who wants to be a millionaire 2nd edition	Who Wants to Be a Millionaire: 2nd Edition	7.4	6.2	2000-09-25	Eurocom Entertainment Software	THQ	GameRankings (n=3)=7.4	GameFAQs community=5.4; LaunchBox community Bayesian (raw 6.8, n=16)=6.9; LaunchBox Community=6.2
gbc	wings of fury	Wings of Fury	6.9	6.2	1999-12-01	Mangin & Associates	Red Orb Entertainment	GameRankings (n=4)=6.7; MobyGames (n=5)=7.1	GameFAQs community=5.6; LaunchBox community Bayesian (raw 6.5, n=27)=6.6; LaunchBox Community=6.2
gbc	winnie the pooh adventures in the 100 acre wood	Winnie the Pooh: Adventures in the 100 Acre Wood		5.9	2000-04-01	TOSE	NewKidCo		LaunchBox community Bayesian (raw 5.4, n=25)=5.9; LaunchBox Community=5.9
gbc	wizardry empire	Wizardry Empire		7.2	1999-10-29	Starfish	Starfish		GameFAQs community=7.1; LaunchBox community Bayesian (raw 7.3, n=18)=7.2; LaunchBox Community=7.2
gbc	wizardry ii legacy of llylgamyn	Wizardry II: Legacy of Llylgamyn
gbc	wizardry iii knights of diamonds	Wizardry III: Knights of Diamonds
gbc	wizardry proving grounds of the mad overlord	Wizardry: Proving Grounds of the Mad Overlord		5.8	2001-02-23	Game Studio	ASCII		LaunchBox community Bayesian (raw 4.9, n=13)=5.8; LaunchBox Community=5.8
gbc	woody woodpecker	Woody Woodpecker	5.8	5.9	2001-08-14	DreamCatcher Interactive	Nintendo	GameRankings (n=4)=5.8	GameFAQs community=6.0; LaunchBox community Bayesian (raw 5.6, n=34)=5.9; LaunchBox Community=5.9
gbc	woody woodpecker racing	Woody Woodpecker Racing	8.5	6.7	2000-12-01	Konami	Konami	GameRankings (n=3)=8.5	GameFAQs community=6.5; LaunchBox community Bayesian (raw 6.9, n=28)=6.9; LaunchBox Community=6.7
gbc	world destruction league thunder tanks	World Destruction League: Thunder Tanks		6.6	2000-12-09	Sunset Entertainment	3DO		LaunchBox community Bayesian (raw 6.0, n=8)=6.6; LaunchBox Community=6.6
gbc	worms armageddon	Worms Armageddon	7.1	6.4	2000-01-19	Infogrames Europe	Infogrames Europe	MobyGames (n=5)=7.1	GameFAQs community=6.2; LaunchBox community Bayesian (raw 6.5, n=34)=6.6; LaunchBox Community=6.4
gbc	wwf attitude	WWF Attitude	4.6	5.7	1999-06-01	Crawfish Interactive	Acclaim Entertainment	MobyGames (n=5)=4.6	GameFAQs community=5.0; LaunchBox community Bayesian (raw 6.0, n=25)=6.3; LaunchBox Community=5.7
gbc	wwf betrayal	WWF Betrayal	4.7	5.7	2001-08-07	WayForward Technologies	THQ	GameRankings (n=6)=5.0; MobyGames (n=5)=4.3	GameFAQs community=5.2; LaunchBox community Bayesian (raw 5.9, n=40)=6.1; LaunchBox Community=5.7
gbc	wwf wrestlemania 2000	WWF WrestleMania 2000	6.7	6.2	1999-11-01	Natsume	THQ	GameRankings (n=4)=6.4; MobyGames (n=5)=7.0	GameFAQs community=6.3; LaunchBox community Bayesian (raw 5.8, n=29)=6.1; LaunchBox Community=6.2
gbc	x men mutant academy	X-Men: Mutant Academy	4.6	6.0	2000-07-01	Crawfish Interactive	Success	GameRankings (n=7)=4.7; MobyGames (n=5)=4.4	GameFAQs community=5.4; LaunchBox community Bayesian (raw 6.4, n=38)=6.5; LaunchBox Community=6.0
gbc	x men mutant wars	X-Men: Mutant Wars	4.6	5.9	2000-11-01	HAL	Activision Publishing	GameRankings (n=6)=5.0; MobyGames (n=5)=4.1	GameFAQs community=5.4; LaunchBox community Bayesian (raw 6.3, n=41)=6.4; LaunchBox Community=5.9
gbc	x men wolverine s rage	X-Men: Wolverine's Rage	5.8	6.4	2001-05-15	Digital Eclipse Software	Activision Publishing	GameRankings (n=7)=5.6; MobyGames (n=5)=6.1	GameFAQs community=5.6; LaunchBox community Bayesian (raw 7.3, n=48)=7.2; LaunchBox Community=6.4
gbc	xena warrior princess	Xena: Warrior Princess		5.4	2001-08-01	Titus Software	Titus Software		GameFAQs community=5.6; LaunchBox community Bayesian (raw 4.7, n=33)=5.2; LaunchBox Community=5.4
gbc	xtreme sports	Xtreme Sports	8.0	7.3	2000-06-28	WayForward Technologies	Infogrames	GameRankings (n=7)=8.0	GameFAQs community=7.8; LaunchBox community Bayesian (raw 6.9, n=27)=6.9; LaunchBox Community=7.3
gbc	xtreme wheels	Xtreme Wheels		6.9	2001-04-26	Spike	BAM! Entertainment		GameFAQs community=6.8; LaunchBox community Bayesian (raw 7.1, n=22)=7.1; LaunchBox Community=6.9
gbc	yars revenge the quotile ultimatum	Yars' Revenge: The Quotile Ultimatum
gbc	yoda stories	Yoda Stories
gbc	yogi bear great balloon blast	Yogi Bear: Great Balloon Blast		6.6	2000-12-17	ITL	BAM! Entertainment		GameFAQs community=6.5; LaunchBox community Bayesian (raw 6.5, n=11)=6.7; LaunchBox Community=6.6
gbc	yu gi oh dark duel stories	Yu-Gi-Oh! Dark Duel Stories	6.2	6.2	2000-07-13	Konami Computer Entertainment Japan	Konami	GameRankings (n=6)=6.1; MobyGames (n=5)=6.3	GameFAQs community=6.1; LaunchBox community Bayesian (raw 6.1, n=43)=6.3; LaunchBox Community=6.2
gbc	yu gi oh duel monsters 4 saikyou kettousha senki kaiba deck	Yu-Gi-Oh! Duel Monsters 4: Saikyou Kettousha Senki: Kaiba Deck
gbc	yu gi oh monster capsule gb	Yu-Gi-Oh! Monster Capsule GB		7.6	2000-04-13	Konami	Konami		GameFAQs community=7.9; LaunchBox community Bayesian (raw 7.4, n=16)=7.2; LaunchBox Community=7.6
gbc	zebco fishing	Zebco Fishing!		6.3	1999-09-01	Vicarious Visions	Vatical Entertainment		GameFAQs community=6.0; LaunchBox community Bayesian (raw 5.7, n=6)=6.5; LaunchBox Community=6.3
gbc	zoboomafoo playtime in zobooland	Zoboomafoo: Playtime in Zobooland		5.7	2001-10-01	Brighter Child Interactive	Vicarious Visions		GameFAQs community=5.3; LaunchBox community Bayesian (raw 5.6, n=16)=6.1; LaunchBox Community=5.7
gbc	zoids shirogane no juukishin liger zero	Zoids: Shirogane no Juukishin Liger Zero		7.1	2001-06-15	TOMY	Tomy		GameFAQs community=8.1; LaunchBox community Bayesian (raw 4.5, n=6)=6.1; LaunchBox Community=7.1
gc	burnout 2 point of impact	Burnout 2: Point of Impact	8.9	8.2	2003-04-09	Criterion Games	Sammy Studios	Metacritic=8.9 (n=24) | GameRankings=8.9 (n=40)	Metacritic users=8.2
gc	donkey kong jungle beat	Donkey Kong Jungle Beat	8.2	7.9	2005-03-14	Nintendo EAD	Nintendo	Metacritic=8.0; GameRankings (n=54)=8.2	Metacritic users=8.0; LaunchBox community Bayesian (raw 7.8, n=69)=7.7; Legacy community=7.9
gc	eternal darkness sanity s requiem	Eternal Darkness: Sanity's Requiem	9.1	8.6	2002-06-23	Silicon Knights	Nintendo	Metacritic=9.2 (n=41) | GameRankings=9.1 (n=84)	Metacritic users=8.6
gc	f zero gx	F-Zero GX	8.9	8.8	2003-08-26	Amusement Vision	Nintendo	Metacritic=8.9 (n=50) | GameRankings=8.9 (n=76)	Metacritic users=8.8
gc	luigi s mansion	Luigi's Mansion	7.9	8.1	2001-11-17	GREZZO	Nintendo	Metacritic=7.8 (n=34) | GameRankings=7.9 (n=64)	Metacritic users=8.1
gc	mario kart double dash	Mario Kart: Double Dash!!	8.7	8.8	2003-11-17	Nintendo EAD	Nintendo	Metacritic=8.7; GameRankings (n=73)=8.7	Metacritic users=8.6; LaunchBox community Bayesian (raw 9.0, n=758)=9.0; Legacy community=8.8
gc	mario party 4	Mario Party 4	7.3	7.8	2002-10-21	Hudson Soft	Nintendo	Metacritic=7.0; GameRankings (n=48)=7.3	Metacritic users=7.7; LaunchBox community Bayesian (raw 8.0, n=177)=7.9; Legacy community=7.8
gc	mario party 5	Mario Party 5	7.1	7.8	2003-11-10	Hudson Soft	Nintendo	Metacritic=6.9; GameRankings (n=41)=7.1	Metacritic users=7.7; LaunchBox community Bayesian (raw 7.9, n=153)=7.8; Legacy community=7.8
gc	mario party 6	Mario Party 6	7.3	8.2	2004-12-06	Hudson Soft	Nintendo	Metacritic=7.1; GameRankings (n=36)=7.3	Metacritic users=8.0; LaunchBox community Bayesian (raw 8.4, n=165)=8.3; Legacy community=8.2
gc	mario party 7	Mario Party 7	6.5	8.1	2005-11-07	Hudson Soft	Nintendo	Metacritic=6.4; GameRankings (n=28)=6.5	Metacritic users=7.8; LaunchBox community Bayesian (raw 8.4, n=197)=8.3; Legacy community=8.1
gc	mega man x collection	Mega Man X Collection	7.6	7.5	2006-01-10	Capcom	Capcom	Metacritic=7.5 (n=23) | GameRankings=7.7 (n=25)	Metacritic users=7.5
gc	metroid prime	Metroid Prime	9.6	9.0	2002-11-17	Retro Studios	Nintendo	Metacritic=9.7; GameRankings (n=87)=9.6	Metacritic users=9.0; LaunchBox community Bayesian (raw 9.1, n=478)=9.1
gc	metroid prime 2 echoes	Metroid Prime 2: Echoes	9.2	8.8	2004-11-15	Retro Studios	Nintendo	Metacritic=9.2 (n=60) | GameRankings=9.2 (n=69)	Metacritic users=8.8
gc	resident evil 4	Resident Evil 4	9.6	9.1	2005-01-11			Metacritic=9.6; GameRankings (n=99)=9.6	Metacritic users=9.1
gc	soulcalibur ii	SoulCalibur II	9.3	8.5	2003-08-27	Namco	Nintendo	Metacritic=9.3 (n=45) | GameRankings=9.2 (n=69)	Metacritic users=8.5
gc	star fox adventures	Star Fox Adventures	8.0	8.1	2002-09-23	Rare	Nintendo	Metacritic=8.2; GameRankings (n=75)=8.0	Metacritic users=7.9; LaunchBox community Bayesian (raw 8.4, n=223)=8.3; Legacy community=8.1
gc	star fox assault	Star Fox: Assault	7.1	8.0	2005-02-14	Namco	Nintendo	Metacritic=6.7; GameRankings (n=61)=7.1	Metacritic users=8.0; LaunchBox community Bayesian (raw 8.1, n=215)=8.1
gc	super mario sunshine	Super Mario Sunshine	9.2	8.4	2002-08-26	Nintendo EAD	Nintendo	Metacritic=9.2; GameRankings (n=76)=9.2	Metacritic users=8.2; LaunchBox community Bayesian (raw 8.7, n=773)=8.7; Legacy community=8.4
gc	super smash bros melee	Super Smash Bros. Melee	9.1	8.9	2001-12-03	HAL Labs	Nintendo	Metacritic=9.2 (n=38) | GameRankings=9.1 (n=65)	Metacritic users=8.9
gc	the legend of zelda collector s edition	The Legend of Zelda: Collector's Edition	9.3	8.7	2003-11-17	Nintendo	Nintendo	Metacritic=9.5 (n=8) | GameRankings=9.2 (n=12)	Metacritic users=8.7
gc	the legend of zelda four swords adventures	The Legend of Zelda: Four Swords Adventures	8.5	7.3	2004-06-07	Nintendo	Nintendo	Metacritic=8.6 (n=55) | GameRankings=8.5 (n=61)	Metacritic users=7.3
gc	the legend of zelda ocarina of time master quest	The Legend of Zelda: Ocarina of Time: Master Quest	9	9	2003-01-01			Metacritic=9.1 | GameRankings=9.0 (n=22)	Metacritic users=8.9; LaunchBox community Bayesian (raw 9.2, n=208)=9.1; Legacy community=9.0
gc	the legend of zelda the wind waker	The Legend of Zelda: The Wind Waker	9.4	9.1	2003-03-24	Nintendo EAD	Nintendo	Metacritic=9.6; GameRankings (n=94)=9.4	Metacritic users=9.0; LaunchBox community Bayesian (raw 9.2, n=702)=9.2; Legacy community=9.1
gc	the legend of zelda twilight princess	The Legend of Zelda: Twilight Princess	9.5	9.1	2006-12-11	Nintendo	Nintendo	Metacritic=9.6; GameRankings (n=16)=9.5	Metacritic users=8.9; LaunchBox community Bayesian (raw 9.3, n=157)=9.2; Legacy community=9.1
gc	wave race blue storm	Wave Race: Blue Storm	8.2	7.6	2001-11-17	Nintendo Software Technology	Nintendo	Metacritic=8 (n=21) | GameRankings=8.3 (n=53)	Metacritic users=7.6
megadrive	3 ninjas kick back	3 Ninjas Kick Back		5.1	1994-06-01	Malibu Interactive	Psygnosis		GameFAQs community=4.4; LaunchBox community Bayesian (raw 5.7, n=157)=5.8; LaunchBox Community=5.1
megadrive	688 attack sub	688 Attack Sub	7.4	5.7	1991-07-01	MicroProse	Sega of America	MobyGames (n=5)=7.4	GameFAQs community=5.7; LaunchBox community Bayesian (raw 5.6, n=104)=5.7
megadrive	a bug s life	A Bug's Life
megadrive	aaahh real monsters	Aaahh!!! Real Monsters		5.9	1995-09-15	Realtime Associates	Viacom New Media		GameFAQs community=5.6; LaunchBox community Bayesian (raw 6.1, n=144)=6.2; LaunchBox Community=5.9
megadrive	action 52	Action 52		3.7	1992-05-01	Farsight Technologies	Active Enterprises		GameFAQs community=2.9; LaunchBox community Bayesian (raw 4.0, n=61)=4.4; LaunchBox Community=3.7
megadrive	action replay max	Action Replay Max
megadrive	advanced busterhawk gleylancer	Advanced Busterhawk Gleylancer		8.2	1992-07-17	NCS	Masaya		LaunchBox community Bayesian (raw 8.3, n=171)=8.2; LaunchBox Community=8.2
megadrive	aero the acro bat	Aero the Acro-Bat	7.6	6.1	1993-10-01	Iguana Entertainment	Sunsoft	MobyGames (n=5)=7.6	GameFAQs community=5.8; LaunchBox community Bayesian (raw 6.3, n=114)=6.4; LaunchBox Community=6.1
megadrive	aerobiz	Aerobiz	7.4	6.5	1992-11-01	Koei	Koei	MobyGames (n=5)=7.4	GameFAQs community=6.6; LaunchBox community Bayesian (raw 6.4, n=63)=6.5; LaunchBox Community=6.5
megadrive	aerobiz supersonic	Aerobiz Supersonic		6.7	1994-02-18	Koei	Koei		GameFAQs community=7.0; LaunchBox community Bayesian (raw 6.4, n=73)=6.5; LaunchBox Community=6.7
megadrive	after burner ii	After Burner II	7.6	7.0	1990-03-23	Dempa Shimbunsha	Sega of America	MobyGames (n=5)=7.6	GameFAQs community=6.8; LaunchBox community Bayesian (raw 7.1, n=166)=7.1; LaunchBox Community=7.0
megadrive	air buster	Air Buster	6.9	7.0	1991-01-31	Inter State	Kaneko	MobyGames (n=5)=6.9	GameFAQs community=6.5; LaunchBox community Bayesian (raw 7.4, n=152)=7.4; LaunchBox Community=7.0
megadrive	air diver	Air Diver	5.0	5.3	1990-03-09	Copya System	Asmik	GameRankings (n=3)=5.1; MobyGames (n=5)=4.9	GameFAQs community=5.8; LaunchBox community Bayesian (raw 4.6, n=78)=4.9; LaunchBox Community=5.3
megadrive	aladdin	Aladdin
megadrive	aladdin ii	Aladdin II
megadrive	alex kidd in the enchanted castle	Alex Kidd in the Enchanted Castle	5.4	6.1	1989-08-14	Sega R&D 2	Sega of America	GameRankings (n=7)=4.8; MobyGames (n=5)=6.2	GameFAQs community=5.7; LaunchBox community Bayesian (raw 6.4, n=185)=6.4; LaunchBox Community=6.1
megadrive	alien soldier	Alien Soldier	8.4	8.1	1995-02-24	Treasure	Sega Enterprises	GameRankings (n=5)=8.2; MobyGames (n=5)=8.7	GameFAQs community=8.1; LaunchBox community Bayesian (raw 8.0, n=260)=8.0; LaunchBox Community=8.1
megadrive	alien storm	Alien Storm	6.5	7.2	1991-06-28	Sega CS1	Sega of America	GameRankings (n=5)=6.1; MobyGames (n=5)=7.0	GameFAQs community=7.0; LaunchBox community Bayesian (raw 7.5, n=187)=7.5; LaunchBox Community=7.2
megadrive	aliens	Aliens
megadrive	alisia dragoon	Alisia Dragoon	8.1	7.5	1992-04-07	Game Arts	Game Arts	MobyGames (n=5)=8.1	GameFAQs community=7.3; LaunchBox community Bayesian (raw 7.8, n=197)=7.8; LaunchBox Community=7.5
megadrive	altered beast	Altered Beast	5.6	6.7	1988-11-27	Team Shinobi	Sega of America	GameRankings (n=4)=5.0; MobyGames (n=5)=6.0	GameFAQs community=6.3; LaunchBox community Bayesian (raw 7.2, n=384)=7.2; LaunchBox Community=6.7
megadrive	american gladiators	American Gladiators	3.8	3.9	1993-02-01	Imagitec Design	GameTek	MobyGames (n=5)=3.8	GameFAQs community=3.4; LaunchBox community Bayesian (raw 3.9, n=63)=4.3
megadrive	andre agassi tennis	Andre Agassi Tennis	4.8	4.5	1992-12-01	TecMagik Entertainment	Tec Toy Indústria de Brinquedos	MobyGames (n=5)=4.8	GameFAQs community=3.9; LaunchBox community Bayesian (raw 4.9, n=70)=5.2; LaunchBox Community=4.5
megadrive	animaniacs	Animaniacs	7.6	7.0	1994-11-01	Konami	Konami	MobyGames (n=5)=7.6	GameFAQs community=6.6; LaunchBox community Bayesian (raw 7.4, n=127)=7.4; LaunchBox Community=7.0
megadrive	arcade classics	Arcade Classics	3.2	5.7	1996-01-01	Al Baker & Associates	Sega of America	MobyGames (n=5)=3.2	GameFAQs community=5.5; LaunchBox community Bayesian (raw 5.6, n=49)=5.8; LaunchBox Community=5.7
megadrive	arch rivals	Arch Rivals	5.8		1992	Midway Manufacturing Company		MobyGames (n=5)=5.8
megadrive	arcus odyssey	Arcus Odyssey	7.6	6.9	1991-06-14	Wolf Team	Renovation Products	MobyGames (n=5)=7.6	GameFAQs community=6.9; LaunchBox community Bayesian (raw 6.9, n=114)=6.9
megadrive	ariel the little mermaid	Ariel: The Little Mermaid		5.5	1992-12-14	BlueSky Software	Sega of America		LaunchBox community Bayesian (raw 5.3, n=78)=5.5; LaunchBox Community=5.5
megadrive	arnold palmer tournament golf	Arnold Palmer Tournament Golf	7.6	6.2	1989-09-09	Sega Enterprises	Sega of America	MobyGames (n=5)=7.6	GameFAQs community=6.3; LaunchBox community Bayesian (raw 6.1, n=64)=6.2; LaunchBox Community=6.2
megadrive	arrow flash	Arrow Flash	6.1	6.7	1990-10-20	ITL	Tec Toy Indústria de Brinquedos	MobyGames (n=5)=6.1	GameFAQs community=6.8; LaunchBox community Bayesian (raw 6.6, n=116)=6.6; LaunchBox Community=6.7
megadrive	art alive	Art Alive	6.4	4.2	1991-01-01	Western Technologies	Sega of America	MobyGames (n=5)=6.4	GameFAQs community=4.4; LaunchBox community Bayesian (raw 3.4, n=53)=4.0; LaunchBox Community=4.2
megadrive	art of fighting	Art of Fighting	6.5	6.3	1994-01-14	Sega Enterprises	Sega of America	MobyGames (n=5)=6.5	GameFAQs community=6.0; LaunchBox community Bayesian (raw 6.4, n=93)=6.5; LaunchBox Community=6.3
megadrive	ast rix and the great rescue	Astérix and the Great Rescue	6.0	5.6	1994-06-01	Core Design	Sega of America	MobyGames (n=5)=6.0	GameFAQs community=5.3; LaunchBox community Bayesian (raw 5.7, n=105)=5.8; LaunchBox Community=5.6
megadrive	atomic robo kid	Atomic Robo-Kid	5.2	6.1	1990-10-01	Micronics	Treco	GameRankings (n=4)=3.9; MobyGames (n=5)=6.2	GameFAQs community=5.6; LaunchBox community Bayesian (raw 6.6, n=80)=6.6; LaunchBox Community=6.1
megadrive	atomic runner	Atomic Runner		7.0	1992-07-01	Data East	Data East		GameFAQs community=7.0; LaunchBox community Bayesian (raw 6.9, n=122)=6.9; LaunchBox Community=7.0
megadrive	atp tour championship tennis	ATP Tour Championship Tennis	7.2	6.9	1995-03-01	SIMS	Sega of America	MobyGames (n=5)=7.2	GameFAQs community=7.1; LaunchBox community Bayesian (raw 6.7, n=62)=6.7; LaunchBox Community=6.9
megadrive	awesome possum kicks dr machino s butt	Awesome Possum Kicks Dr. Machino's Butt	5.8	4.9	1993-11-01	Tengen	Tengen	MobyGames (n=5)=5.8	LaunchBox community Bayesian (raw 4.6, n=85)=4.9; LaunchBox Community=4.9
megadrive	aws pro moves soccer	AWS Pro Moves Soccer
megadrive	ayrton senna s super monaco gp ii	Ayrton Senna's Super Monaco GP II	7.6	7.7	1992-07-17	Sega Enterprises	Sega of America	MobyGames (n=5)=7.6	GameFAQs community=7.8; LaunchBox community Bayesian (raw 7.7, n=130)=7.7
megadrive	b o b	B.O.B		6.4	1993-08-01	Foley Hi-Tech Systems	Electronic Arts		GameFAQs community=6.0; LaunchBox community Bayesian (raw 6.7, n=88)=6.7; LaunchBox Community=6.4
megadrive	back to the future part iii	Back to the Future Part III	5.0	3.8	1991-01-01	Probe Software	Arena Entertainment	MobyGames (n=5)=5.0	GameFAQs community=3.5; LaunchBox community Bayesian (raw 3.8, n=86)=4.1
megadrive	ballz	Ballz
megadrive	ballz 3d fighting at its ballziest ballz 3d the battle of the ballz	Ballz 3D: Fighting at Its Ballziest ~ Ballz 3D: The Battle of the Ballz
megadrive	barbie super model	Barbie: Super Model		3.6	1993-01-01	Tahoe Software Productions	Hi-Tech Expressions		GameFAQs community=3.5; LaunchBox community Bayesian (raw 3.0, n=56)=3.6; LaunchBox Community=3.6
megadrive	bare knuckle ikari no tekken streets of rage	Bare Knuckle: Ikari no Tekken ~ Streets of Rage
megadrive	barkley shut up and jam	Barkley: Shut Up and Jam!	6.7	5.1	1993-01-01	Accolade	Accolade	MobyGames (n=5)=6.7	GameFAQs community=5.1; LaunchBox community Bayesian (raw 4.8, n=53)=5.1; LaunchBox Community=5.1
megadrive	barney s hide and seek game	Barney's Hide & Seek Game	3.6	4.5	1993-06-01	Realtime Associates	Sega of America	MobyGames (n=5)=3.6	GameFAQs community=5.1; LaunchBox community Bayesian (raw 3.4, n=51)=4.0; LaunchBox Community=4.5
megadrive	bass masters classic	Bass Masters Classic		5.0	1995-07-01	Black Pearl Software	Black Pearl Software		GameFAQs community=5.4; LaunchBox community Bayesian (raw 4.1, n=49)=4.6; LaunchBox Community=5.0
megadrive	bass masters classic pro edition	Bass Masters Classic: Pro Edition		4.5	1996-11-01	Black Pearl Software	Black Pearl Software		GameFAQs community=5.0; LaunchBox community Bayesian (raw 3.4, n=48)=4.0; LaunchBox Community=4.5
megadrive	batman	Batman
megadrive	batman forever	Batman Forever		5.6	1995-09-07	Probe Entertainment	Acclaim Entertainment		GameFAQs community=4.9; LaunchBox community Bayesian (raw 6.1, n=107)=6.2; LaunchBox Community=5.6
megadrive	batman returns	Batman Returns		6.3	1992-10-01	Malibu Interactive	Sega of America		GameFAQs community=5.9; LaunchBox community Bayesian (raw 6.6, n=107)=6.6; LaunchBox Community=6.3
megadrive	batman revenge of the joker	Batman: Revenge of the Joker		5.6	1992-11-01	Ringler Studios	Sunsoft		GameFAQs community=5.2; LaunchBox community Bayesian (raw 5.9, n=76)=6.0; LaunchBox Community=5.6
megadrive	battle mania daiginjou	Battle Mania Daiginjou		8.2	1993-12-24	Vic Tokai	Vic Tokai		GameFAQs community=8.1; LaunchBox community Bayesian (raw 8.4, n=116)=8.3; LaunchBox Community=8.2
megadrive	battle squadron	Battle Squadron	7.4	6.1	1990-01-01	Innerprise Software	Electronic Arts	MobyGames (n=5)=7.4	GameFAQs community=5.6; LaunchBox community Bayesian (raw 6.4, n=74)=6.5; LaunchBox Community=6.1
megadrive	battlemaster	Battlemaster		4.8	1991-11-01	Personal Software Services	Arena Entertainment		GameFAQs community=4.3; LaunchBox community Bayesian (raw 4.7, n=46)=5.1; LaunchBox Community=4.8
megadrive	battletech	Battletech	8.1	6.6	1994			GameRankings (n=3)=8.1	GameFAQs community=6.6; Legacy community=6.6
megadrive	battletech a game of armored combat	Battletech: A Game of Armored Combat	7.6	7.5	1994-09-01	Malibu Interactive	Extreme Entertainment Group	MobyGames (n=5)=7.6	LaunchBox community Bayesian (raw 7.6, n=100)=7.5; LaunchBox Community=7.5
megadrive	battletoads	Battletoads		7.2	1993-03-26	Arc System Works	Tradewest		GameFAQs community=6.7; LaunchBox community Bayesian (raw 7.8, n=179)=7.8; LaunchBox Community=7.2
megadrive	battletoads double dragon	Battletoads: Double Dragon	6.0	7.6	1993-12-01	Rare	Tradewest	GameRankings (n=3)=6.0	GameFAQs community=7.1; LaunchBox community Bayesian (raw 8.1, n=144)=8.0; LaunchBox Community=7.6
megadrive	beast wrestler	Beast Wrestler	4.0	3.6	1991-11-29	Riot	Telenet Japan	MobyGames (n=5)=4.0	GameFAQs community=3.1; LaunchBox community Bayesian (raw 3.7, n=70)=4.1; LaunchBox Community=3.6
megadrive	best of the best championship karate	Best of the Best: Championship Karate	5.8	6.0	1993-01-29	Loriciels	Electro Brain	MobyGames (n=5)=5.8	GameFAQs community=5.6; LaunchBox community Bayesian (raw 6.2, n=67)=6.3; LaunchBox Community=6.0
megadrive	beyond oasis	Beyond Oasis	8.2	8.3	1994-12-09	Ancient	Sega of America	GameRankings (n=7)=7.8; MobyGames (n=5)=8.7	GameFAQs community=8.1; LaunchBox community Bayesian (raw 8.4, n=225)=8.3; LaunchBox Community=8.3
megadrive	bible adventures	Bible Adventures		5.4	1995-06-30	Wisdom Tree	Wisdom Tree		GameFAQs community=6.2; LaunchBox community Bayesian (raw 4.2, n=42)=4.7; LaunchBox Community=5.4
megadrive	bill walsh college football	Bill Walsh College Football		6.3	1993-08-01	High Score Productions	Electronic Arts		GameFAQs community=6.1; LaunchBox community Bayesian (raw 6.4, n=49)=6.5; LaunchBox Community=6.3
megadrive	bill walsh college football 95	Bill Walsh College Football '95		6.1	1994-09-01	High Score Productions	Electronic Arts		GameFAQs community=6.0; LaunchBox community Bayesian (raw 6.0, n=52)=6.2; LaunchBox Community=6.1
megadrive	bimini run	Bimini Run	5.9	5.9	1991-02-01	Microsmiths	Nuvision Entertainment	MobyGames (n=5)=5.9	GameFAQs community=5.7; LaunchBox community Bayesian (raw 6.0, n=64)=6.1; LaunchBox Community=5.9
megadrive	bio hazard battle	Bio-Hazard Battle	7.3	7.6	1992-10-30	Sega Enterprises	Sega of America	GameRankings (n=5)=6.9; MobyGames (n=5)=7.7	GameFAQs community=7.1; LaunchBox community Bayesian (raw 8.0, n=131)=7.9; LaunchBox Community=7.6
megadrive	blades of vengeance	Blades of Vengeance		7.4	1993-12-17	Beam Software	Electronic Arts		GameFAQs community=7.4; LaunchBox community Bayesian (raw 7.4, n=150)=7.4
megadrive	blaster master 2	Blaster Master 2	4.7	6.1	1993-06-01	Software Creations	Sunsoft	GameRankings (n=3)=4.7	GameFAQs community=5.6; LaunchBox community Bayesian (raw 6.7, n=91)=6.7; LaunchBox Community=6.1
megadrive	blockbuster world video game championship ii	Blockbuster World Video Game Championship II		5.0	1995-06-14	Iguana Entertainment	Acclaim Entertainment		GameFAQs community=3.8; LaunchBox community Bayesian (raw 6.0, n=47)=6.2; LaunchBox Community=5.0
megadrive	blockout	Blockout		6.4	1991-11-01	Electronic Arts	Electronic Arts		GameFAQs community=6.8; LaunchBox community Bayesian (raw 6.0, n=53)=6.2; LaunchBox Community=6.4
megadrive	bonanza bros	Bonanza Bros	5.9	7.1	1991			GameRankings (n=4)=5.9	GameFAQs community=7.1; Legacy community=7.1
megadrive	bonkers	Bonkers
megadrive	boogerman	Boogerman
megadrive	boxing legends of the ring	Boxing Legends of the Ring		5.8	1993-10-01	Sculptured Software	Electro Brain		GameFAQs community=5.9; LaunchBox community Bayesian (raw 5.5, n=54)=5.7; LaunchBox Community=5.8
megadrive	bram stoker s dracula	Bram Stoker's Dracula	4.8	4.9	1993-07-01	Psygnosis	Sony Imagesoft	MobyGames (n=5)=4.8	GameFAQs community=4.2; LaunchBox community Bayesian (raw 5.3, n=77)=5.5; LaunchBox Community=4.9
megadrive	brett hull hockey 95	Brett Hull Hockey 95	5.5	4.8	1994-12-01	Radical Entertainment	Accolade	MobyGames (n=5)=5.5	GameFAQs community=4.2; LaunchBox community Bayesian (raw 4.9, n=37)=5.3; LaunchBox Community=4.8
megadrive	brutal paws of fury	Brutal: Paws of Fury	6.5	4.8	1994-11-01	GameTek	GameTek	MobyGames (n=5)=6.5	GameFAQs community=4.2; LaunchBox community Bayesian (raw 5.2, n=69)=5.4; LaunchBox Community=4.8
megadrive	bubba n stix	Bubba 'n' Stix		6.4					GameFAQs community=6.4; Legacy community=6.4
megadrive	bubble and squeak	Bubble and Squeak	7.3	6.8	1994-03-01	Fox Williams	Sunsoft	MobyGames (n=5)=7.3	GameFAQs community=6.4; LaunchBox community Bayesian (raw 7.1, n=83)=7.1; LaunchBox Community=6.8
megadrive	bubsy ii	Bubsy II		5.9	1994-10-15	Accolade	Accolade		GameFAQs community=5.3; LaunchBox community Bayesian (raw 6.3, n=82)=6.4; LaunchBox Community=5.9
megadrive	bubsy in claws encounters of the furred kind	Bubsy in Claws Encounters of the Furred Kind	7.9	6.2	1993-07-01	Al Baker & Associates	Accolade	MobyGames (n=5)=7.9	GameFAQs community=5.9; LaunchBox community Bayesian (raw 6.6, n=96)=6.6; LaunchBox Community=6.2
megadrive	buck rogers countdown to doomsday	Buck Rogers: Countdown to Doomsday	8.0	7.0	1991-12-01	Strategic Simulations	Electronic Arts	MobyGames (n=5)=8.0	GameFAQs community=7.0; LaunchBox community Bayesian (raw 7.0, n=70)=7.0
megadrive	budokan the martial spirit	Budokan: The Martial Spirit		5.0	1990-07-01	Electronic Arts	Electronic Arts		GameFAQs community=5.3; LaunchBox community Bayesian (raw 4.3, n=59)=4.7; LaunchBox Community=5.0
megadrive	bugs bunny in double trouble	Bugs Bunny in Double Trouble	5.8	6.0	1996-08-15	Probe Entertainment	Sega Enterprises	MobyGames (n=5)=5.8	GameFAQs community=5.8; LaunchBox community Bayesian (raw 6.1, n=79)=6.2; LaunchBox Community=6.0
megadrive	bulls vs blazers and the nba playoffs	Bulls Vs Blazers and the NBA Playoffs	6.0		1993	Electronic Arts, Inc.		MobyGames (n=5)=6.0
megadrive	bulls vs lakers and the nba playoffs	Bulls vs Lakers and the NBA Playoffs	7.2	6.1	1992-06-01	Electronic Arts	Electronic Arts	MobyGames (n=5)=7.2	GameFAQs community=6.1; LaunchBox community Bayesian (raw 6.0, n=67)=6.1; LaunchBox Community=6.1
megadrive	burning force	Burning Force		6.8	1989-11-01	Namco	Namco		GameFAQs community=6.9; LaunchBox community Bayesian (raw 6.8, n=91)=6.8
megadrive	cadash	Cadash	6.3	6.7	1992-04-01	Taito	Taito	GameRankings (n=4)=6.3	GameFAQs community=6.5; LaunchBox community Bayesian (raw 7.0, n=89)=7.0; LaunchBox Community=6.7
megadrive	caesars palace	Caesars Palace		5.8	1994-02-01	Illusions Gaming	Virgin Games		GameFAQs community=5.7; LaunchBox community Bayesian (raw 5.6, n=39)=5.9; LaunchBox Community=5.8
megadrive	cal ripken jr baseball	Cal Ripken Jr. Baseball	5.0	5.2	1992-01-01	Acme Interactive	Mindscape	MobyGames (n=5)=5.0	GameFAQs community=5.2; LaunchBox community Bayesian (raw 4.8, n=44)=5.2; LaunchBox Community=5.2
megadrive	caliber fifty	Caliber Fifty
megadrive	california games	California Games		6.1	1991-12-01	Novotrade International	Sega Enterprises		GameFAQs community=5.9; LaunchBox community Bayesian (raw 6.2, n=100)=6.3; LaunchBox Community=6.1
megadrive	cannon fodder	Cannon Fodder	8.0	7.5	1994-12-01	PanelComp	Virgin Interactive Entertainment	MobyGames (n=5)=8.0	GameFAQs community=7.2; LaunchBox community Bayesian (raw 7.9, n=98)=7.8; LaunchBox Community=7.5
megadrive	captain america and the avengers	Captain America and the Avengers	5.3	6.8	1992-12-01	Opera House	Data East	MobyGames (n=5)=5.3	GameFAQs community=6.6; LaunchBox community Bayesian (raw 7.0, n=120)=7.0; LaunchBox Community=6.8
megadrive	castle of illusion starring mickey mouse	Castle of Illusion Starring Mickey Mouse	8.8	8.1	1990-11-21	Sega Enterprises	Sega of America	MobyGames (n=5)=8.8	GameFAQs community=7.9; LaunchBox community Bayesian (raw 8.4, n=331)=8.4; LaunchBox Community=8.1
megadrive	castlevania bloodlines	Castlevania: Bloodlines	8.4	8.3	1994-03-17	Konami	Konami	GameRankings (n=5)=8.3; MobyGames (n=5)=8.4	GameFAQs community=8.0; LaunchBox community Bayesian (raw 8.7, n=463)=8.7; LaunchBox Community=8.3
megadrive	centurion defender of rome	Centurion: Defender of Rome		6.3	1991-06-01	Bits of Magic	Electronic Arts		GameFAQs community=6.2; LaunchBox community Bayesian (raw 6.4, n=57)=6.5; LaunchBox Community=6.3
megadrive	chakan the forever man	Chakan: The Forever Man
megadrive	champions world class soccer	Champions World Class Soccer	5.8	5.4	1994-05-13	Park Place Productions	Flying Edge	MobyGames (n=5)=5.8	GameFAQs community=5.6; LaunchBox community Bayesian (raw 4.9, n=41)=5.3; LaunchBox Community=5.4
megadrive	championship bowling	Championship Bowling	4.7	6.0	1993-06-01	Soft Machine	Mentrix Software	MobyGames (n=5)=4.7	GameFAQs community=6.1; LaunchBox community Bayesian (raw 5.7, n=54)=5.9; LaunchBox Community=6.0
megadrive	championship pool	Championship Pool		5.7	1993-01-01	Bitmasters	Mindscape		LaunchBox community Bayesian (raw 5.4, n=39)=5.7; LaunchBox Community=5.7
megadrive	championship pro am	Championship Pro-Am		6.4	1992-01-01	Rare	Tradewest		GameFAQs community=6.8; LaunchBox community Bayesian (raw 5.9, n=72)=6.0; LaunchBox Community=6.4
megadrive	chase h q ii	Chase H.Q. II	6.2	6.2	1992-10-23	I.T.L	Taito	MobyGames (n=5)=6.2	GameFAQs community=6.4; LaunchBox community Bayesian (raw 5.9, n=80)=6.0; LaunchBox Community=6.2
megadrive	chavez ii	Chavez II
megadrive	chester cheetah	Chester Cheetah
megadrive	chester cheetah 2 wild wild quest	Chester Cheetah 2: Wild Wild Quest
megadrive	chi chi s pro challenge golf	Chi Chi's Pro Challenge Golf		4.7	1993-06-25	Coconuts Japan Entertainment	Virgin Interactive Entertainment		GameFAQs community=4.8; LaunchBox community Bayesian (raw 4.1, n=39)=4.7; LaunchBox Community=4.7
megadrive	chiki chiki boys	Chiki Chiki Boys		7.6	1992-10-16	Visco	Sega Enterprises		GameFAQs community=7.7; LaunchBox community Bayesian (raw 7.5, n=104)=7.5; LaunchBox Community=7.6
megadrive	chuck ii son of chuck	Chuck II: Son of Chuck
megadrive	chuck rock	Chuck Rock	8.0	6.6	1991-12-01	Core Design	Virgin Games	MobyGames (n=5)=8.0	GameFAQs community=6.2; LaunchBox community Bayesian (raw 7.0, n=90)=7.0; LaunchBox Community=6.6
megadrive	chuck s excellent art tool animator	Chuck's Excellent Art Tool Animator		7.3	1992-01-01	Romburner Development	Romburner Development		LaunchBox community Bayesian (raw 10.0, n=1)=7.3; LaunchBox Community=7.3
megadrive	classic collection	Classic Collection		6.9	1996-01-01	Sega	Sega Enterprises		GameFAQs community=7.4; LaunchBox community Bayesian (raw 6.3, n=35)=6.5; LaunchBox Community=6.9
megadrive	clayfighter	ClayFighter	5.5	6.0	1994-06-23	Ringler Studios	Interplay Productions	GameRankings (n=5)=4.9; MobyGames (n=5)=6.1	GameFAQs community=5.6; LaunchBox community Bayesian (raw 6.3, n=68)=6.4; LaunchBox Community=6.0
megadrive	cliffhanger	Cliffhanger	5.0	4.6	1993-11-17	Malibu Interactive	Sony Imagesoft	MobyGames (n=5)=5.0	GameFAQs community=4.0; LaunchBox community Bayesian (raw 4.9, n=61)=5.2; LaunchBox Community=4.6
megadrive	clue	Clue	5.4	6.1	1992	Sculptured Software, Inc.		MobyGames (n=5)=5.4	GameFAQs community=6.1; Legacy community=6.1
megadrive	coach k college basketball	Coach K College Basketball	8.4	7.0	1995-03-01	Hitmen Productions	Electronic Arts	MobyGames (n=5)=8.4	GameFAQs community=7.3; LaunchBox community Bayesian (raw 6.7, n=44)=6.8; LaunchBox Community=7.0
megadrive	college football s national championship	College Football's National Championship	8.4	5.0	1994-08-01	BlueSky Software	Sega of America	MobyGames (n=5)=8.4	GameFAQs community=5.2; LaunchBox community Bayesian (raw 4.1, n=37)=4.7; LaunchBox Community=5.0
megadrive	college football s national championship ii	College Football's National Championship II		5.6	1996-01-01	BlueSky Software	Sega of America		GameFAQs community=6.4; LaunchBox community Bayesian (raw 4.2, n=36)=4.8; LaunchBox Community=5.6
megadrive	college football usa 97	College Football USA 97		5.7	1996-06-01	Tiburon Entertainment	Electronic Arts		GameFAQs community=5.3; LaunchBox community Bayesian (raw 5.8, n=39)=6.0; LaunchBox Community=5.7
megadrive	college football usa 97 the road to new orleans	College Football USA 97: The Road to New Orleans
megadrive	college slam	College Slam		6.3	1996-03-01	Iguana Entertainment	Acclaim Entertainment		GameFAQs community=6.4; LaunchBox community Bayesian (raw 6.1, n=44)=6.3; LaunchBox Community=6.3
megadrive	columns	Columns	6.6	7.2	1990-06-30	Sega Enterprises	Sega of America	GameRankings (n=5)=5.6; MobyGames (n=5)=7.6	GameFAQs community=7.2; LaunchBox community Bayesian (raw 7.3, n=153)=7.3
megadrive	columns iii	Columns III	5.2		1993-01-01			GameRankings=5.2 (n=5)
megadrive	columns iii revenge of columns	Columns III: Revenge of Columns
megadrive	combat cars	Combat Cars		6.1	1994-06-01	Accolade	Accolade		GameFAQs community=6.4; LaunchBox community Bayesian (raw 5.6, n=64)=5.8; LaunchBox Community=6.1
megadrive	comix zone	Comix Zone	7.6	8.0	1995-08-02	Sega Technical Institute	Sega of America	GameRankings (n=8)=7.6	GameFAQs community=7.7; LaunchBox community Bayesian (raw 8.4, n=372)=8.4; LaunchBox Community=8.0
megadrive	contra hard corps	Contra: Hard Corps	8.7	8.4	1994-09-15	Konami	Konami	GameRankings (n=3)=8.8; MobyGames (n=5)=8.6	GameFAQs community=8.3; LaunchBox community Bayesian (raw 8.6, n=358)=8.6; LaunchBox Community=8.4
megadrive	cool spot	Cool Spot	8.2	7.3	1993-04-01	Virgin Games	Virgin Games	GameRankings (n=3)=7.9; MobyGames (n=5)=8.4	GameFAQs community=7.0; LaunchBox community Bayesian (raw 7.6, n=143)=7.6; LaunchBox Community=7.3
megadrive	cr e ball	Crüe Ball	6.3	6.3	1992	NuFX, Inc.		MobyGames (n=5)=6.3	GameFAQs community=6.3; Legacy community=6.3
megadrive	crack down	Crack Down		6.6	1990-12-20	Hot-B	Sage's Creation		GameFAQs community=6.3; LaunchBox community Bayesian (raw 6.8, n=89)=6.8; LaunchBox Community=6.6
megadrive	crossfire	CrossFire	6.0	6.3	1991-03-29	Kyugo	Kyugo Trading	MobyGames (n=5)=6.0	GameFAQs community=5.7; LaunchBox community Bayesian (raw 6.9, n=64)=6.9; LaunchBox Community=6.3
megadrive	crusader of centy	Crusader of Centy	8.5	8.2	1994-06-17	Nextech	Atlus	MobyGames (n=5)=8.5	GameFAQs community=8.1; LaunchBox community Bayesian (raw 8.3, n=149)=8.2; LaunchBox Community=8.2
megadrive	crystal s pony tale	Crystal's Pony Tale		5.6	1994-10-01	Artech Digital Entertainment	Sega of America		GameFAQs community=6.2; LaunchBox community Bayesian (raw 4.7, n=60)=5.0; LaunchBox Community=5.6
megadrive	cutthroat island	Cutthroat Island	3.6	5.5	1995-01-01	Software Creations	Acclaim Entertainment	MobyGames (n=5)=3.6	GameFAQs community=4.7; LaunchBox community Bayesian (raw 6.0, n=57)=6.1; LaunchBox Community=5.5
megadrive	cyber cop	Cyber-Cop		5.2	1992-09-01	Core Design	Virgin Games		GameFAQs community=5.0; LaunchBox community Bayesian (raw 5.0, n=42)=5.4; LaunchBox Community=5.2
megadrive	cyberball	CyberBall		5.4	1990-07-28	Sega Enterprises	Sega of America		GameFAQs community=5.3; LaunchBox community Bayesian (raw 5.3, n=60)=5.5; LaunchBox Community=5.4
megadrive	cyborg justice	Cyborg Justice	6.1	6.7	1993-04-01	Novotrade Software	Sega of America	MobyGames (n=5)=6.1	GameFAQs community=6.2; LaunchBox community Bayesian (raw 7.2, n=77)=7.2; LaunchBox Community=6.7
megadrive	d and d warriors of the eternal sun	D&D: Warriors of the Eternal Sun
megadrive	dahna goddess birth	Dahna: Goddess' Birth
megadrive	daimakaimura ghouls n ghosts	Daimakaimura ~ Ghouls'n Ghosts
megadrive	dark castle	Dark Castle	3.1	2.7	1991-10-16	Three-Sixty Pacific	Electronic Arts	MobyGames (n=5)=3.1	GameFAQs community=2.2; LaunchBox community Bayesian (raw 2.7, n=70)=3.2
megadrive	dashin desperadoes	Dashin' Desperadoes		6.4	1993-07-01	Data East	Data East		GameFAQs community=6.1; LaunchBox community Bayesian (raw 6.5, n=67)=6.6; LaunchBox Community=6.4
megadrive	david crane s amazing tennis	David Crane's Amazing Tennis	7.2	4.6	1993-03-01	Farsight Technologies	Absolute Entertainment	MobyGames (n=5)=7.2	GameFAQs community=4.3; LaunchBox community Bayesian (raw 4.2, n=42)=4.7; LaunchBox Community=4.6
megadrive	david robinson s supreme court	David Robinson's Supreme Court		5.8	1992-06-01	Acme Interactive	Sega of America		GameFAQs community=5.4; LaunchBox community Bayesian (raw 6.1, n=42)=6.3; LaunchBox Community=5.8
megadrive	davis cup world tour tennis	Davis Cup World Tour Tennis
megadrive	deadly moves	Deadly Moves	4.6	5.4	1992-12-11	Inter State	Kaneko	MobyGames (n=5)=4.6	GameFAQs community=4.7; LaunchBox community Bayesian (raw 6.0, n=49)=6.2; LaunchBox Community=5.4
megadrive	death duel	Death Duel		6.0	1992-01-01	Punk Development	RazorSoft		GameFAQs community=6.1; LaunchBox community Bayesian (raw 5.8, n=52)=6.0; LaunchBox Community=6.0
megadrive	decap attack	Decap Attack	7.3	7.5	1991-09-01	Vic Tokai	Sega of America	MobyGames (n=5)=7.3	LaunchBox community Bayesian (raw 7.5, n=112)=7.5
megadrive	demolition man	Demolition Man		7.0	1995-01-01	Alexandria	Acclaim Entertainment		GameFAQs community=6.7; LaunchBox community Bayesian (raw 7.4, n=106)=7.4; LaunchBox Community=7.0
megadrive	desert demolition	Desert Demolition		6.9					GameFAQs community=6.9
megadrive	desert strike return to the gulf	Desert Strike: Return to the Gulf	8.7	7.7	1992-03-01	Electronic Arts	Electronic Arts	MobyGames (n=5)=8.7	GameFAQs community=7.3; LaunchBox community Bayesian (raw 8.1, n=192)=8.0; LaunchBox Community=7.7
megadrive	devil crash md	Devil Crash MD
megadrive	devilish the next possession	Devilish: The Next Possession	5.0	6.3	1992-03-29	Opera House	Sage's Creation	MobyGames (n=5)=5.0	GameFAQs community=5.8; LaunchBox community Bayesian (raw 6.7, n=81)=6.7; LaunchBox Community=6.3
megadrive	dick tracy	Dick Tracy		7.0	1991-01-01	Sega of America	Sega of America		GameFAQs community=6.8; LaunchBox community Bayesian (raw 7.1, n=96)=7.1; LaunchBox Community=7.0
megadrive	dick vitale s awesome baby college hoops	Dick Vitale's Awesome, Baby!: College Hoops	5.0	4.8	1994-06-01	Tengen	Time Warner Interactive	MobyGames (n=5)=5.0	GameFAQs community=4.3; LaunchBox community Bayesian (raw 4.9, n=36)=5.4; LaunchBox Community=4.8
megadrive	dino land	Dino Land	6.2	5.9	1991-08-02	Wolf Team	Renovation Products	MobyGames (n=5)=6.2	GameFAQs community=5.8; LaunchBox community Bayesian (raw 5.8, n=64)=6.0; LaunchBox Community=5.9
megadrive	dinosaurs for hire	Dinosaurs for Hire
megadrive	disney s aladdin	Disney's Aladdin	8.9	8.1	1993-11-11	Virgin Games	Sega of America	GameRankings (n=3)=8.8; MobyGames (n=5)=8.9	GameFAQs community=7.6; LaunchBox community Bayesian (raw 8.5, n=528)=8.5; LaunchBox Community=8.1
megadrive	disney s beauty and the beast belle s quest	Disney's Beauty and the Beast: Belle's Quest	5.0	5.0	1993-01-01	Software Creations	Sunsoft	MobyGames (n=5)=5.0	GameFAQs community=5.2; LaunchBox community Bayesian (raw 4.6, n=62)=4.9; LaunchBox Community=5.0
megadrive	disney s beauty and the beast roar of the beast	Disney's Beauty and the Beast: Roar of the Beast	4.7	5.1	1993-01-01	Software Creations	Sunsoft	MobyGames (n=5)=4.7	GameFAQs community=5.2; LaunchBox community Bayesian (raw 4.8, n=62)=5.1; LaunchBox Community=5.1
megadrive	dj boy	DJ Boy		5.5	1990-03-19	Kaneko	Kaneko		GameFAQs community=5.4; LaunchBox community Bayesian (raw 5.4, n=71)=5.6; LaunchBox Community=5.5
megadrive	donald in maui mallard	Donald in Maui Mallard		7.2	1995-12-08	Disney Interactive	Disney Interactive		GameFAQs community=6.9; LaunchBox community Bayesian (raw 7.6, n=89)=7.5; LaunchBox Community=7.2
megadrive	doom troopers mutant chronicles	Doom Troopers: Mutant Chronicles
megadrive	double dragon	Double Dragon	5.0	6.7	1992-04-29	Software Creations	Ballistic	MobyGames (n=5)=5.0	GameFAQs community=5.9; LaunchBox community Bayesian (raw 7.5, n=122)=7.5; LaunchBox Community=6.7
megadrive	double dragon 3 the rosetta stone	Double Dragon 3: The Rosetta Stone	3.3		1992	East Technology Corp.		MobyGames (n=5)=3.3
megadrive	double dragon v the shadow falls	Double Dragon V: The Shadow Falls	5.3	4.7	1994-08-05	Leland Interactive Media	Tradewest	MobyGames (n=5)=5.3	GameFAQs community=4.4; LaunchBox community Bayesian (raw 4.5, n=65)=4.8; LaunchBox Community=4.7
megadrive	double dribble the playoff edition	Double Dribble: The Playoff Edition	6.0	6.2	1994-03-04	Konami	Konami	MobyGames (n=5)=6.0	GameFAQs community=6.2; LaunchBox community Bayesian (raw 6.0, n=54)=6.2; LaunchBox Community=6.2
megadrive	dr robotnik s mean bean machine	Dr. Robotnik's Mean Bean Machine	7.8	7.4	1993-11-26	Compile	Sega of America	GameRankings (n=5)=7.5; MobyGames (n=5)=8.2	GameFAQs community=7.4; LaunchBox community Bayesian (raw 7.4, n=156)=7.4
megadrive	dragon s fury	Dragon's Fury		8.0	1991-10-10	TechnoSoft	Tengen		GameFAQs community=7.8; LaunchBox community Bayesian (raw 8.3, n=108)=8.2; LaunchBox Community=8.0
megadrive	dragon s revenge	Dragon's Revenge		6.9	1993-12-10	Tengen	Tengen		GameFAQs community=6.8; LaunchBox community Bayesian (raw 7.0, n=82)=7.0; LaunchBox Community=6.9
megadrive	dragon the bruce lee story	Dragon: The Bruce Lee Story	6.8	5.9	1994-06-01	Virgin Interactive Entertainment	Acclaim Entertainment	MobyGames (n=5)=6.8	GameFAQs community=5.2; LaunchBox community Bayesian (raw 6.6, n=61)=6.7; LaunchBox Community=5.9
megadrive	dune the battle for arrakis	Dune: The Battle for Arrakis	8.5	7.9	1994-01-01	Westwood Studios	Virgin Games	MobyGames (n=5)=8.5	GameFAQs community=7.9; LaunchBox community Bayesian (raw 8.0, n=94)=7.9
megadrive	dynamite duke	Dynamite Duke	5.1	6.3	1990-10-27	Hertz	Sega of America	GameRankings (n=4)=5.1	GameFAQs community=6.6; LaunchBox community Bayesian (raw 6.0, n=69)=6.1; LaunchBox Community=6.3
megadrive	dynamite headdy	Dynamite Headdy	8.0	7.9	1994-08-05	Treasure	Sega of America	GameRankings (n=6)=7.7; MobyGames (n=5)=8.5	GameFAQs community=8.1; LaunchBox community Bayesian (raw 7.7, n=136)=7.7; LaunchBox Community=7.9
megadrive	earnest evans	Earnest Evans	4.9	5.9	1992-03-01	Wolf Team	Renovation Products	GameRankings (n=3)=4.4; MobyGames (n=5)=5.2	GameFAQs community=5.3; LaunchBox community Bayesian (raw 6.4, n=65)=6.5; LaunchBox Community=5.9
megadrive	earthworm jim	Earthworm Jim	8.4	8.1	1994-08-02	Shiny Entertainment	Playmates Interactive Entertainment	GameRankings (n=9)=8.1; MobyGames (n=5)=9.0	GameFAQs community=7.5; LaunchBox community Bayesian (raw 8.6, n=236)=8.5; LaunchBox Community=8.1
megadrive	ecco jr	Ecco Jr	6.0	6.0	1995-04-01	Appaloosa Interactive	Sega Enterprises	GameRankings (n=5)=5.1; MobyGames (n=5)=6.9	GameFAQs community=6.2; LaunchBox community Bayesian (raw 5.8, n=67)=6.0; LaunchBox Community=6.0
megadrive	ecco the dolphin	Ecco the Dolphin	7.9	7.4	1992-12-01	Novotrade Software	Sega of America	GameRankings (n=5)=7.6; MobyGames (n=5)=8.3	GameFAQs community=7.1; LaunchBox community Bayesian (raw 7.7, n=170)=7.7; LaunchBox Community=7.4
megadrive	ecco the tides of time	Ecco: The Tides of Time	7.5	7.4	1994-08-26	Novotrade Software	Sega of America	GameRankings (n=6)=7.0; MobyGames (n=5)=8.1	GameFAQs community=7.3; LaunchBox community Bayesian (raw 7.6, n=126)=7.6; LaunchBox Community=7.4
megadrive	el viento	El.Viento	7.8	7.4	1991-09-20	Wolf Team	Renovation Products	GameRankings (n=3)=8.6; MobyGames (n=5)=7.4	GameFAQs community=7.4; LaunchBox community Bayesian (raw 7.5, n=105)=7.5
megadrive	elemental master	Elemental Master	7.8	7.4	1990-12-14	TechnoSoft	Technosoft	MobyGames (n=5)=7.8	GameFAQs community=7.4; LaunchBox community Bayesian (raw 7.4, n=128)=7.4
megadrive	escape from mars starring taz	Escape From Mars Starring Taz
megadrive	espn baseball tonight	ESPN Baseball Tonight	4.6	5.6	1994-01-01	Park Place Productions	Sony Imagesoft	MobyGames (n=5)=4.6	GameFAQs community=5.2; LaunchBox community Bayesian (raw 5.6, n=35)=5.9
megadrive	espn national hockey night	ESPN National Hockey Night	6.1	5.2	1994-08-01	Park Place Productions	Sony Imagesoft	MobyGames (n=5)=6.1	GameFAQs community=4.8; LaunchBox community Bayesian (raw 5.1, n=32)=5.6; LaunchBox Community=5.2
megadrive	espn speed world	ESPN Speed World		5.4	1994-01-01	Park Place Productions	Sony Imagesoft		LaunchBox community Bayesian (raw 5.0, n=38)=5.4; LaunchBox Community=5.4
megadrive	espn sunday night nfl	ESPN Sunday Night NFL		4.5	1994-08-01	Ringler Studios	Sony Imagesoft		GameFAQs community=4.7; LaunchBox community Bayesian (raw 3.4, n=31)=4.3; LaunchBox Community=4.5
megadrive	eswat cyber police city under siege	ESWAT Cyber Police: City Under Siege
megadrive	eternal champions	Eternal Champions	7.0	7.2	1993-12-11	SEGA Interactive Development Division	Sega of America	GameRankings (n=7)=6.2; MobyGames (n=5)=8.1	GameFAQs community=7.0; LaunchBox community Bayesian (raw 7.4, n=115)=7.4; LaunchBox Community=7.2
megadrive	evander holyfield s real deal boxing	Evander Holyfield's Real Deal Boxing	7.0	6.9	1992-08-01	Acme Interactive	Sega of America	MobyGames (n=5)=7.0	LaunchBox community Bayesian (raw 6.9, n=68)=6.9
megadrive	ex mutants	Ex-Mutants	7.0	6.0	1992-12-18	Malibu Interactive	Sega of America	MobyGames (n=5)=7.0	GameFAQs community=5.9; LaunchBox community Bayesian (raw 5.9, n=76)=6.0; LaunchBox Community=6.0
megadrive	exile	Exile	5.9	6.6	1991-12-06	Telenet Japan	Renovation Products	GameRankings (n=3)=5.3; MobyGames (n=5)=6.3	GameFAQs community=6.8; LaunchBox community Bayesian (raw 6.3, n=55)=6.4; LaunchBox Community=6.6
megadrive	exo squad	Exo-Squad	4.7	7.6	1995-07-01	Novotrade Software	Playmates Interactive Entertainment	MobyGames (n=5)=4.7	LaunchBox community Bayesian (raw 7.7, n=52)=7.6; LaunchBox Community=7.6
megadrive	f 117 night storm	F-117 Night Storm	6.1	6.1	1993-12-01	Electronic Arts	Electronic Arts	MobyGames (n=5)=6.1	GameFAQs community=5.9; LaunchBox community Bayesian (raw 6.0, n=47)=6.2; LaunchBox Community=6.1
megadrive	f 15 strike eagle ii	F-15 Strike Eagle II	7.1	6.8	1993-06-01	MPS Labs	MicroProse Software	MobyGames (n=5)=7.1	GameFAQs community=7.1; LaunchBox community Bayesian (raw 6.5, n=57)=6.6; LaunchBox Community=6.8
megadrive	f 22 interceptor	F-22 Interceptor	7.8	6.5	1991	Lerner Research		MobyGames (n=5)=7.8	GameFAQs community=6.5; Legacy community=6.5
megadrive	f1 world championship	F1 World Championship
megadrive	family feud	Family Feud		6.0	1994-02-01	Eurocom Entertainment Software	GameTek		GameFAQs community=5.8; LaunchBox community Bayesian (raw 6.0, n=47)=6.2
megadrive	fantasia	Fantasia	6.3	5.1	1991-08-01	Infogrames Europe	Sega of America	MobyGames (n=5)=6.3	GameFAQs community=4.4; LaunchBox community Bayesian (raw 5.7, n=93)=5.8; LaunchBox Community=5.1
megadrive	fantastic dizzy	Fantastic Dizzy		7.3	1993-09-21	Codemasters Software	Codemasters Software		GameFAQs community=7.0; LaunchBox community Bayesian (raw 7.7, n=76)=7.6; LaunchBox Community=7.3
megadrive	fatal fury	Fatal Fury	7.0	6.6	1993-02-01	SNK	Sega Enterprises	MobyGames (n=5)=7.0	GameFAQs community=6.5; LaunchBox community Bayesian (raw 6.7, n=78)=6.7; LaunchBox Community=6.6
megadrive	fatal labyrinth	Fatal Labyrinth	5.3	6.1	1990-11-21	Sega Enterprises	Sega of America	GameRankings (n=3)=4.7; MobyGames (n=5)=5.6	GameFAQs community=6.3; LaunchBox community Bayesian (raw 5.9, n=91)=6.0; LaunchBox Community=6.1
megadrive	fatal rewind	Fatal Rewind		6.3	1991-10-01	Raising Hell Software	Electronic Arts		GameFAQs community=5.9; LaunchBox community Bayesian (raw 6.5, n=65)=6.6; LaunchBox Community=6.3
megadrive	ferrari grand prix challenge	Ferrari Grand Prix Challenge	5.5	5.8	1992-05-15	Aisystem Tokyo	Flying Edge	MobyGames (n=5)=5.5	GameFAQs community=6.0; LaunchBox community Bayesian (raw 5.4, n=39)=5.7; LaunchBox Community=5.8
megadrive	fifa international soccer	FIFA International Soccer	8.6	7.3	1993-12-03	Extended Play Productions	Electronic Arts	MobyGames (n=5)=8.6	GameFAQs community=7.0; LaunchBox community Bayesian (raw 7.6, n=75)=7.5; LaunchBox Community=7.3
megadrive	fifa soccer 97	FIFA Soccer 97	8.4	7.0	1996-10-01	XYZ Productions	Electronic Arts	MobyGames (n=5)=8.4	GameFAQs community=6.8; LaunchBox community Bayesian (raw 7.2, n=49)=7.2; LaunchBox Community=7.0
megadrive	fifa soccer 97 gold edition	FIFA Soccer 97 Gold Edition
megadrive	fighting masters	Fighting Masters	5.3	5.5	1991-12-06	Aicom	Treco	MobyGames (n=5)=5.3	GameFAQs community=5.3; LaunchBox community Bayesian (raw 5.3, n=61)=5.5; LaunchBox Community=5.5
megadrive	final zone	Final Zone	5.7	6.4	1990-11-01	Wolf Team	Renovation Products	MobyGames (n=5)=5.7	GameFAQs community=6.5; LaunchBox community Bayesian (raw 6.2, n=64)=6.3; LaunchBox Community=6.4
megadrive	fire shark	Fire Shark		7.3	1989-11-02	ToaPlan	Romstar		GameFAQs community=7.1; LaunchBox community Bayesian (raw 7.4, n=92)=7.4; LaunchBox Community=7.3
megadrive	flashback the quest for identity	Flashback: The Quest for Identity	9.0	8.3	1993-02-20	Delphine Software International	U.S. Gold	MobyGames (n=5)=9.0	GameFAQs community=7.9; LaunchBox community Bayesian (raw 8.8, n=144)=8.7; LaunchBox Community=8.3
megadrive	flicky	Flicky		6.4	1991-04-01	Sega Enterprises	Sega of America		GameFAQs community=5.9; LaunchBox community Bayesian (raw 6.9, n=94)=6.9; LaunchBox Community=6.4
megadrive	foreman for real	Foreman for Real	5.0	4.8	1995-01-01	Software Creations	Acclaim Entertainment	MobyGames (n=5)=5.0	GameFAQs community=4.3; LaunchBox community Bayesian (raw 4.6, n=32)=5.2; LaunchBox Community=4.8
megadrive	forgotten worlds	Forgotten Worlds	7.1	7.0	1989-11-18	Capcom	Sega Enterprises	GameRankings (n=5)=6.4; MobyGames (n=5)=7.8	GameFAQs community=6.9; LaunchBox community Bayesian (raw 7.1, n=98)=7.1; LaunchBox Community=7.0
megadrive	frank thomas big hurt baseball	Frank Thomas Big Hurt Baseball	5.2	5.8	1995-09-04	Iguana Entertainment	Acclaim Entertainment	MobyGames (n=5)=5.2	GameFAQs community=5.2; LaunchBox community Bayesian (raw 6.1, n=45)=6.3; LaunchBox Community=5.8
megadrive	frogger	Frogger		6.5	1998-01-01	Morning Star Multimedia	Majesco Sales		GameFAQs community=6.7; LaunchBox community Bayesian (raw 6.3, n=66)=6.4; LaunchBox Community=6.5
megadrive	fun n games	Fun-N-Games		5.4	1993-12-01	Leland Interactive Media	Tradewest		GameFAQs community=5.1; LaunchBox community Bayesian (raw 5.5, n=42)=5.8; LaunchBox Community=5.4
megadrive	g loc air battle	G-LOC: Air Battle	5.8	6.0	1993-02-05	Probe Software	Sega of America	MobyGames (n=5)=5.8	GameFAQs community=6.2; LaunchBox community Bayesian (raw 5.7, n=53)=5.9; LaunchBox Community=6.0
megadrive	gadget twins	Gadget Twins		5.5	1992-08-13	Imagitec Design	GameTek		GameFAQs community=5.2; LaunchBox community Bayesian (raw 5.6, n=46)=5.8; LaunchBox Community=5.5
megadrive	gaiares	Gaiares	8.3	7.6	1990-12-26	Telenet Japan	Renovation Products	GameRankings (n=3)=8.6; MobyGames (n=5)=8.1	GameFAQs community=7.4; LaunchBox community Bayesian (raw 7.8, n=123)=7.7; LaunchBox Community=7.6
megadrive	gain ground	Gain Ground	6.9	7.3	1991-01-03	Sanritsu Denki	Renovation Products	GameRankings (n=5)=6.6; MobyGames (n=5)=7.1	GameFAQs community=7.1; LaunchBox community Bayesian (raw 7.6, n=96)=7.5; LaunchBox Community=7.3
megadrive	galaxy force ii	Galaxy Force II	3.9	6.0	1991-09-13	CSK Research Institute	Sega of America	GameRankings (n=3)=3.7; MobyGames (n=5)=4.1	GameFAQs community=5.8; LaunchBox community Bayesian (raw 5.9, n=68)=6.0; LaunchBox Community=6.0
megadrive	game genie	Game Genie
megadrive	garfield caught in the act	Garfield: Caught in the Act	6.6	6.9	1995-01-01	Point of View	Sega of America	GameRankings (n=3)=6.7; MobyGames (n=5)=6.6	GameFAQs community=6.3; LaunchBox community Bayesian (raw 7.6, n=90)=7.5; LaunchBox Community=6.9
megadrive	gargoyles	Gargoyles	7.7	6.8	1995-11-01	Walt Disney Computer Software	Buena Vista Interactive	GameRankings (n=3)=7.1; MobyGames (n=5)=8.0	GameFAQs community=6.3; LaunchBox community Bayesian (raw 7.3, n=108)=7.3; LaunchBox Community=6.8
megadrive	gauntlet 4	Gauntlet 4	8.3	7.6	1993-09-17	M2 Co.	Tengen	MobyGames (n=5)=8.3	LaunchBox community Bayesian (raw 7.6, n=122)=7.6
megadrive	gauntlet iv	Gauntlet IV	8.3	7.5	1993-09-17	M2 Co.	Tengen	MobyGames (n=5)=8.3	GameFAQs community=7.4; LaunchBox community Bayesian (raw 7.6, n=122)=7.6; LaunchBox Community=7.5
megadrive	gemfire	GemFire		6.5	1992-06-24	Koei	Koei		GameFAQs community=6.9; LaunchBox community Bayesian (raw 6.1, n=57)=6.2; LaunchBox Community=6.5
megadrive	general chaos	General Chaos		7.5	1993-08-01	Game Refuge	Electronic Arts		GameFAQs community=7.4; LaunchBox community Bayesian (raw 7.7, n=106)=7.6; LaunchBox Community=7.5
megadrive	generations lost	Generations Lost		6.3	1994-11-01	Pacific Softspace	Time Warner Interactive		GameFAQs community=6.4; LaunchBox community Bayesian (raw 6.2, n=57)=6.3; LaunchBox Community=6.3
megadrive	genesis 6 pak	Genesis 6-Pak
megadrive	genesis tmss bios	Genesis TMSS BIOS
megadrive	genghis khan ii clan of the gray wolf	Genghis Khan II: Clan of the Gray Wolf		6.3	1993-03-25	Koei	Koei		GameFAQs community=7.3; LaunchBox community Bayesian (raw 4.9, n=37)=5.3; LaunchBox Community=6.3
megadrive	george foreman s ko boxing	George Foreman's KO Boxing	5.3	5.0	1993-01-01	Probe Software	Flying Edge	MobyGames (n=5)=5.3	GameFAQs community=4.7; LaunchBox community Bayesian (raw 4.7, n=34)=5.2; LaunchBox Community=5.0
megadrive	ghostbusters	Ghostbusters		7.4	1990-06-30	Compile	Sega of America		GameFAQs community=7.4; LaunchBox community Bayesian (raw 7.4, n=142)=7.4
megadrive	ghouls n ghosts	Ghouls 'n Ghosts	8.2	8.0	1989-08-03	Capcom	Capcom	GameRankings (n=4)=8.0; MobyGames (n=5)=8.4	GameFAQs community=7.8; LaunchBox community Bayesian (raw 8.3, n=231)=8.2; LaunchBox Community=8.0
megadrive	gods	Gods	7.8	6.4	1992-11-01	The Bitmap Brothers	Mindscape	MobyGames (n=5)=7.8	GameFAQs community=5.9; LaunchBox community Bayesian (raw 6.9, n=76)=6.9; LaunchBox Community=6.4
megadrive	golden axe	Golden Axe	7.5	7.6	1989-12-22	Team Shinobi	Sega of America	GameRankings (n=6)=6.9; MobyGames (n=5)=8.2	GameFAQs community=7.2; LaunchBox community Bayesian (raw 8.1, n=331)=8.1; LaunchBox Community=7.6
megadrive	golden axe ii	Golden Axe II	7.2	7.7	1992-01-26	Sega Enterprises	Sega of America	GameRankings (n=6)=6.6; MobyGames (n=5)=7.8	GameFAQs community=7.3; LaunchBox community Bayesian (raw 8.1, n=245)=8.1; LaunchBox Community=7.7
megadrive	golden axe iii	Golden Axe III	5.7	7.7	1993-06-25	Sega CS1	Sega Enterprises	GameRankings (n=4)=5.2; MobyGames (n=5)=6.1	GameFAQs community=7.4; LaunchBox community Bayesian (raw 8.0, n=173)=7.9; LaunchBox Community=7.7
megadrive	goofy s hysterical history tour	Goofy's Hysterical History Tour	5.5	5.5	1993-09-28	Absolute Entertainment	Absolute Entertainment	MobyGames (n=5)=5.5	GameFAQs community=5.5; LaunchBox community Bayesian (raw 5.2, n=50)=5.5
megadrive	granada	Granada	8.0	6.7	1990-11-16	Wolf Team	Wolf Team	GameRankings (n=4)=8.1; MobyGames (n=5)=8.0	GameFAQs community=7.3; LaunchBox community Bayesian (raw 6.1, n=77)=6.2; LaunchBox Community=6.7
megadrive	greatest heavyweights	Greatest Heavyweights		7.5	1993-12-25	Acme Interactive	Sega of America		GameFAQs community=7.5; LaunchBox community Bayesian (raw 7.6, n=71)=7.5; LaunchBox Community=7.5
megadrive	greatest heavyweights of the ring	Greatest Heavyweights of the Ring
megadrive	greendog the beached surfer dude	Greendog: The Beached Surfer Dude!		6.2	1992-09-01	Interactive Designs	Sega of America		GameFAQs community=6.1; LaunchBox community Bayesian (raw 6.2, n=80)=6.3
megadrive	grind stormer	Grind Stormer		7.1	1994-03-25	ToaPlan	Tengen		GameFAQs community=6.8; LaunchBox community Bayesian (raw 7.5, n=71)=7.4; LaunchBox Community=7.1
megadrive	growl	Growl	4.9	5.9	1991-02-01	Taito	Taito	MobyGames (n=5)=4.9	GameFAQs community=5.8; LaunchBox community Bayesian (raw 5.7, n=69)=5.9; LaunchBox Community=5.9
megadrive	gunstar heroes	Gunstar Heroes	8.7	8.5	1993-09-09	Treasure	Sega of America	GameRankings (n=10)=8.8; MobyGames (n=5)=8.7	GameFAQs community=8.3; LaunchBox community Bayesian (raw 8.8, n=342)=8.7; LaunchBox Community=8.5
megadrive	gynoug	Gynoug
megadrive	hard drivin	Hard Drivin'	6.1	5.4	1990-12-21	Sterling Silver Software	Tengen	MobyGames (n=5)=6.1	GameFAQs community=4.9; LaunchBox community Bayesian (raw 5.6, n=51)=5.8; LaunchBox Community=5.4
megadrive	hardball	HardBall!	5.8	5.1	1991-06-01	Ballistic	Accolade	MobyGames (n=5)=5.8	GameFAQs community=5.4; LaunchBox community Bayesian (raw 4.3, n=42)=4.8; LaunchBox Community=5.1
megadrive	hardball 94	HardBall '94		5.6	1994-07-01	MindSpan	Accolade		GameFAQs community=4.9; LaunchBox community Bayesian (raw 6.1, n=43)=6.3; LaunchBox Community=5.6
megadrive	hardball 95	HardBall '95		5.8	1995-06-01	MindSpan	Accolade		GameFAQs community=5.6; LaunchBox community Bayesian (raw 5.7, n=28)=6.0; LaunchBox Community=5.8
megadrive	hardball iii	HardBall III	7.0	6.0	1993-01-01	MindSpan	Accolade	MobyGames (n=5)=7.0	LaunchBox community Bayesian (raw 5.8, n=42)=6.0; LaunchBox Community=6.0
megadrive	haunting starring polterguy	Haunting Starring Polterguy		7.6	1993-10-01	Electronic Arts	Electronic Arts		GameFAQs community=7.6; LaunchBox community Bayesian (raw 7.7, n=120)=7.6; LaunchBox Community=7.6
megadrive	head on soccer	Head-On Soccer	8.0	5.8	1995-01-01	Silicon Dreams	U.S. Gold	MobyGames (n=5)=8.0	GameFAQs community=5.6; LaunchBox community Bayesian (raw 5.9, n=38)=6.1; LaunchBox Community=5.8
megadrive	heavy nova	Heavy Nova	3.3	3.6	1992-01-01	Holocronet	Micronet	GameRankings (n=3)=2.7; MobyGames (n=5)=3.7	GameFAQs community=2.6; LaunchBox community Bayesian (raw 4.1, n=45)=4.6; LaunchBox Community=3.6
megadrive	hellfire	Hellfire	7.1	7.3	1990-09-28	ToaPlan	NCS	GameRankings (n=3)=5.9; MobyGames (n=5)=7.8	GameFAQs community=7.1; LaunchBox community Bayesian (raw 7.5, n=92)=7.5; LaunchBox Community=7.3
megadrive	herzog zwei	Herzog Zwei	7.8	7.6	1989-12-15	TechnoSoft	Technosoft	MobyGames (n=5)=7.8	GameFAQs community=7.7; LaunchBox community Bayesian (raw 7.7, n=101)=7.6; LaunchBox Community=7.6
megadrive	high seas havoc	High Seas Havoc		7.1	1994-04-22	Data East	Data East		GameFAQs community=7.0; LaunchBox community Bayesian (raw 7.3, n=81)=7.3; LaunchBox Community=7.1
megadrive	hit the ice	Hit The Ice		5.6					GameFAQs community=5.6; Legacy community=5.6
megadrive	home alone	Home Alone	6.0	6.2	1991-11-01	Brian A. Rice	Sega of America	MobyGames (n=5)=6.0	GameFAQs community=5.9; LaunchBox community Bayesian (raw 6.3, n=84)=6.4; LaunchBox Community=6.2
megadrive	home alone 2 lost in new york	Home Alone 2: Lost in New York		5.6	1993-12-01	SEGA Interactive Development Division	Sega of America		LaunchBox community Bayesian (raw 5.4, n=61)=5.6; LaunchBox Community=5.6
megadrive	hook	Hook		6.4	1993-08-01	Core Design	Sony Imagesoft		GameFAQs community=6.2; LaunchBox community Bayesian (raw 6.6, n=65)=6.7; LaunchBox Community=6.4
megadrive	img international tour tennis	IMG International Tour Tennis		5.8	1994-09-01	High Score Productions	Electronic Arts		GameFAQs community=5.2; LaunchBox community Bayesian (raw 6.2, n=40)=6.4; LaunchBox Community=5.8
megadrive	indiana jones and the last crusade	Indiana Jones and the Last Crusade		5.6	1992-11-01	Tiertex	U.S. Gold		GameFAQs community=5.2; LaunchBox community Bayesian (raw 5.8, n=62)=6.0; LaunchBox Community=5.6
megadrive	insector x	Insector X	5.9	6.6	1990-09-07	Sage's Creation	Taito	GameRankings (n=3)=5.9	GameFAQs community=6.3; LaunchBox community Bayesian (raw 7.0, n=73)=7.0; LaunchBox Community=6.6
megadrive	ishido the way of the stones	Ishido: The Way of the Stones
megadrive	izzy s quest for the olympic rings	Izzy's Quest for the Olympic Rings		5.6	1995-04-01	Alexandria	U.S. Gold		GameFAQs community=5.3; LaunchBox community Bayesian (raw 5.5, n=28)=5.9; LaunchBox Community=5.6
megadrive	jack nicklaus power challenge golf	Jack Nicklaus' Power Challenge Golf		5.6	1993-03-01	Microsmiths	Accolade		GameFAQs community=5.9; LaunchBox community Bayesian (raw 4.5, n=22)=5.3; LaunchBox Community=5.6
megadrive	james bond 007 the duel	James Bond 007: The Duel		6.2	1992-12-01	The Kremlin	Domark		GameFAQs community=5.6; LaunchBox community Bayesian (raw 6.8, n=77)=6.8; LaunchBox Community=6.2
megadrive	james buster douglas knock out boxing	James 'Buster' Douglas Knock Out Boxing		6.1	1990-03-23	Taito	Taito		LaunchBox community Bayesian (raw 5.9, n=55)=6.1; LaunchBox Community=6.1
megadrive	james pond 2 codename robocod	James Pond 2: Codename: RoboCod	8.1	7.2	1991	Vectordean Ltd.	Electronic Arts	MobyGames (n=5)=8.1	LaunchBox community Bayesian (raw 7.2, n=74)=7.2
megadrive	james pond 3	James Pond 3	8.2	6.9	1993-12-14	Millennium Interactive	Electronic Arts	MobyGames (n=5)=8.2	LaunchBox community Bayesian (raw 6.9, n=73)=6.9
megadrive	james pond 3 operation starfish	James Pond 3: Operation Starfish		5.9					GameFAQs community=5.9; Legacy community=5.9
megadrive	james pond underwater agent	James Pond: Underwater Agent	7.0	5.4	1990-01-01	Millenium Interactive	Electronic Arts	MobyGames (n=5)=7.0	GameFAQs community=5.3; LaunchBox community Bayesian (raw 5.2, n=71)=5.4; LaunchBox Community=5.4
megadrive	jammit	Jammit	6.3	4.7	1994-03-01	GTE Vantage	Virgin Interactive Entertainment	MobyGames (n=5)=6.3	GameFAQs community=4.2; LaunchBox community Bayesian (raw 4.9, n=43)=5.3; LaunchBox Community=4.7
megadrive	jennifer capriati tennis	Jennifer Capriati Tennis		6.8	1992-06-12	System Sacom	Telenet Japan		GameFAQs community=6.4; LaunchBox community Bayesian (raw 7.2, n=40)=7.2; LaunchBox Community=6.8
megadrive	jeopardy	Jeopardy!		5.5	1993-02-01	Park Place Productions	GameTek		GameFAQs community=5.6; LaunchBox community Bayesian (raw 4.9, n=30)=5.4; LaunchBox Community=5.5
megadrive	jeopardy deluxe	Jeopardy! Deluxe
megadrive	jeopardy sports edition	Jeopardy! Sports Edition		5.5	1993-05-01	Park Place Productions	GameTek		GameFAQs community=5.2; LaunchBox community Bayesian (raw 4.9, n=18)=5.6; LaunchBox Community=5.5
megadrive	jerry glanville s pigskin footbrawl	Jerry Glanville's Pigskin Footbrawl		6.9	1992-12-18	Developer Resources	RazorSoft		GameFAQs community=6.2; LaunchBox community Bayesian (raw 7.8, n=49)=7.7; LaunchBox Community=6.9
megadrive	jewel master	Jewel Master	6.7	7.2	1991-08-30	Sega Enterprises	Sega of America	MobyGames (n=5)=6.7	GameFAQs community=6.9; LaunchBox community Bayesian (raw 7.5, n=81)=7.4; LaunchBox Community=7.2
megadrive	joe and mac caveman ninja	Joe & Mac Caveman Ninja	7.1		1994	Data East Corporation		MobyGames (n=5)=7.1
megadrive	joe montana football	Joe Montana Football		6.5	1990-12-22	Park Place Productions	Sega of America		GameFAQs community=6.6; LaunchBox community Bayesian (raw 6.4, n=44)=6.5; LaunchBox Community=6.5
megadrive	joe montana ii sports talk football	Joe Montana II: Sports Talk Football		6.7	1991-11-01	BlueSky Software	Sega of America		GameFAQs community=6.0; LaunchBox community Bayesian (raw 7.4, n=24)=7.3; LaunchBox Community=6.7
megadrive	john madden football	John Madden Football	8.4	6.7	1990-11-01	Park Place Productions	Electronic Arts	MobyGames (n=5)=8.4	GameFAQs community=6.4; LaunchBox community Bayesian (raw 7.0, n=46)=7.0; LaunchBox Community=6.7
megadrive	john madden football 92	John Madden Football '92	8.7	7.1	1991-01-01	Electronic Arts	Electronic Arts	MobyGames (n=5)=8.7	GameFAQs community=6.5; LaunchBox community Bayesian (raw 7.7, n=50)=7.6; LaunchBox Community=7.1
megadrive	john madden football 93	John Madden Football '93	8.4	6.8	1992-12-14	Looking Glass Technologies	Electronic Arts	MobyGames (n=5)=8.4	GameFAQs community=6.3; LaunchBox community Bayesian (raw 7.2, n=49)=7.2; LaunchBox Community=6.8
megadrive	john madden football 93 championship edition	John Madden Football '93: Championship Edition
megadrive	john madden nfl 94	John Madden NFL 94
megadrive	jordan vs bird super one on one	Jordan vs Bird: Super One-on-One
megadrive	journey from darkness strider returns	Journey From Darkness: Strider Returns		5.6	1993-08-01	Tiertex	U.S. Gold		LaunchBox community Bayesian (raw 5.4, n=93)=5.6; LaunchBox Community=5.6
megadrive	judge dredd the movie	Judge Dredd: The Movie
megadrive	junction	Junction		6.2	1990-11-25	Micronet	Micronet		GameFAQs community=6.1; LaunchBox community Bayesian (raw 5.8, n=20)=6.2
megadrive	jungle strike	Jungle Strike	8.9	7.6	1993	Electronic Arts, Inc.		MobyGames (n=5)=8.9	GameFAQs community=7.6; Legacy community=7.6
megadrive	jurassic park	Jurassic Park		6.7	1993-08-10	BlueSky Software	Sega Enterprises		GameFAQs community=6.6; LaunchBox community Bayesian (raw 6.9, n=159)=6.9; LaunchBox Community=6.7
megadrive	jurassic park 2 the lost world	Jurassic Park 2: The Lost World
megadrive	jurassic park rampage edition	Jurassic Park: Rampage Edition	6.3	7.0	1994-09-28	BlueSky Software	Sega of America	MobyGames (n=5)=6.3	GameFAQs community=6.9; LaunchBox community Bayesian (raw 7.1, n=104)=7.1; LaunchBox Community=7.0
megadrive	justice league task force	Justice League Task Force	4.9	6.1	1995-09-01	Sunsoft	Acclaim Entertainment	GameRankings (n=4)=4.5; MobyGames (n=5)=5.2	GameFAQs community=5.5; LaunchBox community Bayesian (raw 6.6, n=54)=6.7; LaunchBox Community=6.1
megadrive	ka ge ki fists of steel	Ka-Ge-Ki: Fists of Steel		4.4	1991-04-26	Hot-B	Sage's Creation		GameFAQs community=4.4; LaunchBox community Bayesian (raw 3.8, n=47)=4.4; LaunchBox Community=4.4
megadrive	kawasaki superbike challenge	Kawasaki Superbike Challenge		6.3	1994-12-01	Lankhor	Time Warner Interactive		GameFAQs community=5.8; LaunchBox community Bayesian (raw 6.7, n=53)=6.7; LaunchBox Community=6.3
megadrive	kid chameleon	Kid Chameleon	6.8	7.4	1992-05-29	Sega Technical Institute	Sega of America	GameRankings (n=6)=6.8	GameFAQs community=7.2; LaunchBox community Bayesian (raw 7.7, n=153)=7.7; LaunchBox Community=7.4
megadrive	king of the monsters	King of the Monsters	5.4	6.2	1993-03-01	SPS	Sega Enterprises	MobyGames (n=5)=5.4	GameFAQs community=6.0; LaunchBox community Bayesian (raw 6.2, n=50)=6.3
megadrive	king s bounty	King's Bounty	7.1		1991	New World Computing, Inc.		MobyGames (n=5)=7.1
megadrive	king salmon the big catch	King Salmon: The Big Catch		6.0	1992-09-26	Hot-B	Vic Tokai		GameFAQs community=6.8; LaunchBox community Bayesian (raw 4.5, n=21)=5.3; LaunchBox Community=6.0
megadrive	klax	Klax	8.0	7.1	1990	Tengen Inc.		MobyGames (n=5)=8.0	GameFAQs community=7.1; Legacy community=7.1
megadrive	krusty s fun house	Krusty's Fun House
megadrive	krusty s super funhouse	Krusty's Super Funhouse		5.6	1992-06-01	Audiogenic Software	Flying Edge		LaunchBox community Bayesian (raw 5.4, n=62)=5.6; LaunchBox Community=5.6
megadrive	lakers versus celtics and the nba playoffs	Lakers versus Celtics and the NBA Playoffs	7.0	6.2	1990-12-01	Electronic Arts	Electronic Arts	MobyGames (n=5)=7.0	GameFAQs community=6.2; LaunchBox community Bayesian (raw 6.1, n=59)=6.2; LaunchBox Community=6.2
megadrive	landstalker	Landstalker	8.2	8.1	1992-10-30	Climax Entertainment	Sega of America	GameRankings (n=7)=7.7; MobyGames (n=5)=9.0	GameFAQs community=8.2; LaunchBox community Bayesian (raw 8.2, n=173)=8.1; LaunchBox Community=8.1
megadrive	landstalker the treasures of king nole	Landstalker: The Treasures of King Nole
megadrive	langrisser ii	Langrisser II		7.7	1994-08-26	NCS	NCS		GameFAQs community=8.2; LaunchBox community Bayesian (raw 7.2, n=53)=7.2; LaunchBox Community=7.7
megadrive	last action hero	Last Action Hero		4.0	1993-11-01	B.I.T.S.	Sony Imagesoft		GameFAQs community=3.0; LaunchBox community Bayesian (raw 4.6, n=57)=5.0; LaunchBox Community=4.0
megadrive	last battle	Last Battle	5.0	5.6	1989-07-01	Sega Enterprises	Sega of America	GameRankings (n=4)=4.5; MobyGames (n=5)=5.4	GameFAQs community=5.4; LaunchBox community Bayesian (raw 5.8, n=110)=5.9; LaunchBox Community=5.6
megadrive	legend of galahad the galahad	Legend of Galahad, The ~ Galahad
megadrive	lemmings	Lemmings	8.5	6.8	1992-11-20	Sunsoft	Sunsoft	MobyGames (n=5)=8.5	GameFAQs community=6.9; LaunchBox community Bayesian (raw 6.7, n=82)=6.7; LaunchBox Community=6.8
megadrive	lemmings 2 the tribes	Lemmings 2: The Tribes	8.0	7.1	1994-01-01	Digital Developments	Psygnosis	MobyGames (n=5)=8.0	GameFAQs community=6.6; LaunchBox community Bayesian (raw 7.7, n=69)=7.6; LaunchBox Community=7.1
megadrive	lethal enforcers	Lethal Enforcers	7.4	7.1	1993-07-02	Konami	Konami	MobyGames (n=5)=7.4	GameFAQs community=6.7; LaunchBox community Bayesian (raw 7.6, n=62)=7.5; LaunchBox Community=7.1
megadrive	lethal enforcers ii gun fighters	Lethal Enforcers II: Gun Fighters	7.1	6.9	1994-05-11	Konami	Konami	MobyGames (n=5)=7.1	GameFAQs community=6.9; LaunchBox community Bayesian (raw 6.8, n=57)=6.8; LaunchBox Community=6.9
megadrive	lhx attack chopper	LHX: Attack Chopper	7.4	5.6	1992-10-01	Electronic Arts	Electronic Arts	MobyGames (n=5)=7.4	GameFAQs community=5.5; LaunchBox community Bayesian (raw 5.4, n=52)=5.7; LaunchBox Community=5.6
megadrive	liberty or death	Liberty or Death	5.7	5.9	1994	KOEI Corporation		MobyGames (n=5)=5.7	GameFAQs community=5.9; Legacy community=5.9
megadrive	light crusader	Light Crusader	7.4	7.5	1995-05-26	Treasure	Sega of America	GameRankings (n=5)=6.8; MobyGames (n=5)=8.1	GameFAQs community=7.4; LaunchBox community Bayesian (raw 7.6, n=114)=7.6; LaunchBox Community=7.5
megadrive	lightening force quest for the darkstar	Lightening Force: Quest for the Darkstar	9.1	8.4	1992-07-24	TechnoSoft	Technosoft	MobyGames (n=5)=9.1	GameFAQs community=8.3; LaunchBox community Bayesian (raw 8.5, n=209)=8.4; LaunchBox Community=8.4
megadrive	lotus ii recs	Lotus II RECS
megadrive	lotus turbo challenge	Lotus Turbo Challenge		6.4	1992-01-01	Magnetic Fields	Electronic Arts		GameFAQs community=6.2; LaunchBox community Bayesian (raw 6.5, n=60)=6.6; LaunchBox Community=6.4
megadrive	m 1 abrams battle tank	M-1 Abrams Battle Tank		5.2	1991-01-01	Realtime Games Software	Sega of America		GameFAQs community=5.5; LaunchBox community Bayesian (raw 4.4, n=43)=4.9; LaunchBox Community=5.2
megadrive	m u s h a	M.U.S.H.A	8.4		1990	Compile		MobyGames (n=5)=8.4
megadrive	madden nfl 95	Madden NFL 95	8.4	6.7	1994-11-01	High Score Productions	Electronic Arts	MobyGames (n=5)=8.4	GameFAQs community=6.6; LaunchBox community Bayesian (raw 6.6, n=59)=6.7; LaunchBox Community=6.7
megadrive	madden nfl 97	Madden NFL 97		5.6	1996-09-14	Electronic Arts	Electronic Arts		GameFAQs community=5.8; LaunchBox community Bayesian (raw 5.0, n=48)=5.3; LaunchBox Community=5.6
megadrive	marble madness	Marble Madness		7.1					GameFAQs community=7.1; Legacy community=7.1
megadrive	mario andretti racing	Mario Andretti Racing	6.3	6.3	1994-01-01	Stormfront Studios	Electronic Arts	MobyGames (n=5)=6.3	GameFAQs community=6.2; LaunchBox community Bayesian (raw 6.1, n=47)=6.3; LaunchBox Community=6.3
megadrive	mario lemieux hockey	Mario Lemieux Hockey		6.6	1991-01-01	Alpine Studios	Sega of America		GameFAQs community=6.1; LaunchBox community Bayesian (raw 7.2, n=48)=7.2; LaunchBox Community=6.6
megadrive	marko s magic football	Marko's Magic Football
megadrive	marsupilami	Marsupilami		5.6	1995-10-27	Apache Software	Sega Enterprises		GameFAQs community=5.9; LaunchBox community Bayesian (raw 5.2, n=55)=5.5; LaunchBox Community=5.6
megadrive	marvel land	Marvel Land	7.7	7.0	1991-06-28	Namco	Namco	MobyGames (n=5)=7.7	GameFAQs community=6.8; LaunchBox community Bayesian (raw 7.2, n=80)=7.2; LaunchBox Community=7.0
megadrive	mary shelley s frankenstein	Mary Shelley's Frankenstein		4.2	1994-11-04	BITS	Sony Imagesoft		GameFAQs community=3.1; LaunchBox community Bayesian (raw 4.9, n=46)=5.3; LaunchBox Community=4.2
megadrive	master of monsters	Master of Monsters		7.4	1991-07-26	Opera House	Renovation Products		GameFAQs community=7.6; LaunchBox community Bayesian (raw 7.3, n=55)=7.3; LaunchBox Community=7.4
megadrive	math blaster episode 1	Math Blaster: Episode 1		5.1	1994-09-14	Spidersoft	Davidson & Associates		GameFAQs community=4.9; LaunchBox community Bayesian (raw 4.8, n=38)=5.3; LaunchBox Community=5.1
megadrive	mazin saga	Mazin Saga
megadrive	mazin saga mutant fighter	Mazin Saga: Mutant Fighter		7.0	1993-02-26	Almanic	Vic Tokai		GameFAQs community=6.5; LaunchBox community Bayesian (raw 7.5, n=86)=7.4; LaunchBox Community=7.0
megadrive	mcdonald s treasure land adventure	McDonald's Treasure Land Adventure	7.5	7.4	1993-09-23	Treasure	Sega of America	MobyGames (n=5)=7.5	GameFAQs community=7.4; LaunchBox community Bayesian (raw 7.5, n=98)=7.5; LaunchBox Community=7.4
megadrive	mega bomberman	Mega Bomberman	8.5	8.1	1994-11-01	Hudson Soft	Sega of America	MobyGames (n=5)=8.5	GameFAQs community=7.8; LaunchBox community Bayesian (raw 8.4, n=138)=8.3; LaunchBox Community=8.1
megadrive	mega man the wily wars	Mega Man: The Wily Wars		8.1	1994-10-21	Minakuchi Engineering	Capcom		GameFAQs community=8.0; LaunchBox community Bayesian (raw 8.2, n=141)=8.1; LaunchBox Community=8.1
megadrive	mega turrican	Mega Turrican	7.8	7.9	1994-06-07	Factor 5	Data East	GameRankings (n=5)=7.3; MobyGames (n=5)=8.3	GameFAQs community=7.7; LaunchBox community Bayesian (raw 8.2, n=157)=8.1; LaunchBox Community=7.9
megadrive	menacer 6 in 1 game pack	Menacer 6-in-1 Game Pack
megadrive	mercs	Mercs	7.1	7.6	1991-09-27	Sega Enterprises	Sega Enterprises	GameRankings (n=4)=6.1; MobyGames (n=5)=7.8	GameFAQs community=7.5; LaunchBox community Bayesian (raw 7.8, n=114)=7.7; LaunchBox Community=7.6
megadrive	michael jackson s moonwalker	Michael Jackson's Moonwalker	5.4	7.4	1990-08-24	Sega R&D 2	Sega of America	GameRankings (n=5)=5.4	GameFAQs community=7.1; LaunchBox community Bayesian (raw 7.7, n=239)=7.7; LaunchBox Community=7.4
megadrive	mick and mack as the global gladiators	Mick & Mack as the Global Gladiators	8.1	6.8	1992-11-01	Virgin Interactive Entertainment	Virgin Games	MobyGames (n=5)=8.1	GameFAQs community=6.5; LaunchBox community Bayesian (raw 7.2, n=75)=7.2; LaunchBox Community=6.8
megadrive	mickey mania the timeless adventures of mickey mouse	Mickey Mania: The Timeless Adventures of Mickey Mouse		7.4	1994-11-01	Traveller's Tales (UK)	Sony Imagesoft		GameFAQs community=7.3; LaunchBox community Bayesian (raw 7.5, n=152)=7.5; LaunchBox Community=7.4
megadrive	mickey s ultimate challenge	Mickey's Ultimate Challenge	4.9	6.2	1994-01-01	Designer Software	Hi-Tech Expressions	MobyGames (n=5)=4.9	GameFAQs community=5.7; LaunchBox community Bayesian (raw 6.7, n=64)=6.7; LaunchBox Community=6.2
megadrive	micro machines	Micro Machines	7.9	7.6	1993-09-14	Codemasters	Codemasters	MobyGames (n=5)=7.9	GameFAQs community=7.3; LaunchBox community Bayesian (raw 7.9, n=87)=7.8; LaunchBox Community=7.6
megadrive	midnight resistance	Midnight Resistance		6.9	1991-03-29	Opera House	Data East		GameFAQs community=6.8; LaunchBox community Bayesian (raw 6.9, n=99)=6.9
megadrive	mig 29 fighter pilot	MIG-29 Fighter Pilot		5.8	1993-05-01	PanelComp	Domark		GameFAQs community=5.9; LaunchBox community Bayesian (raw 5.4, n=45)=5.7; LaunchBox Community=5.8
megadrive	might and magic ii gates to another world	Might and Magic II: Gates to Another World	7.9		1991	New World Computing, Inc.		MobyGames (n=5)=7.9
megadrive	mighty morphin power rangers	Mighty Morphin Power Rangers	5.1	6.5	1994-11-01	Nova	Sega of America	MobyGames (n=5)=5.1	GameFAQs community=6.4; LaunchBox community Bayesian (raw 6.5, n=86)=6.6
megadrive	mighty morphin power rangers the movie	Mighty Morphin Power Rangers: The Movie	5.2	7.1	1995-07-01	SIMS	Banpresto	MobyGames (n=5)=5.2	GameFAQs community=7.1; LaunchBox community Bayesian (raw 7.1, n=102)=7.1
megadrive	mike ditka power football	Mike Ditka Power Football		4.9	1991-01-01	Accolade	Ballistic		GameFAQs community=4.2; LaunchBox community Bayesian (raw 4.3, n=11)=5.6; LaunchBox Community=4.9
megadrive	minnesota fats pool legend	Minnesota Fats: Pool Legend		7.1	1995-01-01	Data East	Data East		GameFAQs community=7.0; LaunchBox community Bayesian (raw 7.1, n=47)=7.1
megadrive	mlbpa baseball	MLBPA Baseball		5.3	1994-01-01	High Score Productions	Electronic Arts		GameFAQs community=5.7; LaunchBox community Bayesian (raw 4.3, n=35)=4.9; LaunchBox Community=5.3
megadrive	mlbpa sports talk baseball	MLBPA Sports Talk Baseball
megadrive	monopoly	Monopoly	5.7	6.4	1992	Sculptured Software, Inc.		MobyGames (n=5)=5.7	GameFAQs community=6.4
megadrive	monster world iv	Monster World IV	8.7	8.3	1994-04-01	Westone	Sega Enterprises	MobyGames (n=5)=8.7	GameFAQs community=8.2; LaunchBox community Bayesian (raw 8.4, n=126)=8.3; LaunchBox Community=8.3
megadrive	mortal kombat	Mortal Kombat	8.2	7.6	1993-09-13	Probe Software	Acclaim Entertainment	GameRankings (n=3)=8.4; MobyGames (n=5)=8.1	GameFAQs community=7.2; LaunchBox community Bayesian (raw 8.0, n=210)=8.0; LaunchBox Community=7.6
megadrive	mortal kombat ii	Mortal Kombat II	8.6	7.8	1994-09-09	Probe Entertainment	Acclaim Entertainment	GameRankings (n=4)=8.6; MobyGames (n=5)=8.6	GameFAQs community=7.4; LaunchBox community Bayesian (raw 8.3, n=204)=8.2; LaunchBox Community=7.8
megadrive	ms pac man	Ms. Pac-Man	6.8	7.5	1991-07-01	Innerprise Software	Tengen	MobyGames (n=5)=6.8	GameFAQs community=7.4; LaunchBox community Bayesian (raw 7.6, n=88)=7.5; LaunchBox Community=7.5
megadrive	mtv s beavis and butt head	MTV's Beavis and Butt-Head	5.2	6.2	1994	Radical Entertainment Inc.		MobyGames (n=5)=5.2	GameFAQs community=6.2; Legacy community=6.2
megadrive	muhammad ali heavyweight boxing	Muhammad Ali Heavyweight Boxing	7.5	5.5	1992-12-01	Park Place Productions	Virgin Games	MobyGames (n=5)=7.5	GameFAQs community=5.2; LaunchBox community Bayesian (raw 5.5, n=41)=5.8
megadrive	musha metallic uniframe super hybrid armor	MUSHA: Metallic Uniframe Super Hybrid Armor	8.6	8.3	1990-12-21	Compile	Seismic Software	GameRankings (n=4)=8.6	GameFAQs community=8.0; LaunchBox community Bayesian (raw 8.6, n=180)=8.5; LaunchBox Community=8.3
megadrive	mutant league football	Mutant League Football		7.5	1993-06-01	Mutant Productions	Electronic Arts		GameFAQs community=7.4; LaunchBox community Bayesian (raw 7.7, n=90)=7.6; LaunchBox Community=7.5
megadrive	mutant league hockey	Mutant League Hockey		7.8	1994-03-01	Electronic Arts	Electronic Arts		GameFAQs community=7.5; LaunchBox community Bayesian (raw 8.1, n=86)=8.0; LaunchBox Community=7.8
megadrive	mystic defender	Mystic Defender		6.8	1989-11-25	Sega Enterprises	Sega of America		GameFAQs community=6.4; LaunchBox community Bayesian (raw 7.3, n=98)=7.3; LaunchBox Community=6.8
megadrive	mystical fighter	Mystical Fighter		6.4	1991-10-25	Kid	Taito		GameFAQs community=6.5; LaunchBox community Bayesian (raw 6.3, n=69)=6.4; LaunchBox Community=6.4
megadrive	nadia the secret of blue water	Nadia: The Secret of Blue Water
megadrive	nba action	NBA Action
megadrive	nba action 95	NBA Action '95
megadrive	nba all star challenge	NBA All-Star Challenge	4.7	4.6	1993-02-01	Beam Software	Flying Edge	MobyGames (n=5)=4.7	GameFAQs community=5.0; LaunchBox community Bayesian (raw 3.6, n=40)=4.3; LaunchBox Community=4.6
megadrive	nba hangtime	NBA Hangtime	8.0	7.9	1996	Funcom Oslo A/S	Midway Home Entertainment	MobyGames (n=5)=8.0	LaunchBox community Bayesian (raw 8.1, n=53)=7.9; LaunchBox Community=7.9
megadrive	nba jam	NBA Jam	8.6	7.9	1994-03-04	Iguana Entertainment	Arena Entertainment	MobyGames (n=5)=8.6	GameFAQs community=7.8; LaunchBox community Bayesian (raw 8.1, n=85)=8.0; LaunchBox Community=7.9
megadrive	nba jam tournament edition	NBA Jam Tournament Edition	8.8	8.1	1995-02-23	Iguana Entertainment	Acclaim Entertainment	MobyGames (n=5)=8.8	GameFAQs community=8.0; LaunchBox community Bayesian (raw 8.2, n=97)=8.1; LaunchBox Community=8.1
megadrive	nba live 95	NBA Live 95	8.6	7.4	1994-11-01	Hitmen Productions	Electronic Arts	MobyGames (n=5)=8.6	GameFAQs community=7.2; LaunchBox community Bayesian (raw 7.6, n=52)=7.5; LaunchBox Community=7.4
megadrive	nba live 96	NBA Live 96	8.1	7.2	1995-11-01	Hitmen Productions	Electronic Arts	MobyGames (n=5)=8.1	GameFAQs community=6.9; LaunchBox community Bayesian (raw 7.6, n=36)=7.5; LaunchBox Community=7.2
megadrive	nba live 97	NBA Live 97	8.2	6.8	1996-11-01	NuFX	Electronic Arts	MobyGames (n=5)=8.2	GameFAQs community=6.6; LaunchBox community Bayesian (raw 7.1, n=39)=7.1; LaunchBox Community=6.8
megadrive	nba live 98	NBA Live 98		6.9	1997-11-01	Electronic Arts	Electronic Arts		GameFAQs community=6.0; LaunchBox community Bayesian (raw 7.9, n=48)=7.7; LaunchBox Community=6.9
megadrive	nba showdown	NBA Showdown
megadrive	ncaa college football 2k2	NCAA College Football 2K2
megadrive	ncaa final four college basketball	NCAA Final Four College Basketball
megadrive	newman haas indycar racing	Newman-Haas IndyCar Racing
megadrive	nfl 95	NFL '95		6.3	1994-11-15	Double Diamond Sports	Sega of America		GameFAQs community=5.6; LaunchBox community Bayesian (raw 7.0, n=21)=7.0; LaunchBox Community=6.3
megadrive	nfl 98	NFL 98		5.8	1997-10-21	Spectacular Games	Sega of America		GameFAQs community=5.2; LaunchBox community Bayesian (raw 6.1, n=25)=6.4; LaunchBox Community=5.8
megadrive	nfl football 94 starring joe montana	NFL Football '94 Starring Joe Montana		6.5	1993-11-01	BlueSky Software	Sega of America		GameFAQs community=6.6; LaunchBox community Bayesian (raw 6.2, n=43)=6.4; LaunchBox Community=6.5
megadrive	nfl prime time	NFL Prime Time
megadrive	nfl quarterback club	NFL Quarterback Club	7.8	6.1	1994-01-01	Iguana Entertainment	Acclaim Entertainment	MobyGames (n=5)=7.8	GameFAQs community=5.4; LaunchBox community Bayesian (raw 6.7, n=35)=6.8; LaunchBox Community=6.1
megadrive	nhl 94	NHL 94	9.1	8.0	1993-09-11	High Score Productions	Electronic Arts	MobyGames (n=5)=9.1	GameFAQs community=7.6; LaunchBox community Bayesian (raw 8.5, n=102)=8.4; LaunchBox Community=8.0
megadrive	nhl 95	NHL 95	8.6	7.2	1994-09-01	High Score Productions	Electronic Arts	MobyGames (n=5)=8.6	GameFAQs community=7.2; LaunchBox community Bayesian (raw 7.1, n=52)=7.1; LaunchBox Community=7.2
megadrive	nhl 96	NHL 96	9.0	7.1	1995-10-06	High Score Productions	Electronic Arts	GameRankings (n=3)=9.2; MobyGames (n=5)=8.8	GameFAQs community=7.1; LaunchBox community Bayesian (raw 7.1, n=64)=7.1
megadrive	nhl 97	NHL 97	8.6	6.8	1996-09-24	High Score Productions	Electronic Arts	MobyGames (n=5)=8.6	GameFAQs community=6.7; LaunchBox community Bayesian (raw 7.0, n=39)=7.0; LaunchBox Community=6.8
megadrive	nhl 98	NHL 98		6.6	1997-10-31	High Score Productions	Electronic Arts		GameFAQs community=6.4; LaunchBox community Bayesian (raw 6.9, n=47)=6.9; LaunchBox Community=6.6
megadrive	nhl all star hockey 95	NHL All-Star Hockey '95	6.4	6.2	1995-02-01	Sega Midwest Studio	Sega of America	MobyGames (n=5)=6.4	GameFAQs community=5.9; LaunchBox community Bayesian (raw 6.3, n=20)=6.5; LaunchBox Community=6.2
megadrive	nhl hockey	NHL Hockey	8.7	7.5	1991-08-01	Park Place Productions	Electronic Arts	MobyGames (n=5)=8.7	GameFAQs community=7.2; LaunchBox community Bayesian (raw 7.8, n=66)=7.7; LaunchBox Community=7.5
megadrive	nhlpa hockey 93	NHLPA Hockey 93	8.6	7.8	1992-09-01	Electronic Arts	Electronic Arts	MobyGames (n=5)=8.6	GameFAQs community=7.3; LaunchBox community Bayesian (raw 8.3, n=62)=8.1; LaunchBox Community=7.8
megadrive	nigel mansell s world championship	Nigel Mansell's World Championship
megadrive	no escape	No Escape		3.8	1994-09-01	BITS	Psygnosis		GameFAQs community=3.2; LaunchBox community Bayesian (raw 3.6, n=38)=4.3; LaunchBox Community=3.8
megadrive	nobunaga s ambition	Nobunaga's Ambition		7.0	1993-09-15	Koei	Koei		GameFAQs community=6.3; LaunchBox community Bayesian (raw 7.7, n=46)=7.6; LaunchBox Community=7.0
megadrive	normy s beach babe o rama	Normy's Beach Babe-O-Rama	5.5	5.3	1994-01-01	Realtime Associates	Electronic Arts	MobyGames (n=5)=5.5	GameFAQs community=5.1; LaunchBox community Bayesian (raw 5.2, n=49)=5.5; LaunchBox Community=5.3
megadrive	old towers	Old-Towers		8.2	2019-02-28	RetroSouls	RetroSouls		LaunchBox community Bayesian (raw 8.6, n=28)=8.2; LaunchBox Community=8.2
megadrive	olympic gold barcelona 92	Olympic Gold: Barcelona '92		6.6	1992-07-24	Tiertex	U.S. Gold		GameFAQs community=6.5; LaunchBox community Bayesian (raw 6.5, n=60)=6.6; LaunchBox Community=6.6
megadrive	olympic summer games atlanta 96	Olympic Summer Games Atlanta 96
megadrive	olympic winter games lillehammer 94	Olympic Winter Games: Lillehammer 94
megadrive	onslaught	Onslaught		5.0	1991-01-01	Nextgrand	Ballistic		GameFAQs community=4.3; LaunchBox community Bayesian (raw 5.0, n=25)=5.6
megadrive	operation europe path to victory 1939 1945	Operation Europe: Path to Victory 1939-1945
megadrive	out of this world	Out of This World	8.2	7.3	1993-03-01	Interplay Productions	Virgin Games	GameRankings (n=3)=8.4; MobyGames (n=5)=8.0	GameFAQs community=6.6; LaunchBox community Bayesian (raw 8.0, n=84)=7.9; LaunchBox Community=7.3
megadrive	outlander	Outlander		6.8	1993-03-01	Mindscape	Mindscape		GameFAQs community=6.4; LaunchBox community Bayesian (raw 7.2, n=60)=7.2; LaunchBox Community=6.8
megadrive	outrun	OutRun	7.4	7.8	1991-08-09	SIMS	Sega Enterprises	MobyGames (n=5)=7.4	GameFAQs community=7.5; LaunchBox community Bayesian (raw 8.1, n=171)=8.0; LaunchBox Community=7.8
megadrive	outrunners	OutRunners	5.3	6.9	1994-05-13	Sega	Data East	MobyGames (n=5)=5.3	GameFAQs community=7.0; LaunchBox community Bayesian (raw 6.7, n=70)=6.7; LaunchBox Community=6.9
megadrive	p t o pacific theater of operations	P.T.O.: Pacific Theater of Operations		6.6	1992-09-24	Koei	Koei		GameFAQs community=6.7; LaunchBox community Bayesian (raw 6.4, n=38)=6.5; LaunchBox Community=6.6
megadrive	pac attack	Pac-Attack	7.3	7.1	1993-01-01	Namco	Namco	MobyGames (n=5)=7.3	GameFAQs community=7.3; LaunchBox community Bayesian (raw 7.0, n=54)=7.0; LaunchBox Community=7.1
megadrive	pac man 2 the new adventures	Pac-Man 2: The New Adventures	4.6	6.0	1994-08-26	Namco	Namco	MobyGames (n=5)=4.6	GameFAQs community=6.2; LaunchBox community Bayesian (raw 5.7, n=65)=5.9; LaunchBox Community=6.0
megadrive	pac mania	Pac-Mania	7.0	7.4	1991-01-01	Sculptured Software	Tengen	MobyGames (n=5)=7.0	GameFAQs community=7.5; LaunchBox community Bayesian (raw 7.5, n=73)=7.4; LaunchBox Community=7.4
megadrive	panorama cotton	Panorama Cotton		7.7	1994-08-12	Success	Sunsoft		GameFAQs community=7.6; LaunchBox community Bayesian (raw 7.9, n=80)=7.8; LaunchBox Community=7.7
megadrive	paperboy	Paperboy		6.8	1992-02-01	MotiveTime	Tengen		GameFAQs community=6.3; LaunchBox community Bayesian (raw 7.3, n=101)=7.3; LaunchBox Community=6.8
megadrive	paperboy 2	Paperboy 2	5.5	6.7	1993-02-01	Tengen	Tengen	MobyGames (n=5)=5.5	GameFAQs community=6.5; LaunchBox community Bayesian (raw 6.8, n=62)=6.8; LaunchBox Community=6.7
megadrive	pat riley basketball	Pat Riley Basketball		6.2	1990-03-02	Sega Enterprises	Sega of America		GameFAQs community=5.5; LaunchBox community Bayesian (raw 6.9, n=59)=6.9; LaunchBox Community=6.2
megadrive	pebble beach golf links	Pebble Beach Golf Links		6.7	1993-10-29	T&E Soft	Sega of America		GameFAQs community=6.6; LaunchBox community Bayesian (raw 6.8, n=43)=6.8; LaunchBox Community=6.7
megadrive	pel ii world tournament soccer	Pelé II: World Tournament Soccer		5.2	1994-01-01	Radical Entertainment	Accolade		GameFAQs community=4.7; LaunchBox community Bayesian (raw 5.3, n=32)=5.7; LaunchBox Community=5.2
megadrive	pele	Pele!	5.1	4.6	1993-12-01	Radical Entertainment	Accolade	MobyGames (n=5)=5.1	GameFAQs community=4.3; LaunchBox community Bayesian (raw 4.3, n=31)=5.0; LaunchBox Community=4.6
megadrive	pepenga pengo	Pepenga Pengo		7.1	1995-12-22	JSH	Sega Enterprises		GameFAQs community=7.1; LaunchBox community Bayesian (raw 7.2, n=35)=7.2; LaunchBox Community=7.1
megadrive	pga european tour	PGA European Tour	8.3	6.2	1994-01-01	Polygames	Electronic Arts	MobyGames (n=5)=8.3	GameFAQs community=6.4; LaunchBox community Bayesian (raw 5.9, n=35)=6.1; LaunchBox Community=6.2
megadrive	pga tour 96	PGA Tour 96		6.4	1995-11-01	NuFX	Electronic Arts		GameFAQs community=5.8; LaunchBox community Bayesian (raw 7.1, n=40)=7.1; LaunchBox Community=6.4
megadrive	pga tour golf	PGA Tour Golf	8.4	6.8	1991-01-01	Sterling Silver Software	Electronic Arts	MobyGames (n=5)=8.4	GameFAQs community=6.4; LaunchBox community Bayesian (raw 7.3, n=55)=7.3; LaunchBox Community=6.8
megadrive	pga tour golf ii	PGA Tour Golf II	8.3	7.1	1993-02-01	Polygames	Electronic Arts	MobyGames (n=5)=8.3	GameFAQs community=6.5; LaunchBox community Bayesian (raw 7.8, n=36)=7.6; LaunchBox Community=7.1
megadrive	pga tour golf iii	PGA Tour Golf III	8.9	7.2	1994-01-01	High Score Productions	Electronic Arts	MobyGames (n=5)=8.9	GameFAQs community=7.1; LaunchBox community Bayesian (raw 7.3, n=47)=7.2; LaunchBox Community=7.2
megadrive	phantasy star ii	Phantasy Star II	8.1	7.8	1989-03-21	Sega Enterprises	Sega of America	GameRankings (n=6)=8.0; MobyGames (n=5)=8.3	GameFAQs community=7.4; LaunchBox community Bayesian (raw 8.1, n=151)=8.0; LaunchBox Community=7.8
megadrive	phantasy star iii generations of doom	Phantasy Star III: Generations of Doom	6.8	7.1	1990-04-21	Sega Enterprises	Sega of America	GameRankings (n=7)=6.8	GameFAQs community=6.8; LaunchBox community Bayesian (raw 7.5, n=120)=7.5; LaunchBox Community=7.1
megadrive	phantasy star iv	Phantasy Star IV	8.5	8.6	1993-12-17	Sega AM7	Sega of America	GameRankings (n=8)=8.7; MobyGames (n=5)=8.2	GameFAQs community=8.6; LaunchBox community Bayesian (raw 8.7, n=218)=8.6; LaunchBox Community=8.6
megadrive	phantasy star the end of the millenium	Phantasy Star: The End of the Millenium
megadrive	phantom 2040	Phantom 2040	8.0	6.9	1995-06-01	Illusions Gaming	Viacom New Media	MobyGames (n=5)=8.0	GameFAQs community=6.7; LaunchBox community Bayesian (raw 7.0, n=63)=7.0; LaunchBox Community=6.9
megadrive	phelios	Phelios	7.2	7.3	1990-07-20	Namco	Namco	GameRankings (n=3)=6.8; MobyGames (n=5)=7.4	GameFAQs community=6.8; LaunchBox community Bayesian (raw 7.8, n=103)=7.7; LaunchBox Community=7.3
megadrive	pink goes to hollywood	Pink Goes to Hollywood	6.2	5.7	1993-01-01	Headgames	TecMagik Entertainment	MobyGames (n=5)=6.2	GameFAQs community=5.0; LaunchBox community Bayesian (raw 6.3, n=48)=6.4; LaunchBox Community=5.7
megadrive	pinocchio	Pinocchio	7.8		1995	Virgin Studios London		MobyGames (n=5)=7.8
megadrive	pirates gold	Pirates! Gold	8.1	7.5	1993-07-01	MicroProse Software	MicroProse Software	GameRankings (n=3)=8.1; MobyGames (n=5)=8.1	GameFAQs community=7.7; LaunchBox community Bayesian (raw 7.4, n=81)=7.4; LaunchBox Community=7.5
megadrive	pit fighter	Pit-Fighter	6.2	5.7	1991-11-01	Sterling Silver Software	Tengen	MobyGames (n=5)=6.2	GameFAQs community=5.2; LaunchBox community Bayesian (raw 6.0, n=74)=6.1; LaunchBox Community=5.7
megadrive	pitfall the mayan adventure	Pitfall: The Mayan Adventure	7.8	7.1	1994-11-01	Activision	Activision	GameRankings (n=4)=7.0; MobyGames (n=5)=8.4	GameFAQs community=6.5; LaunchBox community Bayesian (raw 7.6, n=106)=7.5; LaunchBox Community=7.1
megadrive	pocahontas	Pocahontas
megadrive	populous	Populous	8.5	6.6	1990-07-01	Bullfrog Productions	Electronic Arts	MobyGames (n=5)=8.5	GameFAQs community=6.5; LaunchBox community Bayesian (raw 6.5, n=59)=6.6; LaunchBox Community=6.6
megadrive	power monger	Power Monger		6.6	1993-01-01	Sprytes	Electronic Arts		GameFAQs community=5.6; LaunchBox community Bayesian (raw 7.7, n=54)=7.6; LaunchBox Community=6.6
megadrive	powerball	Powerball	6.3	6.6	1991-02-08	Namco	Namco Hometek	MobyGames (n=5)=6.3	GameFAQs community=6.6; LaunchBox community Bayesian (raw 6.5, n=33)=6.6
megadrive	predator 2	Predator 2		6.1	1992-01-01	Perfect 10 Productions	Arena Entertainment		GameFAQs community=5.7; LaunchBox community Bayesian (raw 6.3, n=70)=6.4; LaunchBox Community=6.1
megadrive	primal rage	Primal Rage		6.4	1995-08-25	Probe Entertainment	Time Warner Interactive		GameFAQs community=6.0; LaunchBox community Bayesian (raw 6.7, n=62)=6.7; LaunchBox Community=6.4
megadrive	prince of persia	Prince of Persia		6.9	1994-01-01	Domark Software	Tengen		GameFAQs community=6.6; LaunchBox community Bayesian (raw 7.2, n=94)=7.2; LaunchBox Community=6.9
megadrive	pro quarterback	Pro Quarterback		4.8	1992-01-01	Tradewest	Tradewest		GameFAQs community=4.5; LaunchBox community Bayesian (raw 4.4, n=26)=5.1; LaunchBox Community=4.8
megadrive	psy o blade	Psy-O-Blade
megadrive	psycho pinball	Psycho Pinball	7.8	7.0	1994-11-25	Atoll Soft	Codemasters	MobyGames (n=5)=7.8	GameFAQs community=6.7; LaunchBox community Bayesian (raw 7.3, n=73)=7.3; LaunchBox Community=7.0
megadrive	puggsy	Puggsy	8.1	7.0	1994-01-06	Traveller's Tales (UK)	Psygnosis	MobyGames (n=5)=8.1	GameFAQs community=7.1; LaunchBox community Bayesian (raw 6.9, n=66)=6.9; LaunchBox Community=7.0
megadrive	pulseman	Pulseman		7.8	1994-07-22	Game Freak	Sega Enterprises		GameFAQs community=7.7; LaunchBox community Bayesian (raw 8.0, n=79)=7.9; LaunchBox Community=7.8
megadrive	quack shot starring donald duck	Quack Shot Starring Donald Duck	8.6	8.3	1991-12-20	Sega Enterprises	Sega of America	MobyGames (n=5)=8.6	LaunchBox community Bayesian (raw 8.4, n=224)=8.3; LaunchBox Community=8.3
megadrive	quackshot starring donald duck	QuackShot Starring Donald Duck	8.6	8.1	1991-12-20	Sega Enterprises	Sega of America	MobyGames (n=5)=8.6	GameFAQs community=7.8; LaunchBox community Bayesian (raw 8.4, n=224)=8.3; LaunchBox Community=8.1
megadrive	quad challenge	Quad Challenge	4.8	5.1	1991-08-06	Now Production	Namco	MobyGames (n=5)=4.8	GameFAQs community=4.7; LaunchBox community Bayesian (raw 5.2, n=34)=5.6; LaunchBox Community=5.1
megadrive	race drivin	Race Drivin'	5.2	4.6	1993-11-01	Polygames	Tengen	MobyGames (n=5)=5.2	GameFAQs community=4.8; LaunchBox community Bayesian (raw 4.0, n=42)=4.6; LaunchBox Community=4.6
megadrive	radical rex	Radical Rex		6.1	1994-10-01	Beam Software	Activision		GameFAQs community=6.4; LaunchBox community Bayesian (raw 5.8, n=54)=6.0; LaunchBox Community=6.1
megadrive	raiden trad	Raiden Trad		7.4	1991-07-06	Micronet	Micronet		GameFAQs community=7.2; LaunchBox community Bayesian (raw 7.7, n=87)=7.6; LaunchBox Community=7.4
megadrive	rambo iii	Rambo III	7.7	6.7	1989-10-21	Sega Enterprises	Sega of America	GameRankings (n=3)=7.5; MobyGames (n=5)=7.8	GameFAQs community=6.3; LaunchBox community Bayesian (raw 7.0, n=110)=7.0; LaunchBox Community=6.7
megadrive	rampart	Rampart		7.0	1992-08-01	Silicon Sorcery	Tengen		GameFAQs community=6.8; LaunchBox community Bayesian (raw 7.2, n=55)=7.2; LaunchBox Community=7.0
megadrive	ranger x	Ranger X	8.2	7.9	1993-05-28	Nex Entertainment	Sega of America	MobyGames (n=5)=8.2	GameFAQs community=7.8; LaunchBox community Bayesian (raw 8.0, n=125)=7.9; LaunchBox Community=7.9
megadrive	rastan saga ii	Rastan Saga II		5.5	1990-08-10	Taito	Taito		GameFAQs community=4.5; LaunchBox community Bayesian (raw 6.4, n=62)=6.5; LaunchBox Community=5.5
megadrive	rbi baseball 3	RBI Baseball 3		6.6	1991-07-01	Tengen	Tengen		LaunchBox community Bayesian (raw 6.4, n=18)=6.6; LaunchBox Community=6.6
megadrive	rbi baseball 4	RBI Baseball 4	5.6	7.8	1992-09-01	Tengen	Tengen	MobyGames (n=5)=5.6	LaunchBox community Bayesian (raw 7.9, n=50)=7.8; LaunchBox Community=7.8
megadrive	rbi baseball 93	RBI Baseball 93		6.5	1993-06-01	Tengen	Tengen		LaunchBox community Bayesian (raw 6.3, n=20)=6.5; LaunchBox Community=6.5
megadrive	rbi baseball 94	RBI Baseball 94		6.9	1994-04-01	Tengen	Tengen		LaunchBox community Bayesian (raw 6.9, n=22)=6.9
megadrive	red zone	Red Zone		6.9	1994-11-01	Zyrinx	Time Warner Interactive		GameFAQs community=6.7; LaunchBox community Bayesian (raw 7.1, n=86)=7.1; LaunchBox Community=6.9
megadrive	revolution x	Revolution X	4.3	4.6	1995-11-01	Rage Software	Acclaim Entertainment	MobyGames (n=5)=4.3	GameFAQs community=4.2; LaunchBox community Bayesian (raw 4.7, n=49)=5.1; LaunchBox Community=4.6
megadrive	richard scarry s busytown	Richard Scarry's Busytown		6.4	1994-11-01	Novotrade Software	Sega of America		GameFAQs community=6.4; LaunchBox community Bayesian (raw 6.3, n=40)=6.4; LaunchBox Community=6.4
megadrive	rings of power	Rings of Power	6.2	6.3	1992-01-01	Naughty Dog	Electronic Arts	MobyGames (n=5)=6.2	GameFAQs community=6.8; LaunchBox community Bayesian (raw 5.7, n=57)=5.9; LaunchBox Community=6.3
megadrive	risk	Risk		6.4					GameFAQs community=6.4
megadrive	risky woods	Risky Woods		5.9	1992-12-14	Dinamic Software	Electronic Arts		GameFAQs community=5.5; LaunchBox community Bayesian (raw 6.0, n=59)=6.1; LaunchBox Community=5.9
megadrive	ristar	Ristar	8.7	8.1	1995-02-16	Sega Enterprises	Sega of America	GameRankings (n=6)=8.9; MobyGames (n=5)=8.4	GameFAQs community=8.1; LaunchBox community Bayesian (raw 8.2, n=206)=8.1; LaunchBox Community=8.1
megadrive	road blasters	Road Blasters		6.6	1991-08-01	Tengen	U.S. Gold		LaunchBox community Bayesian (raw 6.5, n=55)=6.6; LaunchBox Community=6.6
megadrive	road rash	Road Rash	8.4	7.5	1991-09-01	Electronic Arts	Electronic Arts	MobyGames (n=5)=8.4	GameFAQs community=7.1; LaunchBox community Bayesian (raw 7.9, n=164)=7.8; LaunchBox Community=7.5
megadrive	road rash ii	Road Rash II	8.2	7.8	1992-12-04	Electronic Arts	Electronic Arts	GameRankings (n=3)=8.6; MobyGames (n=5)=8.0	GameFAQs community=7.6; LaunchBox community Bayesian (raw 8.1, n=181)=8.0; LaunchBox Community=7.8
megadrive	robocop 3	RoboCop 3	5.2	5.3	1993-11-01	Eden Entertainment Software	Flying Edge	MobyGames (n=5)=5.2	GameFAQs community=4.8; LaunchBox community Bayesian (raw 5.6, n=62)=5.8; LaunchBox Community=5.3
megadrive	robocop versus the terminator	RoboCop Versus The Terminator		7.9	1994-05-19	Virgin Games	Virgin Interactive Entertainment		GameFAQs community=7.8; LaunchBox community Bayesian (raw 8.0, n=141)=7.9; LaunchBox Community=7.9
megadrive	rock n roll racing	Rock n' Roll Racing	7.9	7.9	1994-11-01	Blizzard Entertainment	Interplay Productions	MobyGames (n=5)=7.9	GameFAQs community=7.6; LaunchBox community Bayesian (raw 8.3, n=109)=8.2; LaunchBox Community=7.9
megadrive	rocket knight adventures	Rocket Knight Adventures	8.5	8.3	1993-08-05	Konami	Konami	GameRankings (n=3)=8.7; MobyGames (n=5)=8.4	GameFAQs community=8.3; LaunchBox community Bayesian (raw 8.4, n=257)=8.3; LaunchBox Community=8.3
megadrive	rockman x3	Rockman X3		7.1		Sankyo Fundship	Sankyo Fundship		LaunchBox community Bayesian (raw 7.2, n=20)=7.1; LaunchBox Community=7.1
megadrive	rocky and bullwinkle the adventures of	Rocky and Bullwinkle, The Adventures of
megadrive	roger clemens mvp baseball	Roger Clemens' MVP Baseball		5.7	1993-02-01	Sculptured Software	Flying Edge		GameFAQs community=4.9; LaunchBox community Bayesian (raw 6.0, n=19)=6.3; LaunchBox Community=5.7
megadrive	rolling thunder 2	Rolling Thunder 2	7.8	7.6	1991-11-19	Namco	Namco	GameRankings (n=6)=7.3; MobyGames (n=5)=8.3	GameFAQs community=7.7; LaunchBox community Bayesian (raw 7.7, n=105)=7.6; LaunchBox Community=7.6
megadrive	rolo to the rescue	Rolo to the Rescue	8.0	6.8	1993-03-01	VectorDean	Electronic Arts	MobyGames (n=5)=8.0	GameFAQs community=6.9; LaunchBox community Bayesian (raw 6.7, n=54)=6.7; LaunchBox Community=6.8
megadrive	romance of the three kingdoms ii	Romance of the Three Kingdoms II		6.6	1991-12-26	Koei	Koei		GameFAQs community=6.4; LaunchBox community Bayesian (raw 6.7, n=51)=6.7; LaunchBox Community=6.6
megadrive	romance of the three kingdoms iii	Romance of the Three Kingdoms III		6.9					GameFAQs community=6.9; Legacy community=6.9
megadrive	rugby world cup 95	Rugby World Cup 95		6.3	1994-12-01	Electronic Arts	Electronic Arts		GameFAQs community=6.2; LaunchBox community Bayesian (raw 6.3, n=39)=6.4
megadrive	sagaia	Sagaia	7.8	7.5	1990-12-20	Taito	Taito	MobyGames (n=5)=7.8	GameFAQs community=7.7; LaunchBox community Bayesian (raw 7.3, n=97)=7.3; LaunchBox Community=7.5
megadrive	saint sword	Saint Sword		6.3	1991-06-27	Cyclone System	Taito		GameFAQs community=6.4; LaunchBox community Bayesian (raw 6.1, n=61)=6.2; LaunchBox Community=6.3
megadrive	samurai shodown	Samurai Shodown	7.8	7.3	1994-12-16	System Vision	Takara	MobyGames (n=5)=7.8	GameFAQs community=7.3; LaunchBox community Bayesian (raw 7.4, n=83)=7.4; LaunchBox Community=7.3
megadrive	saturday night slam masters	Saturday Night Slam Masters	6.6	7.2	1994	Capcom Co., Ltd.	Capcom	MobyGames (n=5)=6.6	GameFAQs community=7.8; LaunchBox community Bayesian (raw 6.4, n=58)=6.5; Legacy community=7.2
megadrive	scooby doo mystery	Scooby-Doo Mystery	6.1	7.7	1995-09-01	The Illusions Gaming Company	Acclaim Entertainment	MobyGames (n=5)=6.1	GameFAQs community=7.2; LaunchBox community Bayesian (raw 8.2, n=71)=8.1; LaunchBox Community=7.7
megadrive	seaquest dsv	SeaQuest DSV		6.0	1995-02-01	Sculptured Software	Black Pearl Software		GameFAQs community=5.3; LaunchBox community Bayesian (raw 6.5, n=43)=6.6; LaunchBox Community=6.0
megadrive	sega channel	Sega Channel
megadrive	sesame street counting cafe	Sesame Street Counting Cafe		4.9	1994-01-01	Electronic Arts	Electronic Arts		GameFAQs community=4.9; LaunchBox community Bayesian (raw 4.4, n=41)=4.9; LaunchBox Community=4.9
megadrive	shadow blasters	Shadow Blasters	4.7	6.0	1990-08-09	Cyclone System	Sage's Creation	MobyGames (n=5)=4.7	GameFAQs community=5.8; LaunchBox community Bayesian (raw 6.0, n=71)=6.1
megadrive	shadow dancer the secret of shinobi	Shadow Dancer: The Secret of Shinobi	8.1	8.1	1990-12-01	SIMS	Sega of America	MobyGames (n=5)=8.1	LaunchBox community Bayesian (raw 8.2, n=202)=8.1; LaunchBox Community=8.1
megadrive	shadow of the beast	Shadow of the Beast	6.2	6.0	1991-11-01	WJS Design	Electronic Arts	MobyGames (n=5)=6.2	GameFAQs community=5.4; LaunchBox community Bayesian (raw 6.5, n=72)=6.6; LaunchBox Community=6.0
megadrive	shadowrun	Shadowrun	7.8	7.9	1994-03-01	BlueSky Software	Sega	GameRankings (n=4)=7.6; MobyGames (n=5)=8.0	GameFAQs community=7.7; LaunchBox community Bayesian (raw 8.1, n=118)=8.0; LaunchBox Community=7.9
megadrive	shanghai ii dragon s eye	Shanghai II: Dragon's Eye	7.0	6.2	1994-03-01	Activision	Activision	MobyGames (n=5)=7.0	GameFAQs community=7.2; LaunchBox community Bayesian (raw 4.8, n=42)=5.2; LaunchBox Community=6.2
megadrive	shaq fu	Shaq-Fu	6.2	4.7	1994-10-28	Delphine Software International	Electronic Arts	MobyGames (n=5)=6.2	GameFAQs community=4.3; LaunchBox community Bayesian (raw 4.8, n=62)=5.1; LaunchBox Community=4.7
megadrive	shining force	Shining Force	8.3	8.3	1992-03-20	Climax Entertainment	Sega of America	GameRankings (n=8)=8.0; MobyGames (n=5)=8.6	GameFAQs community=8.2; LaunchBox community Bayesian (raw 8.5, n=187)=8.4; LaunchBox Community=8.3
megadrive	shining force ii	Shining Force II	8.8	8.6	1993-10-01	Sonic Co.	Sega of America	GameRankings (n=10)=8.9; MobyGames (n=5)=8.8	GameFAQs community=8.6; LaunchBox community Bayesian (raw 8.7, n=195)=8.6
megadrive	shining in the darkness	Shining in the Darkness	7.3	7.2	1991-03-29	Climax Entertainment	Sega of America	GameRankings (n=8)=7.0; MobyGames (n=5)=7.9	GameFAQs community=7.1; LaunchBox community Bayesian (raw 7.2, n=112)=7.2
megadrive	shinobi iii return of the ninja master	Shinobi III: Return of the Ninja Master	8.7	8.6	1993-07-23	Megasoft	Sega of America	GameRankings (n=6)=8.5; MobyGames (n=5)=8.9	GameFAQs community=8.3; LaunchBox community Bayesian (raw 8.9, n=331)=8.8; LaunchBox Community=8.6
megadrive	shove it the warehouse game	Shove It! The Warehouse Game		6.4	1990-01-30	NCS	DreamWorks		GameFAQs community=6.1; LaunchBox community Bayesian (raw 6.5, n=69)=6.6; LaunchBox Community=6.4
megadrive	side pocket	Side Pocket		7.4	1992-06-01	Data East	Data East		GameFAQs community=7.2; LaunchBox community Bayesian (raw 7.7, n=82)=7.6; LaunchBox Community=7.4
megadrive	skeleton krew	Skeleton Krew		6.6	1995-05-12	Core Design	Front Street Publishing		GameFAQs community=6.4; LaunchBox community Bayesian (raw 6.7, n=57)=6.7; LaunchBox Community=6.6
megadrive	skitchin	Skitchin'		7.4	1994-03-01	Electronic Arts Canada	Electronic Arts		GameFAQs community=7.2; LaunchBox community Bayesian (raw 7.5, n=80)=7.4; LaunchBox Community=7.4
megadrive	slaughter sport	Slaughter Sport		3.4	1990-10-12	Activision	Sanritsu		GameFAQs community=2.5; LaunchBox community Bayesian (raw 3.7, n=41)=4.3; LaunchBox Community=3.4
megadrive	socket	Socket		6.7	1993-08-17	Vic Tokai	Vic Tokai		GameFAQs community=6.5; LaunchBox community Bayesian (raw 6.8, n=53)=6.8; LaunchBox Community=6.7
megadrive	sol deace	Sol-Deace	6.9	7.0	1990-11-12	Wolf Team	Renovation Products	GameRankings (n=3)=6.9	GameFAQs community=7.0; LaunchBox community Bayesian (raw 6.9, n=77)=6.9; LaunchBox Community=7.0
megadrive	soldiers of fortune	Soldiers of Fortune	8.3	7.3	1993-03-01	The Bitmap Brothers	Renegade Software	MobyGames (n=5)=8.3	GameFAQs community=7.0; LaunchBox community Bayesian (raw 7.6, n=79)=7.5; LaunchBox Community=7.3
megadrive	sonic 3d blast	Sonic 3D Blast	5.9	7.1	1996-11-09	Traveller's Tales (UK)	Sega Enterprises	GameRankings (n=6)=5.9	GameFAQs community=6.9; LaunchBox community Bayesian (raw 7.4, n=194)=7.4; LaunchBox Community=7.1
megadrive	sonic and knuckles	Sonic & Knuckles	8.8	8.8	1994-10-18	Sonic Team	Sega of America	GameRankings (n=4)=8.8; MobyGames (n=5)=8.8	GameFAQs community=8.6; LaunchBox community Bayesian (raw 9.0, n=325)=8.9; LaunchBox Community=8.8
megadrive	sonic and knuckles and sonic 1	Sonic and Knuckles & Sonic 1
megadrive	sonic and knuckles and sonic 2	Sonic and Knuckles & Sonic 2
megadrive	sonic and knuckles and sonic 3	Sonic and Knuckles & Sonic 3
megadrive	sonic and knuckles sonic the hedgehog 3	Sonic & Knuckles + Sonic The Hedgehog 3		9.1	1994-10-18	Sonic Team	Sega Enterprises		LaunchBox community Bayesian (raw 9.2, n=296)=9.1; LaunchBox Community=9.1
megadrive	sonic classics	Sonic Classics		7.9	1995-01-01	Sega	Majesco Sales		GameFAQs community=8.0; LaunchBox community Bayesian (raw 8.0, n=50)=7.8; LaunchBox Community=7.9
megadrive	sonic jam 6	Sonic Jam 6
megadrive	sonic spinball	Sonic Spinball
megadrive	sonic the hedgehog	Sonic the Hedgehog	8.8	8.4	1991-06-23	Sonic Team	Sega of America	GameRankings (n=9)=8.6; MobyGames (n=5)=9.1	GameFAQs community=8.1; LaunchBox community Bayesian (raw 8.8, n=908)=8.8; LaunchBox Community=8.4
megadrive	sorcerer s kingdom	Sorcerer's Kingdom		5.5	1992-02-07	NCS	Treco		GameFAQs community=6.2; LaunchBox community Bayesian (raw 4.5, n=60)=4.9; LaunchBox Community=5.5
megadrive	soul blade	Soul Blade		6.8	1997-01-01				LaunchBox community Bayesian (raw 6.6, n=10)=6.8
megadrive	space harrier ii	Space Harrier II	5.4	6.7	1988-10-29	Sega R&D 2	Sega of America	GameRankings (n=4)=5.4	GameFAQs community=6.4; LaunchBox community Bayesian (raw 6.9, n=92)=6.9; LaunchBox Community=6.7
megadrive	space invaders 91	Space Invaders '91		6.5	1990-09-07	Taito	Taito		GameFAQs community=6.2; LaunchBox community Bayesian (raw 6.8, n=71)=6.8; LaunchBox Community=6.5
megadrive	sparkster	Sparkster	7.8	7.6	1994-09-23	Konami	Konami	MobyGames (n=5)=7.8	LaunchBox community Bayesian (raw 7.6, n=122)=7.6
megadrive	speedball 2 brutal deluxe	Speedball 2: Brutal Deluxe		6.9	1991-12-01	The Bitmap Brothers	Arena Entertainment		GameFAQs community=6.8; LaunchBox community Bayesian (raw 7.0, n=78)=7.0; LaunchBox Community=6.9
megadrive	spider man and the x men in arcade s revenge	Spider-Man and the X-Men in Arcade's Revenge
megadrive	spider man and venom maximum carnage	Spider-Man and Venom: Maximum Carnage	6.1	7.3	1994-09-16	Software Creations	Acclaim Entertainment	MobyGames (n=5)=6.1	GameFAQs community=6.9; LaunchBox community Bayesian (raw 7.9, n=139)=7.8; Legacy community=7.3
megadrive	spider man and venom separation anxiety	Spider-Man and Venom: Separation Anxiety
megadrive	spider man the animated series	Spider-Man: The Animated Series
megadrive	spider man vs the kingpin	Spider-Man vs The Kingpin		6.6					GameFAQs community=6.6
megadrive	spiritual warfare	Spiritual Warfare		6.4	1994-01-01	Wisdom Tree	Wisdom Tree		GameFAQs community=7.0; LaunchBox community Bayesian (raw 5.2, n=22)=5.8; LaunchBox Community=6.4
megadrive	splatterhouse 2	Splatterhouse 2	5.5	7.2	1992-08-04	Now Production	Namco	GameRankings (n=6)=5.5	GameFAQs community=6.9; LaunchBox community Bayesian (raw 7.5, n=167)=7.5; LaunchBox Community=7.2
megadrive	spot goes to hollywood	Spot Goes to Hollywood		7.0	1995-11-01	Eurocom Entertainment Software	Acclaim Entertainment		GameFAQs community=6.7; LaunchBox community Bayesian (raw 7.3, n=74)=7.3; LaunchBox Community=7.0
megadrive	star control	Star Control		7.3	1991-06-01	Toys for Bob	Ballistic		GameFAQs community=7.5; LaunchBox community Bayesian (raw 7.2, n=54)=7.2; LaunchBox Community=7.3
megadrive	star trek deep space 9 crossroads of time	Star Trek: Deep Space 9: Crossroads of Time
megadrive	star trek the next generation	Star Trek: The Next Generation
megadrive	starflight	Starflight	8.2	7.7	1991-10-07	BlueSky Software	Electronic Arts	MobyGames (n=5)=8.2	GameFAQs community=7.8; LaunchBox community Bayesian (raw 7.7, n=70)=7.6
megadrive	stargate	Stargate		6.9	1994-01-01	Probe Software	Acclaim Entertainment		GameFAQs community=6.1; LaunchBox community Bayesian (raw 7.8, n=47)=7.7; LaunchBox Community=6.9
megadrive	steel empire	Steel Empire	7.3	7.5	1992-03-13	Hot-B	Acclaim Entertainment	MobyGames (n=5)=7.3	GameFAQs community=7.2; LaunchBox community Bayesian (raw 7.9, n=109)=7.8; LaunchBox Community=7.5
megadrive	steel talons	Steel Talons	4.7	4.3	1992-01-01	Polygames	Tengen	MobyGames (n=5)=4.7	GameFAQs community=4.9; LaunchBox community Bayesian (raw 3.0, n=36)=3.9; LaunchBox Community=4.3
megadrive	stormlord	Stormlord	6.0	5.3	1990-01-01	Punk Developments	RazorSoft	MobyGames (n=5)=6.0	GameFAQs community=4.7; LaunchBox community Bayesian (raw 5.7, n=63)=5.9; LaunchBox Community=5.3
megadrive	street fighter ii special champion edition	Street Fighter II: Special Champion Edition	7.8	8.2	1993-09-28	Capcom	Capcom	GameRankings (n=4)=7.8	GameFAQs community=7.9; LaunchBox community Bayesian (raw 8.5, n=189)=8.4; LaunchBox Community=8.2
megadrive	street smart	Street Smart	4.5	4.7	1991-06-01	Treco	Treco	MobyGames (n=5)=4.5	GameFAQs community=4.0; LaunchBox community Bayesian (raw 5.1, n=63)=5.4; LaunchBox Community=4.7
megadrive	streets of rage	Streets of Rage	7.8	8.3	1991-08-02	Sega Enterprises	Sega of America	GameRankings (n=9)=7.5; MobyGames (n=5)=8.3	GameFAQs community=7.8; LaunchBox community Bayesian (raw 8.7, n=509)=8.7; LaunchBox Community=8.3
megadrive	strider	Strider	8.5	7.4	1990-09-29	Sega Enterprises	Sega Enterprises	GameRankings (n=4)=8.4; MobyGames (n=5)=8.6	GameFAQs community=7.2; LaunchBox community Bayesian (raw 7.7, n=150)=7.7; LaunchBox Community=7.4
megadrive	sub terrania	Sub Terrania	7.8	7.6	1994-03-01	Zyrinx	Sega of America	MobyGames (n=5)=7.8	GameFAQs community=7.3; LaunchBox community Bayesian (raw 8.0, n=115)=7.9; LaunchBox Community=7.6
megadrive	summer challenge	Summer Challenge		6.2	1993-05-26	MindSpan	Accolade		GameFAQs community=5.5; LaunchBox community Bayesian (raw 6.9, n=41)=6.9; LaunchBox Community=6.2
megadrive	sunset riders	Sunset Riders	7.6	7.9	1993	Konami Co., Ltd.	Konami	MobyGames (n=5)=7.6	GameFAQs community=7.5; LaunchBox community Bayesian (raw 8.3, n=147)=8.2; Legacy community=7.9
megadrive	super baseball 2020	Super Baseball 2020		7.6	1993-09-24	NuFX	Electronic Arts		GameFAQs community=7.1; LaunchBox community Bayesian (raw 8.1, n=64)=8.0; LaunchBox Community=7.6
megadrive	super battle tank war in the gulf	Super Battle Tank: War in the Gulf
megadrive	super battleship	Super Battleship		5.4					GameFAQs community=5.4; Legacy community=5.4
megadrive	super bubble bobble md	Super Bubble Bobble MD		6.3	1995-01-01	Gamtec	Gamtec		LaunchBox community Bayesian (raw 6.1, n=37)=6.3; LaunchBox Community=6.3
megadrive	super donkey kong 99	Super Donkey Kong 99		6.5	1999-01-01	Gamtec	Gamtec		LaunchBox community Bayesian (raw 6.1, n=13)=6.5; LaunchBox Community=6.5
megadrive	super fantasy zone	Super Fantasy Zone	7.7	7.3	1992-01-14	Sunsoft	Sunsoft	GameRankings (n=3)=7.7	GameFAQs community=7.5; LaunchBox community Bayesian (raw 7.0, n=99)=7.0; LaunchBox Community=7.3
megadrive	super hang on	Super Hang-On	8.1	7.3	1989-10-06	Sega AM2	Sega Enterprises	MobyGames (n=5)=8.1	GameFAQs community=6.9; LaunchBox community Bayesian (raw 7.6, n=103)=7.5; LaunchBox Community=7.3
megadrive	super high impact	Super High Impact	6.1	5.9	1992-09-01	Iguana Entertainment	Arena Entertainment	MobyGames (n=5)=6.1	GameFAQs community=5.8; LaunchBox community Bayesian (raw 5.7, n=37)=6.0; LaunchBox Community=5.9
megadrive	super hydlide	Super Hydlide	6.0	5.8	1989-10-06	T&E Soft	Asmik	MobyGames (n=5)=6.0	GameFAQs community=5.2; LaunchBox community Bayesian (raw 6.3, n=58)=6.4; LaunchBox Community=5.8
megadrive	super king kong 99	Super King Kong 99
megadrive	super mario 2 1998	Super Mario 2 1998
megadrive	super mario bros 2	Super Mario Bros. 2		6.0	1998-01-01	Gamtec			LaunchBox community Bayesian (raw 5.4, n=16)=6.0; LaunchBox Community=6.0
megadrive	super mario world 64	Super Mario World 64		5.8	1997-01-01	Gametec	Gamtec		LaunchBox community Bayesian (raw 5.3, n=27)=5.8; LaunchBox Community=5.8
megadrive	super monaco grand prix	Super Monaco Grand Prix
megadrive	super off road	Super Off Road		6.9	1992-07-01	Software Creations	Ballistic		GameFAQs community=6.7; LaunchBox community Bayesian (raw 7.2, n=56)=7.2; LaunchBox Community=6.9
megadrive	super smash t v	Super Smash T.V		6.7	1992-08-01	Probe Software	Flying Edge		GameFAQs community=6.2; LaunchBox community Bayesian (raw 7.2, n=74)=7.2; LaunchBox Community=6.7
megadrive	super street fighter ii the new challengers	Super Street Fighter II: The New Challengers
megadrive	super thunder blade	Super Thunder Blade	5.0	5.3	1988-10-29	Sega Enterprises	Sega of America	GameRankings (n=6)=5.0	GameFAQs community=5.0; LaunchBox community Bayesian (raw 5.3, n=79)=5.5
megadrive	super volleyball	Super Volleyball	5.0	6.8	1991-02-01	Video System	Video System	MobyGames (n=5)=5.0	GameFAQs community=6.8; LaunchBox community Bayesian (raw 6.8, n=60)=6.8
megadrive	superman	Superman	6.3	5.9	1992-12-01	Thinking Rabbit	Sunsoft	MobyGames (n=5)=6.3	GameFAQs community=5.2; LaunchBox community Bayesian (raw 6.6, n=71)=6.6; LaunchBox Community=5.9
megadrive	sword of sodan	Sword of Sodan	3.4	3.8	1990-01-01	Innerprise Software	Electronic Arts	MobyGames (n=5)=3.4	GameFAQs community=3.3; LaunchBox community Bayesian (raw 3.9, n=62)=4.3; LaunchBox Community=3.8
megadrive	sword of vermilion	Sword of Vermilion	5.3	6.7	1989-12-16	Sega AM2	Sega of America	GameRankings (n=6)=5.3	GameFAQs community=6.4; LaunchBox community Bayesian (raw 7.0, n=87)=7.0; LaunchBox Community=6.7
megadrive	syd of valis	Syd of Valis	4.2	5.9	1992-02-14	I.S.C.	Shin-Nihon Laser Soft	MobyGames (n=5)=4.2	GameFAQs community=6.1; LaunchBox community Bayesian (raw 5.6, n=57)=5.8; LaunchBox Community=5.9
megadrive	sylvester and tweety in cagey capers	Sylvester & Tweety in Cagey Capers	7.3	6.6	1994-08-01	Alexandria	Time Warner Interactive	MobyGames (n=5)=7.3	GameFAQs community=6.4; LaunchBox community Bayesian (raw 6.8, n=70)=6.8; Legacy community=6.6
megadrive	syndicate	Syndicate		6.3	1993-07-02	Bullfrog Productions	Electronic Arts		GameFAQs community=6.0; LaunchBox community Bayesian (raw 6.5, n=58)=6.6; LaunchBox Community=6.3
megadrive	t2 the arcade game	T2: The Arcade Game		6.3	1992-01-01	Probe Software	Arena Entertainment		GameFAQs community=6.8; LaunchBox community Bayesian (raw 5.7, n=66)=5.9; LaunchBox Community=6.3
megadrive	tale spin	Tale Spin
megadrive	target earth	Target Earth	5.9	6.9	1990-03-16	NCS	DreamWorks	MobyGames (n=5)=5.9	GameFAQs community=6.6; LaunchBox community Bayesian (raw 7.2, n=80)=7.2; LaunchBox Community=6.9
megadrive	task force harrier ex	Task Force Harrier EX	7.0	6.6	1991-12-20	Jorudan	Treco	MobyGames (n=5)=7.0	GameFAQs community=6.1; LaunchBox community Bayesian (raw 7.2, n=45)=7.2; LaunchBox Community=6.6
megadrive	tatsujin truxton	Tatsujin ~ Truxton
megadrive	taz in escape from mars	Taz in Escape From Mars	6.7	6.8	1994-08-01	Headgames	Sega of America	MobyGames (n=5)=6.7	GameFAQs community=6.6; LaunchBox community Bayesian (raw 7.1, n=84)=7.1; LaunchBox Community=6.8
megadrive	taz mania	Taz-Mania		6.5	1992-07-01	Recreational Brainware	Sega of America		GameFAQs community=6.0; LaunchBox community Bayesian (raw 6.9, n=104)=6.9; LaunchBox Community=6.5
megadrive	team usa basketball	Team USA Basketball	7.8	6.3	1992-08-01	Electronic Arts	Electronic Arts	MobyGames (n=5)=7.8	GameFAQs community=5.7; LaunchBox community Bayesian (raw 6.8, n=42)=6.8; LaunchBox Community=6.3
megadrive	techno cop	Techno Cop	3.7	4.7	1990	Imagexcel	RazorSoft	GameRankings (n=4)=3.4; MobyGames (n=5)=3.9	GameFAQs community=4.4; LaunchBox community Bayesian (raw 4.7, n=66)=5.0
megadrive	technoclash	TechnoClash		6.2	1993-08-01	BlueSky Software	Electronic Arts		GameFAQs community=5.7; LaunchBox community Bayesian (raw 6.5, n=51)=6.6; LaunchBox Community=6.2
megadrive	tecmo super baseball	Tecmo Super Baseball		5.6	1994-01-01	Sculptured Software	Tecmo		GameFAQs community=5.4; LaunchBox community Bayesian (raw 5.4, n=28)=5.8; LaunchBox Community=5.6
megadrive	tecmo super bowl	Tecmo Super Bowl		7.1	1993-01-01	Tecmo	Tecmo		GameFAQs community=7.1; LaunchBox community Bayesian (raw 7.1, n=59)=7.1
megadrive	tecmo super bowl ii se	Tecmo Super Bowl II SE
megadrive	tecmo super bowl iii final edition	Tecmo Super Bowl III: Final Edition		6.9	1995-10-01	Tecmo	Tecmo		GameFAQs community=6.9; LaunchBox community Bayesian (raw 6.8, n=44)=6.8
megadrive	tecmo super hockey	Tecmo Super Hockey		6.1	1995-02-01	Tecmo	Tecmo		GameFAQs community=5.9; LaunchBox community Bayesian (raw 6.2, n=38)=6.4; LaunchBox Community=6.1
megadrive	tecmo super nba basketball	Tecmo Super NBA Basketball		6.1	1993-01-01	Sculptured Software	Tecmo		GameFAQs community=6.2; LaunchBox community Bayesian (raw 5.7, n=27)=6.1; LaunchBox Community=6.1
megadrive	tecmo world cup 93	Tecmo World Cup '93
megadrive	teenage mutant ninja turtles the hyperstone heist	Teenage Mutant Ninja Turtles: The HyperStone Heist		8.1	1992-12-11	Konami	Konami		GameFAQs community=7.8; LaunchBox community Bayesian (raw 8.5, n=282)=8.4; LaunchBox Community=8.1
megadrive	teenage mutant ninja turtles tournament fighters	Teenage Mutant Ninja Turtles: Tournament Fighters		6.4	1993-12-03	Konami	Konami		GameFAQs community=6.2; LaunchBox community Bayesian (raw 6.6, n=96)=6.6; LaunchBox Community=6.4
megadrive	terminator 2 judgment day	Terminator 2: Judgment Day	7.1	5.3	1993	Midway Manufacturing Company		MobyGames (n=5)=7.1	GameFAQs community=5.3; Legacy community=5.3
megadrive	test drive ii the duel	Test Drive II: The Duel
megadrive	the addams family	The Addams Family	7.1	6.3	1993-10-01	Ocean Software	Flying Edge	MobyGames (n=5)=7.1	GameFAQs community=6.1; LaunchBox community Bayesian (raw 6.5, n=117)=6.5; LaunchBox Community=6.3
megadrive	the adventures of batman and robin	The Adventures of Batman and Robin	7.2	7.8	1995-05-01	Clockwork Tortoise Inc.	Sega of America	GameRankings (n=3)=7.3; MobyGames (n=5)=7.1	GameFAQs community=7.8; LaunchBox community Bayesian (raw 7.8, n=263)=7.8
megadrive	the adventures of mighty max	The Adventures of Mighty Max	5.1	5.5	1994-11-01	WJS Design	Ocean Software	MobyGames (n=5)=5.1	GameFAQs community=4.7; LaunchBox community Bayesian (raw 6.1, n=75)=6.2; LaunchBox Community=5.5
megadrive	the aquatic games starring james pond	The Aquatic Games: Starring James Pond
megadrive	the berenstain bears camping adventure	The Berenstain Bears': Camping Adventure		6.1	1994-11-01	Realtime Associates	Sega of America		GameFAQs community=6.4; LaunchBox community Bayesian (raw 5.7, n=51)=5.9; LaunchBox Community=6.1
megadrive	the death and return of superman	The Death and Return of Superman	5.7	7.0	1995-01-01	Blizzard Entertainment	Sunsoft	MobyGames (n=5)=5.7	GameFAQs community=6.8; LaunchBox community Bayesian (raw 7.2, n=93)=7.2; LaunchBox Community=7.0
megadrive	the faery tale adventure	The Faery Tale Adventure		6.7	1991-07-01	New World Computing	Electronic Arts		GameFAQs community=5.6; LaunchBox community Bayesian (raw 7.8, n=59)=7.7; LaunchBox Community=6.7
megadrive	the flintstones	The Flintstones		7.1	1993-04-01	Taito	Taito		GameFAQs community=7.0; LaunchBox community Bayesian (raw 7.2, n=114)=7.2; LaunchBox Community=7.1
megadrive	the gadget twins	The Gadget Twins		5.5	1992-08-13	Imagitec Design	GameTek		GameFAQs community=5.2; LaunchBox community Bayesian (raw 5.6, n=46)=5.8; Legacy community=5.5
megadrive	the great circus mystery starring mickey and minnie	The Great Circus Mystery Starring Mickey & Minnie	7.2	7.3	1994-06-02	Capcom	Capcom	MobyGames (n=5)=7.2	GameFAQs community=7.3; LaunchBox community Bayesian (raw 7.4, n=89)=7.4; LaunchBox Community=7.3
megadrive	the great waldo search	The Great Waldo Search		4.4	1992-12-01	Radiance Software	THQ		GameFAQs community=3.7; LaunchBox community Bayesian (raw 4.5, n=41)=5.0; LaunchBox Community=4.4
megadrive	the humans	The Humans	7.0	6.1	1992-09-01	Imagitec Design	GameTek	MobyGames (n=5)=7.0	GameFAQs community=6.0; LaunchBox community Bayesian (raw 6.1, n=63)=6.2
megadrive	the immortal	The Immortal	8.1	7.0	1991-01-01	Electronic Arts	Electronic Arts	MobyGames (n=5)=8.1	GameFAQs community=6.3; LaunchBox community Bayesian (raw 7.7, n=124)=7.6; LaunchBox Community=7.0
megadrive	the incredible crash dummies	The Incredible Crash Dummies	5.7	5.7	1994-01-01	Grey Matter	Flying Edge	MobyGames (n=5)=5.7	GameFAQs community=5.0; LaunchBox community Bayesian (raw 6.3, n=47)=6.4; LaunchBox Community=5.7
megadrive	the incredible hulk	The Incredible Hulk	5.9	6.1	1994-07-01	Probe Software	U.S. Gold	MobyGames (n=5)=5.9	GameFAQs community=5.7; LaunchBox community Bayesian (raw 6.3, n=59)=6.4; LaunchBox Community=6.1
megadrive	the jungle book	The Jungle Book		7.6	1994-07-01	Eurocom Entertainment Software	Virgin Interactive Entertainment		LaunchBox community Bayesian (raw 7.6, n=117)=7.6
megadrive	the killing game show	The Killing Game Show
megadrive	the lawnmower man	The Lawnmower Man	6.3	5.2	1994-09-01	Teque London	Time Warner Interactive	MobyGames (n=5)=6.3	GameFAQs community=5.2; LaunchBox community Bayesian (raw 4.7, n=40)=5.2; LaunchBox Community=5.2
megadrive	the lion king	The Lion King	8.2	7.6	1994-11-01	Westwood Studios	Virgin Interactive Entertainment	MobyGames (n=5)=8.2	GameFAQs community=7.1; LaunchBox community Bayesian (raw 8.1, n=169)=8.0; LaunchBox Community=7.6
megadrive	the lost vikings	The Lost Vikings	8.4	7.6	1994-01-01	Silicon & Synapse	Ballistic	MobyGames (n=5)=8.4	GameFAQs community=7.7; LaunchBox community Bayesian (raw 7.7, n=95)=7.6; LaunchBox Community=7.6
megadrive	the lost world jurassic park	The Lost World: Jurassic Park		7.3	1997-09-16	Appaloosa Interactive	Sega of America		GameFAQs community=6.9; LaunchBox community Bayesian (raw 7.8, n=100)=7.7; LaunchBox Community=7.3
megadrive	the magic school bus	The Magic School Bus
megadrive	the miracle piano teaching system	The Miracle Piano Teaching System		5.4	1990-01-01	The Software Toolworks	The Software Toolworks		GameFAQs community=4.3; LaunchBox community Bayesian (raw 5.9, n=10)=6.5; LaunchBox Community=5.4
megadrive	the ooze	The Ooze	5.8	6.6	1995-09-22	Sega Technical Institute	Sega of America	MobyGames (n=5)=5.8	GameFAQs community=6.2; LaunchBox community Bayesian (raw 7.0, n=79)=7.0; LaunchBox Community=6.6
megadrive	the pagemaster	The Pagemaster		6.5	1994-11-23	Probe Software	Fox Interactive		GameFAQs community=5.4; LaunchBox community Bayesian (raw 7.6, n=76)=7.5; LaunchBox Community=6.5
megadrive	the pirates of dark water	The Pirates of Dark Water		6.8	1994-05-01	Iguana Entertainment	Sunsoft		GameFAQs community=6.5; LaunchBox community Bayesian (raw 7.0, n=93)=7.0; LaunchBox Community=6.8
megadrive	the punisher	The Punisher	7.3	7.8	1995-02-01	Sculptured Software	Capcom	GameRankings (n=3)=7.3	GameFAQs community=7.8; LaunchBox community Bayesian (raw 7.9, n=116)=7.8; LaunchBox Community=7.8
megadrive	the ren and stimpy show stimpy s invention	The Ren and Stimpy Show: Stimpy's Invention	6.9		1993	BlueSky Software, Inc.		MobyGames (n=5)=6.9
megadrive	the revenge of shinobi	The Revenge of Shinobi	8.3	8.0	1989-12-02	Sega Enterprises	Sega of America	GameRankings (n=5)=7.9; MobyGames (n=5)=8.7	GameFAQs community=7.7; LaunchBox community Bayesian (raw 8.4, n=290)=8.4; LaunchBox Community=8.0
megadrive	the simpsons bart s nightmare	The Simpsons: Bart's Nightmare	5.7	5.9	1993-08-01	Sculptured Software	Flying Edge	MobyGames (n=5)=5.7	GameFAQs community=5.3; LaunchBox community Bayesian (raw 6.4, n=81)=6.5; LaunchBox Community=5.9
megadrive	the simpsons bart vs the space mutants	The Simpsons: Bart vs The Space Mutants	5.3	5.7	1992-06-01	Arc Developments	Flying Edge	MobyGames (n=5)=5.3	GameFAQs community=5.1; LaunchBox community Bayesian (raw 6.3, n=95)=6.4; LaunchBox Community=5.7
megadrive	the steel empire	The Steel Empire	7.3	7.5	1992-03-13	Hot-B	Acclaim Entertainment	MobyGames (n=5)=7.3	GameFAQs community=7.2; LaunchBox community Bayesian (raw 7.9, n=109)=7.8; Legacy community=7.5
megadrive	the terminator	The Terminator	5.7	6.3	1992-02-01	Probe Software	Virgin Games	GameRankings (n=3)=5.7	GameFAQs community=6.0; LaunchBox community Bayesian (raw 6.5, n=81)=6.6; LaunchBox Community=6.3
megadrive	the tick	The Tick	4.2	5.3	1994-01-01	Software Creations	Fox Interactive	MobyGames (n=5)=4.2	GameFAQs community=4.7; LaunchBox community Bayesian (raw 5.7, n=58)=5.9; LaunchBox Community=5.3
megadrive	theme park	Theme Park	7.8	6.9	1995-05-02	Bullfrog Productions	Electronic Arts	MobyGames (n=5)=7.8	GameFAQs community=6.7; LaunchBox community Bayesian (raw 7.0, n=55)=7.0; LaunchBox Community=6.9
megadrive	thomas the tank engine and friends	Thomas the Tank Engine & Friends		5.5	1993-11-01	Malibu Interactive	THQ		GameFAQs community=5.1; LaunchBox community Bayesian (raw 5.2, n=18)=5.8; LaunchBox Community=5.5
megadrive	thunder force ii	Thunder Force II	7.2	6.8	1989-08-14	TechnoSoft	Technosoft	GameRankings (n=4)=7.2	GameFAQs community=6.7; LaunchBox community Bayesian (raw 6.9, n=116)=6.9; LaunchBox Community=6.8
megadrive	thunder force iii	Thunder Force III	8.2	8.1	1990-06-08	TechnoSoft	Technosoft	GameRankings (n=3)=7.4; MobyGames (n=5)=8.7	GameFAQs community=7.8; LaunchBox community Bayesian (raw 8.5, n=153)=8.4; LaunchBox Community=8.1
megadrive	thunder fox	Thunder Fox	5.2	6.1	1991-01-01	Taito	Taito	MobyGames (n=5)=5.2	GameFAQs community=5.6; LaunchBox community Bayesian (raw 6.5, n=59)=6.6; LaunchBox Community=6.1
megadrive	time killers	Time Killers	2.0	4.2	1996-07-01	Incredible Technologies	Strata	MobyGames (n=5)=2.0	GameFAQs community=3.7; LaunchBox community Bayesian (raw 4.2, n=43)=4.7
megadrive	tinhead	Tinhead		7.0	1993-08-19	MicroProse	Ballistic		GameFAQs community=6.9; LaunchBox community Bayesian (raw 7.0, n=59)=7.0
megadrive	tiny toon adventures acme all stars	Tiny Toon Adventures: Acme All-Stars	7.1	7.4	1994-09-01	Konami	Konami	MobyGames (n=5)=7.1	GameFAQs community=7.6; LaunchBox community Bayesian (raw 7.2, n=102)=7.2; LaunchBox Community=7.4
megadrive	tiny toon adventures buster s hidden treasure	Tiny Toon Adventures: Buster's Hidden Treasure	8.6	7.9	1993-03-01	Konami	Konami	MobyGames (n=5)=8.6	GameFAQs community=7.7; LaunchBox community Bayesian (raw 8.1, n=177)=8.0; LaunchBox Community=7.9
megadrive	tnn bass tournament of champions	TNN Bass Tournament of Champions		5.3	1994-12-01	Imagitec Design	American Softworks		GameFAQs community=5.7; LaunchBox community Bayesian (raw 4.2, n=24)=5.0; LaunchBox Community=5.3
megadrive	tnn outdoors bass tournament 96	TNN Outdoors Bass Tournament '96		5.4	1996-01-01	Imagitec Design	American Softworks		GameFAQs community=5.7; LaunchBox community Bayesian (raw 4.1, n=17)=5.2; LaunchBox Community=5.4
megadrive	todd s adventures in slime world	Todd's Adventures in Slime World	6.1	5.9	1992-04-30	Epyx	Micro World	MobyGames (n=5)=6.1	GameFAQs community=5.8; LaunchBox community Bayesian (raw 5.7, n=50)=5.9; LaunchBox Community=5.9
megadrive	toejam and earl	ToeJam & Earl	8.3	8.2	1991-10-15	Johnson Voorsanger Productions	Sega of America	GameRankings (n=8)=8.3; MobyGames (n=5)=8.4	GameFAQs community=8.0; LaunchBox community Bayesian (raw 8.5, n=207)=8.4; LaunchBox Community=8.2
megadrive	toejam and earl in panic on funkotron	ToeJam & Earl in Panic on Funkotron	7.2	7.7	1993-12-01	ToeJam & Earl Productions	Sega of America	GameRankings (n=8)=6.5; MobyGames (n=5)=8.4	GameFAQs community=7.7; LaunchBox community Bayesian (raw 7.8, n=115)=7.7; LaunchBox Community=7.7
megadrive	toki going ape spit	Toki: Going Ape Spit	6.8	7.1	1992-01-31	Santos	Sega of America	MobyGames (n=5)=6.8	GameFAQs community=7.2; LaunchBox community Bayesian (raw 7.0, n=84)=7.0; LaunchBox Community=7.1
megadrive	tom and jerry frantic antics	Tom and Jerry: Frantic Antics!	5.7	6.1	1993-12-01	Beam Software	Hi-Tech Expressions	MobyGames (n=5)=5.7	GameFAQs community=6.2; LaunchBox community Bayesian (raw 5.9, n=68)=6.0; LaunchBox Community=6.1
megadrive	tommy lasorda baseball	Tommy Lasorda Baseball		6.2	1989-04-22	Sega Enterprises	Sega of America		GameFAQs community=6.0; LaunchBox community Bayesian (raw 6.1, n=57)=6.2; LaunchBox Community=6.2
megadrive	tony la russa baseball	Tony La Russa Baseball	4.6	6.0	1993-03-01	Stormfront Studios	Electronic Arts	MobyGames (n=5)=4.6	GameFAQs community=5.7; LaunchBox community Bayesian (raw 6.1, n=29)=6.3; LaunchBox Community=6.0
megadrive	top fighter 2000 mk viii	Top Fighter 2000 MK VIII		6.1	2000-01-01		X Boy		LaunchBox community Bayesian (raw 5.2, n=9)=6.1; LaunchBox Community=6.1
megadrive	top gear 2	Top Gear 2		7.4	1994-09-01	Gremlin Interactive	Vic Tokai		GameFAQs community=7.4; LaunchBox community Bayesian (raw 7.5, n=85)=7.4; LaunchBox Community=7.4
megadrive	toughman contest	Toughman Contest		5.5	1995-03-01	Visual Concepts Entertainment	Electronic Arts		GameFAQs community=5.1; LaunchBox community Bayesian (raw 5.5, n=39)=5.8
megadrive	toxic crusaders	Toxic Crusaders	5.8	4.8	1992-12-01	Infogrames Europe	Sega of America	MobyGames (n=5)=5.8	GameFAQs community=4.0; LaunchBox community Bayesian (raw 5.2, n=47)=5.5; LaunchBox Community=4.8
megadrive	toy story	Toy Story
megadrive	toys	Toys		3.9					GameFAQs community=3.9; Legacy community=3.9
megadrive	trampoline terror	Trampoline Terror!	5.5	5.5	1990-01-01	NCS	DreamWorks	MobyGames (n=5)=5.5	GameFAQs community=5.9; LaunchBox community Bayesian (raw 4.5, n=27)=5.2; LaunchBox Community=5.5
megadrive	traysia	Traysia	4.0	5.5	1992-02-14	Riot	Telenet Japan	MobyGames (n=5)=4.0	GameFAQs community=5.3; LaunchBox community Bayesian (raw 5.2, n=42)=5.5; LaunchBox Community=5.5
megadrive	triple play 96	Triple Play 96		5.6	1995-03-18	Extended Play Productions	Electronic Arts		GameFAQs community=6.4; LaunchBox community Bayesian (raw 3.8, n=22)=4.8; LaunchBox Community=5.6
megadrive	triple play gold	Triple Play Gold
megadrive	trouble shooter	Trouble Shooter		7.6	1991-11-01	Vic Tokai	Vic Tokai		GameFAQs community=7.5; LaunchBox community Bayesian (raw 7.7, n=124)=7.6; LaunchBox Community=7.6
megadrive	troy aikman nfl football	Troy Aikman NFL Football	5.4	5.3	1994-10-01	Tradewest	Williams Entertainment	MobyGames (n=5)=5.4	GameFAQs community=5.2; LaunchBox community Bayesian (raw 4.3, n=18)=5.3; LaunchBox Community=5.3
megadrive	true lies	True Lies		7.0	1994-12-01	Beam Software	Acclaim Entertainment		GameFAQs community=6.7; LaunchBox community Bayesian (raw 7.4, n=69)=7.3; LaunchBox Community=7.0
megadrive	truxton	Truxton	7.9	7.8	1989-12-09	ToaPlan	Sega of America	MobyGames (n=5)=7.9	GameFAQs community=7.5; LaunchBox community Bayesian (raw 8.0, n=133)=7.9; LaunchBox Community=7.8
megadrive	turrican	Turrican		6.4	1991-07-01	The Code Monkeys	Accolade		GameFAQs community=5.7; LaunchBox community Bayesian (raw 7.0, n=62)=7.0; LaunchBox Community=6.4
megadrive	twin cobra	Twin Cobra	7.2	6.7	1991	Toaplan Co., Ltd.		MobyGames (n=5)=7.2	GameFAQs community=6.7
megadrive	twin hawk	Twin Hawk		6.3	1990-06-23	ToaPlan	Sega Enterprises		GameFAQs community=5.9; LaunchBox community Bayesian (raw 6.6, n=70)=6.7; LaunchBox Community=6.3
megadrive	twinkle tale	Twinkle Tale	8.3	7.7	1992-07-24	Wonder Amusement Studio	Toyo Recording	MobyGames (n=5)=8.3	GameFAQs community=7.9; LaunchBox community Bayesian (raw 7.7, n=75)=7.6
megadrive	two crude dudes	Two Crude Dudes	6.5	6.9	1992-02-28	Opera House	Data East	MobyGames (n=5)=6.5	GameFAQs community=6.7; LaunchBox community Bayesian (raw 7.2, n=100)=7.2; LaunchBox Community=6.9
megadrive	tyrants fight through time	Tyrants: Fight Through Time		6.9	1993-04-05	Sensible Software	Virgin Games		GameFAQs community=6.5; LaunchBox community Bayesian (raw 7.4, n=60)=7.3; LaunchBox Community=6.9
megadrive	ultimate mortal kombat 3	Ultimate Mortal Kombat 3	8.2	7.9	1996-10-11	Avalanche Software	Williams Entertainment	MobyGames (n=5)=8.2	GameFAQs community=7.4; LaunchBox community Bayesian (raw 8.3, n=168)=8.2; LaunchBox Community=7.9
megadrive	ultimate qix	Ultimate Qix		7.1	1991-01-25	Taito	Taito		GameFAQs community=7.2; LaunchBox community Bayesian (raw 7.1, n=48)=7.1
megadrive	uncharted waters	Uncharted Waters		7.1	1992-04-29	Koei	Koei		GameFAQs community=7.3; LaunchBox community Bayesian (raw 6.9, n=36)=6.9; LaunchBox Community=7.1
megadrive	uncharted waters new horizons	Uncharted Waters: New Horizons
megadrive	undead line	Undead Line		7.2	1991-12-20	T&E Soft	PAL SOFT		GameFAQs community=7.0; LaunchBox community Bayesian (raw 7.4, n=64)=7.3; LaunchBox Community=7.2
megadrive	universal soldier	Universal Soldier		6.0	1992-01-01	The Code Monkeys	Accolade		GameFAQs community=5.3; LaunchBox community Bayesian (raw 6.8, n=46)=6.8; LaunchBox Community=6.0
megadrive	unnecessary roughness 95	Unnecessary Roughness 95	3.5	5.4	1994-11-01	Accolade	Accolade	MobyGames (n=5)=3.5	GameFAQs community=5.0; LaunchBox community Bayesian (raw 4.9, n=17)=5.7; LaunchBox Community=5.4
megadrive	urban strike	Urban Strike	8.4	7.3	1994	Foley Hi-Tech Systems		MobyGames (n=5)=8.4	GameFAQs community=7.3; Legacy community=7.3
megadrive	valis	Valis	5.8	7.2	1991-12-27	Riot	Telenet Japan	MobyGames (n=5)=5.8	GameFAQs community=7.0; LaunchBox community Bayesian (raw 7.4, n=87)=7.4; LaunchBox Community=7.2
megadrive	valis iii	Valis III	7.8	7.3	1991-03-22	Renovation Game	Telenet Japan	GameRankings (n=3)=7.8	GameFAQs community=7.0; LaunchBox community Bayesian (raw 7.6, n=89)=7.5; LaunchBox Community=7.3
megadrive	vapor trail	Vapor Trail		6.8	1991-08-02	Data East	Telenet Japan		GameFAQs community=6.5; LaunchBox community Bayesian (raw 7.2, n=72)=7.2; LaunchBox Community=6.8
megadrive	vectorman	VectorMan	7.9	7.7	1995-10-24	BlueSky Software	Sega of America	GameRankings (n=7)=7.5; MobyGames (n=5)=8.5	GameFAQs community=7.6; LaunchBox community Bayesian (raw 7.9, n=177)=7.9; LaunchBox Community=7.7
megadrive	viewpoint	Viewpoint		6.2	1994-11-01	Nexus Interact	American Sammy		GameFAQs community=6.1; LaunchBox community Bayesian (raw 6.1, n=49)=6.3; LaunchBox Community=6.2
megadrive	virtua fighter 2	Virtua Fighter 2	5.2	5.9	1996-11-21	Data East	Sega of America	GameRankings (n=6)=4.4; MobyGames (n=5)=6.2	GameFAQs community=5.4; LaunchBox community Bayesian (raw 6.3, n=88)=6.4; LaunchBox Community=5.9
megadrive	virtua racing	Virtua Racing	8.7	7.6	1994-03-14	Sega AM2	Sega of America	MobyGames (n=5)=8.7	GameFAQs community=7.4; LaunchBox community Bayesian (raw 7.8, n=104)=7.7; LaunchBox Community=7.6
megadrive	virtual bart	Virtual Bart	5.8	6.1	1994-01-01	Sculptured Software	Acclaim Entertainment	MobyGames (n=5)=5.8	GameFAQs community=5.7; LaunchBox community Bayesian (raw 6.4, n=68)=6.5; LaunchBox Community=6.1
megadrive	virtual pinball	Virtual Pinball		6.8	1993-11-01	BudgeCo	Electronic Arts		GameFAQs community=6.7; LaunchBox community Bayesian (raw 6.9, n=51)=6.9; LaunchBox Community=6.8
megadrive	vr troopers	VR Troopers		5.9	1995-11-01	Syrox Developments	Sega of America		GameFAQs community=5.7; LaunchBox community Bayesian (raw 6.0, n=47)=6.2; LaunchBox Community=5.9
megadrive	wacky worlds	Wacky Worlds
megadrive	wardner	Wardner		7.1	1991-04-26	Visco	Mentrix Software		GameFAQs community=6.1; LaunchBox community Bayesian (raw 8.1, n=65)=8.0; LaunchBox Community=7.1
megadrive	warlock	Warlock	6.0	6.2	1995-05-26	Realtime Associates	Acclaim Entertainment	MobyGames (n=5)=6.0	GameFAQs community=5.8; LaunchBox community Bayesian (raw 6.7, n=66)=6.7; LaunchBox Community=6.2
megadrive	warp speed	Warp Speed	4.2	5.7	1993-07-01	Accolade	Accolade	MobyGames (n=5)=4.2	LaunchBox community Bayesian (raw 4.9, n=17)=5.7; LaunchBox Community=5.7
megadrive	warrior of rome	Warrior of Rome	5.3	4.8	1991-02-24	Micronet	Micronet	MobyGames (n=5)=5.3	GameFAQs community=3.9; LaunchBox community Bayesian (raw 5.0, n=21)=5.6; LaunchBox Community=4.8
megadrive	warrior of rome ii	Warrior of Rome II	7.5	6.1	1992-05-28	Micronet	Micronet	MobyGames (n=5)=7.5	GameFAQs community=6.0; LaunchBox community Bayesian (raw 5.8, n=37)=6.1; LaunchBox Community=6.1
megadrive	warsong	Warsong	8.2	7.6	1991-04-26	Masaya Games	NCS	MobyGames (n=5)=8.2	GameFAQs community=7.9; LaunchBox community Bayesian (raw 7.4, n=74)=7.4; LaunchBox Community=7.6
megadrive	wayne gretzsky nhlpa all stars	Wayne Gretzsky NHLPA All-Stars
megadrive	wayne s world	Wayne's World		3.1	1993-08-01	Grey Matter	THQ		GameFAQs community=2.0; LaunchBox community Bayesian (raw 3.6, n=46)=4.2; LaunchBox Community=3.1
megadrive	we re back a dinosaur s tale	We're Back!: A Dinosaur's Tale		4.9					GameFAQs community=4.9
megadrive	weaponlord	WeaponLord	7.9	7.2	1995-09-01	Visual Concepts Entertainment	Namco Hometek	MobyGames (n=5)=7.9	GameFAQs community=6.3; LaunchBox community Bayesian (raw 8.1, n=75)=8.0; LaunchBox Community=7.2
megadrive	whac a critter	Whac-A-Critter
megadrive	wheel of fortune	Wheel of Fortune	4.3	5.9	1992-07-01	Imagitec Design	GameTek	MobyGames (n=5)=4.3	GameFAQs community=6.0; LaunchBox community Bayesian (raw 5.5, n=36)=5.8; LaunchBox Community=5.9
megadrive	where in time is carmen sandiego	Where in Time is Carmen Sandiego	6.6	5.5	1992-03-01	Distinctive Software	Electronic Arts	MobyGames (n=5)=6.6	GameFAQs community=5.3; LaunchBox community Bayesian (raw 5.4, n=34)=5.8; LaunchBox Community=5.5
megadrive	whip rush 2222 ad	Whip Rush 2222 AD
megadrive	wild snake	Wild Snake
megadrive	williams arcade s greatest hits	Williams Arcade's Greatest Hits		6.5	1996-09-01	Digital Eclipse Software	Midway Home Entertainment		GameFAQs community=6.3; LaunchBox community Bayesian (raw 6.6, n=27)=6.7; LaunchBox Community=6.5
megadrive	wimbledon championship tennis	Wimbledon Championship Tennis		6.1	1993-01-01	SIMS	Sega of America		GameFAQs community=5.4; LaunchBox community Bayesian (raw 6.7, n=49)=6.8; LaunchBox Community=6.1
megadrive	wings of wor	Wings of Wor	8.1	7.6	1991-01-25	NCS	DreamWorks	MobyGames (n=5)=8.1	GameFAQs community=7.3; LaunchBox community Bayesian (raw 8.0, n=134)=7.9; LaunchBox Community=7.6
megadrive	winter challenge	Winter Challenge		5.1	1992-01-01	MindSpan	Accolade		GameFAQs community=5.1; LaunchBox community Bayesian (raw 4.7, n=42)=5.1; LaunchBox Community=5.1
megadrive	wiz n liz	Wiz 'n' Liz	8.3	7.4	1994-01-06	Raising Hell Software	Psygnosis	MobyGames (n=5)=8.3	GameFAQs community=7.0; LaunchBox community Bayesian (raw 7.8, n=67)=7.7; LaunchBox Community=7.4
megadrive	wiz n liz the frantic wabbit wescue	Wiz 'n' Liz: The Frantic Wabbit Wescue
megadrive	wolf child	Wolf Child		6.8	1993-03-01	Core Design	JVC Musical Industries		LaunchBox community Bayesian (raw 6.8, n=65)=6.8
megadrive	wolverine adamantium rage	Wolverine: Adamantium Rage	6.1	6.1	1994-01-01	Teeny Weeny Games	Acclaim Entertainment	MobyGames (n=5)=6.1	GameFAQs community=5.8; LaunchBox community Bayesian (raw 6.3, n=67)=6.4; LaunchBox Community=6.1
megadrive	wonder boy iii monster lair	Wonder Boy III: Monster Lair	2.7	6.8	1990-12-22	Sega Enterprises	Sega Enterprises	GameRankings (n=3)=2.7	GameFAQs community=6.3; LaunchBox community Bayesian (raw 7.3, n=84)=7.3; LaunchBox Community=6.8
megadrive	wonder boy in monster world	Wonder Boy in Monster World	8.0	7.8	1991-10-25	Westone	Sega of America	GameRankings (n=6)=7.7; MobyGames (n=5)=8.4	GameFAQs community=7.9; LaunchBox community Bayesian (raw 7.9, n=156)=7.8; LaunchBox Community=7.8
megadrive	world championship soccer	World Championship Soccer		5.8	1989-07-29	Sega Enterprises	Sega of America		GameFAQs community=5.7; LaunchBox community Bayesian (raw 5.7, n=73)=5.9; LaunchBox Community=5.8
megadrive	world championship soccer ii	World Championship Soccer II	6.2	5.8	1994-08-17	Sensible Software	Sega of America	MobyGames (n=5)=6.2	GameFAQs community=5.3; LaunchBox community Bayesian (raw 6.1, n=32)=6.3; LaunchBox Community=5.8
megadrive	world class leaderboard golf	World Class Leaderboard Golf		5.3	1992-08-01	Tiertex	U.S. Gold		GameFAQs community=5.1; LaunchBox community Bayesian (raw 5.1, n=44)=5.5; LaunchBox Community=5.3
megadrive	world cup usa 94	World Cup USA 94		5.7	1994-06-03	Tiertex	U.S. Gold		GameFAQs community=5.4; LaunchBox community Bayesian (raw 5.9, n=39)=6.1; LaunchBox Community=5.7
megadrive	world heroes	World Heroes	5.2	5.9	1994-08-16	Sega Midwest Studio	Sega of America	MobyGames (n=5)=5.2	GameFAQs community=5.8; LaunchBox community Bayesian (raw 5.9, n=54)=6.1
megadrive	world of illusion starring mickey mouse and donald duck	World of Illusion Starring Mickey Mouse and Donald Duck		8.1	1992-12-14	Sega Enterprises	Sega of America		GameFAQs community=8.0; LaunchBox community Bayesian (raw 8.3, n=197)=8.2; LaunchBox Community=8.1
megadrive	world series baseball	World Series Baseball		7.0	1994-04-01	BlueSky Software	Sega of America		GameFAQs community=6.8; LaunchBox community Bayesian (raw 7.3, n=66)=7.3; LaunchBox Community=7.0
megadrive	world series baseball 95	World Series Baseball '95	8.6	6.7	1995-04-01	BlueSky Software	Sega of America	MobyGames (n=5)=8.6	GameFAQs community=7.2; LaunchBox community Bayesian (raw 6.0, n=45)=6.2; LaunchBox Community=6.7
megadrive	world series baseball 96	World Series Baseball '96		6.6	1996-08-01	BlueSky Software	Sega of America		GameFAQs community=6.9; LaunchBox community Bayesian (raw 6.2, n=39)=6.4; LaunchBox Community=6.6
megadrive	world series baseball 98	World Series Baseball 98		7.0	1997-07-18	BlueSky Software	Sega of America		GameFAQs community=6.6; LaunchBox community Bayesian (raw 7.4, n=37)=7.3; LaunchBox Community=7.0
megadrive	world trophy soccer	World Trophy Soccer	7.3	6.5	1992-07-01	Game Arts	Virgin Games	MobyGames (n=5)=7.3	GameFAQs community=6.0; LaunchBox community Bayesian (raw 6.9, n=60)=6.9; LaunchBox Community=6.5
megadrive	wwf raw	WWF Raw	7.8	7.0	1994-01-01	Sculptured Software	Acclaim Entertainment	MobyGames (n=5)=7.8	GameFAQs community=7.2; LaunchBox community Bayesian (raw 6.8, n=66)=6.8; LaunchBox Community=7.0
megadrive	wwf royal rumble	WWF Royal Rumble	7.8	6.8	1993-09-15	Sculptured Software	Acclaim Entertainment	MobyGames (n=5)=7.8	GameFAQs community=7.3; LaunchBox community Bayesian (raw 6.4, n=83)=6.5; LaunchBox Community=6.8
megadrive	wwf super wrestlemania	WWF: Super Wrestlemania		5.9	1992-11-22	Sculptured Software	Flying Edge		GameFAQs community=5.7; LaunchBox community Bayesian (raw 5.8, n=69)=6.0; LaunchBox Community=5.9
megadrive	wwf wrestlemania arcade	WWF Wrestlemania Arcade
megadrive	x men	X-Men		7.0	1993-04-01	Western Technologies	Sega of America		GameFAQs community=6.7; LaunchBox community Bayesian (raw 7.3, n=160)=7.3; LaunchBox Community=7.0
megadrive	x men 2 clone wars	X-Men 2: Clone Wars	7.8	7.9	1995-02-01	Headgames	Sega of America	MobyGames (n=5)=7.8	GameFAQs community=7.5; LaunchBox community Bayesian (raw 8.3, n=202)=8.2; LaunchBox Community=7.9
megadrive	x perts	X-Perts	5.3	4.0	1996-06-01	Abalone	Deep Water	MobyGames (n=5)=5.3	GameFAQs community=3.5; LaunchBox community Bayesian (raw 3.8, n=41)=4.4; LaunchBox Community=4.0
megadrive	young indiana jones instrument of chaos	Young Indiana Jones: Instrument of Chaos
megadrive	ys iii wanderers from ys	Ys III: Wanderers from Ys	6.7	6.9	1991	Nihon Falcom Corp.		MobyGames (n=5)=6.7	GameFAQs community=6.9; Legacy community=6.9
megadrive	yu yu hakusho makyou toitsusen	Yu Yu Hakusho: Makyou Toitsusen		7.8	1994-09-30	Treasure	Sega Enterprises		LaunchBox community Bayesian (raw 7.9, n=67)=7.8; LaunchBox Community=7.8
megadrive	zany golf	Zany Golf		5.2	1990-01-01	Sandcastle	Electronic Arts		GameFAQs community=4.9; LaunchBox community Bayesian (raw 5.3, n=56)=5.6; LaunchBox Community=5.2
megadrive	zero the kamikaze squirrel	Zero the Kamikaze Squirrel	7.5	6.7	1994-10-01	Iguana Entertainment	Sunsoft	MobyGames (n=5)=7.5	GameFAQs community=6.4; LaunchBox community Bayesian (raw 7.0, n=79)=7.0; LaunchBox Community=6.7
megadrive	zero tolerance	Zero Tolerance		7.1	1994-01-01	Technopop	Accolade		GameFAQs community=7.2; LaunchBox community Bayesian (raw 7.1, n=90)=7.1
megadrive	zombies ate my neighbors	Zombies Ate My Neighbors	8.3	7.9	1993-09-01	LucasArts	Konami	GameRankings (n=3)=8.4; MobyGames (n=5)=8.2	GameFAQs community=7.6; LaunchBox community Bayesian (raw 8.3, n=165)=8.2; LaunchBox Community=7.9
megadrive	zool	Zool	7.2		1993	Gremlin Interactive Limited		MobyGames (n=5)=7.2
megadrive	zoom	Zoom!	6.1	6.0	1990-01-13	Cyclone System	Sega of America	MobyGames (n=5)=6.1	GameFAQs community=6.2; LaunchBox community Bayesian (raw 5.6, n=69)=5.8; LaunchBox Community=6.0
megadrive	zoop	Zoop		5.9	1995-06-01	PanelComp	Viacom New Media		GameFAQs community=5.6; LaunchBox community Bayesian (raw 6.0, n=54)=6.2; LaunchBox Community=5.9
n3ds	donkey kong country returns 3d	Donkey Kong Country Returns 3D	8.4		2013-01-01			GameRankings=8.4 (n=41)
n3ds	kid icarus uprising	Kid Icarus: Uprising	8.4	8.7	2012-03-23	Project Sora	Nintendo	Metacritic=8.3 (n=75) | GameRankings=8.5 (n=53)	Metacritic users=8.7
n3ds	metroid samus returns	Metroid: Samus Returns	8.6	8.7	2017-09-15	Mercury Steam	Nintendo	Metacritic=8.5 (n=87) | GameRankings=8.7 (n=43)	Metacritic users=8.7
n3ds	star fox 64 3d	Star Fox 64 3D	8.1	8	2011-09-09	Q-Games	Nintendo	Metacritic=8.1 (n=65) | GameRankings=8.2 (n=43)	Metacritic users=8.0
n3ds	the legend of zelda a link between worlds	The Legend of Zelda A Link Between Worlds	9.1	8.9	2013-11-22	Nintendo	Nintendo	Metacritic=9.1 (n=81) | GameRankings=9.1 (n=55)	Metacritic users=8.9
n3ds	the legend of zelda majora s mask 3d	The Legend of Zelda Majora's Mask 3D	9	8.9	2015-02-13	GREZZO	Nintendo	Metacritic=8.9 (n=82) | GameRankings=9.0 (n=58)	Metacritic users=8.9
n3ds	the legend of zelda ocarina of time 3d	The Legend of Zelda Ocarina of Time 3D	9.4	9.1	2011-06-19	GREZZO	Nintendo	Metacritic=9.4 (n=85) | GameRankings=9.4 (n=59)	Metacritic users=9.1
n64	007 the world is not enough	007: The World Is Not Enough	8.1	7.4	2000-11-01	Eurocom Developments	Electronic Arts	Metacritic=8.1; GameRankings (n=24)=8.1; MobyGames (n=5)=8.3	Metacritic users=7.7; GameFAQs community=7.1; LaunchBox community Bayesian (raw 7.4, n=329)=7.4
n64	1080 snowboarding	1080° Snowboarding	8.8	7.7	1998-02-28	Nintendo EAD	Nintendo	MobyGames (n=5)=8.8	LaunchBox community Bayesian (raw 7.7, n=339)=7.7
n64	a bug s life	A Bug's Life	5.4	6.7	1999-05-26	Traveller's Tales (UK)	Activision	GameRankings (n=13)=5.4	LaunchBox community Bayesian (raw 6.7, n=94)=6.7
n64	aerofighters assault	AeroFighters Assault	5.7	6.6	1997-11-01	Paradigm Entertainment	Video System	GameRankings (n=7)=5.9; MobyGames (n=5)=5.4	LaunchBox community Bayesian (raw 6.6, n=149)=6.6
n64	aerogauge	AeroGauge	5.6	6.2	1997-12-19	Locomotive	ASCII Entertainment Software	GameRankings (n=12)=5.8; MobyGames (n=5)=5.2	GameFAQs community=6.2; LaunchBox community Bayesian (raw 6.2, n=159)=6.2
n64	aidyn chronicles the first mage	Aidyn Chronicles: The First Mage	4.9	6.6	2001-03-14	H2O Entertainment	THQ	Metacritic=5.3; GameRankings (n=12)=4.7; MobyGames (n=5)=5.2	Metacritic users=7.4; GameFAQs community=6.4; LaunchBox community Bayesian (raw 5.9, n=100)=6.0; Legacy community=6.6
n64	airboarder 64	Airboarder 64	5.3	5.9	1998-03-27	Human Entertainment	Human Entertainment	MobyGames (n=5)=5.3	GameFAQs community=6.0; LaunchBox community Bayesian (raw 5.7, n=74)=5.9; LaunchBox Community=5.9
n64	all star baseball 2001	All-Star Baseball 2001	8.7	7.0	2000-03-30	High Voltage Software	Acclaim Entertainment	GameRankings (n=10)=8.7; MobyGames (n=5)=8.7	GameFAQs community=7.6; LaunchBox community Bayesian (raw 6.4, n=58)=6.5; LaunchBox Community=7.0
n64	all star baseball 99	All-Star Baseball '99	8.5	6.7	1998-05-29	Iguana Entertainment	Acclaim Entertainment	GameRankings (n=16)=8.6; MobyGames (n=5)=8.0	GameFAQs community=7.3; LaunchBox community Bayesian (raw 6.0, n=82)=6.1; LaunchBox Community=6.7
n64	all star tennis 99	All Star Tennis '99	5.9	5.9	1999-06-25	Smart Dog	Ubi Soft Entertainment Software	GameRankings (n=10)=5.5; MobyGames (n=5)=6.6	GameFAQs community=5.3; LaunchBox community Bayesian (raw 6.4, n=72)=6.5; LaunchBox Community=5.9
n64	armorines project s w a r m	Armorines: Project S.W.A.R.M	6.3	6.1	1999-12-09	Acclaim Studios London	Acclaim Entertainment	GameRankings (n=13)=6.1; MobyGames (n=5)=6.8	GameFAQs community=6.0; LaunchBox community Bayesian (raw 6.1, n=99)=6.2
n64	army men air combat	Army Men: Air Combat	7.8	7.0	2000-07-18	3DO	3DO	GameRankings (n=12)=7.8	GameFAQs community=6.8; LaunchBox community Bayesian (raw 7.2, n=100)=7.2; LaunchBox Community=7.0
n64	army men sarge s heroes	Army Men: Sarge's Heroes	6.0	6.7	1999-09-29	3DO	3DO	GameRankings (n=17)=6.2; MobyGames (n=5)=5.6	GameFAQs community=6.5; LaunchBox community Bayesian (raw 6.8, n=106)=6.8; LaunchBox Community=6.7
n64	asteroids hyper 64	Asteroids Hyper 64	5.5	6.0	1999-12-15	Syrox Developments	Crave Entertainment	GameRankings (n=9)=5.7; MobyGames (n=5)=5.2	GameFAQs community=5.9; LaunchBox community Bayesian (raw 6.0, n=78)=6.1
n64	automobili lamborghini	Automobili Lamborghini	7.0	6.0	1997-11-30	Titus Interactive	Titus Interactive	GameRankings (n=11)=7.0; MobyGames (n=5)=7.0	GameFAQs community=5.7; LaunchBox community Bayesian (raw 6.1, n=109)=6.2; LaunchBox Community=6.0
n64	bakuretsu muteki bangai o	Bakuretsu Muteki Bangai-O		7.9					GameFAQs community=7.9; Legacy community=7.9
n64	banjo kazooie	Banjo-Kazooie	9.2	8.9	1998-06-29	Rare	Nintendo	Metacritic=9.2; GameRankings (n=15)=9.2; MobyGames (n=5)=9.1	Metacritic users=9.0; GameFAQs community=8.7; LaunchBox community Bayesian (raw 8.9, n=732)=8.9
n64	banjo tooie	Banjo-Tooie	9.0	8.7	2000-11-20	Rare	Nintendo	Metacritic=9.0; GameRankings (n=17)=9.1; MobyGames (n=5)=8.7	Metacritic users=8.8; GameFAQs community=8.6; LaunchBox community Bayesian (raw 8.6, n=432)=8.6; Legacy community=8.7
n64	bassmasters 2000	Bassmasters 2000	6.2	6.4	1999-12-16	Mass Media	THQ	GameRankings (n=8)=6.3; MobyGames (n=5)=6.1	GameFAQs community=6.6; LaunchBox community Bayesian (raw 6.0, n=48)=6.2; LaunchBox Community=6.4
n64	batman beyond return of the joker	Batman Beyond: Return of the Joker	3.0	5.3	2000-10-31	Kemco	Ubi Soft Entertainment Software	MobyGames (n=5)=3.0	GameFAQs community=4.4; LaunchBox community Bayesian (raw 6.0, n=106)=6.1; LaunchBox Community=5.3
n64	battletanx	BattleTanx	7.7	6.8	1998-12-29	3DO	3DO	GameRankings (n=13)=7.9; MobyGames (n=5)=7.1	GameFAQs community=6.9; LaunchBox community Bayesian (raw 6.6, n=100)=6.6; LaunchBox Community=6.8
n64	battletanx global assault	BattleTanx: Global Assault	7.5	7.3	1999-10-12	3DO	3DO	GameRankings (n=14)=7.6; MobyGames (n=5)=7.3	GameFAQs community=7.6; LaunchBox community Bayesian (raw 7.1, n=100)=7.1; LaunchBox Community=7.3
n64	battlezone rise of the black dogs	Battlezone: Rise of the Black Dogs	5.7	6.6	2000-03-01	Climax	Crave Entertainment	GameRankings (n=11)=5.6; MobyGames (n=5)=5.8	GameFAQs community=7.3; LaunchBox community Bayesian (raw 5.9, n=67)=6.0; LaunchBox Community=6.6
n64	beetle adventure racing	Beetle Adventure Racing!	8.8	7.8	1999-02-28	Paradigm Entertainment	Electronic Arts	Metacritic=9.0; GameRankings (n=12)=8.9; MobyGames (n=5)=8.6	Metacritic users=8.0; GameFAQs community=7.7; LaunchBox community Bayesian (raw 7.7, n=199)=7.7; Legacy community=7.8
n64	big mountain 2000	Big Mountain 2000	6.5	6.4	1998-12-26	Genki	Imagineer	GameRankings (n=6)=6.7; MobyGames (n=5)=6.3	GameFAQs community=6.9; LaunchBox community Bayesian (raw 5.7, n=66)=5.9; LaunchBox Community=6.4
n64	bio f r e a k s	Bio F.R.E.A.K.S	6.9	5.8	1998-05-19	Saffire	Midway Home Entertainment	GameRankings (n=13)=6.8; MobyGames (n=5)=7.1	LaunchBox community Bayesian (raw 5.6, n=78)=5.8; LaunchBox Community=5.8
n64	blast corps	Blast Corps	8.9	7.8	1997-02-28	Rare	Nintendo	Metacritic=9.0; GameRankings (n=19)=8.9; MobyGames (n=5)=8.7	Metacritic users=8.3; GameFAQs community=7.3; LaunchBox community Bayesian (raw 7.8, n=185)=7.8
n64	blues brothers 2000	Blues Brothers 2000	5.5	5.3	2000-11-17	Player 1	Titus Software	GameRankings (n=9)=5.1; MobyGames (n=5)=6.1	GameFAQs community=5.1; LaunchBox community Bayesian (raw 5.1, n=65)=5.4; LaunchBox Community=5.3
n64	body harvest	Body Harvest	7.7	7.4	1998-10-20	DMA Design	Gremlin Interactive	Metacritic=7.3; GameRankings (n=14)=7.7; MobyGames (n=5)=8.0	Metacritic users=8.1; GameFAQs community=7.0; LaunchBox community Bayesian (raw 6.9, n=118)=6.9; Legacy community=7.4
n64	bomberman 64	Bomberman 64	7.0	7.5	1997-09-26	Hudson Soft	Nintendo	GameRankings (n=14)=6.9; MobyGames (n=5)=7.2	GameFAQs community=7.5; LaunchBox community Bayesian (raw 7.5, n=208)=7.5
n64	bomberman 64 the second attack	Bomberman 64: The Second Attack!	6.7	7.7	1999-12-03	Hudson Soft	Vatical Entertainment	GameRankings (n=5)=6.9; MobyGames (n=5)=6.6	GameFAQs community=7.9; LaunchBox community Bayesian (raw 7.6, n=122)=7.6; LaunchBox Community=7.7
n64	bomberman hero	Bomberman Hero	6.1	7.3	1998-04-30	Hudson Soft	Nintendo	GameRankings (n=12)=5.8; MobyGames (n=5)=6.6	GameFAQs community=7.2; LaunchBox community Bayesian (raw 7.4, n=139)=7.4; LaunchBox Community=7.3
n64	bottom of the 9th	Bottom of the 9th	6.2	5.6	1999-04-14	Konami Computer Entertainment Osaka	Konami	MobyGames (n=5)=6.2	GameFAQs community=6.8; LaunchBox community Bayesian (raw 3.9, n=42)=4.5; LaunchBox Community=5.6
n64	brunswick circuit pro bowling	Brunswick Circuit Pro Bowling	6.2	6.6	1999-12-22	Point of View	THQ	MobyGames (n=5)=6.2	GameFAQs community=7.0; LaunchBox community Bayesian (raw 6.1, n=53)=6.2; LaunchBox Community=6.6
n64	buck bumble	Buck Bumble	7.2	6.7	1998-09-30	Argonaut Games	Ubi Soft Entertainment Software	GameRankings (n=10)=7.0; MobyGames (n=5)=7.5	GameFAQs community=6.3; LaunchBox community Bayesian (raw 7.0, n=101)=7.0; LaunchBox Community=6.7
n64	bust a move 2 arcade edition	Bust-A-Move 2: Arcade Edition	8.1	7.4	1998-04-30	Probe Entertainment	Acclaim Entertainment	GameRankings (n=9)=8.1	GameFAQs community=7.6; LaunchBox community Bayesian (raw 7.3, n=90)=7.3; LaunchBox Community=7.4
n64	bust a move 99	Bust-a-Move '99	7.9	7.6	1999-04-01	Distinctive Developments	Acclaim Entertainment	GameRankings (n=9)=7.9	GameFAQs community=7.5; LaunchBox community Bayesian (raw 7.7, n=94)=7.6; LaunchBox Community=7.6
n64	california speed	California Speed	4.7	6.4	1999-02-28	Atari Games	Midway Home Entertainment	GameRankings (n=9)=4.3; MobyGames (n=5)=5.2	GameFAQs community=6.3; LaunchBox community Bayesian (raw 6.4, n=98)=6.5
n64	carmageddon 64	Carmageddon 64	2.9	4.5	1999-08-25	Software Creations	SCi Games	GameRankings (n=6)=2.9	GameFAQs community=3.8; LaunchBox community Bayesian (raw 5.0, n=91)=5.2; LaunchBox Community=4.5
n64	castlevania	Castlevania	7.5	6.9	1998-12-31	Konami Computer Entertainment Kobe	Konami	Metacritic=7.8; GameRankings (n=12)=7.3; MobyGames (n=5)=8.0	Metacritic users=7.2; GameFAQs community=6.4; LaunchBox community Bayesian (raw 7.1, n=206)=7.1; Legacy community=6.9
n64	castlevania legacy of darkness	Castlevania: Legacy of Darkness	6.6	7.3	1999-12-06	Konami Computer Entertainment Kobe	Konami	GameRankings (n=10)=6.4; MobyGames (n=5)=7.1	GameFAQs community=7.2; LaunchBox community Bayesian (raw 7.4, n=225)=7.4; LaunchBox Community=7.3
n64	centre court tennis	Centre Court Tennis	7.8	6.2	1998-10-09	Hudson Soft	Hudson Soft	MobyGames (n=5)=7.8	LaunchBox community Bayesian (raw 6.1, n=50)=6.2; LaunchBox Community=6.2
n64	chameleon twist	Chameleon Twist	6.2	6.5	1997-12-06	Japan System Supply	Sunsoft	GameRankings (n=8)=5.9; MobyGames (n=5)=6.6	GameFAQs community=6.3; LaunchBox community Bayesian (raw 6.6, n=79)=6.6; LaunchBox Community=6.5
n64	charlie blasts territory	Charlie Blasts Territory	6.0	6.2	1999-04-02	Realtime Associates	Kemco U.S.A.	GameRankings (n=8)=5.7; MobyGames (n=5)=6.6	LaunchBox community Bayesian (raw 6.1, n=55)=6.2; LaunchBox Community=6.2
n64	chopper attack	Chopper Attack	5.9	6.3	1997-11-28	SETA	SETA	GameRankings (n=10)=5.4; MobyGames (n=5)=6.7	GameFAQs community=6.2; LaunchBox community Bayesian (raw 6.4, n=65)=6.5; LaunchBox Community=6.3
n64	clay fighter 63 1 3	Clay Fighter 63 1-3	4.9	6.5	1997-10-23	Interplay Entertainment	Interplay Entertainment	GameRankings (n=13)=4.8; MobyGames (n=5)=5.2	LaunchBox community Bayesian (raw 6.4, n=87)=6.5; LaunchBox Community=6.5
n64	clayfighter sculptor s cut	ClayFighter: Sculptor's Cut	4.3	6.8	1998-05-15	Interplay Productions	Interplay Productions	MobyGames (n=5)=4.3	LaunchBox community Bayesian (raw 6.8, n=90)=6.8
n64	command and conquer	Command & Conquer	7.8	6.8	1999-06-29	Looking Glass Studios	Nintendo	GameRankings (n=14)=7.8; MobyGames (n=5)=7.7	GameFAQs community=7.0; LaunchBox community Bayesian (raw 6.5, n=74)=6.6; LaunchBox Community=6.8
n64	conker s bad fur day	Conker's Bad Fur Day	8.9	8.6	2001-03-04	Rare	THQ	Metacritic=9.2; GameRankings (n=33)=8.9; MobyGames (n=5)=8.9	Metacritic users=8.8; GameFAQs community=8.4; LaunchBox community Bayesian (raw 8.7, n=482)=8.7; Legacy community=8.6
n64	cruis n exotica	Cruis'n Exotica	5.6	7.0	2000-10-16	Gratuitous Games	Midway Home Entertainment	Metacritic=4.3; GameRankings (n=8)=5.6; MobyGames (n=5)=5.8	Metacritic users=6.6; GameFAQs community=6.9; LaunchBox community Bayesian (raw 7.4, n=123)=7.4; Legacy community=7.0
n64	cruis n usa	Cruis'n USA	5.0	7.1	1996-12-03	Williams Entertainment	Nintendo	GameRankings (n=16)=5.1; MobyGames (n=5)=5.0	GameFAQs community=6.8; LaunchBox community Bayesian (raw 7.4, n=242)=7.4; LaunchBox Community=7.1
n64	cruis n world	Cruis'n World	6.4	7.4	1998-06-25	Eurocom Entertainment Software	Nintendo of America	GameRankings (n=14)=6.3; MobyGames (n=5)=6.9	GameFAQs community=7.3; LaunchBox community Bayesian (raw 7.5, n=163)=7.5; LaunchBox Community=7.4
n64	custom robo	Custom Robo		7.4	1999-12-08	Noise	Nintendo		GameFAQs community=7.8; LaunchBox community Bayesian (raw 7.0, n=43)=7.0; LaunchBox Community=7.4
n64	cyber tiger	Cyber Tiger	6.5	6.2	2000-03-08	Saffire	Electronic Arts	GameRankings (n=13)=6.5; MobyGames (n=5)=6.6	LaunchBox community Bayesian (raw 6.1, n=51)=6.2; LaunchBox Community=6.2
n64	dark rift	Dark Rift	5.9	5.9	1997-07-08	Kronos Digital Entertainment	Vic Tokai	GameRankings (n=10)=5.7; MobyGames (n=5)=6.3	GameFAQs community=5.6; LaunchBox community Bayesian (raw 6.1, n=76)=6.2; LaunchBox Community=5.9
n64	deadly arts	Deadly Arts	4.7	5.6	1998-03-26	Konami Computer Entertainment Osaka	Konami	GameRankings (n=7)=4.1; MobyGames (n=5)=5.5	GameFAQs community=5.5; LaunchBox community Bayesian (raw 5.5, n=61)=5.7; LaunchBox Community=5.6
n64	destruction derby 64	Destruction Derby 64	6.4	7.1	1999-09-30	Looking Glass Studios	THQ	GameRankings (n=10)=6.4; MobyGames (n=5)=6.6	GameFAQs community=7.3; LaunchBox community Bayesian (raw 6.9, n=97)=6.9; LaunchBox Community=7.1
n64	dezaemon 3d	Dezaemon 3D		7.0	1998-06-26	Athena	Athena		GameFAQs community=6.8; LaunchBox community Bayesian (raw 7.2, n=27)=7.1; LaunchBox Community=7.0
n64	diddy kong racing	Diddy Kong Racing	8.9	8.3	1997-11-24	Rare	Nintendo	Metacritic=8.8; GameRankings (n=20)=8.9; MobyGames (n=5)=9.0	Metacritic users=8.4; GameFAQs community=7.9; LaunchBox community Bayesian (raw 8.6, n=523)=8.6; Legacy community=8.3
n64	disney s donald duck goin quackers	Disney's Donald Duck: Goin' Quackers	7.1	6.8	2000	Ubi Soft SARL		GameRankings (n=7)=7.0; MobyGames (n=5)=7.3	GameFAQs community=6.8
n64	disney s tarzan	Disney's Tarzan	7.1	6.4	2000	Eurocom Developments Ltd		GameRankings (n=14)=7.1; MobyGames (n=5)=7.2	GameFAQs community=6.4
n64	donkey kong 64	Donkey Kong 64	8.7	8.3	1999-11-24	Rare	Nintendo	Metacritic=9.0; GameRankings (n=29)=8.7; MobyGames (n=5)=9.0	Metacritic users=8.5; GameFAQs community=8.0; LaunchBox community Bayesian (raw 8.4, n=506)=8.4; Legacy community=8.3
n64	doom 64	Doom 64	7.5	7.7	1997-03-31	Midway Home Entertainment	Midway Home Entertainment	GameRankings (n=12)=7.3; MobyGames (n=5)=8.0	GameFAQs community=7.4; LaunchBox community Bayesian (raw 8.0, n=226)=8.0; LaunchBox Community=7.7
n64	dr mario 64	Dr. Mario 64	7.1	7.1	2001-04-08	Nintendo	Nintendo	Metacritic=7.1; GameRankings (n=10)=7.0; MobyGames (n=5)=7.3	Metacritic users=6.8; GameFAQs community=7.4; LaunchBox community Bayesian (raw 7.3, n=157)=7.3; Legacy community=7.1
n64	dual heroes	Dual Heroes	4.1	5.7	1997-12-05	Produce!	Electro Brain	GameRankings (n=4)=4.0; MobyGames (n=5)=4.2	GameFAQs community=6.2; LaunchBox community Bayesian (raw 5.0, n=53)=5.3; LaunchBox Community=5.7
n64	duck dodgers starring daffy duck	Duck Dodgers Starring Daffy Duck	7.3	6.7	2000-08-15	Paradigm Entertainment	Infogrames	GameRankings (n=11)=7.3	LaunchBox community Bayesian (raw 6.7, n=88)=6.7
n64	duke nukem 64	Duke Nukem 64	7.4	7.4	1997-10-31	Eurocom Entertainment Software	GT Interactive Software	GameRankings (n=15)=7.4	GameFAQs community=7.2; LaunchBox community Bayesian (raw 7.5, n=151)=7.5; LaunchBox Community=7.4
n64	duke nukem zer0 h0ur	Duke Nukem: ZER0 H0UR
n64	earthworm jim 3d	Earthworm Jim 3D	6.1	6.3	1999-11-04	VIS Entertainment	Rockstar Games	GameRankings (n=17)=5.9; MobyGames (n=5)=6.6	GameFAQs community=6.0; LaunchBox community Bayesian (raw 6.4, n=106)=6.5; LaunchBox Community=6.3
n64	ecw hardcore revolution	ECW Hardcore Revolution	5.9	5.7	2000-02-17	Acclaim Studios Salt Lake City	Acclaim Entertainment	GameRankings (n=11)=5.7; MobyGames (n=5)=6.3	GameFAQs community=5.2; LaunchBox community Bayesian (raw 6.0, n=51)=6.2; LaunchBox Community=5.7
n64	elmo s letter adventure	Elmo's Letter Adventure
n64	elmo s number journey	Elmo's Number Journey
n64	excitebike 64	Excitebike 64	8.9	7.6	2000-04-30	Left Field Productions	Nintendo	Metacritic=8.8; GameRankings (n=27)=8.9; MobyGames (n=5)=8.6	Metacritic users=8.4; GameFAQs community=7.2; LaunchBox community Bayesian (raw 7.1, n=141)=7.1; Legacy community=7.6
n64	extreme g	Extreme-G	8.4	7.5	1997-09-30	Probe Entertainment	Acclaim Entertainment	Metacritic=8.2; GameRankings (n=10)=8.4; MobyGames (n=5)=8.6	Metacritic users=8.1; GameFAQs community=7.1; LaunchBox community Bayesian (raw 7.2, n=130)=7.2; Legacy community=7.5
n64	extreme g xg2	Extreme-G: XG2	8.1	7.5	1998-11-17	Probe Entertainment	Acclaim Entertainment	MobyGames (n=5)=8.1	LaunchBox community Bayesian (raw 7.5, n=95)=7.5
n64	f 1 pole position 64	F-1 Pole Position 64	6.0	6.0	1997-03-28	Human Entertainment	Human Entertainment	GameRankings (n=16)=5.8; MobyGames (n=5)=6.8	LaunchBox community Bayesian (raw 5.8, n=66)=6.0; LaunchBox Community=6.0
n64	f 1 world grand prix	F-1 World Grand Prix	7.9	7.2	1998-07-31	Paradigm Entertainment	Video System	GameRankings (n=15)=7.8; MobyGames (n=5)=8.2	GameFAQs community=7.1; LaunchBox community Bayesian (raw 7.4, n=88)=7.4; LaunchBox Community=7.2
n64	f 1 world grand prix ii	F-1 World Grand Prix II	8.1	7.4	1999-09-30	Paradigm Entertainment	Video System	MobyGames (n=5)=8.1	GameFAQs community=7.2; LaunchBox community Bayesian (raw 7.7, n=64)=7.6; LaunchBox Community=7.4
n64	f zero x	F-Zero X	8.7	8.5	1998-09-30	Nintendo EAD	Nintendo	Metacritic=8.5; GameRankings (n=18)=8.8; MobyGames (n=5)=8.7	Metacritic users=8.7; GameFAQs community=8.1; LaunchBox community Bayesian (raw 8.6, n=386)=8.6; Legacy community=8.5
n64	f1 racing championship	F1 Racing Championship	8.0	7.7	2000-12-08	Ubi Soft Paris Studios	Video System	MobyGames (n=5)=8.0	GameFAQs community=7.5; LaunchBox community Bayesian (raw 7.9, n=61)=7.8; LaunchBox Community=7.7
n64	fifa 99	FIFA 99	8.4	7.1	1998-12-08	Software Creations	Electronic Arts	GameRankings (n=12)=8.3; MobyGames (n=5)=8.8	GameFAQs community=6.9; LaunchBox community Bayesian (raw 7.3, n=68)=7.3; LaunchBox Community=7.1
n64	fifa road to world cup 98	FIFA: Road to World Cup 98	8.4	7.1	1997-12-20	Electronic Arts Canada	Electronic Arts	GameRankings (n=6)=8.5; MobyGames (n=5)=8.4	GameFAQs community=7.2; LaunchBox community Bayesian (raw 7.0, n=74)=7.0; LaunchBox Community=7.1
n64	fifa soccer 64	FIFA Soccer 64	5.9	5.3	1997-03-27	Extended Play Productions	Electronic Arts	GameRankings (n=11)=6.1; MobyGames (n=5)=5.5	GameFAQs community=5.0; LaunchBox community Bayesian (raw 5.3, n=65)=5.5
n64	fighters destiny	Fighters Destiny	7.8	6.7	1998-01-26	Genki	Ocean Software	GameRankings (n=12)=7.7; MobyGames (n=5)=8.1	GameFAQs community=6.6; LaunchBox community Bayesian (raw 6.8, n=82)=6.8; LaunchBox Community=6.7
n64	fighting force 64	Fighting Force 64	5.5	7.2	1999-05-26	Core Design	Crave Entertainment	GameRankings (n=15)=5.5	GameFAQs community=6.4; LaunchBox community Bayesian (raw 8.0, n=98)=7.9; LaunchBox Community=7.2
n64	flying dragon	Flying Dragon	6.1	7.3	1997-12-18	Culture Brain	Natsume	GameRankings (n=4)=5.5; MobyGames (n=5)=6.7	GameFAQs community=7.3; LaunchBox community Bayesian (raw 7.3, n=66)=7.3
n64	forsaken 64	Forsaken 64	7.8	6.8	1998-05-26	Iguana UK	Acclaim Entertainment	GameRankings (n=15)=7.5; MobyGames (n=5)=8.5	GameFAQs community=6.2; LaunchBox community Bayesian (raw 7.4, n=92)=7.4; LaunchBox Community=6.8
n64	fox sports college hoops 99	Fox Sports College Hoops '99	5.2	5.8	1998-11-23	Z-Axis	Fox Interactive	GameRankings (n=8)=5.5; MobyGames (n=5)=4.6	GameFAQs community=6.3; LaunchBox community Bayesian (raw 4.9, n=33)=5.4; LaunchBox Community=5.8
n64	frogger 2	Frogger 2
n64	fushigi no dungeon fuurai no shiren 2 oni shuurai shiren jou	Fushigi no Dungeon: Fuurai no Shiren 2: Oni Shuurai! Shiren-jou!		7.7					GameFAQs community=7.7
n64	gauntlet legends	Gauntlet Legends	7.1	7.6	1999-09-29	Atari Games	Midway Home Entertainment	GameRankings (n=15)=7.1; MobyGames (n=5)=7.1	GameFAQs community=7.6; LaunchBox community Bayesian (raw 7.7, n=109)=7.6
n64	gex 3 deep cover gecko	Gex 3: Deep Cover Gecko	6.7	7.0	1999-09-29	Gratuitous Games	Crave Entertainment	GameRankings (n=12)=6.5; MobyGames (n=5)=7.1	GameFAQs community=6.9; LaunchBox community Bayesian (raw 7.1, n=74)=7.1; LaunchBox Community=7.0
n64	gex 64 enter the gecko	Gex 64: Enter the Gecko	6.0	6.9	1998-08-26	Realtime Associates	Midway Home Entertainment	GameRankings (n=12)=6.0	GameFAQs community=6.6; LaunchBox community Bayesian (raw 7.3, n=96)=7.3; LaunchBox Community=6.9
n64	glover	Glover	7.2	6.5	1998-11-16	Interactive Studios	Hasbro Interactive	GameRankings (n=10)=7.0; MobyGames (n=5)=7.5	GameFAQs community=6.2; LaunchBox community Bayesian (raw 6.9, n=105)=6.9; LaunchBox Community=6.5
n64	goemon s great adventure	Goemon's Great Adventure	8.0	7.9	1998-12-23	Konami Computer Entertainment Osaka	Konami	GameRankings (n=7)=8.1; MobyGames (n=5)=7.7	GameFAQs community=7.9; LaunchBox community Bayesian (raw 7.9, n=137)=7.8
n64	golden nugget 64	Golden Nugget 64	6.6	6.4	1998-12-08	Westwood Studios	Electronic Arts	MobyGames (n=5)=6.6	GameFAQs community=6.2; LaunchBox community Bayesian (raw 6.5, n=51)=6.6; LaunchBox Community=6.4
n64	goldeneye 007	GoldenEye 007	9.4	8.8	1997-08-25	Rare	Nintendo	Metacritic=9.6; GameRankings (n=21)=9.5; MobyGames (n=5)=9.3	Metacritic users=8.8; GameFAQs community=8.7; LaunchBox community Bayesian (raw 9.0, n=810)=9.0
n64	gt 64 championship edition	GT 64: Championship Edition	5.1	6.3	1998-04-14	Imagineer	Ocean Software	GameRankings (n=13)=4.7; MobyGames (n=5)=6.2	GameFAQs community=6.2; LaunchBox community Bayesian (raw 6.3, n=74)=6.4
n64	harvest moon 64	Harvest Moon 64	8.3	8.1	1999-11-30	Victor Interactive Software	Natsume	Metacritic=7.8; GameRankings (n=15)=8.4; MobyGames (n=5)=8.0	Metacritic users=8.0; GameFAQs community=8.6; LaunchBox community Bayesian (raw 7.8, n=115)=7.7; Legacy community=8.1
n64	hercules the legendary journeys	Hercules: The Legendary Journeys	6.0	6.4	2000-11-16	Player 1	Titus Software	Metacritic=5.5; GameRankings (n=12)=6.2; MobyGames (n=5)=5.6	Metacritic users=7.1; GameFAQs community=5.8; LaunchBox community Bayesian (raw 6.1, n=40)=6.3; Legacy community=6.4
n64	hexen	Hexen	6.0	7.1	1997-05-31	Raven Software	id Software	GameRankings (n=12)=6.0	GameFAQs community=6.6; LaunchBox community Bayesian (raw 7.6, n=94)=7.5; LaunchBox Community=7.1
n64	hey you pikachu	Hey You, Pikachu!	5.4	5.6	2000-11-06	Ambrella	Nintendo	Metacritic=5.7; GameRankings (n=17)=5.5; MobyGames (n=5)=4.8	Metacritic users=5.1; GameFAQs community=5.8; LaunchBox community Bayesian (raw 5.8, n=62)=6.0; Legacy community=5.6
n64	hot wheels turbo racing	Hot Wheels Turbo Racing	6.9	7.0	1999-05-11	Stormfront Studios	Electronic Arts	GameRankings (n=11)=7.1; MobyGames (n=5)=6.6	GameFAQs community=7.3; LaunchBox community Bayesian (raw 6.6, n=86)=6.6; LaunchBox Community=7.0
n64	hybrid heaven	Hybrid Heaven	6.8	7.1	1999-08-05	Konami Computer Entertainment Osaka	Konami	GameRankings (n=16)=6.6; MobyGames (n=5)=7.2	GameFAQs community=7.2; LaunchBox community Bayesian (raw 7.0, n=91)=7.0; LaunchBox Community=7.1
n64	hydro thunder	Hydro Thunder	6.9	7.8	2000-02-28	Eurocom Entertainment Software	Midway Home Entertainment	GameRankings (n=11)=6.6; MobyGames (n=5)=7.5	GameFAQs community=7.7; LaunchBox community Bayesian (raw 8.0, n=110)=7.9; LaunchBox Community=7.8
n64	iggy s reckin balls	Iggy's Reckin' Balls	7.0	6.4	1998-08-27	Iguana Entertainment	Acclaim Entertainment	GameRankings (n=13)=6.9; MobyGames (n=5)=7.3	GameFAQs community=6.5; LaunchBox community Bayesian (raw 6.2, n=64)=6.3; LaunchBox Community=6.4
n64	in fisherman bass hunter 64	In-Fisherman Bass Hunter 64	6.4	6.1	1999-07-30	GearHead Entertainment	Take-Two Interactive Software	GameRankings (n=11)=6.3; MobyGames (n=5)=6.5	GameFAQs community=6.2; LaunchBox community Bayesian (raw 5.8, n=47)=6.0; LaunchBox Community=6.1
n64	indiana jones and the infernal machine	Indiana Jones and the Infernal Machine	7.2	7.8	2000-12-15	Factor 5	LucasArts	Metacritic=7.5; GameRankings (n=14)=7.1; MobyGames (n=5)=7.3	Metacritic users=8.0; GameFAQs community=7.6; LaunchBox community Bayesian (raw 7.7, n=91)=7.6; Legacy community=7.8
n64	indy racing 2000	Indy Racing 2000	6.8	7.3	2000-06-09	Paradigm Entertainment	Infogrames	GameRankings (n=9)=6.8; MobyGames (n=5)=6.9	GameFAQs community=7.7; LaunchBox community Bayesian (raw 7.0, n=62)=7.0; LaunchBox Community=7.3
n64	international superstar soccer 64	International Superstar Soccer 64	9.0	7.7	1997-07-30	Konami Computer Entertainment Osaka	Konami	GameRankings (n=15)=8.9; MobyGames (n=5)=9.4	GameFAQs community=7.8; LaunchBox community Bayesian (raw 7.7, n=78)=7.6
n64	international superstar soccer 98	International Superstar Soccer '98	9.0	7.7	1998-06-04	Konami Computer Entertainment Osaka	Konami	GameRankings (n=8)=8.9; MobyGames (n=5)=9.1	GameFAQs community=8.0; LaunchBox community Bayesian (raw 7.5, n=70)=7.4; LaunchBox Community=7.7
n64	international track and field 2000	International Track & Field 2000	6.9	6.5	2000-06-01	Konami Computer Entertainment Osaka	Konami	GameRankings (n=3)=6.0; MobyGames (n=5)=7.4	GameFAQs community=7.0; LaunchBox community Bayesian (raw 5.9, n=45)=6.1; LaunchBox Community=6.5
n64	jeopardy	Jeopardy!	3.3	6.0	1998-02-25	GameTek	GameTek	MobyGames (n=5)=3.3	GameFAQs community=6.6; LaunchBox community Bayesian (raw 5.1, n=37)=5.5; LaunchBox Community=6.0
n64	jeremy mcgrath supercross 2000	Jeremy McGrath Supercross 2000	5.8	7.0	2000-02-28	Acclaim Studios Salt Lake City	Acclaim Entertainment	GameRankings (n=4)=5.7; MobyGames (n=5)=5.9	GameFAQs community=7.1; LaunchBox community Bayesian (raw 7.0, n=51)=7.0
n64	jet force gemini	Jet Force Gemini	8.0	8.1	1999-10-11	Rare	Rare	Metacritic=8.0; GameRankings (n=25)=7.9; MobyGames (n=5)=8.6	Metacritic users=8.6; GameFAQs community=7.8; LaunchBox community Bayesian (raw 7.8, n=176)=7.8; Legacy community=8.1
n64	john romero s daikatana	John Romero's Daikatana	4.8	4.7	2000-07-31	Ion Storm	Kemco	GameRankings (n=5)=4.2; MobyGames (n=5)=5.3	GameFAQs community=3.7; LaunchBox community Bayesian (raw 5.4, n=72)=5.6; LaunchBox Community=4.7
n64	ken griffey jr s slugfest	Ken Griffey Jr.'s Slugfest	7.6	7.0	1999-05-11	Angel Studios	Nintendo	GameRankings (n=14)=7.7; MobyGames (n=5)=7.5	GameFAQs community=7.1; LaunchBox community Bayesian (raw 6.9, n=46)=6.9; LaunchBox Community=7.0
n64	killer instinct gold	Killer Instinct Gold	7.4	7.5	1996-11-25	Rare	Nintendo	GameRankings (n=11)=7.4; MobyGames (n=5)=7.4	GameFAQs community=7.4; LaunchBox community Bayesian (raw 7.7, n=202)=7.7; LaunchBox Community=7.5
n64	kirby 64 the crystal shards	Kirby 64: The Crystal Shards	7.4	8.0	2000-06-26	HAL Laboratory	Nintendo	Metacritic=7.7; GameRankings (n=25)=7.5; MobyGames (n=5)=7.3	Metacritic users=8.1; GameFAQs community=7.9; LaunchBox community Bayesian (raw 8.1, n=302)=8.1; Legacy community=8.0
n64	knife edge nose gunner	Knife Edge: Nose Gunner	5.1	5.9	1998	Kotobuki System Co., Ltd.	Kemco	GameRankings (n=4)=5.8; MobyGames (n=5)=4.6	GameFAQs community=6.2; LaunchBox community Bayesian (raw 5.3, n=53)=5.6; Legacy community=5.9
n64	knockout kings 2000	Knockout Kings 2000	6.6	7.5	1999-10-03	Black Ops Entertainment	Electronic Arts	GameRankings (n=16)=6.5; MobyGames (n=5)=7.0	GameFAQs community=7.4; LaunchBox community Bayesian (raw 7.8, n=51)=7.7; LaunchBox Community=7.5
n64	kobe bryant in nba courtside	Kobe Bryant in NBA Courtside	7.8	6.9	1998-04-27	Left Field Productions	Nintendo	GameRankings (n=13)=7.6; MobyGames (n=5)=8.3	GameFAQs community=6.8; LaunchBox community Bayesian (raw 7.1, n=71)=7.1; LaunchBox Community=6.9
n64	last legion ux	Last Legion UX		6.7	1999-05-28	Yuke's	Hudson Soft		GameFAQs community=7.3; LaunchBox community Bayesian (raw 5.7, n=24)=6.1; LaunchBox Community=6.7
n64	lego racers	LEGO Racers	6.7	6.8	1999-10-22	High Voltage Software	Lego Media	GameRankings (n=8)=6.6; MobyGames (n=5)=6.8	GameFAQs community=6.6; LaunchBox community Bayesian (raw 6.9, n=87)=6.9; LaunchBox Community=6.8
n64	lode runner 3 d	Lode Runner 3-D	7.5	6.6	1999-03-26	BIg Bang Software	Infogrames	GameRankings (n=12)=7.6; MobyGames (n=5)=7.3	GameFAQs community=6.8; LaunchBox community Bayesian (raw 6.3, n=57)=6.4; LaunchBox Community=6.6
n64	mace the dark age	Mace: The Dark Age	6.7	6.8	1997-09-30	Atari Games	Midway Home Entertainment	GameRankings (n=12)=6.4; MobyGames (n=5)=7.6	GameFAQs community=6.8; LaunchBox community Bayesian (raw 6.7, n=93)=6.7
n64	madden football 64	Madden Football 64	8.0	6.1	1997-10-24	Tiburon Entertainment	Electronic Arts	GameRankings (n=11)=7.9; MobyGames (n=5)=8.1	GameFAQs community=6.2; LaunchBox community Bayesian (raw 5.7, n=47)=5.9; LaunchBox Community=6.1
n64	madden nfl 2002	Madden NFL 2002	8.0	6.4	2001-09-13	Budcat Creations	Electronic Arts	GameRankings (n=6)=8.0	GameFAQs community=6.5; LaunchBox community Bayesian (raw 6.2, n=45)=6.3; LaunchBox Community=6.4
n64	madden nfl 99	Madden NFL 99	8.8	6.7	1998-09-24	Electronic Arts Tiburon	Electronic Arts	GameRankings (n=11)=8.8; MobyGames (n=5)=8.8	GameFAQs community=6.7; LaunchBox community Bayesian (raw 6.7, n=36)=6.8
n64	magical tetris challenge	Magical Tetris Challenge	7.1	7.5	1998-11-20	Capcom	Capcom	GameRankings (n=8)=7.2; MobyGames (n=5)=7.0	GameFAQs community=7.7; LaunchBox community Bayesian (raw 7.3, n=89)=7.3; LaunchBox Community=7.5
n64	major league baseball featuring ken griffey jr	Major League Baseball Featuring Ken Griffey Jr	7.9	7.3	1998-05-25	Angel Studios	Nintendo	GameRankings (n=13)=8.0; MobyGames (n=5)=7.7	GameFAQs community=7.5; LaunchBox community Bayesian (raw 7.1, n=53)=7.1; LaunchBox Community=7.3
n64	mario golf	Mario Golf	8.7	7.5	1999-06-30	Camelot Software Planning	Nintendo	Metacritic=9.1; GameRankings (n=13)=8.7; MobyGames (n=5)=8.5	Metacritic users=7.2; GameFAQs community=7.4; LaunchBox community Bayesian (raw 8.0, n=208)=8.0; Legacy community=7.5
n64	mario kart 64	Mario Kart 64	8.7	8.6	1997-02-10	Nintendo EAD	Nintendo	Metacritic=8.3; GameRankings (n=20)=8.7; MobyGames (n=5)=8.7	Metacritic users=8.4; GameFAQs community=8.4; LaunchBox community Bayesian (raw 9.1, n=1029)=9.1; Legacy community=8.6
n64	mario party	Mario Party	7.8	7.8	1999-02-08	Hudson Soft	Nintendo	Metacritic=7.9; GameRankings (n=11)=7.8; MobyGames (n=5)=7.9	Metacritic users=7.8; GameFAQs community=7.6; LaunchBox community Bayesian (raw 8.1, n=272)=8.1
n64	mario party 3	Mario Party 3	7.4	8.1	2001-05-06	Hudson Soft	Nintendo	Metacritic=7.4; GameRankings (n=16)=7.4; MobyGames (n=5)=7.4	Metacritic users=8.2; GameFAQs community=7.8; LaunchBox community Bayesian (raw 8.2, n=267)=8.2; Legacy community=8.1
n64	mario tennis	Mario Tennis	8.7	8.1	2000-08-28	Camelot Software Planning	Nintendo	Metacritic=9.1; GameRankings (n=17)=8.7; MobyGames (n=5)=8.7	Metacritic users=8.2; GameFAQs community=7.8; LaunchBox community Bayesian (raw 8.2, n=259)=8.2; Legacy community=8.1
n64	mega man 64	Mega Man 64	6.4	7.0	2000-11-22	Capcom	Capcom	GameRankings (n=9)=6.4	GameFAQs community=7.7; LaunchBox community Bayesian (raw 6.3, n=127)=6.4; LaunchBox Community=7.0
n64	mia hamm soccer 64	Mia Hamm Soccer 64	6.6	5.2	2000-11-09	Silicon Dreams	Southpeak Interactive	MobyGames (n=5)=6.6	LaunchBox community Bayesian (raw 4.9, n=50)=5.2; LaunchBox Community=5.2
n64	michael owen s wls 2000	Michael Owen's WLS 2000
n64	mickey s speedway usa	Mickey's Speedway USA	7.0	7.5	2000-11-13	Rare	Nintendo	Metacritic=7.1; GameRankings (n=15)=6.8; MobyGames (n=5)=7.6	Metacritic users=7.6; GameFAQs community=7.5; LaunchBox community Bayesian (raw 7.5, n=125)=7.5
n64	micro machines 64 turbo	Micro Machines 64 Turbo	7.3	6.9	1999-03-24	Codemasters	Midway Home Entertainment	GameRankings (n=8)=7.3	GameFAQs community=6.6; LaunchBox community Bayesian (raw 7.3, n=71)=7.3; LaunchBox Community=6.9
n64	midway s greatest arcade hits volume 1	Midway's Greatest Arcade Hits: Volume 1	6.3	6.5	2000-11-14	Digital Eclipse Software	Midway Home Entertainment	GameRankings (n=7)=6.3	GameFAQs community=6.5; LaunchBox community Bayesian (raw 6.4, n=48)=6.5; LaunchBox Community=6.5
n64	mike piazza s strike zone	Mike Piazza's Strike Zone	3.7	6.0	1998-06-18	Devil's Thumb Entertainment	GT Interactive Software	GameRankings (n=3)=3.6; MobyGames (n=5)=3.8	GameFAQs community=6.3; LaunchBox community Bayesian (raw 5.5, n=37)=5.8; LaunchBox Community=6.0
n64	milo s astro lanes	Milo's Astro Lanes	5.7	5.8	1998-11-24	Player 1	Crave Entertainment	GameRankings (n=4)=6.9; MobyGames (n=5)=4.8	GameFAQs community=5.8; LaunchBox community Bayesian (raw 5.5, n=49)=5.8; LaunchBox Community=5.8
n64	mischief makers	Mischief Makers	7.5	8.3	1997-10-01	Treasure	Nintendo	Metacritic=7.1; GameRankings (n=12)=7.3; MobyGames (n=5)=7.9	Metacritic users=9.5; GameFAQs community=7.8; LaunchBox community Bayesian (raw 7.5, n=158)=7.5; Legacy community=8.3
n64	mission impossible	Mission: Impossible	7.1	6.5	1998-08-14	Infogrames Europe	Infogrames	Metacritic=6.1; GameRankings (n=11)=7.1; MobyGames (n=5)=7.2	Metacritic users=6.6; GameFAQs community=6.2; LaunchBox community Bayesian (raw 6.7, n=82)=6.7; Legacy community=6.5
n64	monaco grand prix	Monaco Grand Prix	7.5	6.5	1999-06-01	Ubi Soft Entertainment Software	Ubi Soft Entertainment Software	GameRankings (n=10)=7.5	GameFAQs community=6.8; LaunchBox community Bayesian (raw 6.1, n=49)=6.3; LaunchBox Community=6.5
n64	monopoly	Monopoly	6.5	6.3	1999-12-17	Minds Eye Productions	Hasbro Interactive	GameRankings (n=3)=6.6; MobyGames (n=5)=6.4	GameFAQs community=6.4; LaunchBox community Bayesian (raw 6.1, n=65)=6.2; LaunchBox Community=6.3
n64	monster truck madness 64	Monster Truck Madness 64	5.3	6.4	1999-07-30	Edge Of Reality	Rockstar Games	GameRankings (n=14)=5.1; MobyGames (n=5)=5.9	GameFAQs community=6.0; LaunchBox community Bayesian (raw 6.7, n=68)=6.7; LaunchBox Community=6.4
n64	mortal kombat 4	Mortal Kombat 4	7.7	7.1	1998-06-23	Eurocom Entertainment Software	Midway Home Entertainment	GameRankings (n=20)=7.6; MobyGames (n=5)=8.1	GameFAQs community=7.0; LaunchBox community Bayesian (raw 7.3, n=160)=7.3; LaunchBox Community=7.1
n64	mortal kombat mythologies sub zero	Mortal Kombat Mythologies: Sub-Zero	5.0	5.4	1997-12-11	Avalanche Software	Midway Home Entertainment	GameRankings (n=5)=4.5; MobyGames (n=5)=5.6	GameFAQs community=5.2; LaunchBox community Bayesian (raw 5.4, n=107)=5.5
n64	mortal kombat trilogy	Mortal Kombat Trilogy	5.7	7.6	1996-11-11	Midway Games	GT Interactive Software	GameRankings (n=8)=5.2; MobyGames (n=5)=6.5	GameFAQs community=7.6; LaunchBox community Bayesian (raw 7.7, n=153)=7.7; LaunchBox Community=7.6
n64	mrc multi racing championship	MRC: Multi-Racing Championship	6.9	6.4	1997-07-18	Genki	Ocean Software	GameRankings (n=14)=6.7; MobyGames (n=5)=7.4	GameFAQs community=6.1; LaunchBox community Bayesian (raw 6.8, n=70)=6.8; LaunchBox Community=6.4
n64	ms pac man maze madness	Ms. Pac-Man: Maze Madness	7.4	7.5	2000-11-12	Mass Media	Namco Hometek	GameRankings (n=6)=7.4; MobyGames (n=5)=7.4	GameFAQs community=7.5; LaunchBox community Bayesian (raw 7.6, n=70)=7.5; LaunchBox Community=7.5
n64	mystical ninja starring goemon	Mystical Ninja Starring Goemon	7.5	8.2	1998-04-16	Konami Computer Entertainment Osaka	Konami	Metacritic=6.7; GameRankings (n=14)=7.4; MobyGames (n=5)=8.0	Metacritic users=8.3; GameFAQs community=8.3; LaunchBox community Bayesian (raw 8.1, n=142)=8.0; Legacy community=8.2
n64	nagano winter olympics 98	Nagano Winter Olympics '98	5.1	6.0	1997-12-18	Konami Computer Entertainment Osaka	Konami	GameRankings (n=10)=4.8; MobyGames (n=5)=5.8	GameFAQs community=5.7; LaunchBox community Bayesian (raw 6.1, n=50)=6.2; LaunchBox Community=6.0
n64	namco museum 64	Namco Museum 64	7.2	7.5	1999-11-29	Mass Media	Namco	GameRankings (n=7)=7.3; MobyGames (n=5)=6.9	GameFAQs community=7.6; LaunchBox community Bayesian (raw 7.5, n=69)=7.4
n64	nascar 2000	NASCAR 2000	5.9	6.1	1999-09-15	Stormfront Studios	Electronic Arts	GameRankings (n=9)=5.8; MobyGames (n=5)=6.1	GameFAQs community=6.5; LaunchBox community Bayesian (raw 5.4, n=41)=5.7; LaunchBox Community=6.1
n64	nascar 99	NASCAR 99	6.7	6.3	1998-09-11	Stormfront Studios	Electronic Arts	GameRankings (n=11)=6.6; MobyGames (n=5)=6.7	GameFAQs community=6.8; LaunchBox community Bayesian (raw 5.5, n=39)=5.8; LaunchBox Community=6.3
n64	nba courtside 2 featuring kobe bryant	NBA Courtside 2 Featuring Kobe Bryant	7.9	6.8	1999-11-08	Left Field Productions	Nintendo	GameRankings (n=14)=7.6; MobyGames (n=5)=8.6	GameFAQs community=7.2; LaunchBox community Bayesian (raw 6.5, n=47)=6.6; LaunchBox Community=6.8
n64	nba hangtime	NBA Hangtime	7.0	7.4	1997-01-17	Director's Cut International	Midway Home Entertainment	GameRankings (n=12)=7.0; MobyGames (n=5)=6.9	GameFAQs community=7.4; LaunchBox community Bayesian (raw 7.4, n=71)=7.4
n64	nba in the zone 98	NBA in the Zone '98	5.8	6.6	1998-01-29	Konami Computer Entertainment Osaka	Konami	GameRankings (n=5)=5.2; MobyGames (n=5)=6.5	GameFAQs community=7.1; LaunchBox community Bayesian (raw 6.0, n=33)=6.2; LaunchBox Community=6.6
n64	nba in the zone 99	NBA in the Zone '99	6.5	6.3	1999-04-07	Konami Computer Entertainment Osaka	Konami	GameRankings (n=6)=6.6; MobyGames (n=5)=6.3	GameFAQs community=7.5; LaunchBox community Bayesian (raw 4.6, n=41)=5.1; LaunchBox Community=6.3
n64	nba jam 2000	NBA Jam 2000	6.9	6.5	1999-11-30	Acclaim Studios Salt Lake City	Acclaim Entertainment	GameRankings (n=8)=6.6; MobyGames (n=5)=7.4	GameFAQs community=7.2; LaunchBox community Bayesian (raw 5.6, n=59)=5.8; LaunchBox Community=6.5
n64	nba jam 99	NBA Jam 99	7.5	6.1	1998-12-03	Iguana Entertainment	Acclaim Entertainment	GameRankings (n=12)=7.5; MobyGames (n=5)=7.3	GameFAQs community=6.7; LaunchBox community Bayesian (raw 5.3, n=46)=5.6; LaunchBox Community=6.1
n64	nba live 2000	NBA Live 2000	8.0	6.6	1999-11-17	NuFX	Electronic Arts	GameRankings (n=13)=8.0; MobyGames (n=5)=8.0	GameFAQs community=7.1; LaunchBox community Bayesian (raw 5.8, n=44)=6.0; LaunchBox Community=6.6
n64	nba live 99	NBA Live 99	8.0	7.0	1998-11-04	NuFX	Electronic Arts	GameRankings (n=11)=7.8; MobyGames (n=5)=8.4	GameFAQs community=6.8; LaunchBox community Bayesian (raw 7.1, n=40)=7.1; LaunchBox Community=7.0
n64	nba showtime nba on nbc	NBA Showtime: NBA on NBC	7.1	6.8	1999-11-17	Eurocom Developments	Midway Home Entertainment	GameRankings (n=13)=7.2; MobyGames (n=5)=6.8	GameFAQs community=7.3; LaunchBox community Bayesian (raw 6.0, n=32)=6.2; LaunchBox Community=6.8
n64	nfl blitz	NFL Blitz	8.7	7.7	1998-09-09	Midway Home Entertainment	Midway Home Entertainment	GameRankings (n=13)=9.0; MobyGames (n=5)=7.8	GameFAQs community=7.3; LaunchBox community Bayesian (raw 8.1, n=75)=8.0; LaunchBox Community=7.7
n64	nfl blitz 2001	NFL Blitz 2001	7.5	7.7	2000-09-12	Midway Games	Midway Home Entertainment	GameRankings (n=7)=7.2; MobyGames (n=5)=8.0	GameFAQs community=7.7; LaunchBox community Bayesian (raw 7.9, n=49)=7.7
n64	nfl blitz special edition	NFL Blitz: Special Edition		7.2	2001-11-28	Midway Games	Midway Home Entertainment		GameFAQs community=7.2; LaunchBox community Bayesian (raw 7.3, n=40)=7.2; LaunchBox Community=7.2
n64	nfl quarterback club 98	NFL Quarterback Club 98	7.9	6.6	1997-10-24	Iguana Entertainment	Acclaim Entertainment	GameRankings (n=12)=7.6; MobyGames (n=5)=8.7	GameFAQs community=6.2; LaunchBox community Bayesian (raw 6.9, n=33)=6.9; LaunchBox Community=6.6
n64	nfl quarterback club 99	NFL Quarterback Club 99	8.0	6.0	1998-11-10	Iguana Entertainment	Acclaim Entertainment	GameRankings (n=13)=7.8; MobyGames (n=5)=8.5	GameFAQs community=6.3; LaunchBox community Bayesian (raw 5.2, n=27)=5.7; LaunchBox Community=6.0
n64	nhl 99	NHL 99	8.4	6.9	1998-10-01	MBL Research	Electronic Arts	GameRankings (n=14)=8.4; MobyGames (n=5)=8.5	GameFAQs community=7.2; LaunchBox community Bayesian (raw 6.6, n=48)=6.7; LaunchBox Community=6.9
n64	nhl blades of steel 99	NHL Blades of Steel '99	5.8	5.5	1999-04-05	Konami Computer Entertainment Osaka	Konami	GameRankings (n=11)=5.5; MobyGames (n=5)=6.3	GameFAQs community=5.6; LaunchBox community Bayesian (raw 4.9, n=38)=5.3; LaunchBox Community=5.5
n64	nhl breakaway 99	NHL Breakaway 99	6.5	6.0	1998-11-30	Iguana West	Acclaim Entertainment	GameRankings (n=10)=6.0; MobyGames (n=5)=7.4	GameFAQs community=6.8; LaunchBox community Bayesian (raw 4.7, n=36)=5.2; LaunchBox Community=6.0
n64	nightmare creatures	Nightmare Creatures	6.6	6.5	1998-11-30	Kalisto Entertainment	Activision	GameRankings (n=12)=6.5; MobyGames (n=5)=6.6	GameFAQs community=6.1; LaunchBox community Bayesian (raw 7.0, n=64)=7.0; LaunchBox Community=6.5
n64	nuclear strike 64	Nuclear Strike 64	7.2	7.2	1999-12-02	Pacific Coast Power & Light	THQ	GameRankings (n=10)=7.2	GameFAQs community=7.3; LaunchBox community Bayesian (raw 7.1, n=68)=7.1; LaunchBox Community=7.2
n64	o d t	O.D.T.		5.8		Psygnosis			LaunchBox community Bayesian (raw 5.5, n=40)=5.8
n64	off road challenge	Off Road Challenge	5.5	6.5	1998-06-30	Avalanche Software	Midway Home Entertainment	GameRankings (n=13)=5.4; MobyGames (n=5)=5.7	GameFAQs community=6.6; LaunchBox community Bayesian (raw 6.3, n=61)=6.4; LaunchBox Community=6.5
n64	ogre battle 64 person of lordly caliber	Ogre Battle 64: Person of Lordly Caliber	8.6	8.3	2000-10-07	Quest	Atlus	Metacritic=8.2; GameRankings (n=18)=8.6; MobyGames (n=5)=8.7	Metacritic users=8.1; GameFAQs community=8.6; LaunchBox community Bayesian (raw 8.1, n=116)=8.0; Legacy community=8.3
n64	olympic hockey nagano 98	Olympic Hockey Nagano '98
n64	paper mario	Paper Mario	8.9	8.8	2001-02-05	Intelligent Systems	Nintendo	Metacritic=9.3; GameRankings (n=35)=8.9; MobyGames (n=5)=8.7	Metacritic users=8.8; GameFAQs community=8.8; LaunchBox community Bayesian (raw 8.9, n=482)=8.9
n64	paperboy	Paperboy	6.4	5.3	1999-11-01	High Voltage Software	Midway Home Entertainment	GameRankings (n=11)=6.8; MobyGames (n=5)=5.5	GameFAQs community=5.9; LaunchBox community Bayesian (raw 4.4, n=76)=4.7; LaunchBox Community=5.3
n64	penny racers	Penny Racers	5.6	6.9	1998-07-17	Locomotive	THQ	GameRankings (n=8)=5.6; MobyGames (n=5)=5.7	GameFAQs community=7.4; LaunchBox community Bayesian (raw 6.4, n=64)=6.5; LaunchBox Community=6.9
n64	perfect dark	Perfect Dark	9.5	8.6	2000-05-22	Rare	Nintendo	Metacritic=9.7; GameRankings (n=44)=9.5; MobyGames (n=5)=9.4	Metacritic users=8.3; GameFAQs community=8.7; LaunchBox community Bayesian (raw 8.8, n=356)=8.8; Legacy community=8.6
n64	pga european tour	PGA European Tour	5.5	7.0	2000-06-15	Infogrames Sheffield House	Infogrames	Metacritic=5.8; GameRankings (n=16)=5.4	Metacritic users=7.7; GameFAQs community=7.0; LaunchBox community Bayesian (raw 6.3, n=37)=6.4; Legacy community=7.0
n64	pilotwings 64	Pilotwings 64	8.6	7.6	1996-09-29	Paradigm Entertainment	Nintendo	Metacritic=8.0; GameRankings (n=9)=8.8; MobyGames (n=5)=8.5	Metacritic users=7.5; GameFAQs community=7.3; LaunchBox community Bayesian (raw 7.9, n=213)=7.9; Legacy community=7.6
n64	pok mon puzzle league	Pokémon Puzzle League	8.2	7.9	2000-09-01	Intelligent Systems	Nintendo	Metacritic=8.1; GameRankings (n=17)=8.3; MobyGames (n=5)=8.2	Metacritic users=8.1; GameFAQs community=7.8; LaunchBox community Bayesian (raw 7.8, n=136)=7.7; Legacy community=7.9
n64	pok mon snap	Pokémon Snap	7.6	7.6	1999-06-30	HAL Laboratory	Nintendo	Metacritic=7.7; GameRankings (n=26)=7.5; MobyGames (n=5)=8.0	Metacritic users=7.7; GameFAQs community=7.3; LaunchBox community Bayesian (raw 7.9, n=278)=7.9; Legacy community=7.6
n64	pok mon stadium	Pokémon Stadium	7.8	7.6	1999-04-30	Nintendo EAD	Nintendo	GameRankings (n=26)=7.9; MobyGames (n=5)=7.4	GameFAQs community=7.4; LaunchBox community Bayesian (raw 7.9, n=259)=7.9; LaunchBox Community=7.6
n64	pokemon snap station	Pokemon Snap Station
n64	polaris snocross	Polaris SnoCross	4.7	6.4	2000-12-27	Vicarious Visions	Vatical Entertainment	GameRankings (n=6)=5.0; MobyGames (n=5)=4.4	GameFAQs community=6.7; LaunchBox community Bayesian (raw 6.0, n=51)=6.2; LaunchBox Community=6.4
n64	power rangers lightspeed rescue	Power Rangers: Lightspeed Rescue		4.7	2000-09-27	Mass Media	THQ		LaunchBox community Bayesian (raw 4.2, n=50)=4.7; LaunchBox Community=4.7
n64	premier manager 64	Premier Manager 64		5.8	1999-08-01	Dinamic Multimedia	Gremlin Interactive		GameFAQs community=5.7; LaunchBox community Bayesian (raw 5.4, n=31)=5.8; LaunchBox Community=5.8
n64	quake	Quake	7.7	6.9	1998-03-24	Midway Games	Midway Home Entertainment	Metacritic=7.4; GameRankings (n=7)=7.6; MobyGames (n=5)=8.0	Metacritic users=6.7; GameFAQs community=7.0; LaunchBox community Bayesian (raw 7.0, n=106)=7.0; Legacy community=6.9
n64	quake ii	Quake II	8.1	7.3	1999-02-07	Raster Productions	Activision	GameRankings (n=19)=8.1; MobyGames (n=5)=8.2	GameFAQs community=7.2; LaunchBox community Bayesian (raw 7.5, n=85)=7.4; LaunchBox Community=7.3
n64	quest 64	Quest 64	5.7	6.5	1998-06-11	Imagineer	Konami	GameRankings (n=13)=5.4; MobyGames (n=5)=6.4	GameFAQs community=6.1; LaunchBox community Bayesian (raw 7.0, n=115)=7.0; LaunchBox Community=6.5
n64	rakuga kids	Rakuga Kids	7.0	6.0	1998-07-23	Konami Computer Entertainment Kobe	Konami	MobyGames (n=5)=7.0	GameFAQs community=6.1; LaunchBox community Bayesian (raw 5.7, n=53)=5.9; Legacy community=6.0
n64	rally challenge 2000	Rally Challenge 2000	5.4	6.4	2000-06-30	Genki	Southpeak Interactive	Metacritic=4.1; GameRankings (n=14)=5.5; MobyGames (n=5)=5.6	Metacritic users=5.9; GameFAQs community=7.0; LaunchBox community Bayesian (raw 6.0, n=44)=6.2; Legacy community=6.4
n64	rampage 2 universal tour	Rampage 2: Universal Tour	5.5	6.7	1999-03-31	Avalanche Software	Midway Home Entertainment	GameRankings (n=8)=5.7; MobyGames (n=5)=5.2	GameFAQs community=6.7; LaunchBox community Bayesian (raw 6.6, n=102)=6.6; LaunchBox Community=6.7
n64	rampage world tour	Rampage World Tour	5.8	7.0	1998-03-30	Saffire	Midway Home Entertainment	GameRankings (n=6)=5.7; MobyGames (n=5)=5.9	GameFAQs community=6.8; LaunchBox community Bayesian (raw 7.1, n=113)=7.1; LaunchBox Community=7.0
n64	rat attack	Rat Attack!	7.0	6.6	2000-04-21	Pure Entertainment	Mindscape	MobyGames (n=5)=7.0	GameFAQs community=6.2; LaunchBox community Bayesian (raw 7.0, n=39)=7.0; LaunchBox Community=6.6
n64	rayman 2 the great escape	Rayman 2: The Great Escape	8.9	8.2	1999-11-06	Ubi Soft Entertainment Software	Ubi Soft Entertainment Software	Metacritic=9.0; GameRankings (n=15)=8.9; MobyGames (n=5)=8.8	Metacritic users=8.7; GameFAQs community=7.8; LaunchBox community Bayesian (raw 8.1, n=138)=8.0; Legacy community=8.2
n64	razor freestyle scooter	Razor Freestyle Scooter		5.3	2001-11-27	Titanium Studios	Crave Entertainment		GameFAQs community=5.0; LaunchBox community Bayesian (raw 5.2, n=34)=5.6; LaunchBox Community=5.3
n64	re volt	Re-Volt	6.2	7.0	1999-08-19	Acclaim Studios	Acclaim Entertainment	GameRankings (n=12)=6.0; MobyGames (n=5)=6.9	GameFAQs community=7.0; LaunchBox community Bayesian (raw 7.0, n=63)=7.0
n64	ready 2 rumble boxing	Ready 2 Rumble Boxing	7.7	6.9	1999-11-10	Point of View	Midway Home Entertainment	GameRankings (n=18)=7.8; MobyGames (n=5)=7.5	GameFAQs community=6.2; LaunchBox community Bayesian (raw 7.5, n=68)=7.4; LaunchBox Community=6.9
n64	ready 2 rumble boxing round 2	Ready 2 Rumble Boxing: Round 2	7.0	6.7	2000-11-13	Point of View	Midway Home Entertainment	GameRankings (n=5)=7.2; MobyGames (n=5)=6.9	GameFAQs community=7.0; LaunchBox community Bayesian (raw 6.3, n=56)=6.4; LaunchBox Community=6.7
n64	resident evil 2	Resident Evil 2	8.7	8.5	1999-10-31	Angel Studios	Capcom	Metacritic=8.9; GameRankings (n=20)=8.7; MobyGames (n=5)=8.7	Metacritic users=8.7; GameFAQs community=8.4; LaunchBox community Bayesian (raw 8.5, n=178)=8.4
n64	road rash 64	Road Rash 64	6.6	7.0	1999-09-22	Pacific Coast Power & Light	THQ	GameRankings (n=15)=6.8; MobyGames (n=5)=5.9	GameFAQs community=7.3; LaunchBox community Bayesian (raw 6.6, n=108)=6.6; LaunchBox Community=7.0
n64	roadsters trophy	Roadsters Trophy
n64	robotron 64	Robotron 64	6.4	7.0	1998-01-06	Player 1	Crave Entertainment	GameRankings (n=4)=6.6; MobyGames (n=5)=6.2	GameFAQs community=6.7; LaunchBox community Bayesian (raw 7.3, n=76)=7.3; LaunchBox Community=7.0
n64	rocket robot on wheels	Rocket: Robot on Wheels	8.2	7.5	1999-11-17	Sucker Punch Productions	Ubi Soft Entertainment Software	GameRankings (n=14)=8.2; MobyGames (n=5)=8.1	GameFAQs community=7.9; LaunchBox community Bayesian (raw 7.2, n=71)=7.2; LaunchBox Community=7.5
n64	rr64 ridge racer 64	RR64: Ridge Racer 64
n64	rugrats in paris the movie	Rugrats in Paris: The Movie	6.1	5.5	2000-11-12	Avalanche Software	THQ	GameRankings (n=4)=7.0; MobyGames (n=5)=5.5	GameFAQs community=4.8; LaunchBox community Bayesian (raw 6.0, n=45)=6.2; LaunchBox Community=5.5
n64	rugrats scavenger hunt	Rugrats: Scavenger Hunt	4.7	5.0	1999-06-29	Realtime Associates Seattle Division	THQ	GameRankings (n=3)=5.3; MobyGames (n=5)=4.4	GameFAQs community=4.8; LaunchBox community Bayesian (raw 4.7, n=51)=5.1; LaunchBox Community=5.0
n64	rush 2 extreme racing usa	Rush 2: Extreme Racing USA	7.6	7.5	1998-11-10	Atari Games	Midway Home Entertainment	GameRankings (n=16)=7.8; MobyGames (n=5)=7.0	GameFAQs community=7.4; LaunchBox community Bayesian (raw 7.6, n=91)=7.5; LaunchBox Community=7.5
n64	s c a r s	S.C.A.R.S	7.3	6.7	1998-12-04	Vivid Image	Ubi Soft Entertainment Software	GameRankings (n=11)=7.1; MobyGames (n=5)=7.6	GameFAQs community=6.5; LaunchBox community Bayesian (raw 6.8, n=61)=6.8; LaunchBox Community=6.7
n64	san francisco rush 2049	San Francisco Rush 2049	8.3	7.4	2000-09-06	Midway Games West	Midway Home Entertainment	GameRankings (n=9)=8.5; MobyGames (n=5)=8.0	GameFAQs community=7.6; LaunchBox community Bayesian (raw 7.2, n=85)=7.2; LaunchBox Community=7.4
n64	san francisco rush extreme racing	San Francisco Rush: Extreme Racing	8.0	7.2	1997-11-08	Atari Games	Midway Home Entertainment	GameRankings (n=15)=8.3; MobyGames (n=5)=7.1	GameFAQs community=7.1; LaunchBox community Bayesian (raw 7.3, n=100)=7.3; LaunchBox Community=7.2
n64	scooby doo classic creep capers	Scooby-Doo! Classic Creep Capers	5.9	5.9	2000-11-30	Terraglyph Interactive Studios	THQ	GameRankings (n=6)=5.9; MobyGames (n=5)=5.8	GameFAQs community=5.3; LaunchBox community Bayesian (raw 6.4, n=67)=6.5; LaunchBox Community=5.9
n64	shadow man	Shadow Man	7.6	7.4	1999-08-31	Acclaim Studios Teesside	Acclaim Entertainment	GameRankings (n=19)=7.3; MobyGames (n=5)=8.5	GameFAQs community=7.2; LaunchBox community Bayesian (raw 7.7, n=89)=7.6; LaunchBox Community=7.4
n64	shadowgate 64 trials of the four towers	Shadowgate 64: Trials of the Four Towers	6.2	7.0	1999-06-09	Infinite Ventures	Kotobuki System	GameRankings (n=13)=6.1; MobyGames (n=5)=6.5	GameFAQs community=7.2; LaunchBox community Bayesian (raw 6.9, n=75)=6.9; LaunchBox Community=7.0
n64	snowboard kids	Snowboard Kids	7.4	7.7	1997-12-12	Racdym	Atlus	GameRankings (n=12)=7.3; MobyGames (n=5)=7.5	GameFAQs community=7.5; LaunchBox community Bayesian (raw 7.8, n=106)=7.7; LaunchBox Community=7.7
n64	south park	South Park	6.6	6.1	1998-12-21	Iguana Entertainment	Acclaim Entertainment	GameRankings (n=14)=6.7; MobyGames (n=5)=6.3	GameFAQs community=5.7; LaunchBox community Bayesian (raw 6.5, n=120)=6.5; LaunchBox Community=6.1
n64	south park chef s luv shack	South Park: Chef's Luv Shack	4.8	6.2	1999-12-10	Acclaim Studios Austin	Acclaim Entertainment	GameRankings (n=8)=5.1; MobyGames (n=5)=4.4	GameFAQs community=5.6; LaunchBox community Bayesian (raw 6.6, n=58)=6.7; LaunchBox Community=6.2
n64	south park rally	South Park Rally	4.7	6.1	2000-03-02	Tantalus Interactive	Acclaim Entertainment	GameRankings (n=14)=4.3; MobyGames (n=5)=5.6	GameFAQs community=5.5; LaunchBox community Bayesian (raw 6.6, n=75)=6.6; LaunchBox Community=6.1
n64	space invaders	Space Invaders	6.3	7.1	1999-11-30	Z-Axis	Activision	GameRankings (n=14)=6.4; MobyGames (n=5)=6.3	GameFAQs community=7.1; LaunchBox community Bayesian (raw 7.1, n=62)=7.1
n64	space station silicon valley	Space Station Silicon Valley	8.5	7.7	1998-10-21	DMA Design	Take-Two Interactive Software	Metacritic=8.3; GameRankings (n=11)=8.5; MobyGames (n=5)=8.4	Metacritic users=7.9; GameFAQs community=7.6; LaunchBox community Bayesian (raw 7.5, n=108)=7.5; Legacy community=7.7
n64	spider man	Spider-Man	8.1	7.6	2000-11-21	Edge Of Reality	Activision	Metacritic=7.2; GameRankings (n=21)=8.2; MobyGames (n=5)=7.8	Metacritic users=7.6; GameFAQs community=7.6; LaunchBox community Bayesian (raw 7.7, n=117)=7.6
n64	star fox 64	Star Fox 64	8.9	8.6	1997-07-01	Nintendo EAD	Nintendo	Metacritic=8.8; GameRankings (n=17)=8.9; MobyGames (n=5)=9.0	Metacritic users=8.7; GameFAQs community=8.5; LaunchBox community Bayesian (raw 8.8, n=537)=8.8; Legacy community=8.6
n64	star soldier vanishing earth	Star Soldier: Vanishing Earth	5.5	7.4	1998-07-10	Hudson Soft	Electro Brain	GameRankings (n=5)=5.2; MobyGames (n=5)=5.7	GameFAQs community=7.5; LaunchBox community Bayesian (raw 7.4, n=77)=7.4
n64	star wars episode i battle for naboo	Star Wars: Episode I: Battle for Naboo	8.2	7.6	2000-12-18	Factor 5	LucasArts Entertainment	Metacritic=8.4; GameRankings (n=16)=8.2; MobyGames (n=5)=8.3	Metacritic users=8.2; GameFAQs community=7.2; LaunchBox community Bayesian (raw 7.5, n=91)=7.5; Legacy community=7.6
n64	star wars episode i racer	Star Wars: Episode I: Racer	7.7	7.8	1999-05-17	LucasArts Entertainment	LucasArts Entertainment	GameRankings (n=23)=7.6; MobyGames (n=5)=8.5	GameFAQs community=7.3; LaunchBox community Bayesian (raw 8.3, n=220)=8.2; LaunchBox Community=7.8
n64	star wars rogue squadron	Star Wars: Rogue Squadron	8.5	8.1	1998-12-07	Factor 5	Nintendo	GameRankings (n=19)=8.5	GameFAQs community=7.9; LaunchBox community Bayesian (raw 8.4, n=224)=8.3; LaunchBox Community=8.1
n64	star wars shadows of the empire	Star Wars: Shadows of the Empire	7.4	7.6	1996-12-02	LucasArts	Nintendo	GameRankings (n=11)=7.4; MobyGames (n=5)=7.5	GameFAQs community=7.2; LaunchBox community Bayesian (raw 8.0, n=245)=8.0; LaunchBox Community=7.6
n64	starcraft 64	StarCraft 64	7.8	6.9	2000-06-12	Blizzard Entertainment	Nintendo	Metacritic=8.0; GameRankings (n=13)=7.7; MobyGames (n=5)=8.0	Metacritic users=6.8; GameFAQs community=7.0; LaunchBox community Bayesian (raw 7.0, n=81)=7.0; Legacy community=6.9
n64	starshot space circus fever	Starshot: Space Circus Fever	5.8	6.1	1998-12-04	Infogrames	Infogrames	GameRankings (n=9)=5.4; MobyGames (n=5)=6.5	GameFAQs community=5.7; LaunchBox community Bayesian (raw 6.4, n=37)=6.5; LaunchBox Community=6.1
n64	stunt racer 64	Stunt Racer 64		7.1	2000-10-03	Boss Game Studios	Midway Home Entertainment		GameFAQs community=7.4; LaunchBox community Bayesian (raw 6.9, n=58)=6.9; LaunchBox Community=7.1
n64	super bowling	Super Bowling	6.5	7.0	1999-03-26	Athena	UFO Interactive Games	MobyGames (n=5)=6.5	GameFAQs community=7.2; LaunchBox community Bayesian (raw 6.7, n=43)=6.8; LaunchBox Community=7.0
n64	super mario 64	Super Mario 64	9.6	9.1	1996-09-26	Nintendo EAD	Nintendo	Metacritic=9.4; GameRankings (n=22)=9.6; MobyGames (n=5)=9.5	Metacritic users=9.0; GameFAQs community=8.8; LaunchBox community Bayesian (raw 9.4, n=1658)=9.4; Legacy community=9.1
n64	super smash bros	Super Smash Bros	7.9	8.5	1999-04-26	HAL Laboratory	Nintendo	Metacritic=7.9; GameRankings (n=15)=7.9; MobyGames (n=5)=7.9	Metacritic users=8.4; GameFAQs community=8.4; LaunchBox community Bayesian (raw 8.8, n=664)=8.8; Legacy community=8.5
n64	supercross 2000	Supercross 2000	7.2	6.7	1999-12-03	MBL Research	Electronic Arts	GameRankings (n=15)=7.3; MobyGames (n=5)=6.8	GameFAQs community=6.8; LaunchBox community Bayesian (raw 6.6, n=58)=6.7; LaunchBox Community=6.7
n64	superman	Superman	3.2	3.1	1999-05-29	Titus France	Titus Software	MobyGames (n=5)=3.2	LaunchBox community Bayesian (raw 2.8, n=151)=3.1; LaunchBox Community=3.1
n64	taz express	Taz Express	6.4	6.9	2000-08-01	Zed Two Game Design Studio	Infogrames	MobyGames (n=5)=6.4	GameFAQs community=6.7; LaunchBox community Bayesian (raw 7.1, n=48)=7.1; LaunchBox Community=6.9
n64	tetrisphere	Tetrisphere	8.2	7.2	1997-08-11	H2O Entertainment	Nintendo	GameRankings (n=9)=8.6; MobyGames (n=5)=7.6	GameFAQs community=7.5; LaunchBox community Bayesian (raw 6.8, n=81)=6.8; LaunchBox Community=7.2
n64	the legend of zelda majora s mask	The Legend of Zelda: Majora's Mask	9.2	9.1	2000-10-25	Nintendo EAD	Nintendo	Metacritic=9.5; GameRankings (n=33)=9.2; MobyGames (n=5)=9.3	Metacritic users=9.2; GameFAQs community=8.8; LaunchBox community Bayesian (raw 9.2, n=739)=9.2; Legacy community=9.1
n64	the legend of zelda ocarina of time	The Legend of Zelda: Ocarina of Time	9.7	9.3	1998-11-23	Nintendo EAD	Nintendo	Metacritic=9.9; GameRankings (n=28)=9.8; MobyGames (n=5)=9.7	Metacritic users=9.1; GameFAQs community=9.2; LaunchBox community Bayesian (raw 9.5, n=1300)=9.5; Legacy community=9.3
n64	the legend of zelda ocarina of time master quest	The Legend of Zelda: Ocarina of Time: Master Quest		8.9	2002-11-28	Nintendo EAD	Nintendo		LaunchBox community Bayesian (raw 9.0, n=170)=8.9; LaunchBox Community=8.9
n64	the new tetris	The New Tetris	8.2	7.9	1999-08-02	H2O Entertainment	Nintendo	GameRankings (n=7)=8.2; MobyGames (n=5)=8.3	GameFAQs community=8.0; LaunchBox community Bayesian (raw 7.8, n=115)=7.7; LaunchBox Community=7.9
n64	the powerpuff girls chemical x traction	The Powerpuff Girls: Chemical X-Traction		5.2	2001-10-14	VIS Entertainment	BAM! Entertainment		GameFAQs community=3.8; LaunchBox community Bayesian (raw 6.4, n=53)=6.5; LaunchBox Community=5.2
n64	tigger s honey hunt	Tigger's Honey Hunt	7.1	7.0	2000-11-01	Rivage Games	NewKidCo	MobyGames (n=5)=7.1	LaunchBox community Bayesian (raw 7.0, n=57)=7.0
n64	tom and jerry in fists of furry	Tom and Jerry in Fists of Furry	6.9	6.7	2000-11-12	VIS Entertainment	NewKidCo	GameRankings (n=3)=7.2; MobyGames (n=5)=6.7	GameFAQs community=6.6; LaunchBox community Bayesian (raw 6.9, n=62)=6.9; LaunchBox Community=6.7
n64	tom clancy s rainbow six	Tom Clancy's Rainbow Six	7.5	7.0	1999-11-17	Saffire	Red Storm Entertainment	GameRankings (n=13)=7.4; MobyGames (n=5)=7.7	GameFAQs community=6.9; LaunchBox community Bayesian (raw 7.0, n=70)=7.0
n64	tonic trouble	Tonic Trouble	5.8	6.5	1999-08-31	Ubi Soft Entertainment Software	Ubi Soft Entertainment Software	GameRankings (n=13)=5.3; MobyGames (n=5)=7.1	GameFAQs community=6.4; LaunchBox community Bayesian (raw 6.6, n=79)=6.6; LaunchBox Community=6.5
n64	tony hawk s pro skater	Tony Hawk's Pro Skater	9.1	7.6	2000-03-15	Edge Of Reality	Activision	GameRankings (n=15)=9.2; MobyGames (n=5)=8.8	GameFAQs community=7.6; LaunchBox community Bayesian (raw 7.7, n=100)=7.6; LaunchBox Community=7.6
n64	tony hawk s pro skater 3	Tony Hawk's Pro Skater 3		7.2	2002-08-20	Edge Of Reality	Activision		GameFAQs community=7.3; LaunchBox community Bayesian (raw 7.2, n=86)=7.2
n64	top gear hyper bike	Top Gear Hyper-Bike	6.5	7.0	2000-03-17	Snowblind Studios	Kemco	GameRankings (n=7)=6.2; MobyGames (n=5)=7.0	GameFAQs community=7.1; LaunchBox community Bayesian (raw 6.8, n=47)=6.8; LaunchBox Community=7.0
n64	top gear overdrive	Top Gear Overdrive	7.7	7.4	1998-11-23	Snowblind Studios	Vatical Entertainment	GameRankings (n=12)=7.6; MobyGames (n=5)=8.0	GameFAQs community=7.0; LaunchBox community Bayesian (raw 7.9, n=68)=7.8; LaunchBox Community=7.4
n64	top gear rally	Top Gear Rally	7.7	6.8	1997-10-01	Boss Game Studios	Kotobuki System	GameRankings (n=15)=7.6; MobyGames (n=5)=8.0	GameFAQs community=6.8; LaunchBox community Bayesian (raw 6.8, n=73)=6.8
n64	toy story 2	Toy Story 2
n64	transformers beast wars transmetals	Transformers: Beast Wars Transmetals	4.2	5.7	1999-10-01	Locomotive	BAM! Entertainment	GameRankings (n=3)=4.9; MobyGames (n=5)=3.8	GameFAQs community=5.9; LaunchBox community Bayesian (raw 5.0, n=40)=5.4; LaunchBox Community=5.7
n64	triple play 2000	Triple Play 2000	6.3	6.1	1999-03-22	Treyarch Invention	Electronic Arts	GameRankings (n=13)=6.5; MobyGames (n=5)=5.9	GameFAQs community=6.7; LaunchBox community Bayesian (raw 5.2, n=36)=5.6; LaunchBox Community=6.1
n64	tsumi to batsu hoshi no keishousha	Tsumi to Batsu: Hoshi no Keishousha
n64	turok 2 seeds of evil	Turok 2: Seeds of Evil	8.9	7.8	1998-12-10	Iguana Entertainment	Acclaim Entertainment	Metacritic=8.6; GameRankings (n=21)=8.9; MobyGames (n=5)=8.7	Metacritic users=8.2; GameFAQs community=7.3; LaunchBox community Bayesian (raw 7.8, n=164)=7.8
n64	turok 3 shadow of oblivion	Turok 3: Shadow of Oblivion	7.9	7.2	2000-09-06	Acclaim Studios Austin	Acclaim Entertainment	Metacritic=7.7; GameRankings (n=16)=7.8; MobyGames (n=5)=8.0	Metacritic users=7.4; GameFAQs community=7.0; LaunchBox community Bayesian (raw 7.2, n=114)=7.2
n64	turok dinosaur hunter	Turok: Dinosaur Hunter	8.6	7.7	1997-03-04	Iguana Entertainment	Acclaim Entertainment	Metacritic=8.5; GameRankings (n=12)=8.6; MobyGames (n=5)=8.6	Metacritic users=8.0; GameFAQs community=7.2; LaunchBox community Bayesian (raw 7.8, n=197)=7.8; Legacy community=7.7
n64	turok rage wars	Turok: Rage Wars	7.3	7.1	1999-11-23	Acclaim Studios Austin	Acclaim Entertainment	GameRankings (n=19)=7.2; MobyGames (n=5)=7.8	GameFAQs community=7.0; LaunchBox community Bayesian (raw 7.3, n=85)=7.3; LaunchBox Community=7.1
n64	twisted edge extreme snowboarding	Twisted Edge Extreme Snowboarding	6.3	6.1	1998-11-10	Boss Game Studios	Kotobuki System	GameRankings (n=8)=6.3; MobyGames (n=5)=6.3	GameFAQs community=6.5; LaunchBox community Bayesian (raw 5.6, n=45)=5.9; LaunchBox Community=6.1
n64	utchan nanchan no hono no challenger denryuu ira ira bou	Utchan Nanchan no Hono no Challenger: Denryuu Ira Ira Bou		7.0	1997-12-19	Yuke's	Hudson Soft		LaunchBox community Bayesian (raw 7.0, n=24)=7.0
n64	v rally edition 99	V-Rally Edition '99	6.3	6.2	1998-12-07	Eden Studios	Infogrames	GameRankings (n=7)=5.5; MobyGames (n=5)=7.3	GameFAQs community=6.1; LaunchBox community Bayesian (raw 6.3, n=62)=6.4; LaunchBox Community=6.2
n64	vigilante 8	Vigilante 8	8.2	7.5	1999-03-17	Luxoflux	Activision	GameRankings (n=18)=8.3; MobyGames (n=5)=8.0	GameFAQs community=7.4; LaunchBox community Bayesian (raw 7.6, n=100)=7.5; LaunchBox Community=7.5
n64	vigilante 8 2nd offense	Vigilante 8: 2nd Offense	7.3	7.8	2000-02-01	Luxoflux	Activision	GameRankings (n=13)=7.3; MobyGames (n=5)=7.4	GameFAQs community=7.5; LaunchBox community Bayesian (raw 8.2, n=66)=8.0; LaunchBox Community=7.8
n64	virtual chess 64	Virtual Chess 64	6.7	5.8	1998-06-10	Titus France	Titus France	GameRankings (n=4)=6.4; MobyGames (n=5)=7.0	GameFAQs community=5.5; LaunchBox community Bayesian (raw 5.9, n=36)=6.1; LaunchBox Community=5.8
n64	virtual pool 64	Virtual Pool 64	7.1	6.6	1998-12-17	Celeris	Crave Entertainment	GameRankings (n=8)=6.5; MobyGames (n=5)=7.9	GameFAQs community=6.8; LaunchBox community Bayesian (raw 6.3, n=51)=6.4; LaunchBox Community=6.6
n64	waialae country club true golf classics	Waialae Country Club: True Golf Classics		5.2	1998-07-29	T&E Soft	Nintendo		LaunchBox community Bayesian (raw 4.8, n=50)=5.2; LaunchBox Community=5.2
n64	war gods	War Gods	4.6	4.9	1997-05-21	Eurocom Entertainment Software	Midway Home Entertainment	GameRankings (n=14)=4.5; MobyGames (n=5)=4.8	GameFAQs community=4.2; LaunchBox community Bayesian (raw 5.4, n=61)=5.6; LaunchBox Community=4.9
n64	wave race 64	Wave Race 64	9.1	7.9	1996-11-01			Metacritic=9.2; GameRankings (n=15)=9.1	Metacritic users=8.2; GameFAQs community=7.6
n64	wave race 64 kawasaki jet ski	Wave Race 64: Kawasaki Jet Ski	9.0		1996	Nintendo EAD		MobyGames (n=5)=9.0
n64	wayne gretzky s 3d hockey	Wayne Gretzky's 3D Hockey	7.3	7.4	1996-11-11	Atari Games	Midway Home Entertainment	GameRankings (n=11)=7.2; MobyGames (n=5)=7.5	LaunchBox community Bayesian (raw 7.5, n=68)=7.4; LaunchBox Community=7.4
n64	wayne gretzky s 3d hockey 98	Wayne Gretzky's 3D Hockey '98	6.6	6.2	1997-12-03	Software Creations	Midway Home Entertainment	GameRankings (n=8)=6.2; MobyGames (n=5)=7.2	GameFAQs community=6.5; LaunchBox community Bayesian (raw 5.6, n=43)=5.9; LaunchBox Community=6.2
n64	wcw backstage assault	WCW Backstage Assault	5.4	5.1	2000-12-12	Kodiak Interactive Software Studios	Electronic Arts	GameRankings (n=5)=5.5; MobyGames (n=5)=5.3	GameFAQs community=4.7; LaunchBox community Bayesian (raw 5.0, n=45)=5.4; LaunchBox Community=5.1
n64	wcw mayhem	WCW Mayhem	6.8	6.3	1999-09-22	Kodiak Interactive Software Studios	Electronic Arts	GameRankings (n=15)=6.8; MobyGames (n=5)=6.9	GameFAQs community=5.5; LaunchBox community Bayesian (raw 7.1, n=55)=7.1; LaunchBox Community=6.3
n64	wcw nitro	WCW Nitro	4.5	5.1	1999-02-10	Inland Productions	THQ	GameRankings (n=9)=4.6; MobyGames (n=5)=4.2	GameFAQs community=4.5; LaunchBox community Bayesian (raw 5.3, n=44)=5.6; LaunchBox Community=5.1
n64	wcw nwo revenge	WCW-nWo Revenge	8.2	8.2	1998-10-26	AKI	THQ	GameRankings (n=16)=8.3; MobyGames (n=5)=8.0	GameFAQs community=8.1; LaunchBox community Bayesian (raw 8.3, n=160)=8.2; LaunchBox Community=8.2
n64	wcw vs nwo world tour	WCW vs. nWo: World Tour	7.6	7.6	1997-11-28	AKI	THQ	GameRankings (n=9)=7.5; MobyGames (n=5)=7.8	GameFAQs community=7.4; LaunchBox community Bayesian (raw 7.8, n=95)=7.7; LaunchBox Community=7.6
n64	wetrix	Wetrix	7.9	6.8	1998-06-30	Zed Two Game Design Studio	Infogrames Entertainment	Metacritic=8.1; GameRankings (n=8)=7.9; MobyGames (n=5)=8.0	GameFAQs community=6.4; LaunchBox community Bayesian (raw 7.3, n=67)=7.3; LaunchBox Community=6.8
n64	wheel of fortune	Wheel of Fortune	4.7	6.0	1997-11-28	GameTek	Take-Two Interactive Software	MobyGames (n=5)=4.7	GameFAQs community=6.2; LaunchBox community Bayesian (raw 5.6, n=57)=5.8; LaunchBox Community=6.0
n64	winback covert operations	WinBack: Covert Operations	7.6	7.3	1999-09-23	Omega Force	Koei	GameRankings (n=15)=7.5; MobyGames (n=5)=7.8	GameFAQs community=7.4; LaunchBox community Bayesian (raw 7.2, n=86)=7.2; LaunchBox Community=7.3
n64	wipeout 64	Wipeout 64	8.6	7.3	1998-11-03	Psygnosis	Midway Home Entertainment	Metacritic=8.4; GameRankings (n=18)=8.7; MobyGames (n=5)=8.5	Metacritic users=7.3; GameFAQs community=6.8; LaunchBox community Bayesian (raw 7.7, n=114)=7.6
n64	world cup 98	World Cup 98	8.5	6.9	1998-05-18	Software Creations	Electronic Arts	GameRankings (n=12)=8.5; MobyGames (n=5)=8.5	GameFAQs community=7.0; LaunchBox community Bayesian (raw 6.9, n=52)=6.9
n64	world driver championship	World Driver Championship	7.9	7.7	1999-05-31	Boss Game Studios	Midway Home Entertainment	Metacritic=7.5; GameRankings (n=24)=7.8; MobyGames (n=5)=8.0	Metacritic users=8.5; GameFAQs community=7.6; LaunchBox community Bayesian (raw 7.0, n=65)=7.0; Legacy community=7.7
n64	worms armageddon	Worms Armageddon	8.3	7.3	1999-12-11	Team17 Software	Infogrames Europe	GameRankings (n=14)=8.4; MobyGames (n=5)=8.2	GameFAQs community=7.4; LaunchBox community Bayesian (raw 7.2, n=74)=7.2; LaunchBox Community=7.3
n64	wwf attitude	WWF Attitude	7.6	6.3	1999-08-31	Acclaim Studios Salt Lake City	Acclaim Entertainment	GameRankings (n=13)=7.4; MobyGames (n=5)=8.1	GameFAQs community=6.1; LaunchBox community Bayesian (raw 6.3, n=67)=6.4
n64	wwf no mercy	WWF No Mercy	8.6	8.4	2000-11-17	Asmik Ace Entertainment	THQ	Metacritic=8.9; GameRankings (n=28)=8.5; MobyGames (n=5)=8.6	Metacritic users=8.1; GameFAQs community=8.5; LaunchBox community Bayesian (raw 8.7, n=201)=8.6; Legacy community=8.4
n64	wwf war zone	WWF War Zone	8.4	6.2	1998-08-11	Iguana Entertainment	Acclaim Entertainment	GameRankings (n=14)=8.5; MobyGames (n=5)=8.2	GameFAQs community=6.0; LaunchBox community Bayesian (raw 6.3, n=56)=6.4; LaunchBox Community=6.2
n64	wwf wrestlemania 2000	WWF WrestleMania 2000	8.4	8.0	1999-11-16	AKI	THQ	GameRankings (n=22)=8.5; MobyGames (n=5)=8.2	GameFAQs community=8.1; LaunchBox community Bayesian (raw 8.1, n=126)=8.0; LaunchBox Community=8.0
n64	xena warrior princess the talisman of fate	Xena: Warrior Princess: The Talisman of Fate	6.3	6.3	1998-12-07	Saffire	Titus Software	GameRankings (n=13)=6.1; MobyGames (n=5)=6.8	GameFAQs community=5.8; LaunchBox community Bayesian (raw 6.8, n=75)=6.8; LaunchBox Community=6.3
n64	yoshi s story	Yoshi's Story	6.6	7.3	1998-03-01	Nintendo EAD	Nintendo	Metacritic=6.5; GameRankings (n=9)=6.0; MobyGames (n=5)=7.7	Metacritic users=7.2; GameFAQs community=7.0; LaunchBox community Bayesian (raw 7.8, n=302)=7.8; Legacy community=7.3
nds	castlevania dawn of sorrow	Castlevania: Dawn of Sorrow	9		2005-01-01			GameRankings=9.0 (n=71)
nds	castlevania order of ecclesia	Castlevania: Order of Ecclesia	8.6		2008-01-01			GameRankings=8.6 (n=47)
nds	castlevania portrait of ruin	Castlevania: Portrait of Ruin	8.5		2006-01-01			GameRankings=8.5 (n=63)
nds	cobalt demo	Cobalt Demo
nds	metroid prime hunters	Metroid Prime: Hunters	8.4		2006-01-01			GameRankings=8.4 (n=66)
nes	10 yard fight	10-Yard Fight	3.5	5.4	1985-08-30	Irem	Irem	MobyGames (n=5)=3.5	GameFAQs community=4.8; LaunchBox community Bayesian (raw 5.9, n=228)=5.9; LaunchBox Community=5.4
nes	10000000 in 1	10000000-in-1
nes	11 in 1 ball games	11-in-1 Ball Games
nes	118 in 1	118-in-1		7.0					LaunchBox community Bayesian (raw 7.0, n=29)=7.0
nes	150 in 1	150-in-1
nes	1943 the battle of midway	1943: The Battle of Midway	7.5	7.2	1988-06-20	Capcom	Capcom	MobyGames (n=5)=7.5	GameFAQs community=7.1; LaunchBox community Bayesian (raw 7.4, n=319)=7.4; LaunchBox Community=7.2
nes	1997 in 1	1997-in-1
nes	2 in 1 cosmo cop cyber monster sachen	2-in-1 Cosmo Cop + Cyber Monster (Sachen)
nes	2 in 1 tough cop super tough cop sachen	2-in-1 Tough Cop + Super Tough Cop (Sachen)		3.4					GameFAQs community=3.4
nes	2048	2048
nes	720	720		5.4	1989-11-01	Beam Software	Tengen		LaunchBox community Bayesian (raw 5.3, n=114)=5.4; LaunchBox Community=5.4
nes	75 bingo	75 Bingo
nes	8 eyes	8 Eyes	5.1	5.9	1988-09-27	Thinking Rabbit	SETA	MobyGames (n=5)=5.1	GameFAQs community=5.8; LaunchBox community Bayesian (raw 5.8, n=191)=5.9; LaunchBox Community=5.9
nes	a boy and his blob trouble on blobolonia	A Boy and His Blob: Trouble on Blobolonia		7.1	1990-01-01	Imagineering	Jaleco		LaunchBox community Bayesian (raw 7.1, n=133)=7.1
nes	a nightmare on elm street	A Nightmare on Elm Street	5.3	6.1	1990-10-01	Rare	LJN	MobyGames (n=5)=5.3	GameFAQs community=5.7; LaunchBox community Bayesian (raw 6.4, n=113)=6.4; LaunchBox Community=6.1
nes	abadox the deadly inner war	Abadox: The Deadly Inner War		6.6	1989-12-15	Natsume	Milton Bradley		GameFAQs community=6.6; LaunchBox community Bayesian (raw 6.7, n=201)=6.7; LaunchBox Community=6.6
nes	advanced dungeons and dragons dragon strike	Advanced Dungeons & Dragons: Dragon Strike		5.7	1992-08-01	Westwood Studios	FCI		LaunchBox community Bayesian (raw 5.6, n=98)=5.7; LaunchBox Community=5.7
nes	advanced dungeons and dragons heroes of the lance	Advanced Dungeons & Dragons: Heroes of the Lance		4.3	1991-01-01	Natsume	FCI		GameFAQs community=3.6; LaunchBox community Bayesian (raw 4.7, n=84)=4.9; LaunchBox Community=4.3
nes	advanced dungeons and dragons hillsfar	Advanced Dungeons & Dragons: Hillsfar		5.0	1993-11-04	Crosstalk	FCI		GameFAQs community=4.4; LaunchBox community Bayesian (raw 5.3, n=97)=5.5; LaunchBox Community=5.0
nes	advanced dungeons and dragons pool of radiance	Advanced Dungeons & Dragons: Pool of Radiance		6.4	1992-04-01	Marionette	FCI		GameFAQs community=6.5; LaunchBox community Bayesian (raw 6.3, n=86)=6.4; LaunchBox Community=6.4
nes	adventure island 3	Adventure Island 3	7.5	7.5	1992-07-31	Now Production	Hudson Soft	MobyGames (n=5)=7.5	GameFAQs community=7.3; LaunchBox community Bayesian (raw 7.6, n=226)=7.6; LaunchBox Community=7.5
nes	adventure island ii	Adventure Island II	7.5	7.6	1991-02-01	Now Production	Hudson Soft	MobyGames (n=5)=7.5	GameFAQs community=7.2; LaunchBox community Bayesian (raw 7.9, n=267)=7.9; LaunchBox Community=7.6
nes	adventures in the magic kingdom	Adventures in the Magic Kingdom		6.3	1990-06-01	Capcom	Capcom		LaunchBox community Bayesian (raw 6.3, n=147)=6.3
nes	adventures of dino riki	Adventures of Dino Riki		6.1	1987-02-10	Hudson Soft	Hudson Soft		GameFAQs community=5.7; LaunchBox community Bayesian (raw 6.5, n=128)=6.5; LaunchBox Community=6.1
nes	adventures of lolo	Adventures of Lolo	7.6	7.4	1989-04-01	HAL Laboratory	HAL America	MobyGames (n=5)=7.6	GameFAQs community=7.4; LaunchBox community Bayesian (raw 7.4, n=201)=7.4
nes	adventures of lolo 3	Adventures of Lolo 3	8.5	7.5	1990-12-26	HAL Laboratory	HAL America	MobyGames (n=5)=8.5	GameFAQs community=7.6; LaunchBox community Bayesian (raw 7.5, n=159)=7.5
nes	adventures of tom sawyer	Adventures of Tom Sawyer	4.2	5.6	1989-02-06	Winky Soft	SETA	MobyGames (n=5)=4.2	GameFAQs community=5.8; LaunchBox community Bayesian (raw 5.4, n=94)=5.6; LaunchBox Community=5.6
nes	after burner	After Burner		5.9					GameFAQs community=5.9; Legacy community=5.9
nes	air fortress	Air Fortress		6.9	1987-08-17	HAL Laboratory	HAL America		GameFAQs community=6.7; LaunchBox community Bayesian (raw 7.2, n=128)=7.2; LaunchBox Community=6.9
nes	airwolf	Airwolf	3.8	5.1	1989	Beam Software Pty., Ltd.		MobyGames (n=5)=3.8	GameFAQs community=5.1; Legacy community=5.1
nes	al unser jr s turbo racing	Al Unser Jr.'s Turbo Racing		6.5					GameFAQs community=6.5; Legacy community=6.5
nes	aladdin	Aladdin		6.7					GameFAQs community=6.7; Legacy community=6.7
nes	aladdin 2	Aladdin 2		7.6	1995-06-01	Chengdu Tai Jing Da Dong Computer			LaunchBox community Bayesian (raw 7.7, n=43)=7.6; LaunchBox Community=7.6
nes	aladdin 3	Aladdin 3
nes	aladdin 4	Aladdin 4
nes	alfred chicken	Alfred Chicken		6.3	1993-01-01	Twilight	Mindscape		GameFAQs community=5.9; LaunchBox community Bayesian (raw 6.7, n=92)=6.7; LaunchBox Community=6.3
nes	alien 3	Alien 3	5.4	6.4	1993-03-01	Probe Software	LJN	MobyGames (n=5)=5.4	GameFAQs community=5.9; LaunchBox community Bayesian (raw 6.9, n=122)=6.9; LaunchBox Community=6.4
nes	alien syndrome	Alien Syndrome	5.7	6.5	1988-12-02	Sanritsu Denki	Sunsoft	MobyGames (n=5)=5.7	GameFAQs community=6.1; LaunchBox community Bayesian (raw 6.9, n=90)=6.9; LaunchBox Community=6.5
nes	all pro basketball	All-Pro Basketball		5.4	1989-07-21	Aicom	Vic Tokai		GameFAQs community=4.6; LaunchBox community Bayesian (raw 6.0, n=67)=6.1; LaunchBox Community=5.4
nes	alpha mission	Alpha Mission	5.2	5.6	1986-09-03	SNK	SNK	MobyGames (n=5)=5.2	GameFAQs community=5.3; LaunchBox community Bayesian (raw 5.8, n=103)=5.9; LaunchBox Community=5.6
nes	amagon	Amagon	4.6	5.6	1988-12-02	Aicom	Vic Tokai	MobyGames (n=5)=4.6	GameFAQs community=5.4; LaunchBox community Bayesian (raw 5.7, n=107)=5.8; LaunchBox Community=5.6
nes	american gladiators	American Gladiators	4.9	5.1	1991-10-01	Incredible Technologies	GameTek	MobyGames (n=5)=4.9	GameFAQs community=4.7; LaunchBox community Bayesian (raw 5.3, n=90)=5.5; LaunchBox Community=5.1
nes	anticipation	Anticipation	5.5	6.2	1988-11-01	Rare	Nintendo	MobyGames (n=5)=5.5	GameFAQs community=5.9; LaunchBox community Bayesian (raw 6.4, n=92)=6.5; LaunchBox Community=6.2
nes	arch rivals a basketbrawl	Arch Rivals: A Basketbrawl!		6.2	1990-11-01	Rare	Acclaim Entertainment		GameFAQs community=5.8; LaunchBox community Bayesian (raw 6.5, n=110)=6.5; LaunchBox Community=6.2
nes	archon	Archon		6.0	1989-12-01	Bullet-Proof Software	Activision		GameFAQs community=6.1; LaunchBox community Bayesian (raw 5.9, n=94)=6.0; LaunchBox Community=6.0
nes	argos no senshi	Argos no Senshi
nes	arkanoid	Arkanoid		7.3	1986-12-26	Atlus	Taito		GameFAQs community=7.0; LaunchBox community Bayesian (raw 7.5, n=168)=7.5; LaunchBox Community=7.3
nes	arkista s ring	Arkista's Ring		7.0	1990-06-01	NMK	American Sammy		GameFAQs community=6.9; LaunchBox community Bayesian (raw 7.1, n=106)=7.1; LaunchBox Community=7.0
nes	astyanax	Astyanax		6.6	1990-03-01	Jaleco	Jaleco		GameFAQs community=6.5; LaunchBox community Bayesian (raw 6.8, n=142)=6.8; LaunchBox Community=6.6
nes	athena	Athena	3.2	5.2	1987-06-05	Micronics	SNK	MobyGames (n=5)=3.2	GameFAQs community=4.9; LaunchBox community Bayesian (raw 5.3, n=93)=5.5; LaunchBox Community=5.2
nes	athletic world	Athletic World	7.2	5.8	1986-10-12	TRY	Bandai	MobyGames (n=5)=7.2	GameFAQs community=5.6; LaunchBox community Bayesian (raw 5.8, n=62)=6.0
nes	attack of the killer tomatoes	Attack of the Killer Tomatoes	4.2	5.1	1992-01-24	Imagineering	THQ	MobyGames (n=5)=4.2	GameFAQs community=4.9; LaunchBox community Bayesian (raw 5.1, n=83)=5.3
nes	auto upturn	Auto-Upturn		3.3	1991-01-01	Sachen	Sachen		GameFAQs community=1.5; LaunchBox community Bayesian (raw 4.3, n=22)=5.1; LaunchBox Community=3.3
nes	baby boomer	Baby Boomer		4.9	1989-01-01	Color Dreams	Color Dreams		GameFAQs community=4.4; LaunchBox community Bayesian (raw 5.1, n=61)=5.4; LaunchBox Community=4.9
nes	back to the future	Back to the Future	3.1	4.5	1989-09-01	Beam Software	LJN	MobyGames (n=5)=3.1	GameFAQs community=3.9; LaunchBox community Bayesian (raw 5.0, n=133)=5.1; LaunchBox Community=4.5
nes	back to the future part ii and iii	Back to the Future Part II & III	3.7	5.7	1990-09-01	Beam Software	LJN	MobyGames (n=5)=3.7	LaunchBox community Bayesian (raw 5.6, n=95)=5.7; LaunchBox Community=5.7
nes	bad dudes	Bad Dudes		6.1	1989-07-14	Data East	Namco		GameFAQs community=5.8; LaunchBox community Bayesian (raw 6.3, n=143)=6.3; LaunchBox Community=6.1
nes	bad news baseball	Bad News Baseball	7.7	7.1	1989-12-15	Tecmo	Tecmo	MobyGames (n=5)=7.7	GameFAQs community=7.1; LaunchBox community Bayesian (raw 7.2, n=89)=7.2; LaunchBox Community=7.1
nes	bad street brawler	Bad Street Brawler	3.7	4.6	1989-09-01	Beam Software	Mattel Electronics	MobyGames (n=5)=3.7	GameFAQs community=4.2; LaunchBox community Bayesian (raw 4.8, n=69)=5.1; LaunchBox Community=4.6
nes	balloon fight	Balloon Fight	7.1	7.1	1985-01-22	Nintendo R&D1	Nintendo	MobyGames (n=5)=7.1	GameFAQs community=6.8; LaunchBox community Bayesian (raw 7.5, n=293)=7.5; LaunchBox Community=7.1
nes	banana prince	Banana Prince		7.2	1991-12-20	Kid	Takara		GameFAQs community=7.2; LaunchBox community Bayesian (raw 7.3, n=73)=7.3; LaunchBox Community=7.2
nes	bandai golf challenge pebble beach	Bandai Golf: Challenge Pebble Beach	4.6	5.4	1989-02-15	TOSE	Bandai America	MobyGames (n=5)=4.6	GameFAQs community=5.2; LaunchBox community Bayesian (raw 5.5, n=64)=5.7; LaunchBox Community=5.4
nes	bandit kings of ancient china	Bandit Kings of Ancient China		6.6	1990-06-25	Koei	Koei		GameFAQs community=7.3; LaunchBox community Bayesian (raw 5.7, n=60)=5.9; LaunchBox Community=6.6
nes	barbie	Barbie	4.6	4.4	1991-12-01	Imagineering	Hi-Tech Expressions	MobyGames (n=5)=4.6	GameFAQs community=4.1; LaunchBox community Bayesian (raw 4.4, n=64)=4.8
nes	barker bill s trick shooting	Barker Bill's Trick Shooting	5.6	6.8	1990-08-01	Nintendo	Nintendo	MobyGames (n=5)=5.6	GameFAQs community=6.5; LaunchBox community Bayesian (raw 7.2, n=46)=7.2; LaunchBox Community=6.8
nes	base wars	Base Wars
nes	baseball	Baseball	4.4	5.4	1983-12-07	Nintendo R&D1	Nintendo	MobyGames (n=5)=4.4	GameFAQs community=5.2; LaunchBox community Bayesian (raw 5.5, n=132)=5.6; LaunchBox Community=5.4
nes	baseball simulator 1 000	Baseball Simulator 1.000	7.1	7.1	1989-10-27	Culture Brain	Culture Brain	MobyGames (n=5)=7.1	GameFAQs community=7.4; LaunchBox community Bayesian (raw 6.8, n=82)=6.8; LaunchBox Community=7.1
nes	baseball stars	Baseball Stars	8.6	7.8	1989-05-19	SNK	SNK	MobyGames (n=5)=8.6	GameFAQs community=7.9; LaunchBox community Bayesian (raw 7.7, n=120)=7.6; LaunchBox Community=7.8
nes	baseball stars ii	Baseball Stars II	8.4	7.2	1992-07-01	Pixel	Romstar	MobyGames (n=5)=8.4	GameFAQs community=6.8; LaunchBox community Bayesian (raw 7.5, n=83)=7.4; LaunchBox Community=7.2
nes	bases loaded	Bases Loaded		6.5	1987-06-26	TOSE	Jaleco		GameFAQs community=6.3; LaunchBox community Bayesian (raw 6.7, n=81)=6.7; LaunchBox Community=6.5
nes	bases loaded 4	Bases Loaded 4		6.4	1991-11-21	TOSE	Jaleco		GameFAQs community=6.3; LaunchBox community Bayesian (raw 6.3, n=64)=6.4; LaunchBox Community=6.4
nes	bases loaded ii	Bases Loaded II
nes	batman return of the joker	Batman: Return of the Joker	6.9	7.3	1991-12-20	Sunsoft	Sunsoft	MobyGames (n=5)=6.9	GameFAQs community=6.9; LaunchBox community Bayesian (raw 7.6, n=182)=7.6; LaunchBox Community=7.3
nes	batman returns	Batman Returns		7.0	1993-01-01	Konami	Konami		GameFAQs community=6.8; LaunchBox community Bayesian (raw 7.3, n=153)=7.3; LaunchBox Community=7.0
nes	batman the video game	Batman: The Video Game	8.2	7.9	1989-12-22	Sunsoft	Sunsoft	MobyGames (n=5)=8.2	GameFAQs community=7.6; LaunchBox community Bayesian (raw 8.3, n=389)=8.3; LaunchBox Community=7.9
nes	battle chess	Battle Chess	4.3	5.9	1990-07-01	Beam Software	Data East USA	MobyGames (n=5)=4.3	GameFAQs community=5.7; LaunchBox community Bayesian (raw 5.9, n=86)=6.0
nes	battle tank	Battle Tank
nes	battletoads	Battletoads	8.1	7.7	1991-06-01	Rare	Tradewest	MobyGames (n=5)=8.1	GameFAQs community=7.3; LaunchBox community Bayesian (raw 8.0, n=341)=8.0; LaunchBox Community=7.7
nes	battletoads double dragon	Battletoads-Double Dragon	8.0	8.1	1993-06-01	Rare	Nintendo	MobyGames (n=5)=8.0	LaunchBox community Bayesian (raw 8.2, n=160)=8.1; LaunchBox Community=8.1
nes	bb car	BB Car		6.8	1988-01-01	Hwang Shinwei	RCM Group		LaunchBox community Bayesian (raw 6.7, n=21)=6.8; LaunchBox Community=6.8
nes	bee 52	Bee 52	5.7	6.4	1992-01-01	Codemasters	Camerica	MobyGames (n=5)=5.7	GameFAQs community=6.3; LaunchBox community Bayesian (raw 6.3, n=57)=6.4; LaunchBox Community=6.4
nes	beetlejuice	Beetlejuice	3.4	5.3	1991-05-01	Rare	LJN	MobyGames (n=5)=3.4	GameFAQs community=4.7; LaunchBox community Bayesian (raw 5.7, n=88)=5.8; LaunchBox Community=5.3
nes	best of the best championship karate	Best of the Best: Championship Karate		5.4	1992-12-01	Movie Interactive Software	Electro Brain		GameFAQs community=5.3; LaunchBox community Bayesian (raw 5.3, n=75)=5.5; LaunchBox Community=5.4
nes	bible adventures	Bible Adventures	2.2	5.2	1991-01-01	Wisdom Tree	Wisdom Tree	MobyGames (n=5)=2.2	GameFAQs community=5.2; LaunchBox community Bayesian (raw 4.9, n=53)=5.2
nes	bible buffet	Bible Buffet		5.6	1993-01-01	Wisdom Tree	Wisdom Tree		GameFAQs community=6.0; LaunchBox community Bayesian (raw 4.9, n=44)=5.3; LaunchBox Community=5.6
nes	big bird s hide and speak	Big Bird's Hide & Speak
nes	big nose freaks out	Big Nose Freaks Out		6.4	1992-01-01	Optimus Software	Camerica		GameFAQs community=6.0; LaunchBox community Bayesian (raw 6.8, n=50)=6.8; LaunchBox Community=6.4
nes	big nose the caveman	Big Nose the Caveman		6.5	1991-01-01	Optimus Software	Camerica		GameFAQs community=6.6; LaunchBox community Bayesian (raw 6.4, n=56)=6.5; LaunchBox Community=6.5
nes	bigfoot	Bigfoot	4.8	5.5	1990-07-01	Beam Software	Acclaim Entertainment	MobyGames (n=5)=4.8	GameFAQs community=5.3; LaunchBox community Bayesian (raw 5.6, n=79)=5.8; LaunchBox Community=5.5
nes	bill and ted s excellent video game adventure	Bill & Ted's Excellent Video Game Adventure	3.0	4.8	1991-08-01	Rocket Science Productions	LJN	MobyGames (n=5)=3.0	GameFAQs community=3.8; LaunchBox community Bayesian (raw 5.6, n=84)=5.7; LaunchBox Community=4.8
nes	bill elliott s nascar challenge	Bill Elliott's NASCAR Challenge	5.5	6.1	1991-04-01	Distinctive Software	Konami	MobyGames (n=5)=5.5	GameFAQs community=6.0; LaunchBox community Bayesian (raw 6.0, n=69)=6.1; LaunchBox Community=6.1
nes	bio hazard	Bio Hazard		7.3	2003-01-01	Fuzhou Waixing Computer Science & Technology	Fuzhou Waixing Computer Science & Technology		LaunchBox community Bayesian (raw 7.4, n=36)=7.3; LaunchBox Community=7.3
nes	bio miracle baby upa	Bio Miracle Baby Upa!!
nes	bionic commando	Bionic Commando	8.5	7.8	1988-07-20	Capcom	Capcom	MobyGames (n=5)=8.5	GameFAQs community=7.7; LaunchBox community Bayesian (raw 8.0, n=259)=8.0; LaunchBox Community=7.8
nes	blackjack	Blackjack		5.4	1992-01-01	Odyssey Software	American Video Entertainment		GameFAQs community=5.4; LaunchBox community Bayesian (raw 5.0, n=45)=5.4; LaunchBox Community=5.4
nes	blades of steel	Blades of Steel	8.0	7.6	1988-12-01	Konami	Konami	MobyGames (n=5)=8.0	GameFAQs community=7.4; LaunchBox community Bayesian (raw 7.8, n=180)=7.8; LaunchBox Community=7.6
nes	blaster master	Blaster Master	8.1	8.0	1988-06-17	Sunsoft	Sunsoft	MobyGames (n=5)=8.1	GameFAQs community=7.9; LaunchBox community Bayesian (raw 8.1, n=264)=8.1; LaunchBox Community=8.0
nes	bo jackson baseball	Bo Jackson Baseball	4.3	6.1	1991-10-01	Beam Software	Data East	MobyGames (n=5)=4.3	GameFAQs community=5.5; LaunchBox community Bayesian (raw 6.6, n=61)=6.7; LaunchBox Community=6.1
nes	bomberman	Bomberman	6.8	6.9	1985-12-20	Hudson Soft	Hudson Soft	MobyGames (n=5)=6.8	GameFAQs community=6.7; LaunchBox community Bayesian (raw 7.2, n=212)=7.2; LaunchBox Community=6.9
nes	bomberman ii	Bomberman II	7.2	7.4	1991-06-28	Hudson Soft	Hudson Soft	MobyGames (n=5)=7.2	GameFAQs community=7.4; LaunchBox community Bayesian (raw 7.4, n=175)=7.4
nes	bonk s adventure	Bonk's Adventure	7.4	7.0	1993-07-30	A.I	Hudson Soft	MobyGames (n=5)=7.4	GameFAQs community=6.7; LaunchBox community Bayesian (raw 7.3, n=107)=7.3; LaunchBox Community=7.0
nes	boogerman	Boogerman		6.5	1997-01-01	Super Game	Sugar Softec		LaunchBox community Bayesian (raw 6.3, n=25)=6.5
nes	boulder dash	Boulder Dash	7.3	6.8	1990-03-23	Data East	Data East	MobyGames (n=5)=7.3	GameFAQs community=6.7; LaunchBox community Bayesian (raw 6.8, n=107)=6.8
nes	bram stoker s dracula	Bram Stoker's Dracula		6.1	1993-09-01	Probe Software	Sony Imagesoft		GameFAQs community=5.0; LaunchBox community Bayesian (raw 7.3, n=81)=7.3; LaunchBox Community=6.1
nes	break time the national pool tour	Break Time: The National Pool Tour		6.0	1993-01-01	Opera House	FCI		GameFAQs community=5.2; LaunchBox community Bayesian (raw 6.7, n=58)=6.7; LaunchBox Community=6.0
nes	breakthru	BreakThru	4.9	6.3	1987-11-01	Data East	Data East USA	MobyGames (n=5)=4.9	GameFAQs community=6.2; LaunchBox community Bayesian (raw 6.2, n=89)=6.3; LaunchBox Community=6.3
nes	brush roller	Brush Roller		5.6					GameFAQs community=5.6; Legacy community=5.6
nes	bubble bath babes	Bubble Bath Babes		6.7	1991-01-01	C&E	Panesian		LaunchBox community Bayesian (raw 6.6, n=58)=6.7; LaunchBox Community=6.7
nes	bubble bobble	Bubble Bobble	7.7	7.9	1988-11-01	Taito	Taito	MobyGames (n=5)=7.7	GameFAQs community=7.8; LaunchBox community Bayesian (raw 8.1, n=274)=8.1; LaunchBox Community=7.9
nes	bubble bobble part 2	Bubble Bobble Part 2	6.9	7.5	1993-03-05	ITL	Taito	MobyGames (n=5)=6.9	GameFAQs community=7.1; LaunchBox community Bayesian (raw 7.8, n=132)=7.7; LaunchBox Community=7.5
nes	bucky o hare	Bucky O'Hare	8.1	7.8	1992-01-31	Konami	Konami	MobyGames (n=5)=8.1	GameFAQs community=7.8; LaunchBox community Bayesian (raw 7.8, n=172)=7.8
nes	bump n jump	Bump 'n' Jump	7.2	6.7	1986-10-08	Sakata SAS	Vic Tokai	MobyGames (n=5)=7.2	GameFAQs community=6.5; LaunchBox community Bayesian (raw 6.9, n=104)=6.9; LaunchBox Community=6.7
nes	burai fighter	Burai Fighter	7.4	6.9	1990-03-01	Kid	Taito	MobyGames (n=5)=7.4	GameFAQs community=6.7; LaunchBox community Bayesian (raw 7.1, n=100)=7.1; LaunchBox Community=6.9
nes	burger time	Burger Time		6.6	1985-11-27	Sakata SAS	Namco		LaunchBox community Bayesian (raw 6.6, n=132)=6.6
nes	cabal	Cabal		6.8	1990-06-01	Zippo Games	Milton Bradley		GameFAQs community=6.7; LaunchBox community Bayesian (raw 6.9, n=107)=6.9; LaunchBox Community=6.8
nes	caesars palace	Caesars Palace	4.1	5.8	1992-12-01	Realtime Associates	Virgin Games	MobyGames (n=5)=4.1	GameFAQs community=5.4; LaunchBox community Bayesian (raw 6.0, n=70)=6.1; LaunchBox Community=5.8
nes	california games	California Games		6.3	1989-06-01	Rare	Milton Bradley		GameFAQs community=5.5; LaunchBox community Bayesian (raw 7.1, n=95)=7.1; LaunchBox Community=6.3
nes	captain america and the avengers	Captain America and the Avengers	5.7	6.8	1991-12-01	Data East	Data East	MobyGames (n=5)=5.7	GameFAQs community=6.6; LaunchBox community Bayesian (raw 7.1, n=122)=7.1; LaunchBox Community=6.8
nes	captain planet and the planeteers	Captain Planet and the Planeteers	5.5	4.4	1991-09-01	Chris Gray Enterprises	Mindscape	MobyGames (n=5)=5.5	GameFAQs community=3.5; LaunchBox community Bayesian (raw 4.9, n=77)=5.1; LaunchBox Community=4.4
nes	captain skyhawk	Captain Skyhawk	7.7	7.1	1990-06-01	Rare	Nintendo	MobyGames (n=5)=7.7	GameFAQs community=7.0; LaunchBox community Bayesian (raw 7.2, n=109)=7.2; LaunchBox Community=7.1
nes	captain tsubasa vol ii super striker	Captain Tsubasa Vol. II: Super Striker
nes	casino kid	Casino Kid	5.4	5.7	1989-10-01	Sofel	Sofel	MobyGames (n=5)=5.4	GameFAQs community=5.9; LaunchBox community Bayesian (raw 5.4, n=79)=5.6; LaunchBox Community=5.7
nes	castelian	Castelian		5.6	1991-06-01	B.I.T.S.	Hiro		GameFAQs community=4.8; LaunchBox community Bayesian (raw 6.4, n=68)=6.5; LaunchBox Community=5.6
nes	castle of deceit	Castle of Deceit		3.9	1990-01-01	Bunch Games	Bunch Games		GameFAQs community=3.0; LaunchBox community Bayesian (raw 4.3, n=37)=4.9; LaunchBox Community=3.9
nes	castle of dragon	Castle of Dragon		5.9	1990-02-27	Athena	SETA		GameFAQs community=5.4; LaunchBox community Bayesian (raw 6.2, n=78)=6.3; LaunchBox Community=5.9
nes	castlevania	Castlevania	8.3	8.1	1986-09-26	Konami	Konami	MobyGames (n=5)=8.3	GameFAQs community=7.8; LaunchBox community Bayesian (raw 8.5, n=688)=8.5; LaunchBox Community=8.1
nes	castlevania ii simon s quest	Castlevania II: Simon's Quest	7.1	7.3	1987-08-28	Konami	Konami	MobyGames (n=5)=7.1	GameFAQs community=6.9; LaunchBox community Bayesian (raw 7.7, n=414)=7.7; LaunchBox Community=7.3
nes	castlevania iii dracula s curse	Castlevania III: Dracula's Curse	8.9	8.4	1989-12-22	Konami	Konami	MobyGames (n=5)=8.9	GameFAQs community=8.2; LaunchBox community Bayesian (raw 8.7, n=461)=8.7; LaunchBox Community=8.4
nes	caveman games	Caveman Games		5.7	1990-10-01	Dynamix	Data East USA		GameFAQs community=5.0; LaunchBox community Bayesian (raw 6.3, n=72)=6.4; LaunchBox Community=5.7
nes	challenge of the dragon	Challenge of the Dragon		4.8					GameFAQs community=4.8; Legacy community=4.8
nes	championship bowling	Championship Bowling		5.9	1989-12-01	Another	Athena		GameFAQs community=5.7; LaunchBox community Bayesian (raw 6.0, n=75)=6.1; LaunchBox Community=5.9
nes	championship pool	Championship Pool		6.8	1993-10-01	Bitmasters	Mindscape		LaunchBox community Bayesian (raw 6.8, n=58)=6.8
nes	cheetahmen ii	Cheetahmen II		3.5	1992-01-01	Active Enterprises	Active Enterprises		GameFAQs community=2.4; LaunchBox community Bayesian (raw 4.0, n=53)=4.5; LaunchBox Community=3.5
nes	chess academys sachen jap	Chess Academys (Sachen-JAP)
nes	chiller	Chiller	1.7	4.3	1990-01-01	Sharedata	American Game Cartridges	MobyGames (n=5)=1.7	GameFAQs community=3.3; LaunchBox community Bayesian (raw 4.7, n=42)=5.1; LaunchBox Community=4.3
nes	china rabbit baby	China Rabbit Baby
nes	chinese checkers	Chinese Checkers		5.5	1991-01-01	Sachen	Sachen		GameFAQs community=4.8; LaunchBox community Bayesian (raw 5.4, n=15)=6.0; LaunchBox Community=5.5
nes	chip and dale 3	Chip & Dale 3
nes	chip n dale rescue rangers	Chip 'n Dale: Rescue Rangers
nes	chip n dale rescue rangers 2	Chip 'n Dale: Rescue Rangers 2
nes	chronicle of the radia war	Chronicle of the Radia War
nes	chubby cherub	Chubby Cherub		5.2	1985-12-16	TOSE	Bandai		GameFAQs community=4.7; LaunchBox community Bayesian (raw 5.5, n=65)=5.7; LaunchBox Community=5.2
nes	circus caper	Circus Caper		5.7	1989-08-08	Advance Communication Company	Toho		GameFAQs community=5.0; LaunchBox community Bayesian (raw 6.3, n=60)=6.4; LaunchBox Community=5.7
nes	city connection	City Connection		6.1	1988-05-01	Hect	Jaleco		GameFAQs community=6.0; LaunchBox community Bayesian (raw 6.1, n=106)=6.2
nes	clash at demonhead	Clash at Demonhead	7.8	7.3	1989-01-27	Vic Tokai	Vic Tokai	MobyGames (n=5)=7.8	GameFAQs community=7.1; LaunchBox community Bayesian (raw 7.4, n=120)=7.4; LaunchBox Community=7.3
nes	classic concentration	Classic Concentration		6.5	1990-09-01	Softie	GameTek		GameFAQs community=6.2; LaunchBox community Bayesian (raw 6.7, n=53)=6.7; LaunchBox Community=6.5
nes	clu clu land	Clu Clu Land		6.3	1984-11-22	Nintendo R&D1	Nintendo		GameFAQs community=6.2; LaunchBox community Bayesian (raw 6.2, n=109)=6.3; LaunchBox Community=6.3
nes	cobra command	Cobra Command	5.0	6.3	1988-10-21	Data East	Data East	MobyGames (n=5)=5.0	GameFAQs community=5.8; LaunchBox community Bayesian (raw 6.8, n=77)=6.8; LaunchBox Community=6.3
nes	cobra triangle	Cobra Triangle	7.1	6.9	1989-07-01	Rare	Nintendo	MobyGames (n=5)=7.1	GameFAQs community=6.7; LaunchBox community Bayesian (raw 7.2, n=118)=7.2; LaunchBox Community=6.9
nes	cocoron	Cocoron		7.5	1991-05-03	Takeru	Sur de Wave		GameFAQs community=7.6; LaunchBox community Bayesian (raw 7.5, n=50)=7.4
nes	code name viper	Code Name: Viper	7.2	7.0	1990-02-23	Capcom	Capcom	MobyGames (n=5)=7.2	GameFAQs community=6.9; LaunchBox community Bayesian (raw 7.2, n=109)=7.2; LaunchBox Community=7.0
nes	color a dinosaur	Color a Dinosaur		5.6	1993-07-01	Farsight Technologies	Virgin Games		GameFAQs community=6.5; LaunchBox community Bayesian (raw 4.3, n=57)=4.7; LaunchBox Community=5.6
nes	commando	Commando		6.6	1986-09-27	Capcom	Capcom		GameFAQs community=6.2; LaunchBox community Bayesian (raw 6.9, n=137)=6.9; LaunchBox Community=6.6
nes	conan the mysteries of time	Conan: The Mysteries of Time
nes	conflict	Conflict		6.7	1989-12-01	Vic Tokai	Vic Tokai		GameFAQs community=6.6; LaunchBox community Bayesian (raw 6.7, n=61)=6.7
nes	conquest of the crystal palace	Conquest of the Crystal Palace	7.3	7.0	1990-08-24	Quest	Asmik Corporation of America	MobyGames (n=5)=7.3	GameFAQs community=7.1; LaunchBox community Bayesian (raw 7.0, n=94)=7.0
nes	contra	Contra	8.8	8.7	1988-02-09	Konami	Konami	MobyGames (n=5)=8.8	GameFAQs community=8.3; LaunchBox community Bayesian (raw 9.0, n=732)=9.0; LaunchBox Community=8.7
nes	cosmic crusade	Cosmic Crusade
nes	cosmo genesis	Cosmo Genesis
nes	cowboy kid	Cowboy Kid		7.1	1991-09-13	Pixel	Romstar		GameFAQs community=7.4; LaunchBox community Bayesian (raw 6.7, n=85)=6.7; LaunchBox Community=7.1
nes	crackout	Crackout	5.6	6.3	1991-01-01	Konami	Palcom Software	MobyGames (n=5)=5.6	GameFAQs community=5.6; LaunchBox community Bayesian (raw 7.1, n=61)=7.1; LaunchBox Community=6.3
nes	crash n the boys street challenge	Crash 'n' the Boys: Street Challenge	7.4	7.0	1992-06-26	Technōs Japan	American Technōs	MobyGames (n=5)=7.4	GameFAQs community=7.2; LaunchBox community Bayesian (raw 6.8, n=96)=6.8; LaunchBox Community=7.0
nes	creatom	Creatom		4.3	1991-01-01	Micro Genius	Gluk Video		GameFAQs community=2.2; LaunchBox community Bayesian (raw 6.1, n=17)=6.4; LaunchBox Community=4.3
nes	crisis force	Crisis Force	8.4	7.8	1991-08-27	Konami	Konami	MobyGames (n=5)=8.4	GameFAQs community=7.7; LaunchBox community Bayesian (raw 7.9, n=88)=7.8; LaunchBox Community=7.8
nes	cross fire 2	Cross Fire 2
nes	crystal mines	Crystal Mines		6.6	1989-01-01	Color Dreams	Color Dreams		GameFAQs community=6.0; LaunchBox community Bayesian (raw 7.3, n=39)=7.2; LaunchBox Community=6.6
nes	crystalis	Crystalis	8.1	8.2	1990-04-13	SNK	SNK	MobyGames (n=5)=8.1	GameFAQs community=8.2; LaunchBox community Bayesian (raw 8.3, n=174)=8.2
nes	cyberball	Cyberball		5.7	1991-01-01	Tengen	Jaleco		GameFAQs community=5.0; LaunchBox community Bayesian (raw 6.1, n=32)=6.3; LaunchBox Community=5.7
nes	cybernoid the fighting machine	Cybernoid: The Fighting Machine		5.5	1989-12-01	Gremlin Graphics Software	Acclaim Entertainment		GameFAQs community=4.8; LaunchBox community Bayesian (raw 6.0, n=64)=6.1; LaunchBox Community=5.5
nes	dai 2 ji super robot taisen	Dai-2-ji Super Robot Taisen		7.3	1991-12-19	Winky Soft	Banpresto		GameFAQs community=7.4; LaunchBox community Bayesian (raw 7.3, n=34)=7.2
nes	daikaijuu deburas	Daikaijuu Deburas
nes	daisenryaku	Daisenryaku		6.8	1988-10-11	Quest	Bothtec		GameFAQs community=6.4; LaunchBox community Bayesian (raw 7.3, n=17)=7.2; LaunchBox Community=6.8
nes	dance aerobics	Dance Aerobics		6.0	1987-02-26	Human Entertainment	Nintendo		GameFAQs community=5.9; LaunchBox community Bayesian (raw 5.9, n=43)=6.1; LaunchBox Community=6.0
nes	dancing block	Dancing Block
nes	danny sullivan s indy heat	Danny Sullivan's Indy Heat	8.2	7.4	1992-08-01	Rare	Tradewest	MobyGames (n=5)=8.2	GameFAQs community=7.2; LaunchBox community Bayesian (raw 7.5, n=85)=7.4; LaunchBox Community=7.4
nes	darkman	Darkman	2.8	5.5	1991-10-01	Painting by Numbers	Ocean Software	MobyGames (n=5)=2.8	GameFAQs community=5.1; LaunchBox community Bayesian (raw 5.7, n=70)=5.9; LaunchBox Community=5.5
nes	darkseed	Darkseed		6.9	1998-01-01	Mars Production	Union Bond		LaunchBox community Bayesian (raw 6.8, n=11)=6.9; LaunchBox Community=6.9
nes	darkwing duck	Darkwing Duck		7.9	1992-01-01	Capcom	Capcom		LaunchBox community Bayesian (raw 7.9, n=219)=7.9
nes	darkwing duck 2	Darkwing Duck 2		7.5	2014-01-01	Rare Game	Rare Game		LaunchBox community Bayesian (raw 7.8, n=14)=7.5; LaunchBox Community=7.5
nes	dash galaxy in the alien asylum	Dash Galaxy in the Alien Asylum	3.0	5.0	1990-02-01	Beam Software	Data East USA	MobyGames (n=5)=3.0	GameFAQs community=4.7; LaunchBox community Bayesian (raw 5.1, n=55)=5.4; LaunchBox Community=5.0
nes	david crane s a boy and his blob trouble on blobolonia	David Crane's A Boy and His Blob: Trouble on Blobolonia		6.0					GameFAQs community=6.0; Legacy community=6.0
nes	day dreamin davey	Day Dreamin' Davey		5.4	1992-06-01	Sculptured Software	HAL Laboratory		GameFAQs community=4.9; LaunchBox community Bayesian (raw 5.8, n=60)=6.0; LaunchBox Community=5.4
nes	days of thunder	Days of Thunder	4.6	5.0	1990-10-01	Beam Software	Mindscape	MobyGames (n=5)=4.6	GameFAQs community=4.7; LaunchBox community Bayesian (raw 5.1, n=63)=5.4; LaunchBox Community=5.0
nes	deadly towers	Deadly Towers	3.4	4.7	1986-12-15	Lenar	Brøderbund Software	MobyGames (n=5)=3.4	GameFAQs community=4.3; LaunchBox community Bayesian (raw 4.8, n=75)=5.1; LaunchBox Community=4.7
nes	death race	Death Race		5.4	1990-01-01	American Game Cartridges	American Game Cartridges		GameFAQs community=5.6; LaunchBox community Bayesian (raw 5.0, n=46)=5.4; LaunchBox Community=5.4
nes	deathbots	Deathbots		3.7	1990-01-01	Odyssey Software	American Video Entertainment		GameFAQs community=3.0; LaunchBox community Bayesian (raw 3.6, n=40)=4.3; LaunchBox Community=3.7
nes	decathlon	Decathlon		6.3	1992-01-01	C&E	C&E		LaunchBox community Bayesian (raw 5.9, n=16)=6.3; LaunchBox Community=6.3
nes	deep dungeon iii yuushi he no tabi	Deep Dungeon III: Yuushi he no Tabi
nes	deep dungeon iv kuro no youjutsushi	Deep Dungeon IV: Kuro no Youjutsushi		6.4					GameFAQs community=6.4; Legacy community=6.4
nes	defender ii	Defender II		6.9	1987-09-24	HAL Laboratory	HAL America		GameFAQs community=6.6; LaunchBox community Bayesian (raw 7.1, n=98)=7.1; LaunchBox Community=6.9
nes	defender of the crown	Defender of the Crown		6.0	1989-07-01	Beam Software	Ultra Games		GameFAQs community=5.3; LaunchBox community Bayesian (raw 6.6, n=79)=6.6; LaunchBox Community=6.0
nes	defenders of dynatron city	Defenders of Dynatron City	5.2	5.4	1992-08-01	Lucasfilm Games	JVC Musical Industries	MobyGames (n=5)=5.2	GameFAQs community=4.3; LaunchBox community Bayesian (raw 6.3, n=64)=6.4; LaunchBox Community=5.4
nes	deja vu	Deja Vu		7.6	1990-11-02	Kemco	Kemco		LaunchBox community Bayesian (raw 7.7, n=100)=7.6; LaunchBox Community=7.6
nes	demo boy 2	Demo Boy 2
nes	demogorgon monk	Demogorgon Monk		7.2	1998-01-01	Fuzhou Waixing Computer Science & Technology	Fuzhou Waixing Computer Science & Technology		LaunchBox community Bayesian (raw 7.6, n=7)=7.2; LaunchBox Community=7.2
nes	demon sword	Demon Sword	4.5	6.4	1988-03-29	TOSE	Taito	MobyGames (n=5)=4.5	GameFAQs community=6.2; LaunchBox community Bayesian (raw 6.5, n=86)=6.6; LaunchBox Community=6.4
nes	desert commander	Desert Commander	7.7	6.9	1988-04-28	Kotobuki System	Kotobuki System	MobyGames (n=5)=7.7	GameFAQs community=6.5; LaunchBox community Bayesian (raw 7.4, n=79)=7.4; LaunchBox Community=6.9
nes	destination earthstar	Destination Earthstar		5.1	1990-02-01	Imagineering	Acclaim Entertainment		GameFAQs community=4.9; LaunchBox community Bayesian (raw 5.0, n=53)=5.3; LaunchBox Community=5.1
nes	destiny of an emperor	Destiny of an Emperor		7.4	1989-05-19	Capcom	Capcom		GameFAQs community=7.9; LaunchBox community Bayesian (raw 6.9, n=88)=6.9; LaunchBox Community=7.4
nes	devil world	Devil World		6.1	1984-10-05	Nintendo R&D1	Nintendo		GameFAQs community=5.4; LaunchBox community Bayesian (raw 6.8, n=81)=6.8; LaunchBox Community=6.1
nes	dezaemon	Dezaemon		7.5					GameFAQs community=7.5; Legacy community=7.5
nes	dick tracy	Dick Tracy	5.0	5.6	1990-08-01	Realtime Associates	Bandai America	MobyGames (n=5)=5.0	GameFAQs community=5.1; LaunchBox community Bayesian (raw 6.0, n=87)=6.1; LaunchBox Community=5.6
nes	die hard	Die Hard	5.0	6.1	1991-07-19	Pack-In-Video	Activision	MobyGames (n=5)=5.0	GameFAQs community=5.4; LaunchBox community Bayesian (raw 6.8, n=80)=6.8; LaunchBox Community=6.1
nes	digger t rock the legend of the lost city	Digger T. Rock: The Legend of the Lost City		6.5	1990-12-01	Rare	Milton Bradley		GameFAQs community=6.0; LaunchBox community Bayesian (raw 7.0, n=86)=7.0; LaunchBox Community=6.5
nes	digital devil story megami tensei	Digital Devil Story: Megami Tensei		6.6	1987-09-11	Atlus	Namco		GameFAQs community=6.4; LaunchBox community Bayesian (raw 6.9, n=53)=6.9; LaunchBox Community=6.6
nes	digital devil story megami tensei ii	Digital Devil Story: Megami Tensei II		7.0	1990-04-06	Atlus	Namco		GameFAQs community=7.0; LaunchBox community Bayesian (raw 7.0, n=40)=7.0
nes	dirty harry the war against drugs	Dirty Harry: The War Against Drugs
nes	dizzy the adventurer	Dizzy the Adventurer		6.6	1993-01-01	Big Red Software	Codemasters		GameFAQs community=6.2; LaunchBox community Bayesian (raw 7.1, n=41)=7.1; LaunchBox Community=6.6
nes	dj boy	DJ Boy		7.7	1991-01-01				LaunchBox community Bayesian (raw 8.4, n=10)=7.7
nes	doki doki yuuenchi	Doki! Doki! Yuuenchi
nes	donkey kong classics	Donkey Kong Classics	7.9	7.7	1988-10-01	Nintendo	Nintendo	MobyGames (n=5)=7.9	GameFAQs community=7.3; LaunchBox community Bayesian (raw 8.1, n=151)=8.0; LaunchBox Community=7.7
nes	donkey kong jr	Donkey Kong Jr		6.9	1983-07-15	Nintendo	Nintendo		GameFAQs community=6.6; LaunchBox community Bayesian (raw 7.1, n=211)=7.1; LaunchBox Community=6.9
nes	donkey kong jr math	Donkey Kong Jr. Math	3.8	4.9	1983-01-01	Nintendo R&D1		MobyGames=3.8 (n=5 min)	GameFAQs community=4.9
nes	door door	Door Door		6.3	1985-07-18	Chunsoft	Enix		GameFAQs community=5.7; LaunchBox community Bayesian (raw 7.0, n=31)=7.0; LaunchBox Community=6.3
nes	doraemon	Doraemon		6.5	1986-12-12	Hudson Soft	Hudson Soft		GameFAQs community=6.6; LaunchBox community Bayesian (raw 6.4, n=45)=6.5; LaunchBox Community=6.5
nes	doraemon giga zombie no gyakushuu	Doraemon: Giga Zombie no Gyakushuu		6.2					GameFAQs community=6.2; Legacy community=6.2
nes	double dare	Double Dare	4.1	6.0	1990-04-01	Rare	GameTek	MobyGames (n=5)=4.1	GameFAQs community=5.4; LaunchBox community Bayesian (raw 6.4, n=58)=6.5; LaunchBox Community=6.0
nes	double dragon	Double Dragon	7.7	7.5	1988-06-01	Technōs Japan	Tradewest	MobyGames (n=5)=7.7	GameFAQs community=7.2; LaunchBox community Bayesian (raw 7.9, n=317)=7.9; LaunchBox Community=7.5
nes	double dragon ii the revenge	Double Dragon II: The Revenge	8.4	8.0	1989-12-22	Technōs Japan	Acclaim Entertainment	MobyGames (n=5)=8.4	GameFAQs community=7.6; LaunchBox community Bayesian (raw 8.5, n=324)=8.5; LaunchBox Community=8.0
nes	double dragon iii the sacred stones	Double Dragon III: The Sacred Stones		6.3					GameFAQs community=6.3; Legacy community=6.3
nes	double dribble	Double Dribble	7.5	6.6	1987-09-01	Konami	Konami	MobyGames (n=5)=7.5	GameFAQs community=6.2; LaunchBox community Bayesian (raw 7.0, n=114)=7.0; LaunchBox Community=6.6
nes	double moon densetsu	Double Moon Densetsu		6.3	1992-10-30	Amusement Vision	Masaya		GameFAQs community=5.4; LaunchBox community Bayesian (raw 7.3, n=26)=7.2; LaunchBox Community=6.3
nes	double strike	Double Strike		5.4	1989-01-01	Joy Van	American Video Entertainment		GameFAQs community=4.7; LaunchBox community Bayesian (raw 5.7, n=30)=6.0; LaunchBox Community=5.4
nes	downtown nekketsu koushin kyoku soreyuke daiundoukai	Downtown: Nekketsu Koushin Kyoku: Soreyuke Daiundoukai		7.7	1990-10-12	Technōs Japan	Technōs Japan		LaunchBox community Bayesian (raw 7.9, n=48)=7.7; LaunchBox Community=7.7
nes	dr chaos	Dr. Chaos	4.1	5.5	1988-11-01	Marionette	FCI	MobyGames (n=5)=4.1	GameFAQs community=5.3; LaunchBox community Bayesian (raw 5.3, n=66)=5.5; LaunchBox Community=5.5
nes	dr jekyll and mr hyde	Dr. Jekyll and Mr. Hyde	3.1	3.1	1988-04-08	Advance Communication Company	Toho	MobyGames (n=5)=3.1	GameFAQs community=2.3; LaunchBox community Bayesian (raw 3.5, n=83)=3.9; LaunchBox Community=3.1
nes	dr mario	Dr. Mario	8	7.5	1990-01-01	Nintendo R&D1		MobyGames=8 (n=5 min)	GameFAQs community=7.5
nes	drac s night out	Drac's Night Out		5.9	1991-01-01	Microsmiths			LaunchBox community Bayesian (raw 5.6, n=38)=5.9; LaunchBox Community=5.9
nes	dragon ball shen long no nazo	Dragon Ball: Shen Long no Nazo
nes	dragon ball z gaiden saiya jin zetsumetsu keikaku	Dragon Ball Z Gaiden: Saiya-jin Zetsumetsu Keikaku		6.8	1993-08-06	TOSE	Bandai		GameFAQs community=6.6; LaunchBox community Bayesian (raw 7.0, n=53)=7.0; LaunchBox Community=6.8
nes	dragon ball z kyoushuu saiya jin	Dragon Ball Z: Kyoushuu! Saiya-jin		7.6	1990-10-27	TOSE	Bandai		LaunchBox community Bayesian (raw 7.8, n=42)=7.6; LaunchBox Community=7.6
nes	dragon ball z super butouden	Dragon Ball Z: Super Butouden
nes	dragon fighter	Dragon Fighter	7.6	7.1	1990-08-10	Natsume	Sofel	MobyGames (n=5)=7.6	GameFAQs community=7.3; LaunchBox community Bayesian (raw 6.9, n=82)=6.9; LaunchBox Community=7.1
nes	dragon power	Dragon Power	5.5	5.6	1986-11-27	TOSE	Bandai	MobyGames (n=5)=5.5	GameFAQs community=5.2; LaunchBox community Bayesian (raw 5.9, n=59)=6.1; LaunchBox Community=5.6
nes	dragon quest iv	Dragon Quest IV
nes	dragon s lair	Dragon's Lair	4.4	4.7	1990-12-01	MotiveTime	CSG Imagesoft	MobyGames (n=5)=4.4	LaunchBox community Bayesian (raw 4.4, n=79)=4.7; LaunchBox Community=4.7
nes	dragon spirit the new legend	Dragon Spirit: The New Legend		7.6	1989-04-14	Now Production	Namco		GameFAQs community=7.3; LaunchBox community Bayesian (raw 7.9, n=113)=7.8; LaunchBox Community=7.6
nes	dragon warrior	Dragon Warrior		7.7	1986-05-27	Chunsoft	Nintendo		GameFAQs community=7.3; LaunchBox community Bayesian (raw 8.1, n=247)=8.1; LaunchBox Community=7.7
nes	dragon warrior ii	Dragon Warrior II		7.5	1987-01-26	Chunsoft	Enix		GameFAQs community=7.3; LaunchBox community Bayesian (raw 7.8, n=150)=7.8; LaunchBox Community=7.5
nes	dragon warrior iii	Dragon Warrior III	7.9	8.1	1988-02-10	Chunsoft	Enix	MobyGames (n=5)=7.9	GameFAQs community=8.3; LaunchBox community Bayesian (raw 8.1, n=142)=8.0
nes	dragon warrior iv	Dragon Warrior IV	8.0	8.3	1990-02-11	Chunsoft	Enix	MobyGames (n=5)=8.0	GameFAQs community=8.3; LaunchBox community Bayesian (raw 8.5, n=139)=8.4
nes	duck	Duck
nes	duck hunt	Duck Hunt		7.2	1984-04-21	Nintendo	Nintendo		GameFAQs community=7.1; LaunchBox community Bayesian (raw 7.3, n=234)=7.3; LaunchBox Community=7.2
nes	duck tales	Duck Tales		8.6	1989-09-01	Capcom	Capcom		LaunchBox community Bayesian (raw 8.6, n=365)=8.6
nes	duck tales 2	Duck Tales 2		8.2	1993-06-01	Capcom	Capcom		LaunchBox community Bayesian (raw 8.3, n=211)=8.2; LaunchBox Community=8.2
nes	duck tales iii duck tales	Duck Tales III (Duck Tales)
nes	ducktales	DuckTales		8.6	1989-09-01	Capcom	Capcom		LaunchBox community Bayesian (raw 8.6, n=365)=8.6
nes	ducktales 2	DuckTales 2		8.2	1993-06-01	Capcom	Capcom		LaunchBox community Bayesian (raw 8.3, n=211)=8.2; LaunchBox Community=8.2
nes	dudes with attitude	Dudes with Attitude		5.0	1990-01-01	Micheal Crick	American Video Entertainment		GameFAQs community=4.9; LaunchBox community Bayesian (raw 4.5, n=37)=5.0; LaunchBox Community=5.0
nes	dungeon magic sword of the elements	Dungeon Magic: Sword of the Elements		6.2	1989-11-10	Natsume	Taito		GameFAQs community=6.1; LaunchBox community Bayesian (raw 6.3, n=73)=6.4; LaunchBox Community=6.2
nes	dusty diamond s all star softball	Dusty Diamond's All-Star Softball	7.8	7.2	1989-10-27	TOSE	Brøderbund Software	MobyGames (n=5)=7.8	GameFAQs community=7.4; LaunchBox community Bayesian (raw 7.0, n=66)=7.0; LaunchBox Community=7.2
nes	dynowarz destruction of spondylus	Dynowarz: Destruction of Spondylus	5.5	5.7	1990-04-01	Advance Communication Company	Bandai America	MobyGames (n=5)=5.5	LaunchBox community Bayesian (raw 5.5, n=74)=5.7; LaunchBox Community=5.7
nes	earthbound	Earthbound
nes	earthbound beginnings	EarthBound Beginnings		7.7					GameFAQs community=7.7; Legacy community=7.7
nes	earthworm jim 3	EarthWorm Jim 3		7.0	1997-01-01	Hummer Software	Ka Sheng		LaunchBox community Bayesian (raw 7.0, n=11)=7.0
nes	egypt	Egypt		7.0	1991-05-31	Human Creative	Human Entertainment		GameFAQs community=6.8; LaunchBox community Bayesian (raw 7.2, n=26)=7.1; LaunchBox Community=7.0
nes	elevator action	Elevator Action	5.5	6.6	1985-06-28	Micronics	Taito	MobyGames (n=5)=5.5	GameFAQs community=6.2; LaunchBox community Bayesian (raw 6.9, n=127)=6.9; LaunchBox Community=6.6
nes	eliminator boat duel	Eliminator Boat Duel	7.1	7.1	1991-11-01	Sculptured Software	Electro Brain	MobyGames (n=5)=7.1	GameFAQs community=6.9; LaunchBox community Bayesian (raw 7.3, n=77)=7.3; LaunchBox Community=7.1
nes	elite	Elite	8.3	6.9	1991-01-01	David Braben	Imagineer	MobyGames (n=5)=8.3	GameFAQs community=7.4; LaunchBox community Bayesian (raw 6.5, n=54)=6.6; LaunchBox Community=6.9
nes	english word blaster	English Word Blaster
nes	excite bike	Excite bike	7.3	7.9	1984-11-28	Nintendo R&D1	Nintendo	MobyGames (n=5)=7.3	LaunchBox community Bayesian (raw 7.9, n=356)=7.9
nes	excitebike	Excitebike	7.3	7.4	1984-11-28	Nintendo R&D1	Nintendo	MobyGames (n=5)=7.3	GameFAQs community=7.0; LaunchBox community Bayesian (raw 7.9, n=356)=7.9; LaunchBox Community=7.4
nes	exodus	Exodus
nes	f 117a stealth fighter	F-117A Stealth Fighter		6.3	1992-12-01	MicroProse Software	MicroProse Software		GameFAQs community=6.1; LaunchBox community Bayesian (raw 6.4, n=52)=6.5; LaunchBox Community=6.3
nes	f 15 city war	F-15 City War		5.8	1990-01-01	Idea-Tek	American Video Entertainment		GameFAQs community=5.9; LaunchBox community Bayesian (raw 5.3, n=32)=5.7; LaunchBox Community=5.8
nes	f 15 strike eagle	F-15 Strike Eagle		6.2	1992-02-01	MicroProse Software	MicroProse Software		GameFAQs community=5.8; LaunchBox community Bayesian (raw 6.5, n=40)=6.6; LaunchBox Community=6.2
nes	famicom wars	Famicom Wars		7.4	1988-08-12	Intelligent Systems	Nintendo		GameFAQs community=7.3; LaunchBox community Bayesian (raw 7.6, n=42)=7.5; LaunchBox Community=7.4
nes	family feud	Family Feud	5.0	5.7	1990-05-01	Beam Software	GameTek	MobyGames (n=5)=5.0	GameFAQs community=5.8; LaunchBox community Bayesian (raw 5.5, n=73)=5.7; LaunchBox Community=5.7
nes	fantasy zone	Fantasy Zone		6.8					GameFAQs community=6.8; Legacy community=6.8
nes	faria a world of mystery and danger	Faria: A World of Mystery and Danger!		6.7	1989-07-21	Game Arts	Nexoft		GameFAQs community=6.3; LaunchBox community Bayesian (raw 7.2, n=68)=7.2; Legacy community=6.7
nes	fatal fury	Fatal Fury
nes	faxanadu	Faxanadu	7.8	7.7	1987-11-16	Hudson Soft	Nintendo	MobyGames (n=5)=7.8	GameFAQs community=7.4; LaunchBox community Bayesian (raw 8.0, n=194)=8.0; LaunchBox Community=7.7
nes	felix the cat	Felix the Cat	7.6	7.5	1992	Shimada Kikaku		MobyGames (n=5)=7.6	GameFAQs community=7.5; Legacy community=7.5
nes	ferrari grand prix challenge	Ferrari Grand Prix Challenge		6.6	1992-06-01	System 3 Software	Acclaim Entertainment		GameFAQs community=6.2; LaunchBox community Bayesian (raw 7.0, n=69)=7.0; LaunchBox Community=6.6
nes	fester s quest	Fester's Quest	5.1	6.0	1989-09-13	Sunsoft	Sunsoft	MobyGames (n=5)=5.1	GameFAQs community=5.5; LaunchBox community Bayesian (raw 6.5, n=115)=6.5; LaunchBox Community=6.0
nes	fifa 97 international soccer	FIFA 97 International Soccer
nes	fighting hero	Fighting Hero		4.1	1991-01-01	Mega Soft	NTDEC		GameFAQs community=1.7; LaunchBox community Bayesian (raw 6.1, n=17)=6.4; LaunchBox Community=4.1
nes	final combat	Final Combat		6.2	1992-01-01	Thin Chen Enterprise	Sachen		GameFAQs community=6.0; LaunchBox community Bayesian (raw 5.9, n=15)=6.3; LaunchBox Community=6.2
nes	final fantasy	Final Fantasy	8.2	8.0	1987-12-18	Square	Nintendo	MobyGames (n=5)=8.2	GameFAQs community=7.8; LaunchBox community Bayesian (raw 8.2, n=346)=8.2; LaunchBox Community=8.0
nes	final fantasy ii	Final Fantasy II		6.7	1988-12-17	Square	Square		GameFAQs community=6.7; LaunchBox community Bayesian (raw 6.8, n=132)=6.8; LaunchBox Community=6.7
nes	final fantasy iii	Final Fantasy III	8.6	7.6	1990-04-27	Square	Square	MobyGames (n=5)=8.6	GameFAQs community=7.6; LaunchBox community Bayesian (raw 7.6, n=140)=7.6
nes	final fight 3	Final Fight 3		7.6	1998-01-01	Hummer Team	JY Company		LaunchBox community Bayesian (raw 7.7, n=38)=7.6; LaunchBox Community=7.6
nes	finalfantasy3	FinalFantasy3	8.6	7.6	1990-04-27	Square	Square	MobyGames (n=5)=8.6	LaunchBox community Bayesian (raw 7.6, n=140)=7.6
nes	fire dragon	Fire Dragon		6.1	1993-01-01	Gamtec	Gamtec		LaunchBox community Bayesian (raw 5.7, n=24)=6.1; LaunchBox Community=6.1
nes	fire emblem	Fire Emblem
nes	fire emblem gaiden	Fire Emblem Gaiden		7.0	1992-03-14	Intelligent Systems	Nintendo		GameFAQs community=7.2; LaunchBox community Bayesian (raw 6.8, n=64)=6.8; LaunchBox Community=7.0
nes	fire emblem shadow dragon and the blade of light	Fire Emblem: Shadow Dragon and the Blade of Light		7.6	1990-04-20	Intelligent Systems	Nintendo		GameFAQs community=7.4; LaunchBox community Bayesian (raw 7.9, n=65)=7.8; LaunchBox Community=7.6
nes	fire hawk	Fire Hawk	7.3	6.7	1991-01-01	Codemasters	Camerica	MobyGames (n=5)=7.3	LaunchBox community Bayesian (raw 6.6, n=33)=6.7; LaunchBox Community=6.7
nes	fire n ice	Fire 'n Ice	8.0	7.8	1992-01-24	Tecmo	Tecmo	MobyGames (n=5)=8.0	GameFAQs community=7.7; LaunchBox community Bayesian (raw 7.9, n=118)=7.8; LaunchBox Community=7.8
nes	firehouse rescue	Firehouse Rescue
nes	fist of the north star	Fist of the North Star	5.2	5.8	1987-04-17	Shouei System	Toei Animation	MobyGames (n=5)=5.2	GameFAQs community=5.1; LaunchBox community Bayesian (raw 6.3, n=78)=6.4; LaunchBox Community=5.8
nes	flight of the intruder	Flight of the Intruder		5.7	1991-05-01	Imagineering	Mindscape		GameFAQs community=6.1; LaunchBox community Bayesian (raw 5.0, n=42)=5.4; LaunchBox Community=5.7
nes	flying dragon the secret scroll	Flying Dragon: The Secret Scroll	5.2	6.3	1987-02-14	Culture Brain	Culture Brain	MobyGames (n=5)=5.2	GameFAQs community=6.0; LaunchBox community Bayesian (raw 6.5, n=74)=6.6; LaunchBox Community=6.3
nes	flying warriors	Flying Warriors		6.0	1991-02-01	Culture Brain	Culture Brain USA		GameFAQs community=7.2; LaunchBox community Bayesian (raw 4.6, n=73)=4.9; LaunchBox Community=6.0
nes	forcity	Forcity
nes	formula one built to win	Formula One: Built to Win		7.3	1990-11-01	Winky Soft	SETA		GameFAQs community=7.3; LaunchBox community Bayesian (raw 7.3, n=82)=7.3
nes	foton the ultimate game on planet earth	Foton: The Ultimate Game on Planet Earth
nes	frankenstein the monster returns	Frankenstein: The Monster Returns	5.0	6.1	1991-07-01	TOSE	Bandai America	MobyGames (n=5)=5.0	GameFAQs community=6.0; LaunchBox community Bayesian (raw 6.1, n=77)=6.2
nes	free fall	Free Fall		5.3	2010-01-01	Color Dreams	NGD Studios		GameFAQs community=3.7; LaunchBox community Bayesian (raw 7.0, n=13)=7.0; LaunchBox Community=5.3
nes	freedom force	Freedom Force		7.0	1988-04-01	Sunsoft	Sunsoft		GameFAQs community=6.4; LaunchBox community Bayesian (raw 7.6, n=68)=7.5; LaunchBox Community=7.0
nes	friday the 13th	Friday the 13th	4.5	5.7	1989-02-10	Atlus	LJN	MobyGames (n=5)=4.5	GameFAQs community=5.0; LaunchBox community Bayesian (raw 6.3, n=131)=6.3; LaunchBox Community=5.7
nes	fun house	Fun House		6.1	1991-01-01	Realtime Associates	Hi-Tech Expressions		GameFAQs community=5.6; LaunchBox community Bayesian (raw 6.4, n=54)=6.5; LaunchBox Community=6.1
nes	fushigi no umi no nadia	Fushigi no Umi no Nadia		6.4	1991-03-15	Advance Communication Company	Toho		LaunchBox community Bayesian (raw 6.2, n=25)=6.4; LaunchBox Community=6.4
nes	fuzzical fighter	Fuzzical Fighter		7.2	1991-05-17	Make Software	Sigma Entertainment		GameFAQs community=7.1; LaunchBox community Bayesian (raw 7.3, n=22)=7.2; LaunchBox Community=7.2
nes	g i joe a real american hero	G.I. Joe: A Real American Hero	8.3	7.5	1991-01-01	KID Corp.		MobyGames=8.3 (n=5 min)	GameFAQs community=7.5
nes	g i joe the atlantis factor	G.I. Joe: The Atlantis Factor		7.3	1992-03-01	Kid	Capcom U.S.A.		GameFAQs community=7.5; LaunchBox community Bayesian (raw 7.2, n=92)=7.2; LaunchBox Community=7.3
nes	gaiapolis	Gaiapolis		5.7	1994-01-01	Thin Chen Enterprise	Sachen		GameFAQs community=5.3; LaunchBox community Bayesian (raw 5.6, n=19)=6.1; LaunchBox Community=5.7
nes	galactic crusader	Galactic Crusader		6.2	1990-01-01	Sachen	Bunch Games		GameFAQs community=6.0; LaunchBox community Bayesian (raw 6.2, n=37)=6.4
nes	galaga	Galaga	7.7		1985	Bandai Namco Studios Inc.		MobyGames (n=5)=7.7
nes	galaga demons of death	Galaga: Demons of Death		7.5	1985-02-15	Namco	Namco		GameFAQs community=7.3; LaunchBox community Bayesian (raw 7.8, n=162)=7.8; LaunchBox Community=7.5
nes	galaxian	GALAXIAN		6.9	1984-09-07	Namco	Namco		GameFAQs community=6.7; LaunchBox community Bayesian (raw 7.2, n=82)=7.2; LaunchBox Community=6.9
nes	galaxy 5000	Galaxy 5000	7.8		1991	Activision, Inc.		MobyGames (n=5)=7.8
nes	ganbare goemon 2	Ganbare Goemon 2		7.6	1989-01-04	Konami	Konami		GameFAQs community=7.8; LaunchBox community Bayesian (raw 7.5, n=37)=7.4; LaunchBox Community=7.6
nes	ganbare goemon gaiden 2 treasures of the world	Ganbare Goemon Gaiden 2: Treasures of the World
nes	ganbare goemon gaiden the missing golden pipe	Ganbare Goemon Gaiden: The Missing Golden Pipe
nes	ganbare goemon karakuri douchuu	Ganbare Goemon!: Karakuri Douchuu		6.9	1986-07-30	Konami	Konami		GameFAQs community=7.5; LaunchBox community Bayesian (raw 6.2, n=51)=6.3; LaunchBox Community=6.9
nes	gargoyle s quest ii	Gargoyle's Quest II	7.9	7.8	1992-07-17	Capcom	Capcom	MobyGames (n=5)=7.9	GameFAQs community=7.5; LaunchBox community Bayesian (raw 8.0, n=134)=7.9; LaunchBox Community=7.8
nes	gargoyle s quest ii the demon darkness	Gargoyle's Quest II: The Demon Darkness
nes	gauntlet	Gauntlet	7.2	6.8	1988-07-01	Tengen	Tengen	MobyGames (n=5)=7.2	GameFAQs community=6.9; LaunchBox community Bayesian (raw 6.8, n=66)=6.8
nes	gauntlet ii	Gauntlet II	7.2	7.0	1990-09-01	Eastridge Technology	Mindscape	MobyGames (n=5)=7.2	GameFAQs community=6.9; LaunchBox community Bayesian (raw 7.1, n=108)=7.1; LaunchBox Community=7.0
nes	gemfire	Gemfire		6.9	1992-06-24	Koei	Koei		GameFAQs community=7.0; LaunchBox community Bayesian (raw 6.7, n=66)=6.7; LaunchBox Community=6.9
nes	genghis khan	Genghis Khan		6.8	1989-04-20	Koei	Koei		GameFAQs community=7.2; LaunchBox community Bayesian (raw 6.2, n=61)=6.3; LaunchBox Community=6.8
nes	george foreman s ko boxing	George Foreman's KO Boxing	4.6	5.6	1992-12-01	Beam Software	Acclaim Entertainment	MobyGames (n=5)=4.6	GameFAQs community=5.1; LaunchBox community Bayesian (raw 5.8, n=47)=6.0; LaunchBox Community=5.6
nes	getsufuu maden	Getsufuu Maden		8.0	1987-07-07	Konami	Konami		LaunchBox community Bayesian (raw 8.2, n=65)=8.0; LaunchBox Community=8.0
nes	ghost lion	Ghost Lion	5.6	6.8	1989-07-14	Kemco	Kemco	MobyGames (n=5)=5.6	GameFAQs community=6.3; LaunchBox community Bayesian (raw 7.2, n=66)=7.2; LaunchBox Community=6.8
nes	ghostbusters	Ghostbusters	2.5	4.3	1986-09-22	Bits Laboratory	Activision	MobyGames (n=5)=2.5	GameFAQs community=3.6; LaunchBox community Bayesian (raw 4.8, n=107)=5.0; LaunchBox Community=4.3
nes	ghostbusters ii	Ghostbusters II	4.8	5.4	1990-04-01	Imagineering	Activision	MobyGames (n=5)=4.8	GameFAQs community=4.9; LaunchBox community Bayesian (raw 5.8, n=87)=5.9; LaunchBox Community=5.4
nes	ghosts n goblins	Ghosts 'n Goblins		6.8	1986-06-13	Micronics	Capcom		GameFAQs community=6.3; LaunchBox community Bayesian (raw 7.4, n=233)=7.4; LaunchBox Community=6.8
nes	ghoul school	Ghoul School	3.3	6.5	1992-03-01	Imagineering	Electro Brain	MobyGames (n=5)=3.3	GameFAQs community=6.0; LaunchBox community Bayesian (raw 7.0, n=77)=7.0; LaunchBox Community=6.5
nes	glk dance by fengli	GLK Dance by FengLi
nes	go go nekketu hockey club multi sport battle	Go Go! Nekketu Hockey Club: Multi-Sport Battle
nes	goal	Goal!	5.1	5.8	1988-12-22	TOSE	Jaleco	MobyGames (n=5)=5.1	GameFAQs community=5.7; LaunchBox community Bayesian (raw 5.6, n=59)=5.8; LaunchBox Community=5.8
nes	goal two	Goal! Two	5.5	6.2	1992-11-01	TOSE	Jaleco	MobyGames (n=5)=5.5	GameFAQs community=6.2; LaunchBox community Bayesian (raw 6.1, n=53)=6.2; LaunchBox Community=6.2
nes	godzilla 2 war of the monsters	Godzilla 2: War of the Monsters		6.2	1992-02-01	Toho	Toho		GameFAQs community=5.4; LaunchBox community Bayesian (raw 7.0, n=63)=7.0; LaunchBox Community=6.2
nes	godzilla monster of monsters	Godzilla: Monster of Monsters	5.1	6.1	1988-12-09	Compile	Toho	MobyGames (n=5)=5.1	GameFAQs community=6.4; LaunchBox community Bayesian (raw 5.7, n=82)=5.8; LaunchBox Community=6.1
nes	gold medal challenge 92	Gold Medal Challenge '92	7.8		1992	Capcom Co., Ltd.		MobyGames (n=5)=7.8
nes	golf	Golf	5.7	6.1	1984-05-01	Nintendo	Nintendo	MobyGames (n=5)=5.7	GameFAQs community=5.9; LaunchBox community Bayesian (raw 6.2, n=116)=6.3; LaunchBox Community=6.1
nes	golf grand slam	Golf Grand Slam		5.9	1991-01-31	TOSE	Atlus		GameFAQs community=5.6; LaunchBox community Bayesian (raw 6.0, n=44)=6.2; LaunchBox Community=5.9
nes	golgo 13 top secret episode	Golgo 13: Top Secret Episode		6.6	1988-03-26	Vic Tokai	Vic Tokai		GameFAQs community=6.4; LaunchBox community Bayesian (raw 6.8, n=90)=6.8; LaunchBox Community=6.6
nes	gotcha the sport	Gotcha! The Sport!		5.2	1987-11-01	Sanritsu Denki	LJN		GameFAQs community=5.3; LaunchBox community Bayesian (raw 4.7, n=49)=5.1; LaunchBox Community=5.2
nes	gradius	Gradius	7.8	7.5	1986-04-25	Konami	Konami	MobyGames (n=5)=7.8	GameFAQs community=7.3; LaunchBox community Bayesian (raw 7.7, n=212)=7.7; LaunchBox Community=7.5
nes	gradius ii	Gradius II		7.8	1988-12-16	Konami	Konami		GameFAQs community=7.7; LaunchBox community Bayesian (raw 8.0, n=86)=7.9; LaunchBox Community=7.8
nes	grand combat	Grand Combat		7.7	1990-01-01				LaunchBox community Bayesian (raw 8.5, n=8)=7.7; LaunchBox Community=7.7
nes	great wall the sachen	Great Wall, The (Sachen)
nes	greg norman s golf power	Greg Norman's Golf Power		5.5	1992-07-01	Gremlin Graphics Software	Virgin Interactive Entertainment		GameFAQs community=5.0; LaunchBox community Bayesian (raw 5.7, n=37)=6.0; LaunchBox Community=5.5
nes	gremlins 2 the new batch	Gremlins 2: The New Batch	7.7	7.5	1990-10-01	Sunsoft	Sunsoft	MobyGames (n=5)=7.7	GameFAQs community=7.2; LaunchBox community Bayesian (raw 7.7, n=114)=7.6; LaunchBox Community=7.5
nes	guerrilla war	Guerrilla War	7.9	7.6	1988-12-26	SNK	SNK	MobyGames (n=5)=7.9	GameFAQs community=7.5; LaunchBox community Bayesian (raw 7.7, n=119)=7.6; LaunchBox Community=7.6
nes	gumshoe	Gumshoe		6.2	1986-06-06	Nintendo	Nintendo		GameFAQs community=5.8; LaunchBox community Bayesian (raw 6.4, n=72)=6.5; LaunchBox Community=6.2
nes	gun nac	Gun Nac	8.1	8.1	1990-10-05	Compile	ASCII Entertainment Software	MobyGames (n=5)=8.1	GameFAQs community=8.0; LaunchBox community Bayesian (raw 8.2, n=153)=8.1; LaunchBox Community=8.1
nes	gun smoke	Gun.Smoke	7.4	7.7	1988-02-01	Capcom	Capcom	MobyGames (n=5)=7.4	GameFAQs community=7.4; LaunchBox community Bayesian (raw 8.0, n=187)=7.9; LaunchBox Community=7.7
nes	gyromite	Gyromite		5.9	1985-08-13	Nintendo	Nintendo		GameFAQs community=6.0; LaunchBox community Bayesian (raw 5.8, n=85)=5.9; LaunchBox Community=5.9
nes	gyruss	Gyruss		7.5	1989-02-01	Konami	Ultra Games		GameFAQs community=7.4; LaunchBox community Bayesian (raw 7.7, n=117)=7.6; LaunchBox Community=7.5
nes	hammerin harry	Hammerin' Harry		7.6	1991-11-15	Irem	Irem		GameFAQs community=7.2; LaunchBox community Bayesian (raw 8.0, n=65)=7.9; LaunchBox Community=7.6
nes	happy pairs	Happy Pairs		4.9	1991-01-01	Sachen	Sachen		GameFAQs community=3.3; LaunchBox community Bayesian (raw 6.2, n=12)=6.6; LaunchBox Community=4.9
nes	harlem globetrotters	Harlem Globetrotters		4.7	1991-03-01	Softie	GameTek		GameFAQs community=4.1; LaunchBox community Bayesian (raw 4.8, n=50)=5.2; LaunchBox Community=4.7
nes	harry s legend	Harry's Legend		7.4	2001-01-01	Hummer Team	Hummer Tecnnology		LaunchBox community Bayesian (raw 7.7, n=14)=7.4; LaunchBox Community=7.4
nes	hatris	Hatris		6.3	1990-07-06	Bullet-Proof Software	Bullet-Proof Software		GameFAQs community=5.7; LaunchBox community Bayesian (raw 6.9, n=70)=6.9; LaunchBox Community=6.3
nes	heavy barrel	Heavy Barrel	7.0	7.0	1990-03-02	Data East	Data East	MobyGames (n=5)=7.0	GameFAQs community=6.9; LaunchBox community Bayesian (raw 7.2, n=93)=7.2; LaunchBox Community=7.0
nes	heavy shreddin	Heavy Shreddin'		5.2					GameFAQs community=5.2; Legacy community=5.2
nes	hell fighter sachen	Hell Fighter (Sachen)		1.7					GameFAQs community=1.7; Legacy community=1.7
nes	hello kitty no ohanabatake	Hello Kitty no Ohanabatake
nes	hello kitty world	Hello Kitty World		7.1	1992-03-27	Pax Softnica	Character Soft		GameFAQs community=7.1; LaunchBox community Bayesian (raw 7.2, n=41)=7.2; LaunchBox Community=7.1
nes	herakles no eikou 2 titan no metsubou	Herakles no Eikou 2: Titan no Metsubou
nes	hero quest	Hero Quest		6.6		Gremlin Graphics Software			LaunchBox community Bayesian (raw 6.4, n=22)=6.6; LaunchBox Community=6.6
nes	high speed	High Speed		6.6	1991-07-01	Rare	Tradewest		GameFAQs community=6.1; LaunchBox community Bayesian (raw 7.1, n=59)=7.1; LaunchBox Community=6.6
nes	hirake ponkikki	Hirake! Ponkikki		6.2	1992-04-17	Minato Giken	Takara		GameFAQs community=5.6; LaunchBox community Bayesian (raw 6.6, n=15)=6.8; LaunchBox Community=6.2
nes	hit the ice	Hit the Ice
nes	hogan s alley	Hogan's Alley	5.4	6.6	1984-06-12	Nintendo	Nintendo	MobyGames (n=5)=5.4	GameFAQs community=6.4; LaunchBox community Bayesian (raw 6.8, n=116)=6.8; LaunchBox Community=6.6
nes	hollywood squares	Hollywood Squares	4.0	5.9	1989-09-01	Rare	GameTek	MobyGames (n=5)=4.0	GameFAQs community=5.4; LaunchBox community Bayesian (raw 6.2, n=53)=6.3; LaunchBox Community=5.9
nes	holy diver	Holy Diver		7.7	1989-04-28	Irem	Irem		GameFAQs community=7.1; LaunchBox community Bayesian (raw 8.4, n=55)=8.2; LaunchBox Community=7.7
nes	home alone	Home Alone	3.2	4.1	1991-10-01	Bethesda Softworks	THQ	MobyGames (n=5)=3.2	GameFAQs community=3.2; LaunchBox community Bayesian (raw 4.6, n=61)=4.9; LaunchBox Community=4.1
nes	home alone 2 lost in new york	Home Alone 2: Lost in New York	3.0	4.2	1992-10-01	Imagineering	THQ	MobyGames (n=5)=3.0	GameFAQs community=3.9; LaunchBox community Bayesian (raw 3.9, n=56)=4.4; LaunchBox Community=4.2
nes	hook	Hook	4.8	5.5	1992-03-27	Painting by Numbers	Ocean Software	MobyGames (n=5)=4.8	GameFAQs community=5.3; LaunchBox community Bayesian (raw 5.6, n=58)=5.8; LaunchBox Community=5.5
nes	hoops	Hoops		5.5	1988-11-22	Aicom	Jaleco		GameFAQs community=5.3; LaunchBox community Bayesian (raw 5.4, n=46)=5.7; LaunchBox Community=5.5
nes	hot dance 2000	Hot Dance 2000		7.0	2000-01-01	NTDEC	NTDEC		LaunchBox community Bayesian (raw 7.0, n=2)=7.0
nes	hot slots	Hot Slots		4.1	1991-01-01	Idea-Tek	Panesian		GameFAQs community=2.0; LaunchBox community Bayesian (raw 5.6, n=22)=6.0; LaunchBox Community=4.1
nes	hottaaman no chisoko tanken	Hottaaman no Chisoko Tanken
nes	hudson hawk	Hudson Hawk	4.2	5.0	1991-12-27	Ocean Software	Sony Imagesoft	MobyGames (n=5)=4.2	GameFAQs community=4.5; LaunchBox community Bayesian (raw 5.0, n=41)=5.4
nes	hudson s adventure island	Hudson's Adventure Island
nes	hudson s adventure island ii	Hudson's Adventure Island II
nes	hudson s adventure island iii	Hudson's Adventure Island III
nes	hudson s adventure island iv	Hudson's Adventure Island IV
nes	huge insect	Huge Insect		5.0	2002-01-01	Thin Chen Enterprise	Sachen		GameFAQs community=3.0; LaunchBox community Bayesian (raw 6.3, n=3)=6.8; LaunchBox Community=5.0
nes	hyaku no sekai no monogatari the tales on a watery wilderness	Hyaku no Sekai no Monogatari: The Tales on a Watery Wilderness		7.3	1991-08-09	ASK Kodansha	ASK Kodansha		GameFAQs community=7.8; LaunchBox community Bayesian (raw 6.7, n=19)=6.8; LaunchBox Community=7.3
nes	hydlide	Hydlide	3.4	4.6	1986-03-18	T&E Soft	FCI	MobyGames (n=5)=3.4	GameFAQs community=4.3; LaunchBox community Bayesian (raw 4.6, n=72)=4.9
nes	i can remember	I Can Remember
nes	ice climber	Ice Climber		6.7	1985-01-30	Nintendo	Nintendo		GameFAQs community=6.5; LaunchBox community Bayesian (raw 6.9, n=220)=6.9; LaunchBox Community=6.7
nes	ice hockey	Ice Hockey	8.0	7.4	1988-04-15	Pax Softnica	Nintendo	MobyGames (n=5)=8.0	GameFAQs community=7.2; LaunchBox community Bayesian (raw 7.7, n=142)=7.7; LaunchBox Community=7.4
nes	ikari iii the rescue	Ikari III: The Rescue	5.7	6.3	1990-03-16	SNK	SNK	MobyGames (n=5)=5.7	GameFAQs community=5.8; LaunchBox community Bayesian (raw 6.7, n=69)=6.7; LaunchBox Community=6.3
nes	ikari warriors	Ikari Warriors	4.3	5.4	1986-11-26	Micronics	SNK	MobyGames (n=5)=4.3	GameFAQs community=4.9; LaunchBox community Bayesian (raw 5.8, n=108)=5.9; LaunchBox Community=5.4
nes	ikari warriors ii victory road	Ikari Warriors II: Victory Road	4.5	5.2	1988-04-16	Micronics	SNK	MobyGames (n=5)=4.5	GameFAQs community=4.7; LaunchBox community Bayesian (raw 5.5, n=89)=5.7; LaunchBox Community=5.2
nes	ike ike nekketsu hockey bu subette koronde dai rantou	Ike Ike! Nekketsu Hockey Bu: Subette Koronde Dai Rantou
nes	image fight	Image Fight		6.8	1990-03-16	Irem	Irem		GameFAQs community=6.9; LaunchBox community Bayesian (raw 6.7, n=58)=6.7; LaunchBox Community=6.8
nes	impossible mission ii	Impossible Mission II		4.9	1989-01-01	Novotrade Software	American Video Entertainment		GameFAQs community=4.8; LaunchBox community Bayesian (raw 4.6, n=44)=5.0; LaunchBox Community=4.9
nes	indiana jones and the last crusade	Indiana Jones and the Last Crusade		6.1	1991-03-01	Software Creations	Taito		GameFAQs community=6.2; LaunchBox community Bayesian (raw 5.9, n=71)=6.0; LaunchBox Community=6.1
nes	indiana jones and the temple of doom	Indiana Jones and the Temple of Doom	5.2	5.4	1988-12-01	Tengen	Mindscape	MobyGames (n=5)=5.2	GameFAQs community=4.9; LaunchBox community Bayesian (raw 5.6, n=69)=5.8; LaunchBox Community=5.4
nes	infiltrator ii	Infiltrator II
nes	iron tank	Iron Tank
nes	iron tank the invasion of normandy	Iron Tank: The Invasion of Normandy	7.9	7.1	1988-07-29	SNK	SNK	MobyGames (n=5)=7.9	GameFAQs community=6.8; LaunchBox community Bayesian (raw 7.4, n=91)=7.4; LaunchBox Community=7.1
nes	ironsword wizards and warriors ii	Ironsword: Wizards & Warriors II		6.9	1989-12-01	Zippo Games	Acclaim Entertainment		GameFAQs community=6.4; LaunchBox community Bayesian (raw 7.4, n=111)=7.4; LaunchBox Community=6.9
nes	isolated warrior	Isolated Warrior	7.6	7.3	1991-02-15	Kid	Nintendo	MobyGames (n=5)=7.6	GameFAQs community=7.0; LaunchBox community Bayesian (raw 7.6, n=75)=7.5; LaunchBox Community=7.3
nes	ivan ironman stewart s super off road	Ivan ''Ironman'' Stewart's Super Off Road	7.3	7.5	1990-04-01	Rare	Tradewest	MobyGames (n=5)=7.3	GameFAQs community=7.0; LaunchBox community Bayesian (raw 8.0, n=93)=7.9; LaunchBox Community=7.5
nes	jack nicklaus greatest 18 holes of major championship golf	Jack Nicklaus' Greatest 18 Holes of Major Championship Golf		5.7	1990-03-01	Konami	Konami		GameFAQs community=5.2; LaunchBox community Bayesian (raw 6.0, n=47)=6.2; LaunchBox Community=5.7
nes	jackal	Jackal	7.8	8.0	1988-10-01	Konami	Konami	MobyGames (n=5)=7.8	GameFAQs community=7.8; LaunchBox community Bayesian (raw 8.3, n=181)=8.2; LaunchBox Community=8.0
nes	jackie chan s action kung fu	Jackie Chan's Action Kung Fu	7.7	7.7	1990-12-01	Now Production	Hudson Soft	MobyGames (n=5)=7.7	GameFAQs community=7.4; LaunchBox community Bayesian (raw 8.0, n=111)=7.9; LaunchBox Community=7.7
nes	jajamaru gekimaden maboroshi no kinmajou	JaJaMaru Gekimaden: Maboroshi no Kinmajou		7.1	1990-05-29	Jaleco	Jaleco		GameFAQs community=7.5; LaunchBox community Bayesian (raw 6.8, n=22)=6.9; LaunchBox Community=7.1
nes	jaws	Jaws	4.1	5.8	1987-11-01	Escape	LJN	MobyGames (n=5)=4.1	GameFAQs community=5.1; LaunchBox community Bayesian (raw 6.5, n=118)=6.5; LaunchBox Community=5.8
nes	jeopardy	Jeopardy!	7.4	6.2	1988-09-01	Rare	GameTek	MobyGames (n=5)=7.4	GameFAQs community=5.8; LaunchBox community Bayesian (raw 6.5, n=51)=6.6; LaunchBox Community=6.2
nes	jeopardy 25th anniversary edition	Jeopardy!: 25th Anniversary Edition		6.1	1990-06-01	Rare	GameTek		GameFAQs community=5.5; LaunchBox community Bayesian (raw 6.5, n=38)=6.6; LaunchBox Community=6.1
nes	jeopardy junior edition	Jeopardy!: Junior Edition		6.4	1989-10-01	Rare	GameTek		GameFAQs community=5.9; LaunchBox community Bayesian (raw 6.8, n=45)=6.8; LaunchBox Community=6.4
nes	jim henson s muppet adventure chaos at the carnival	Jim Henson's Muppet Adventure: Chaos at the Carnival		5.0					GameFAQs community=5.0; Legacy community=5.0
nes	jimmy connors tennis	Jimmy Connors Tennis		6.7	1993-11-01	NMS Software	Ubi Soft Entertainment Software		GameFAQs community=6.7; LaunchBox community Bayesian (raw 6.6, n=46)=6.7; LaunchBox Community=6.7
nes	john elway s quarterback	John Elway's Quarterback		4.7	1989-03-01	Rare	Tradewest		GameFAQs community=4.4; LaunchBox community Bayesian (raw 4.5, n=43)=5.0; LaunchBox Community=4.7
nes	jordan vs bird one on one	Jordan vs. Bird: One on One	4.6	5.6	1989-08-01	Rare	Milton Bradley	MobyGames (n=5)=4.6	GameFAQs community=5.3; LaunchBox community Bayesian (raw 5.7, n=55)=5.9; LaunchBox Community=5.6
nes	joshua	Joshua
nes	journey to silius	Journey to Silius	7.7	7.6	1990-08-10	Sunsoft	Sunsoft	MobyGames (n=5)=7.7	GameFAQs community=7.6; LaunchBox community Bayesian (raw 7.7, n=146)=7.7
nes	joust	Joust		6.5	1987-10-30	HAL Laboratory	HAL Laboratory		GameFAQs community=6.2; LaunchBox community Bayesian (raw 6.7, n=95)=6.7; LaunchBox Community=6.5
nes	jovial race	Jovial Race		6.2	1989-01-01	Joy Van	Thin Chen Enterprise		GameFAQs community=5.7; LaunchBox community Bayesian (raw 6.6, n=16)=6.8; LaunchBox Community=6.2
nes	joy mech fight	Joy Mech Fight		7.4	1993-05-21	Nintendo R&D1	Nintendo		GameFAQs community=7.7; LaunchBox community Bayesian (raw 7.1, n=40)=7.1; LaunchBox Community=7.4
nes	joypad test cartridge	Joypad Test Cartridge
nes	jurassic boy	Jurassic Boy		5.8					GameFAQs community=5.8; Legacy community=5.8
nes	jurassic park	Jurassic Park	7.4	6.7	1993-06-01	Ocean of America	Ocean Software	MobyGames (n=5)=7.4	GameFAQs community=6.3; LaunchBox community Bayesian (raw 7.1, n=96)=7.1; LaunchBox Community=6.7
nes	just breed	Just Breed		7.6	1992-12-15	Random House	Enix		GameFAQs community=8.0; LaunchBox community Bayesian (raw 7.4, n=36)=7.3; LaunchBox Community=7.6
nes	juuouki	Juuouki		6.2	1990-07-20	Interlink	Asmik		GameFAQs community=6.3; LaunchBox community Bayesian (raw 5.9, n=36)=6.1; LaunchBox Community=6.2
nes	kabuki quantum fighter	Kabuki: Quantum Fighter	7.7	7.7	1990-12-21	Human Entertainment	HAL America	MobyGames (n=5)=7.7	GameFAQs community=7.3; LaunchBox community Bayesian (raw 8.1, n=109)=8.0; LaunchBox Community=7.7
nes	kaijuu monogatari	Kaijuu Monogatari		6.6	1988-11-18	Birthday	Namco		GameFAQs community=6.4; LaunchBox community Bayesian (raw 6.5, n=17)=6.7; LaunchBox Community=6.6
nes	kaiketsu yancha maru 2 karakuri land	Kaiketsu Yancha Maru 2: Karakuri Land		6.9	1991-08-30	Irem	Irem		GameFAQs community=7.3; LaunchBox community Bayesian (raw 6.4, n=27)=6.6; Legacy community=6.9
nes	kaiketsu yanchamaru 2 karakuri land	Kaiketsu Yanchamaru 2: Karakuri Land		6.6	1991-08-30	Irem	Irem		LaunchBox community Bayesian (raw 6.4, n=27)=6.6; LaunchBox Community=6.6
nes	kaiketsu yanchamaru 3 taiketsu zouringen	Kaiketsu Yanchamaru 3: Taiketsu! Zouringen		7.3	1993-03-30	Khaos	Irem		LaunchBox community Bayesian (raw 7.4, n=39)=7.3; LaunchBox Community=7.3
nes	kanshakudama nage kantarou no toukaidou gojuusan tsugi	Kanshakudama Nage Kantarou no Toukaidou Gojuusan Tsugi		6.3	1986-07-03	Sunsoft	Sunsoft		GameFAQs community=6.4; LaunchBox community Bayesian (raw 6.1, n=29)=6.3; LaunchBox Community=6.3
nes	karate champ	Karate Champ	2.1	5.0	1986-12-01	Data East	Data East USA	MobyGames (n=5)=2.1	GameFAQs community=4.6; LaunchBox community Bayesian (raw 5.2, n=65)=5.4; LaunchBox Community=5.0
nes	karnov	Karnov	6.8	6.6	1987-12-18	Sakata SAS	Namco	MobyGames (n=5)=6.8	GameFAQs community=6.4; LaunchBox community Bayesian (raw 6.8, n=100)=6.8; LaunchBox Community=6.6
nes	kero kero keroppi no daibouken	Kero Kero Keroppi no Daibouken		6.8	1991-03-29	Pax Softnica	Character Soft		GameFAQs community=6.3; LaunchBox community Bayesian (raw 7.4, n=20)=7.3; LaunchBox Community=6.8
nes	kero kero keroppi no daibouken 2 donuts ike ha oosawagi	Kero Kero Keroppi no Daibouken 2: Donuts Ike ha Oosawagi		7.1					GameFAQs community=7.1; Legacy community=7.1
nes	keroppi to keroriinu no splash bomb	Keroppi to Keroriinu no Splash Bomb!		7.1	1993-12-01	Geo Factory	Character Soft		GameFAQs community=6.7; LaunchBox community Bayesian (raw 7.7, n=20)=7.5; LaunchBox Community=7.1
nes	kick master	Kick Master	7.5	7.8	1992	KID Corp.	Taito America	MobyGames (n=5)=7.5	LaunchBox community Bayesian (raw 7.9, n=104)=7.8; LaunchBox Community=7.8
nes	kickle cubicle	Kickle Cubicle	8.0	7.8	1988-06-29	Irem	Irem	MobyGames (n=5)=8.0	GameFAQs community=7.5; LaunchBox community Bayesian (raw 8.1, n=102)=8.0; LaunchBox Community=7.8
nes	kid dracula	Kid Dracula
nes	kid icarus	Kid Icarus	7.5	7.3	1987-07-01	TOSE	Nintendo	MobyGames (n=5)=7.5	GameFAQs community=7.0; LaunchBox community Bayesian (raw 7.6, n=242)=7.6; LaunchBox Community=7.3
nes	kid klown	Kid Klown
nes	kid klown in night mayor world	Kid Klown in Night Mayor World		6.5	1993-04-01	Kemco	Kemco		GameFAQs community=6.8; LaunchBox community Bayesian (raw 6.1, n=61)=6.2; LaunchBox Community=6.5
nes	kid kool and the quest for the 7 wonder herbs	Kid Kool and the Quest for the 7 Wonder Herbs
nes	kid niki 3	Kid Niki 3
nes	kid niki radical ninja	Kid Niki: Radical Ninja	7.1	6.4	1987-10-02	TOSE	Data East USA	MobyGames (n=5)=7.1	GameFAQs community=6.6; LaunchBox community Bayesian (raw 6.3, n=77)=6.4; LaunchBox Community=6.4
nes	king neptune s adventure	King Neptune's Adventure		4.8	1990-01-01	Color Dreams	Color Dreams		GameFAQs community=4.2; LaunchBox community Bayesian (raw 4.8, n=30)=5.3
nes	king of fighters 97 the by rex soft	King of Fighters 97, The by Rex Soft
nes	king s knight	King's Knight	5.0	5.7	1986-09-18	Workss	Squaresoft	MobyGames (n=5)=5.0	GameFAQs community=5.2; LaunchBox community Bayesian (raw 5.9, n=68)=6.0; LaunchBox Community=5.7
nes	king s quest v	King's Quest V		6.5	1992-06-01	Novotrade Software	Konami		GameFAQs community=6.3; LaunchBox community Bayesian (raw 6.7, n=57)=6.7; LaunchBox Community=6.5
nes	kings of the beach	Kings of the Beach	9.0		1989			MobyGames (n=5)=9.0
nes	kirby s adventure	Kirby's Adventure	8.8	8.5	1993-03-26	HAL Laboratory	Nintendo	MobyGames (n=5)=8.8	GameFAQs community=8.2; LaunchBox community Bayesian (raw 8.7, n=436)=8.7; LaunchBox Community=8.5
nes	kiwi kraze a bird brained adventure	Kiwi Kraze: A Bird-Brained Adventure!		6.6	1991-03-01	Software Creations	Ocean Software		LaunchBox community Bayesian (raw 6.5, n=70)=6.6; LaunchBox Community=6.6
nes	klash ball	Klash Ball		5.9	1991-06-01	Sofel	Sofel		LaunchBox community Bayesian (raw 5.6, n=37)=5.9; LaunchBox Community=5.9
nes	klax	Klax	7.7	6.7	1990-07-01	Tengen	Hudson Soft	MobyGames (n=5)=7.7	GameFAQs community=6.7; LaunchBox community Bayesian (raw 6.8, n=71)=6.8; LaunchBox Community=6.7
nes	knight rider	Knight Rider	5.2	5.3	1988-09-30	Pack-In-Video	Acclaim Entertainment	MobyGames (n=5)=5.2	GameFAQs community=5.2; LaunchBox community Bayesian (raw 5.0, n=58)=5.3; LaunchBox Community=5.3
nes	korean igo	Korean Igo		7.5	1993-05-31	DreamTech			LaunchBox community Bayesian (raw 8.1, n=7)=7.5; LaunchBox Community=7.5
nes	kouryuu densetsu villgust gaiden	Kouryuu Densetsu Villgust Gaiden		6.4	1993-07-30	TOSE	Angel		LaunchBox community Bayesian (raw 6.1, n=18)=6.4; LaunchBox Community=6.4
nes	krazy kreatures	Krazy Kreatures		6.2	1990-01-01	Bitmasters	American Video Entertainment		GameFAQs community=6.1; LaunchBox community Bayesian (raw 6.3, n=45)=6.4; LaunchBox Community=6.2
nes	krusty s fun house	Krusty's Fun House		5.8	1992-09-01	Audiogenic Software	Acclaim Entertainment		GameFAQs community=5.3; LaunchBox community Bayesian (raw 6.0, n=60)=6.1; LaunchBox Community=5.8
nes	kung fu	Kung Fu		7.0	1985-06-21	Irem	Nintendo		GameFAQs community=6.6; LaunchBox community Bayesian (raw 7.5, n=238)=7.5; LaunchBox Community=7.0
nes	kung fu heroes	Kung-Fu Heroes		6.7	1986-06-20	Micro Academy	Culture Brain USA		GameFAQs community=6.1; LaunchBox community Bayesian (raw 7.4, n=91)=7.4; LaunchBox Community=6.7
nes	kunio kun s nekketsu soccer league	Kunio-kun's Nekketsu Soccer League
nes	kyatto ninja teyandee	Kyatto Ninja Teyandee
nes	l empereur	L'Empereur		7.5					GameFAQs community=7.5
nes	labyrinth	Labyrinth
nes	laser invasion	Laser Invasion		6.3	1991-03-15	Konami	Konami		GameFAQs community=6.4; LaunchBox community Bayesian (raw 6.0, n=43)=6.2; LaunchBox Community=6.3
nes	last action hero	Last Action Hero		4.5	1993-10-01	Teeny Weeny Games	Sony Imagesoft		GameFAQs community=3.7; LaunchBox community Bayesian (raw 4.8, n=49)=5.2; LaunchBox Community=4.5
nes	lee trevino s fighting golf	Lee Trevino's Fighting Golf		6.0	1988-03-24	SNK	SNK		GameFAQs community=5.4; LaunchBox community Bayesian (raw 6.4, n=48)=6.5; LaunchBox Community=6.0
nes	legacy of the wizard	Legacy of the Wizard		7.0	1987-07-10	Compile	Brøderbund Software		GameFAQs community=6.9; LaunchBox community Bayesian (raw 7.2, n=85)=7.2; LaunchBox Community=7.0
nes	legend of the ghost lion	Legend of the Ghost Lion
nes	legendary wings	Legendary Wings	6.9	6.8	1988-07-01	Capcom	Capcom	MobyGames (n=5)=6.9	GameFAQs community=6.6; LaunchBox community Bayesian (raw 7.0, n=93)=7.0; LaunchBox Community=6.8
nes	legends of the diamond	Legends of the Diamond
nes	lemmings	Lemmings	7.6	6.9	1992-11-01	Ocean Software	Ocean Software	MobyGames (n=5)=7.6	GameFAQs community=6.7; LaunchBox community Bayesian (raw 7.1, n=62)=7.1; LaunchBox Community=6.9
nes	lethal weapon	Lethal Weapon	3.7	5.8	1993-04-01	Eurocom Developments	Ocean Software	MobyGames (n=5)=3.7	GameFAQs community=5.3; LaunchBox community Bayesian (raw 6.2, n=58)=6.3; LaunchBox Community=5.8
nes	life force	Life Force	8.5	7.9	1987-09-25	Konami	Konami	MobyGames (n=5)=8.5	GameFAQs community=7.8; LaunchBox community Bayesian (raw 8.1, n=218)=8.1; LaunchBox Community=7.9
nes	linus spacehead s cosmic crusade	Linus Spacehead's Cosmic Crusade		6.1	1992-01-01	Codemasters	Camerica		GameFAQs community=5.9; LaunchBox community Bayesian (raw 6.0, n=42)=6.2; LaunchBox Community=6.1
nes	little league baseball championship series	Little League Baseball: Championship Series		7.4	1989-10-06	SNK	SNK		GameFAQs community=7.5; LaunchBox community Bayesian (raw 7.3, n=51)=7.3; LaunchBox Community=7.4
nes	little magic	Little Magic		6.8	1990-09-14	Data East	Data East		GameFAQs community=6.9; LaunchBox community Bayesian (raw 6.6, n=14)=6.8; LaunchBox Community=6.8
nes	little nemo the dream master	Little Nemo: The Dream Master	7.9	7.7	1990-09-01	Capcom	Capcom	MobyGames (n=5)=7.9	GameFAQs community=7.6; LaunchBox community Bayesian (raw 7.9, n=174)=7.9; LaunchBox Community=7.7
nes	little ninja brothers	Little Ninja Brothers	7.6	7.1	1989-05-26	Culture Brain	Culture Brain	MobyGames (n=5)=7.6	GameFAQs community=7.2; LaunchBox community Bayesian (raw 7.0, n=57)=7.0; LaunchBox Community=7.1
nes	little red hood	Little Red Hood		3.4	1989-01-01	Sachen	Sachen		GameFAQs community=2.0; LaunchBox community Bayesian (raw 3.9, n=29)=4.7; LaunchBox Community=3.4
nes	little samson	Little Samson	8.4	8.1	1992-06-26	Takeru	Taito	MobyGames (n=5)=8.4	GameFAQs community=8.2; LaunchBox community Bayesian (raw 8.1, n=140)=8.0
nes	locksmith	Locksmith		5.4	1991-01-01	Thin Chen Enterprise	Sachen		GameFAQs community=4.0; LaunchBox community Bayesian (raw 6.5, n=13)=6.7; LaunchBox Community=5.4
nes	lode runner	Lode Runner		6.8	1984-07-31	Hudson Soft	Hudson Soft		GameFAQs community=6.5; LaunchBox community Bayesian (raw 7.0, n=111)=7.0; LaunchBox Community=6.8
nes	loopz	Loopz		6.0	1990-10-01	B.I.T.S.	Mindscape		GameFAQs community=6.1; LaunchBox community Bayesian (raw 5.8, n=45)=6.0; LaunchBox Community=6.0
nes	low g man the low gravity man	Low G Man: The Low Gravity Man	6.9	6.8	1990-09-01	Kid	Taxan USA	MobyGames (n=5)=6.9	GameFAQs community=6.8; LaunchBox community Bayesian (raw 6.8, n=71)=6.8
nes	lucky 777 sachen	Lucky 777 (Sachen)
nes	lunar pool	Lunar Pool		6.8	1985-12-05	Compile	FCI		GameFAQs community=6.8; LaunchBox community Bayesian (raw 6.9, n=79)=6.9; LaunchBox Community=6.8
nes	lupin sansei pandora no isan	Lupin Sansei: Pandora no Isan		7.0	1987-11-06	TOSE	Namco		GameFAQs community=7.2; LaunchBox community Bayesian (raw 6.8, n=26)=6.9; LaunchBox Community=7.0
nes	m and m heroes	M&M Heroes		6.9	1998-01-01	Fuzhou Waixing Computer Science & Technology	Fuzhou Waixing Computer Science & Technology		LaunchBox community Bayesian (raw 6.7, n=6)=6.9; LaunchBox Community=6.9
nes	m c kids	M.C Kids	7.0	6.9	1992-02-01	Virgin Games	Virgin Games	MobyGames (n=5)=7.0	GameFAQs community=6.6; LaunchBox community Bayesian (raw 7.3, n=70)=7.3; LaunchBox Community=6.9
nes	m u l e	M.U.L.E		6.6	1990-09-01	Eastridge Technology	Mindscape		GameFAQs community=7.0; LaunchBox community Bayesian (raw 6.1, n=52)=6.2; LaunchBox Community=6.6
nes	m u s c l e	M.U.S.C.L.E.
nes	mach rider	Mach Rider		5.8	1985-10-18	HAL Laboratory	Nintendo		GameFAQs community=6.0; LaunchBox community Bayesian (raw 5.5, n=87)=5.7; LaunchBox Community=5.8
nes	mad max	Mad Max	3.4	5.1	1990-07-01	Gray Matter	Mindscape	MobyGames (n=5)=3.4	GameFAQs community=4.3; LaunchBox community Bayesian (raw 5.8, n=57)=6.0; LaunchBox Community=5.1
nes	mafat conspiracy golgo 13	Mafat Conspiracy: Golgo 13		6.6					GameFAQs community=6.6; Legacy community=6.6
nes	magic block	Magic Block		3.1					GameFAQs community=3.1; Legacy community=3.1
nes	magic carpet 1001	Magic Carpet 1001		5.6					GameFAQs community=5.6; Legacy community=5.6
nes	magic cubes	Magic Cubes
nes	magic darts	Magic Darts		6.2	1991-04-26	Romstar	SETA		GameFAQs community=5.7; LaunchBox community Bayesian (raw 6.7, n=58)=6.7; LaunchBox Community=6.2
nes	magic dragon	Magic Dragon		6.4	1994-01-01	Magic	Magicseries		LaunchBox community Bayesian (raw 5.8, n=9)=6.4; LaunchBox Community=6.4
nes	magic jewelry	Magic Jewelry		6.7	1990-01-01	Hwang Shinwei	RCM Group		GameFAQs community=7.1; LaunchBox community Bayesian (raw 6.0, n=26)=6.3; LaunchBox Community=6.7
nes	magic johnson s fast break	Magic Johnson's Fast Break		4.8	1990-03-01	Software Creations	Tradewest		GameFAQs community=4.3; LaunchBox community Bayesian (raw 4.9, n=43)=5.3; LaunchBox Community=4.8
nes	magic mathematic sachen ntsc	Magic Mathematic (Sachen-NTSC)
nes	magician	Magician	7.9	6.7	1991-03-01	Eurocom Entertainment Software	Taxan USA	MobyGames (n=5)=7.9	GameFAQs community=6.5; LaunchBox community Bayesian (raw 6.8, n=52)=6.8; LaunchBox Community=6.7
nes	magmax	MagMax	5.7	6.0	1986-03-18	Nihon Bussan	FCI	MobyGames (n=5)=5.7	GameFAQs community=5.7; LaunchBox community Bayesian (raw 6.1, n=63)=6.2; LaunchBox Community=6.0
nes	mahjan samit kabukicho hen sachen hacker	Mahjan Samit Kabukicho Hen (Sachen-Hacker)
nes	mahjang companion sachen hacker	Mahjang Companion (Sachen-Hacker)		2.2					GameFAQs community=2.2; Legacy community=2.2
nes	mahjong academy sachen	Mahjong Academy (Sachen)		7.6					GameFAQs community=7.6; Legacy community=7.6
nes	mahjong world	Mahjong World		1.6					GameFAQs community=1.6; Legacy community=1.6
nes	major league baseball	Major League Baseball		5.4	1988-04-01	Atlus	LJN		GameFAQs community=5.3; LaunchBox community Bayesian (raw 5.2, n=44)=5.5; LaunchBox Community=5.4
nes	majou densetsu ii daimashikyou galious	Majou Densetsu II: Daimashikyou Galious		7.5	1987-08-11	Konami	Konami		GameFAQs community=7.7; LaunchBox community Bayesian (raw 7.5, n=44)=7.4
nes	maniac mansion	Maniac Mansion	8.2	8.0	1988	Lucasfilm Games		MobyGames (n=5)=8.2	GameFAQs community=8.0; Legacy community=8.0
nes	mappy land	Mappy-Land		6.8	1986-11-26	TOSE	Namco		GameFAQs community=6.8; LaunchBox community Bayesian (raw 6.7, n=73)=6.7; LaunchBox Community=6.8
nes	marble madness	Marble Madness	7.6	7.1	1989-04-01	Rare	Milton Bradley	MobyGames (n=5)=7.6	GameFAQs community=6.8; LaunchBox community Bayesian (raw 7.4, n=136)=7.4; LaunchBox Community=7.1
nes	mari street fighter iii turbo	Mari Street Fighter III Turbo
nes	mario 16	Mario 16		7.4	1993-01-01				LaunchBox community Bayesian (raw 7.7, n=11)=7.4; LaunchBox Community=7.4
nes	mario is missing	Mario Is Missing!		5.3	1993-07-01	Radical Entertainment	Nintendo		GameFAQs community=4.7; LaunchBox community Bayesian (raw 5.8, n=83)=5.9; LaunchBox Community=5.3
nes	mario s time machine	Mario's Time Machine		5.3	1994-06-01	Radical Entertainment	The Software Toolworks		GameFAQs community=4.4; LaunchBox community Bayesian (raw 5.9, n=69)=6.0; LaunchBox Community=5.3
nes	master chu and the drunkard hu	Master Chu and the Drunkard Hu	4.1	4.3	1989-01-01	Joy Van	Color Dreams	MobyGames (n=5)=4.1	GameFAQs community=3.6; LaunchBox community Bayesian (raw 4.6, n=40)=5.1; LaunchBox Community=4.3
nes	master fighter ii	Master Fighter II
nes	mcdonaldland	McDonaldLand
nes	mechanized attack	Mechanized Attack		6.3	1990-06-01	SNK	SNK		GameFAQs community=5.8; LaunchBox community Bayesian (raw 6.6, n=64)=6.7; LaunchBox Community=6.3
nes	mega man	Mega Man	7.8	7.5	1987-12-17	Capcom	Capcom	MobyGames (n=5)=7.8	GameFAQs community=7.5; LaunchBox community Bayesian (raw 7.6, n=471)=7.6; LaunchBox Community=7.5
nes	mega man 3	Mega Man 3	8.6	8.4	1990-09-28	Capcom	Nintendo	MobyGames (n=5)=8.6	GameFAQs community=8.4; LaunchBox community Bayesian (raw 8.5, n=371)=8.5; LaunchBox Community=8.4
nes	mega man 4	Mega Man 4	8.0	7.9	1991-12-06	Capcom	Nintendo	MobyGames (n=5)=8.0	GameFAQs community=8.0; LaunchBox community Bayesian (raw 7.9, n=272)=7.9
nes	mega man 5	Mega Man 5	7.5	7.8	1992-12-04	Capcom	Nintendo	MobyGames (n=5)=7.5	GameFAQs community=7.7; LaunchBox community Bayesian (raw 8.0, n=258)=8.0; LaunchBox Community=7.8
nes	mega man 6	Mega Man 6	7.5	7.8	1993-11-05	Capcom	Nintendo	MobyGames (n=5)=7.5	GameFAQs community=7.8; LaunchBox community Bayesian (raw 7.8, n=259)=7.8
nes	megaman ii	Megaman II	9.0	8.8	1988-12-24	Capcom	Capcom	MobyGames (n=5)=9.0	LaunchBox community Bayesian (raw 8.8, n=552)=8.8
nes	megaman vi	Megaman VI	7.5	7.8	1993-11-05	Capcom	Nintendo	MobyGames (n=5)=7.5	LaunchBox community Bayesian (raw 7.8, n=259)=7.8
nes	mei nu quan honey peach sachen	Mei Nu Quan (Honey Peach) (Sachen)
nes	menace beach	Menace Beach		4.8	1990-01-01	Color Dreams	Color Dreams		GameFAQs community=4.0; LaunchBox community Bayesian (raw 5.1, n=29)=5.6; LaunchBox Community=4.8
nes	mendel palace	Mendel Palace	7.8	7.2	1989-06-27	Game Freak	Namco	MobyGames (n=5)=7.8	GameFAQs community=7.1; LaunchBox community Bayesian (raw 7.3, n=59)=7.3; LaunchBox Community=7.2
nes	mermaids of atlantis the riddle of the magic bubble	Mermaids of Atlantis: The Riddle of the Magic Bubble		4.8	1991-01-01	Panesian	American Video Entertainment		GameFAQs community=3.8; LaunchBox community Bayesian (raw 5.3, n=25)=5.8; LaunchBox Community=4.8
nes	metal fighter	Metal Fighter		5.4	1989-01-01	Joy Van	Color Dreams		GameFAQs community=5.6; LaunchBox community Bayesian (raw 4.9, n=33)=5.4; LaunchBox Community=5.4
nes	metal gear	Metal Gear		7.1	1987-12-22	Konami	Konami		GameFAQs community=6.9; LaunchBox community Bayesian (raw 7.3, n=217)=7.3; LaunchBox Community=7.1
nes	metal max	Metal Max		7.2	1991-05-24	Data East	Data East		GameFAQs community=7.6; LaunchBox community Bayesian (raw 6.7, n=32)=6.8; LaunchBox Community=7.2
nes	metal mech man and machine	Metal Mech: Man & Machine	5.2	5.6	1990-12-14	Sculptured Software	Jaleco	MobyGames (n=5)=5.2	GameFAQs community=5.4; LaunchBox community Bayesian (raw 5.5, n=53)=5.7; Legacy community=5.6
nes	metal slader glory	Metal Slader Glory		7.1	1991-08-30	HAL Laboratory	HAL Laboratory		GameFAQs community=7.7; LaunchBox community Bayesian (raw 6.2, n=23)=6.4; LaunchBox Community=7.1
nes	metal storm	Metal Storm	7.7	7.8	1991-02-01	Tamtex	Irem	MobyGames (n=5)=7.7	GameFAQs community=7.8; LaunchBox community Bayesian (raw 7.9, n=135)=7.8; LaunchBox Community=7.8
nes	metroid	Metroid	7.7	8.0	1987-08-15	Intelligent Systems	Nintendo	MobyGames (n=5)=7.7	GameFAQs community=7.6; LaunchBox community Bayesian (raw 8.5, n=502)=8.5; LaunchBox Community=8.0
nes	michael andretti s world grand prix	Michael Andretti's World Grand Prix
nes	mickey mania 2	Mickey Mania 2
nes	mickey mousecapade	Mickey Mousecapade	5.3	6.4	1987-03-06	Hudson Soft	Capcom	MobyGames (n=5)=5.3	GameFAQs community=6.0; LaunchBox community Bayesian (raw 6.8, n=109)=6.8; LaunchBox Community=6.4
nes	mickey s adventure in numberland	Mickey's Adventure in Numberland		6.1	1994-03-01	Beam Software	Hi-Tech Expressions		GameFAQs community=5.9; LaunchBox community Bayesian (raw 6.2, n=41)=6.4; LaunchBox Community=6.1
nes	mickey s safari in letterland	Mickey's Safari in Letterland		5.8	1993-03-01	Beam Software	Hi-Tech Expressions		GameFAQs community=5.4; LaunchBox community Bayesian (raw 6.0, n=45)=6.2; LaunchBox Community=5.8
nes	micro machines	Micro Machines	8.2	7.5	1991-01-01	Codemasters	Camerica	MobyGames (n=5)=8.2	GameFAQs community=7.3; LaunchBox community Bayesian (raw 7.6, n=84)=7.5; LaunchBox Community=7.5
nes	mig 29 soviet fighter	MiG 29: Soviet Fighter		6.9	1992-01-01	Peter WILLIAMSON	Codemasters		GameFAQs community=7.0; LaunchBox community Bayesian (raw 6.8, n=33)=6.8; LaunchBox Community=6.9
nes	might and magic	Might and Magic
nes	mighty bomb jack	Mighty Bomb Jack	5.8	6.2	1986-04-24	Tecmo	Tecmo	MobyGames (n=5)=5.8	GameFAQs community=5.8; LaunchBox community Bayesian (raw 6.5, n=81)=6.6; LaunchBox Community=6.2
nes	mighty final fight	Mighty Final Fight	7.3	7.8	1993-06-11	Capcom	Capcom	MobyGames (n=5)=7.3	GameFAQs community=7.7; LaunchBox community Bayesian (raw 8.0, n=153)=7.9; LaunchBox Community=7.8
nes	mike tyson s punch out	Mike Tyson's Punch-Out!!	8.7	8.7	1987-10-01	Nintendo R&D3	Nintendo	MobyGames (n=5)=8.7	GameFAQs community=8.2; LaunchBox community Bayesian (raw 9.2, n=486)=9.2; LaunchBox Community=8.7
nes	millionaire	Millionaire		6.4	1990-01-01	Thin Chen Enterprise	Sachen		GameFAQs community=6.3; LaunchBox community Bayesian (raw 5.3, n=6)=6.4; LaunchBox Community=6.4
nes	millipede	Millipede	5.1	6.4	1987-10-01	HAL Laboratory	HAL America	MobyGames (n=5)=5.1	GameFAQs community=6.3; LaunchBox community Bayesian (raw 6.3, n=62)=6.4; LaunchBox Community=6.4
nes	milon s secret castle	Milon's Secret Castle	4.0	6.3	1986-11-13	Hudson Soft	Hudson Soft	MobyGames (n=5)=4.0	GameFAQs community=6.0; LaunchBox community Bayesian (raw 6.6, n=77)=6.6; LaunchBox Community=6.3
nes	mini putt	Mini-Putt		6.9	1991-02-15	A Wave	A Wave		GameFAQs community=7.2; LaunchBox community Bayesian (raw 6.4, n=14)=6.7; LaunchBox Community=6.9
nes	minna no taabou no nakayoshi daisakusen	Minna no Taabou no Nakayoshi Daisakusen		6.7	1991-11-22	Bits Laboratory	Character Soft		LaunchBox community Bayesian (raw 6.5, n=16)=6.7; LaunchBox Community=6.7
nes	mirai senshi lios	Mirai Senshi: Lios		6.6					GameFAQs community=6.6; Legacy community=6.6
nes	mission cobra	Mission Cobra		5.0	1989-01-01	Joy Van	Bunch Games		GameFAQs community=4.9; LaunchBox community Bayesian (raw 4.5, n=31)=5.1; LaunchBox Community=5.0
nes	mission impossible	Mission: Impossible	7.3	6.4	1990-09-01	Konami	Ultra Games	MobyGames (n=5)=7.3	GameFAQs community=6.2; LaunchBox community Bayesian (raw 6.5, n=70)=6.6; LaunchBox Community=6.4
nes	mitsume ga tooru	Mitsume ga Tooru		7.9	1991-05-01	Natsume	Tomy		GameFAQs community=7.8; LaunchBox community Bayesian (raw 8.1, n=59)=7.9; LaunchBox Community=7.9
nes	moai kun	Moai-kun		7.2	1990-03-09	Konami	Konami		GameFAQs community=7.6; LaunchBox community Bayesian (raw 6.7, n=25)=6.8; LaunchBox Community=7.2
nes	monopoly	Monopoly	7.4	6.6	1991	Sculptured Software, Inc.		MobyGames (n=5)=7.4	GameFAQs community=6.6; Legacy community=6.6
nes	monster in my pocket	Monster in My Pocket	7.2	7.4	1992-01-01	Konami	Konami	MobyGames (n=5)=7.2	GameFAQs community=7.0; LaunchBox community Bayesian (raw 7.7, n=102)=7.6; LaunchBox Community=7.4
nes	monster party	Monster Party	6.9	6.9	1989-06-01	Human Entertainment	Bandai America	MobyGames (n=5)=6.9	GameFAQs community=7.0; LaunchBox community Bayesian (raw 6.8, n=79)=6.8; LaunchBox Community=6.9
nes	monster truck rally	Monster Truck Rally		5.7	1991-09-01	Realtime Associates	INTV		GameFAQs community=5.5; LaunchBox community Bayesian (raw 5.5, n=39)=5.8; LaunchBox Community=5.7
nes	moon crystal	Moon Crystal		7.5	1992-08-28	Hect	Hect		GameFAQs community=7.2; LaunchBox community Bayesian (raw 7.8, n=61)=7.7; LaunchBox Community=7.5
nes	moon ranger	Moon Ranger		5.2	1990-01-01	Odyssey Software	Bunch Games		GameFAQs community=4.8; LaunchBox community Bayesian (raw 4.7, n=20)=5.5; LaunchBox Community=5.2
nes	mortal kombat 3 extra 60	Mortal Kombat 3 Extra 60		7.0		Super Game	Realtec		LaunchBox community Bayesian (raw 7.0, n=8)=7.0
nes	mortal kombat 3 special 56 peoples	Mortal Kombat 3: Special 56 Peoples
nes	mortal kombat 4	Mortal Kombat 4		7.2	1996-01-01	Hummer Team	Ka Sheng		LaunchBox community Bayesian (raw 7.3, n=22)=7.2; LaunchBox Community=7.2
nes	mortal kombat ii	Mortal Kombat II
nes	mortal kombat iii special	Mortal Kombat III Special		6.8	1996-01-01	Hummer Team	JY Company		LaunchBox community Bayesian (raw 6.7, n=11)=6.8; LaunchBox Community=6.8
nes	mortal kombat trilogy	Mortal Kombat Trilogy		6.9	1998-01-01	Hosekn of USA	Cony Soft		LaunchBox community Bayesian (raw 6.8, n=19)=6.9; LaunchBox Community=6.9
nes	mortal kombat v1996 turbo 30 peoples	Mortal Kombat V1996 Turbo 30 Peoples		7.0	1995-01-01	Yoko Soft			LaunchBox community Bayesian (raw 7.0, n=8)=7.0
nes	motocross champion	Motocross Champion		7.0	1989-01-27	Konami	Konami		GameFAQs community=6.9; LaunchBox community Bayesian (raw 7.2, n=15)=7.1; LaunchBox Community=7.0
nes	motor city patrol	Motor City Patrol		5.4	1992-01-01	Source Research & Development	Matchbox International		GameFAQs community=6.0; LaunchBox community Bayesian (raw 4.2, n=39)=4.8; LaunchBox Community=5.4
nes	mr gimmick	Mr. Gimmick	7.5	7.9	1992-01-31	Sunsoft	Sunsoft	MobyGames (n=5)=7.5	GameFAQs community=8.1; LaunchBox community Bayesian (raw 7.9, n=93)=7.8
nes	ms pac man	Ms. Pac-Man		7.9					GameFAQs community=7.9; Legacy community=7.9
nes	mtv remote control	MTV Remote Control
nes	musashi no bouken	Musashi no Bouken		6.3	1990-12-22	Quest	Sigma Enterprises		GameFAQs community=6.0; LaunchBox community Bayesian (raw 6.2, n=17)=6.5; LaunchBox Community=6.3
nes	mystery quest	Mystery Quest		5.6	1989-04-01	Carry Lab	Taxan USA		GameFAQs community=5.3; LaunchBox community Bayesian (raw 5.4, n=38)=5.7; LaunchBox Community=5.6
nes	napoleon s war	Napoleon's War		7.1	1998-01-01	Fuzhou Waixing Computer Science & Technology	Fuzhou Waixing Computer Science & Technology		LaunchBox community Bayesian (raw 7.3, n=6)=7.1; LaunchBox Community=7.1
nes	narc	Narc	5.6	6.4	1990-08-01	Rare	Acclaim Entertainment	MobyGames (n=5)=5.6	GameFAQs community=5.9; LaunchBox community Bayesian (raw 6.9, n=89)=6.9; LaunchBox Community=6.4
nes	nba jam	NBA Jam
nes	nekketsu kakutou densetsu	Nekketsu Kakutou Densetsu		7.6	1992-12-23	Technōs Japan	Technōs Japan		GameFAQs community=8.0; LaunchBox community Bayesian (raw 7.1, n=33)=7.1; LaunchBox Community=7.6
nes	nekketsu street basket ganbare dunk heroes	Nekketsu! Street Basket: Ganbare Dunk Heroes		7.6	1993-12-22	Technōs Japan	Technōs Japan		GameFAQs community=8.1; LaunchBox community Bayesian (raw 7.3, n=35)=7.2; LaunchBox Community=7.6
nes	nekketsu street basket go for it dunk heroes	Nekketsu! Street Basket: Go for it, Dunk Heroes!
nes	nes open tournament golf	NES Open Tournament Golf	7.5	6.5	1991-09-16	HAL Laboratory	Nintendo	MobyGames (n=5)=7.5	GameFAQs community=6.1; LaunchBox community Bayesian (raw 6.9, n=87)=6.9; LaunchBox Community=6.5
nes	nes play action football	NES Play Action Football	5.4	6.0	1990-09-01	TOSE	Nintendo	MobyGames (n=5)=5.4	GameFAQs community=5.6; LaunchBox community Bayesian (raw 6.2, n=50)=6.3; LaunchBox Community=6.0
nes	nes powerpad test cart	NES PowerPad Test Cart
nes	nes test cart official nintendo	NES Test Cart (Official Nintendo)
nes	new ghostbusters ii	New Ghostbusters II	7.8	7.6	1990-12-26	HAL Laboratory	HAL Laboratory	MobyGames (n=5)=7.8	GameFAQs community=7.7; LaunchBox community Bayesian (raw 7.5, n=76)=7.4; LaunchBox Community=7.6
nes	new joe and mac caveman ninja	New Joe & Mac: Caveman Ninja
nes	nfl football	NFL Football
nes	nigel mansell s world championship challenge	Nigel Mansell's World Championship Challenge
nes	nightshade	Nightshade	7.4	7.1	1992-01-01	Beam Software	Ultra Games	MobyGames (n=5)=7.4	GameFAQs community=7.3; LaunchBox community Bayesian (raw 6.9, n=68)=6.9; LaunchBox Community=7.1
nes	niji no silk road	Niji no Silk Road		7.0	1991-02-22	Advance Communication Company	Victor Musical Industries		LaunchBox community Bayesian (raw 7.0, n=25)=7.0
nes	ninja crusaders	Ninja Crusaders		6.3	1990-12-14	NMK	American Sammy		GameFAQs community=6.6; LaunchBox community Bayesian (raw 5.8, n=55)=6.0; LaunchBox Community=6.3
nes	ninja gaiden	Ninja Gaiden	8.1	8.1	1988-12-09	Tecmo	Tecmo	MobyGames (n=5)=8.1	GameFAQs community=7.9; LaunchBox community Bayesian (raw 8.3, n=375)=8.3; LaunchBox Community=8.1
nes	ninja gaiden ii the dark sword of chaos	Ninja Gaiden II: The Dark Sword of Chaos	8.8	8.4	1990-04-06	Tecmo	Tecmo	MobyGames (n=5)=8.8	GameFAQs community=8.1; LaunchBox community Bayesian (raw 8.7, n=246)=8.6; LaunchBox Community=8.4
nes	ninja gaiden iii the ancient ship of doom	Ninja Gaiden III: The Ancient Ship of Doom	7.5	7.8	1991-06-21	Tecmo	Tecmo	MobyGames (n=5)=7.5	GameFAQs community=7.7; LaunchBox community Bayesian (raw 8.0, n=210)=8.0; LaunchBox Community=7.8
nes	ninja jajamaru ginga daisakusen	Ninja JaJaMaru: Ginga Daisakusen		6.9	1991-03-21	Jaleco	Jaleco		GameFAQs community=6.7; LaunchBox community Bayesian (raw 7.2, n=33)=7.2; LaunchBox Community=6.9
nes	ninja kid	Ninja Kid		5.6	1986-04-17	TOSE	Bandai		GameFAQs community=5.5; LaunchBox community Bayesian (raw 5.5, n=63)=5.7; LaunchBox Community=5.6
nes	ninja kun ashura no shou	Ninja-kun: Ashura no Shou		7.0	1988-05-27	Micronics	UPL		GameFAQs community=6.9; LaunchBox community Bayesian (raw 7.2, n=21)=7.1; LaunchBox Community=7.0
nes	nintendo world championships 1990	Nintendo World Championships 1990		6.6	1990-01-01	Nintendo	Nintendo		GameFAQs community=6.1; LaunchBox community Bayesian (raw 7.0, n=62)=7.0; LaunchBox Community=6.6
nes	nintendo world cup	Nintendo World Cup		7.5	1990-05-18	Technōs Japan	Nintendo		GameFAQs community=7.7; LaunchBox community Bayesian (raw 7.3, n=101)=7.3; LaunchBox Community=7.5
nes	noah s ark	Noah's Ark		6.1	1992-01-01	Source Research & Development	Konami		GameFAQs community=6.4; LaunchBox community Bayesian (raw 5.5, n=35)=5.8; LaunchBox Community=6.1
nes	nobunaga s ambition	Nobunaga's Ambition		6.8	1988-03-18	Koei	Koei		GameFAQs community=7.1; LaunchBox community Bayesian (raw 6.4, n=45)=6.5; LaunchBox Community=6.8
nes	nobunaga s ambition ii	Nobunaga's Ambition II		7.2	1990-02-03	Koei	Koei		GameFAQs community=7.4; LaunchBox community Bayesian (raw 7.0, n=39)=7.0; LaunchBox Community=7.2
nes	north and south	North & South	7.0	7.3	1990	Infogrames Europe SA	Kemco	MobyGames (n=5)=7.0	GameFAQs community=6.9; LaunchBox community Bayesian (raw 7.7, n=78)=7.6; Legacy community=7.3
nes	olympic iq sachen	Olympic IQ (Sachen)		5.0					GameFAQs community=5.0
nes	operation secret storm	Operation Secret Storm		5.2	1992-01-01	Color Dreams	Color Dreams		GameFAQs community=5.3; LaunchBox community Bayesian (raw 4.2, n=18)=5.2
nes	operation wolf	Operation Wolf		6.4	1989-03-31	Taito	Taito		GameFAQs community=6.1; LaunchBox community Bayesian (raw 6.7, n=60)=6.7; LaunchBox Community=6.4
nes	orb 3d	Orb 3D		5.1	1990-10-01	Software Toolworks	Hi-Tech Expressions		GameFAQs community=5.1; LaunchBox community Bayesian (raw 4.7, n=45)=5.1; LaunchBox Community=5.1
nes	otaku no seiza an adventure in the otaku galaxy	Otaku no Seiza: An Adventure in the Otaku Galaxy		6.7	1991-07-31	Advance Communication Company	M&M		GameFAQs community=6.6; LaunchBox community Bayesian (raw 6.5, n=13)=6.7; LaunchBox Community=6.7
nes	othello	Othello		5.7					GameFAQs community=5.7; Legacy community=5.7
nes	over horizon	Over Horizon	8.4	7.8	1991-04-26	Pixel	Takara	MobyGames (n=5)=8.4	GameFAQs community=7.9; LaunchBox community Bayesian (raw 7.9, n=58)=7.8; LaunchBox Community=7.8
nes	overlord	Overlord		5.4	1993-01-01	Probe Software	Virgin Games		GameFAQs community=5.0; LaunchBox community Bayesian (raw 5.4, n=34)=5.8
nes	p o w prisoners of war	P.O.W.: Prisoners of War	7.3	6.8	1989-06-30	SNK	SNK	MobyGames (n=5)=7.3	GameFAQs community=6.7; LaunchBox community Bayesian (raw 6.9, n=97)=6.9; LaunchBox Community=6.8
nes	p radikus conflict	P'radikus Conflict		5.5	1990-01-01	Color Dreams	Color Dreams		GameFAQs community=5.0; LaunchBox community Bayesian (raw 5.5, n=20)=6.0
nes	paaman part 2 himitsu kessha madoodan wo taose	Paaman Part 2: Himitsu Kessha Madoodan wo Taose!
nes	pac man	Pac-Man		7.5	1984-11-02	Namco	Namcot		GameFAQs community=7.4; LaunchBox community Bayesian (raw 7.7, n=181)=7.7; LaunchBox Community=7.5
nes	pac mania	Pac-Mania	6.9	7.3	1990-01-01	Westwood Studios	Tengen	MobyGames (n=5)=6.9	GameFAQs community=7.4; LaunchBox community Bayesian (raw 7.4, n=67)=7.3; LaunchBox Community=7.3
nes	palamedes	Palamedes	6.9	7.0	1990-07-06	Natsume	Hot-B	MobyGames (n=5)=6.9	GameFAQs community=7.1; LaunchBox community Bayesian (raw 7.0, n=62)=7.0
nes	panic restaurant	Panic Restaurant	7.7	7.4	1992-04-24	EIM	Taito	MobyGames (n=5)=7.7	GameFAQs community=7.3; LaunchBox community Bayesian (raw 7.6, n=95)=7.5; LaunchBox Community=7.4
nes	paperboy	Paperboy		6.5	1988-12-01	Eastridge Technology	Mindscape		GameFAQs community=6.3; LaunchBox community Bayesian (raw 6.7, n=133)=6.7; LaunchBox Community=6.5
nes	parallel world	Parallel World		6.4	1990-08-10	EIM	Varie		GameFAQs community=7.0; LaunchBox community Bayesian (raw 5.2, n=20)=5.8; LaunchBox Community=6.4
nes	parodius	Parodius	7.1	7.2	1990-11-30	Konami	Konami	MobyGames (n=5)=7.1	LaunchBox community Bayesian (raw 7.2, n=68)=7.2
nes	peek a boo poker	Peek-A-Boo Poker		4.5	1990-05-02	Panesian	Panesian		GameFAQs community=2.7; LaunchBox community Bayesian (raw 6.0, n=32)=6.2; LaunchBox Community=4.5
nes	penguin and seal the sachen hes	Penguin & Seal, The (Sachen-HES)
nes	penguin kun wars	Penguin-kun Wars		6.9	1985-12-25	Home Data	ASCII		GameFAQs community=6.8; LaunchBox community Bayesian (raw 6.8, n=25)=6.9; LaunchBox Community=6.9
nes	perfect fit	Perfect Fit
nes	perman 2 down with the secret madou society	Perman 2: Down with the Secret Madou Society!
nes	perman return the space saucer	Perman: Return the Space Saucer!
nes	pesterminator the western exterminator	Pesterminator: The Western Exterminator		4.5	1990-01-01	Color Dreams	Color Dreams		GameFAQs community=4.5; LaunchBox community Bayesian (raw 3.7, n=29)=4.5; LaunchBox Community=4.5
nes	peter pan and the pirates	Peter Pan & The Pirates
nes	phantasy star	Phantasy Star
nes	phantom fighter	Phantom Fighter	5.6	6.5	1988-09-16	Marionette	FCI	MobyGames (n=5)=5.6	GameFAQs community=6.3; LaunchBox community Bayesian (raw 6.8, n=53)=6.8; LaunchBox Community=6.5
nes	pictionary	Pictionary		5.3					GameFAQs community=5.3
nes	pin bot	Pin-Bot		6.8	1990-04-01	Rare	Nintendo		GameFAQs community=6.8; LaunchBox community Bayesian (raw 6.7, n=71)=6.7; LaunchBox Community=6.8
nes	pinball	Pinball	5.7	6.5	1984-02-02	Nintendo R&D1	Nintendo	MobyGames (n=5)=5.7	GameFAQs community=6.5; LaunchBox community Bayesian (raw 6.5, n=129)=6.5
nes	pinball quest	Pinball Quest		6.2	1989-12-15	TOSE	Jaleco		GameFAQs community=6.3; LaunchBox community Bayesian (raw 6.1, n=72)=6.2; LaunchBox Community=6.2
nes	pipe dream	Pipe Dream		7.0	1990-09-01	Distinctive Software	Lucasfilm Games		GameFAQs community=6.6; LaunchBox community Bayesian (raw 7.5, n=65)=7.4; LaunchBox Community=7.0
nes	pirates	Pirates!		7.2	1991-10-01	Rare	Ultra Games		GameFAQs community=8.0; LaunchBox community Bayesian (raw 6.5, n=63)=6.6; LaunchBox Community=7.2
nes	pizza pop	Pizza Pop!		7.2	1992-01-07	Arc System Works	Jaleco		GameFAQs community=7.0; LaunchBox community Bayesian (raw 7.5, n=22)=7.3; LaunchBox Community=7.2
nes	platoon	Platoon	3.0	5.2	1988-12-01	Sunsoft	Sunsoft	MobyGames (n=5)=3.0	GameFAQs community=4.9; LaunchBox community Bayesian (raw 5.3, n=62)=5.5; LaunchBox Community=5.2
nes	po po team sachen	Po Po Team (Sachen)
nes	pocahontas	Pocahontas		7.4	1997-01-01	Ei-How Yang	Hosenkan Electronics		LaunchBox community Bayesian (raw 8.0, n=8)=7.4; LaunchBox Community=7.4
nes	pocket monster	Pocket Monster		6.5	1997-01-01				LaunchBox community Bayesian (raw 5.7, n=7)=6.5; LaunchBox Community=6.5
nes	pokemon 2000	Pokemon 2000			2000-01-01	Hummer Software	Dragon Co.
nes	poker	Poker
nes	poker ii sachen	Poker II (Sachen)		2.5					GameFAQs community=2.5; Legacy community=2.5
nes	poker iii sachen	Poker III (Sachen)		2.3					GameFAQs community=2.3
nes	poker mahjong sachen	Poker Mahjong (Sachen)		3.1					GameFAQs community=3.1
nes	popeye	Popeye		6.5	1983-07-15	Nintendo	Nintendo		GameFAQs community=6.3; LaunchBox community Bayesian (raw 6.7, n=161)=6.7; LaunchBox Community=6.5
nes	popeye 2 travels in persia	Popeye 2: Travels in Persia
nes	popeye no eigo asobi	Popeye no Eigo Asobi		4.9	1983-11-22	Nintendo	Nintendo		GameFAQs community=5.5; LaunchBox community Bayesian (raw 3.7, n=33)=4.5; LaunchBox Community=4.9
nes	power blade	Power Blade	7.7	7.6	1991-03-01	Natsume	Taito	MobyGames (n=5)=7.7	GameFAQs community=7.5; LaunchBox community Bayesian (raw 7.8, n=114)=7.7; LaunchBox Community=7.6
nes	power punch ii	Power Punch II		4.9	1992-06-12	Beam Software	American Softworks		GameFAQs community=4.2; LaunchBox community Bayesian (raw 5.2, n=56)=5.5; LaunchBox Community=4.9
nes	power rangers	Power Rangers
nes	power rangers iii	Power Rangers III
nes	power rangers iv	Power Rangers IV
nes	predator	Predator	4.4	4.7	1988-03-10	Klon	Activision	MobyGames (n=5)=4.4	GameFAQs community=4.3; LaunchBox community Bayesian (raw 4.8, n=70)=5.1; LaunchBox Community=4.7
nes	prince of persia	Prince of Persia		6.9	1992-11-01	MotiveTime	Virgin Games		GameFAQs community=6.4; LaunchBox community Bayesian (raw 7.4, n=98)=7.4; LaunchBox Community=6.9
nes	princess tomato in the salad kingdom	Princess Tomato in the Salad Kingdom		7.1	1988-05-27	Hudson Soft	Hudson Soft		GameFAQs community=7.5; LaunchBox community Bayesian (raw 6.7, n=60)=6.7; LaunchBox Community=7.1
nes	pro sport hockey	Pro Sport Hockey		6.2	1993-02-26	TOSE	Jaleco		GameFAQs community=6.2; LaunchBox community Bayesian (raw 6.1, n=39)=6.3; LaunchBox Community=6.2
nes	pro wrestling	Pro Wrestling	7.1	6.7	1986-10-21	TRY	Nintendo	MobyGames (n=5)=7.1	GameFAQs community=6.6; LaunchBox community Bayesian (raw 6.7, n=115)=6.7
nes	punch out	Punch-Out!!		7.9					GameFAQs community=7.9
nes	puss n boots pero s great adventure	Puss 'n Boots: Pero's Great Adventure		5.7	1990-06-01	Shouei System	Electro Brain		GameFAQs community=5.5; LaunchBox community Bayesian (raw 5.7, n=48)=5.9
nes	puyo puyo	Puyo Puyo		6.6	1993-07-23	Tokuma Shoten	Tokuma Shoten		GameFAQs community=6.2; LaunchBox community Bayesian (raw 7.0, n=23)=7.0; LaunchBox Community=6.6
nes	puzzle	Puzzle		5.8	1990-01-01	American Video Entertainment	American Video Entertainment		GameFAQs community=5.3; LaunchBox community Bayesian (raw 6.0, n=29)=6.3; LaunchBox Community=5.8
nes	puzznic	Puzznic	8.1	7.0	1990-11-01	Taito	Taito	MobyGames (n=5)=8.1	GameFAQs community=7.3; LaunchBox community Bayesian (raw 6.7, n=51)=6.7; LaunchBox Community=7.0
nes	pyramid	Pyramid		5.0	1990-01-01	Thin Chen Enterprise	American Video Entertainment		GameFAQs community=4.1; LaunchBox community Bayesian (raw 5.6, n=36)=5.9; LaunchBox Community=5.0
nes	pyramid ii sachen	Pyramid II (Sachen)		3.8					GameFAQs community=3.8; Legacy community=3.8
nes	q bert	Q-bert	5.6	6.5	1989-02-01	Konami	Ultra Games	MobyGames (n=5)=5.6	GameFAQs community=6.3; LaunchBox community Bayesian (raw 6.8, n=91)=6.8; LaunchBox Community=6.5
nes	q boy sachen	Q Boy (Sachen)		6.6					GameFAQs community=6.6; Legacy community=6.6
nes	qix	Qix		6.6	1991-01-01	Novotrade International	Taito		GameFAQs community=6.2; LaunchBox community Bayesian (raw 7.1, n=77)=7.1; LaunchBox Community=6.6
nes	quattro adventure	Quattro Adventure	5.4	6.0	1991-01-01	Codemasters	Camerica	MobyGames (n=5)=5.4	GameFAQs community=5.7; LaunchBox community Bayesian (raw 6.1, n=29)=6.3; LaunchBox Community=6.0
nes	quattro arcade	Quattro Arcade		6.2	1992-01-01	Codemasters	Camerica		GameFAQs community=6.0; LaunchBox community Bayesian (raw 5.9, n=21)=6.3; LaunchBox Community=6.2
nes	quattro sports	Quattro Sports	4.3	5.3	1991-01-01	Codemasters	Camerica	MobyGames (n=5)=4.3	GameFAQs community=5.3; LaunchBox community Bayesian (raw 4.7, n=27)=5.3; LaunchBox Community=5.3
nes	r b i baseball	R.B.I. Baseball	6.8	7.0	1986-12-10	Namco	Namco	MobyGames (n=5)=6.8	GameFAQs community=7.0; LaunchBox community Bayesian (raw 6.9, n=90)=6.9
nes	r b i baseball 3	R.B.I. Baseball 3		6.5					GameFAQs community=6.5
nes	r c pro am	R.C. Pro-Am	7.4	7.6	1988-02-01	Rare	Nintendo	MobyGames (n=5)=7.4	GameFAQs community=7.2; LaunchBox community Bayesian (raw 8.0, n=158)=7.9; LaunchBox Community=7.6
nes	r c pro am ii	R.C. Pro-Am II	8.2	7.5	1992-01-01	Rare Limited		MobyGames=8.2 (n=5 min)	GameFAQs community=7.5
nes	race america	Race America
nes	racermate challenger ii	Racermate Challenger II
nes	racket attack	Racket Attack	5.8	6.1	1988-04-15	TOSE	Jaleco	MobyGames (n=5)=5.8	GameFAQs community=6.2; LaunchBox community Bayesian (raw 5.8, n=52)=6.0; LaunchBox Community=6.1
nes	rad racer	Rad Racer	7.7	7.1	1987-08-07	Square	Nintendo	MobyGames (n=5)=7.7	GameFAQs community=6.9; LaunchBox community Bayesian (raw 7.4, n=156)=7.4; LaunchBox Community=7.1
nes	rad racket deluxe tennis ii	Rad Racket: Deluxe Tennis II		5.5	1991-01-01	Idea-Tek	American Video Entertainment		GameFAQs community=5.2; LaunchBox community Bayesian (raw 5.1, n=24)=5.7; LaunchBox Community=5.5
nes	radia senki reimei hen	Radia Senki: Reimei Hen		7.4	1991-11-15	Tecmo	Tecmo		LaunchBox community Bayesian (raw 7.5, n=45)=7.4; LaunchBox Community=7.4
nes	raging fire recca	Raging Fire: Recca
nes	raid 2020	Raid 2020		3.6	1989-01-01	Color Dreams	Color Dreams		GameFAQs community=3.3; LaunchBox community Bayesian (raw 2.8, n=31)=3.8; LaunchBox Community=3.6
nes	raid on bungeling bay	Raid on Bungeling Bay		5.5	1987-09-01	Hudson Soft	Hudson Soft		GameFAQs community=5.4; LaunchBox community Bayesian (raw 5.3, n=74)=5.5; LaunchBox Community=5.5
nes	rainbow islands bubble bobble 2	Rainbow Islands: Bubble Bobble 2		7.1	1991-01-01	Taito	Ocean Software		GameFAQs community=6.7; LaunchBox community Bayesian (raw 7.6, n=37)=7.5; LaunchBox Community=7.1
nes	rainbow islands the story of bubble bobble 2	Rainbow Islands: The Story of Bubble Bobble 2
nes	rally bike	Rally Bike		5.9	1990-06-15	Visco	Romstar		GameFAQs community=6.3; LaunchBox community Bayesian (raw 5.3, n=57)=5.6; LaunchBox Community=5.9
nes	rambo	Rambo	3.6	5.5	1987-12-04	Pack-In-Video	Acclaim Entertainment	MobyGames (n=5)=3.6	GameFAQs community=5.3; LaunchBox community Bayesian (raw 5.5, n=80)=5.7
nes	rampage	Rampage	5.6	6.8	1988-12-01	Data East	Data East USA	MobyGames (n=5)=5.6	GameFAQs community=6.4; LaunchBox community Bayesian (raw 7.2, n=126)=7.2; LaunchBox Community=6.8
nes	rampart	Rampart	7.3	7.6	1992	Atari Games Corporation		MobyGames (n=5)=7.3	GameFAQs community=7.6; Legacy community=7.6
nes	rayban the third	Rayban the Third
nes	red pig	Red Pig		7.4	1993-01-01	Valiant Pig			LaunchBox community Bayesian (raw 8.7, n=3)=7.4; LaunchBox Community=7.4
nes	renegade	Renegade	5.3	6.4	1987-04-17	Technōs Japan	Technōs Japan	MobyGames (n=5)=5.3	GameFAQs community=6.0; LaunchBox community Bayesian (raw 6.8, n=90)=6.8; LaunchBox Community=6.4
nes	rescue the embassy mission	Rescue: The Embassy Mission		7.0	1989-12-01	Kemco	Kemco		GameFAQs community=7.1; LaunchBox community Bayesian (raw 6.9, n=71)=6.9; LaunchBox Community=7.0
nes	ring king	Ring King		5.7	1987-06-19	Namco	Namco		GameFAQs community=5.4; LaunchBox community Bayesian (raw 5.8, n=79)=5.9; LaunchBox Community=5.7
nes	river city ransom	River City Ransom	8.1	8.1	1989-04-25	Technōs Japan	American Technōs	MobyGames (n=5)=8.1	GameFAQs community=8.1; LaunchBox community Bayesian (raw 8.2, n=221)=8.1; LaunchBox Community=8.1
nes	road runner	Road Runner	5.1	5.7	1989-10-01	Beam Software	Tengen	MobyGames (n=5)=5.1	GameFAQs community=5.7; LaunchBox community Bayesian (raw 5.4, n=40)=5.7; LaunchBox Community=5.7
nes	roadblasters	RoadBlasters		6.3	1990-01-01	Beam Software	Mindscape		GameFAQs community=6.6; LaunchBox community Bayesian (raw 6.0, n=74)=6.1; LaunchBox Community=6.3
nes	robin hood prince of thieves	Robin Hood: Prince of Thieves		6.8	1991-11-01	Sculptured Software	Virgin Games		GameFAQs community=6.6; LaunchBox community Bayesian (raw 6.9, n=65)=6.9; LaunchBox Community=6.8
nes	robo warrior	Robo Warrior		6.7	1987-08-07	Hudson Soft	Jaleco		GameFAQs community=6.0; LaunchBox community Bayesian (raw 7.4, n=74)=7.4; Legacy community=6.7
nes	robocop	RoboCop		6.2	1989-08-25	Sakata SAS	Data East		GameFAQs community=5.8; LaunchBox community Bayesian (raw 6.4, n=95)=6.5; LaunchBox Community=6.2
nes	robocop 2	RoboCop 2	5.8	5.9	1991-04-02	Painting by Numbers	Data East	MobyGames (n=5)=5.8	GameFAQs community=5.6; LaunchBox community Bayesian (raw 6.1, n=90)=6.2; LaunchBox Community=5.9
nes	robocop 3	RoboCop 3	5.1	6.2	1992-08-01	Probe Software	Ocean Software	MobyGames (n=5)=5.1	GameFAQs community=5.9; LaunchBox community Bayesian (raw 6.3, n=78)=6.4; LaunchBox Community=6.2
nes	robocop vs the terminator	RoboCop Vs The Terminator
nes	robodemons	Robodemons		3.5	1989-12-01	Color Dreams	Color Dreams		GameFAQs community=4.0; LaunchBox community Bayesian (raw 2.0, n=39)=3.0; LaunchBox Community=3.5
nes	rock n ball	Rock'n' Ball		5.9	1989-03-24	Kid	Namco		GameFAQs community=5.8; LaunchBox community Bayesian (raw 5.8, n=52)=6.0; LaunchBox Community=5.9
nes	rockball sachen	Rockball (Sachen)		6.0					GameFAQs community=6.0
nes	rocket ranger	Rocket Ranger		5.0	1990-01-01	Cinemaware	Kotobuki System		GameFAQs community=4.4; LaunchBox community Bayesian (raw 5.1, n=39)=5.5; LaunchBox Community=5.0
nes	rockin kats	Rockin' Kats	7.7	7.4	1991-04-05	Atlus	Atlus	MobyGames (n=5)=7.7	GameFAQs community=7.6; LaunchBox community Bayesian (raw 7.2, n=82)=7.2; LaunchBox Community=7.4
nes	rocman x	Rocman X		6.4	1995-01-01	Sachen	Sachen		LaunchBox community Bayesian (raw 6.0, n=15)=6.4
nes	rod land	Rod-Land	7.9	6.5	1992	Jaleco Ltd.	Jaleco	MobyGames (n=5)=7.9	LaunchBox community Bayesian (raw 6.3, n=34)=6.5; LaunchBox Community=6.5
nes	roger clemens mvp baseball	Roger Clemens' MVP Baseball	4.6	5.5	1991-10-01	Sculptured Software	LJN	MobyGames (n=5)=4.6	GameFAQs community=5.5; LaunchBox community Bayesian (raw 5.1, n=36)=5.5; LaunchBox Community=5.5
nes	rollerball	Rollerball		6.5	1988-12-20	HAL Laboratory	HAL America		GameFAQs community=6.4; LaunchBox community Bayesian (raw 6.6, n=52)=6.7; LaunchBox Community=6.5
nes	rollerblade racer	Rollerblade Racer		4.4	1993-02-01	Radiance Software	Hi-Tech Expressions		GameFAQs community=3.7; LaunchBox community Bayesian (raw 4.4, n=31)=5.0
nes	rollergames	Rollergames		7.0	1990-09-01	Konami	Ultra Games		GameFAQs community=7.0; LaunchBox community Bayesian (raw 7.0, n=71)=7.0
nes	rolling thunder	Rolling Thunder	7.9	6.8	1988-03-17	Arc	Tengen	MobyGames (n=5)=7.9	GameFAQs community=6.4; LaunchBox community Bayesian (raw 7.3, n=67)=7.3; LaunchBox Community=6.8
nes	romance of the three kingdoms	Romance of the Three Kingdoms		6.3	1988-10-30	Koei	Koei		GameFAQs community=6.0; LaunchBox community Bayesian (raw 6.4, n=58)=6.5; LaunchBox Community=6.3
nes	romance of the three kingdoms ii	Romance of the Three Kingdoms II		7.1	1990-11-02	Koei	Koei		GameFAQs community=7.4; LaunchBox community Bayesian (raw 6.8, n=66)=6.8; LaunchBox Community=7.1
nes	roundball 2 on 2 challenge	Roundball: 2-on-2 Challenge		5.5	1992-05-01	Park Place Productions	Mindscape		GameFAQs community=5.1; LaunchBox community Bayesian (raw 5.6, n=34)=5.9; LaunchBox Community=5.5
nes	rush n attack	Rush'n Attack	7.4	6.9	1989-06-08	Konami	Konami	MobyGames (n=5)=7.4	GameFAQs community=6.5; LaunchBox community Bayesian (raw 7.2, n=128)=7.2; LaunchBox Community=6.9
nes	rygar	Rygar	7.6	7.3	1987-04-17	Tecmo	Tecmo	MobyGames (n=5)=7.6	GameFAQs community=7.2; LaunchBox community Bayesian (raw 7.5, n=188)=7.5; LaunchBox Community=7.3
nes	s c a t special cybernetic attack team	S.C.A.T.: Special Cybernetic Attack Team	7.6	7.3	1990-06-22	Natsume	Infogrames	MobyGames (n=5)=7.6	GameFAQs community=7.2; LaunchBox community Bayesian (raw 7.4, n=92)=7.4; LaunchBox Community=7.3
nes	saint seiya ougon densetsu	Saint Seiya: Ougon Densetsu		6.0	1987-08-10	TOSE	Bandai		GameFAQs community=6.1; LaunchBox community Bayesian (raw 5.7, n=36)=6.0; LaunchBox Community=6.0
nes	saiyuuki world 2 tenjoukai no majin	Saiyuuki World 2: Tenjoukai no Majin
nes	samurai pizza cats	Samurai Pizza Cats
nes	sanrio carnival	Sanrio Carnival		7.1	1990-11-22	Scitron & Art	Character Soft		GameFAQs community=7.7; LaunchBox community Bayesian (raw 6.3, n=15)=6.6; LaunchBox Community=7.1
nes	sanrio cup pon pon volley	Sanrio Cup: Pon-pon Volley		7.0	1992-07-17	ASCII	Character Soft		GameFAQs community=7.7; LaunchBox community Bayesian (raw 6.0, n=20)=6.3; LaunchBox Community=7.0
nes	sd gundam gaiden knight gundam monogatari	SD Gundam Gaiden: Knight Gundam Monogatari		7.3	1990-08-11	TOSE	Bandai		GameFAQs community=7.8; LaunchBox community Bayesian (raw 6.8, n=25)=6.9; LaunchBox Community=7.3
nes	secret scout in the temple of demise	Secret Scout in the Temple of Demise		5.0	1991-01-01	Color Dreams	Color Dreams		GameFAQs community=4.9; LaunchBox community Bayesian (raw 4.3, n=25)=5.1; LaunchBox Community=5.0
nes	secret ties	Secret Ties		6.7		Vic Tokai			LaunchBox community Bayesian (raw 6.6, n=24)=6.7; LaunchBox Community=6.7
nes	section z	Section-Z		6.5	1987-07-01	Capcom	Capcom		GameFAQs community=6.3; LaunchBox community Bayesian (raw 6.6, n=97)=6.6; LaunchBox Community=6.5
nes	seicross	Seicross		5.9	1986-05-15	Nihon Bussan	FCI		GameFAQs community=6.1; LaunchBox community Bayesian (raw 5.4, n=57)=5.6; LaunchBox Community=5.9
nes	sesame street 123	Sesame Street 123		5.4	1989-01-01	Zippo Games	Hi-Tech Expressions		GameFAQs community=5.2; LaunchBox community Bayesian (raw 5.1, n=37)=5.5; LaunchBox Community=5.4
nes	sesame street 123 abc	Sesame Street 123: ABC
nes	sesame street a b c	Sesame Street A B C		5.5	1989-09-01	Zippo Games	Hi-Tech Expressions		LaunchBox community Bayesian (raw 5.2, n=43)=5.5; LaunchBox Community=5.5
nes	sesame street countdown	Sesame Street Countdown		5.5	1992-02-01	RSP	Hi-Tech Expressions		GameFAQs community=5.3; LaunchBox community Bayesian (raw 5.3, n=36)=5.7; LaunchBox Community=5.5
nes	shadow of the ninja	Shadow of the Ninja	7.5	7.7	1990-12-11	Natsume	Taito	MobyGames (n=5)=7.5	GameFAQs community=7.5; LaunchBox community Bayesian (raw 8.0, n=146)=7.9; LaunchBox Community=7.7
nes	shadowgate	Shadowgate	7.0	7.5	1989-03-31	Kemco	Kemco	MobyGames (n=5)=7.0	GameFAQs community=7.4; LaunchBox community Bayesian (raw 7.6, n=105)=7.5; LaunchBox Community=7.5
nes	shatterhand	Shatterhand	8.2	8.1	1991-12-01	Natsume	Jaleco	MobyGames (n=5)=8.2	GameFAQs community=8.1; LaunchBox community Bayesian (raw 8.2, n=166)=8.1; LaunchBox Community=8.1
nes	shikinjou	Shikinjou		7.2	1991-04-26	Pixel	Toei Animation		GameFAQs community=7.7; LaunchBox community Bayesian (raw 6.7, n=14)=6.8; LaunchBox Community=7.2
nes	shingen the ruler	Shingen the Ruler		6.6	1989-08-21	Hot-B	Hot-B		GameFAQs community=7.2; LaunchBox community Bayesian (raw 5.9, n=42)=6.1; LaunchBox Community=6.6
nes	shinobi	Shinobi	5.6	6.4	1989-12-01	Tengen	Tengen	MobyGames (n=5)=5.6	GameFAQs community=5.9; LaunchBox community Bayesian (raw 6.9, n=61)=6.9; LaunchBox Community=6.4
nes	shinsen den	Shinsen-den		6.7	1989-12-15	Tamtex	Irem		LaunchBox community Bayesian (raw 6.6, n=23)=6.7; LaunchBox Community=6.7
nes	shockwave	Shockwave		5.6	1990-01-01	American Game Cartridges	American Game Cartridges		GameFAQs community=5.8; LaunchBox community Bayesian (raw 5.0, n=28)=5.5; LaunchBox Community=5.6
nes	shooting range	Shooting Range		6.1	1989-06-01	TOSE	Bandai America		GameFAQs community=6.4; LaunchBox community Bayesian (raw 5.7, n=41)=6.0; LaunchBox Community=6.1
nes	short order eggsplode	Short Order: Eggsplode		6.3	1989-12-01	TOSE	Nintendo		GameFAQs community=6.7; LaunchBox community Bayesian (raw 5.8, n=55)=6.0; LaunchBox Community=6.3
nes	shufflepuck cafe	Shufflepuck Cafe		6.4	1990-10-21		Pony Canyon		GameFAQs community=6.3; LaunchBox community Bayesian (raw 6.5, n=27)=6.6; LaunchBox Community=6.4
nes	shui guan pipe	Shui Guan Pipe
nes	side pocket	Side Pocket	8.0	6.6	1987-10-31	Data East	Data East	MobyGames (n=5)=8.0	GameFAQs community=7.1; LaunchBox community Bayesian (raw 6.1, n=73)=6.2; LaunchBox Community=6.6
nes	sidewinder	SideWinder
nes	silent assault	Silent Assault	4.1	4.9	1990-01-01	Joy Van	Color Dreams	MobyGames (n=5)=4.1	GameFAQs community=5.0; LaunchBox community Bayesian (raw 4.0, n=23)=4.9; LaunchBox Community=4.9
nes	silent assult sachen joy van	Silent Assult (Sachen-Joy Van)
nes	silent service	Silent Service	7.3	6.1	1989-12-01	Rare	Ultra Games	MobyGames (n=5)=7.3	GameFAQs community=5.9; LaunchBox community Bayesian (raw 6.2, n=58)=6.3; LaunchBox Community=6.1
nes	silk worm	Silk Worm	7.0	6.8	1990-06-01	Tecmo	American Sammy	MobyGames (n=5)=7.0	LaunchBox community Bayesian (raw 6.8, n=72)=6.8
nes	silver eagle	Silver Eagle		5.7	1994-01-01	Sachen	Sachen		GameFAQs community=6.2; LaunchBox community Bayesian (raw 3.5, n=10)=5.2; LaunchBox Community=5.7
nes	silver surfer	Silver Surfer	5.4	5.5	1990-11-01	Software Creations	Arcadia Systems	MobyGames (n=5)=5.4	GameFAQs community=5.0; LaunchBox community Bayesian (raw 5.9, n=84)=6.0; LaunchBox Community=5.5
nes	skate or die	Skate or Die		6.0	1988-12-01	Konami	Ultra Games		GameFAQs community=5.6; LaunchBox community Bayesian (raw 6.3, n=92)=6.4; LaunchBox Community=6.0
nes	skate or die 2 the search for double trouble	Skate or Die 2: The Search for Double Trouble		6.0	1990-09-01	Electronic Arts	Electronic Arts		GameFAQs community=5.7; LaunchBox community Bayesian (raw 6.3, n=74)=6.4; LaunchBox Community=6.0
nes	ski or die	Ski or Die		6.1	1991-02-01	Konami	Ultra Games		GameFAQs community=5.8; LaunchBox community Bayesian (raw 6.4, n=58)=6.5; LaunchBox Community=6.1
nes	skull and crossbones	Skull & Crossbones		5.7	1990-01-01	Tengen	Tengen		GameFAQs community=5.1; LaunchBox community Bayesian (raw 5.9, n=31)=6.2; LaunchBox Community=5.7
nes	sky kid	Sky Kid		6.3	1986-08-22	Namco	Namco		GameFAQs community=6.4; LaunchBox community Bayesian (raw 6.2, n=67)=6.3; LaunchBox Community=6.3
nes	sky shark	Sky Shark	7.1	6.9	1987-03-14	ToaPlan	Taito	MobyGames (n=5)=7.1	GameFAQs community=6.6; LaunchBox community Bayesian (raw 7.2, n=63)=7.2; LaunchBox Community=6.9
nes	slalom	Slalom		6.3	1987-08-01	Rare	Nintendo		GameFAQs community=6.5; LaunchBox community Bayesian (raw 6.1, n=76)=6.2; LaunchBox Community=6.3
nes	smash t v	Smash T.V	7.1	7.0	1991-09-01	Beam Software	Acclaim Entertainment	MobyGames (n=5)=7.1	GameFAQs community=6.8; LaunchBox community Bayesian (raw 7.3, n=93)=7.3; LaunchBox Community=7.0
nes	snake rattle n roll	Snake Rattle 'n' Roll	7.9	7.4	1990-07-01	Rare	Nintendo	MobyGames (n=5)=7.9	GameFAQs community=7.0; LaunchBox community Bayesian (raw 7.7, n=113)=7.6; LaunchBox Community=7.4
nes	snake s revenge	Snake's Revenge		6.6	1990-04-13	Konami	Ultra Games		GameFAQs community=6.3; LaunchBox community Bayesian (raw 6.9, n=109)=6.9; LaunchBox Community=6.6
nes	snoopy s silly sports spectacular	Snoopy's Silly Sports Spectacular!		5.7	1988-09-22	Kotobuki System	Kotobuki System		GameFAQs community=5.7; LaunchBox community Bayesian (raw 5.5, n=56)=5.7
nes	snow bros	Snow Bros.
nes	soccer	Soccer		5.2	1985-04-09	Iwasaki Electronics	Nintendo		GameFAQs community=5.3; LaunchBox community Bayesian (raw 4.8, n=83)=5.0; LaunchBox Community=5.2
nes	softball tengoku	Softball Tengoku
nes	solar jetman hunt for the golden warpship	Solar Jetman: Hunt for the Golden Warpship	6.8	6.9	1990-09-01	Zippo Games	Tradewest	MobyGames (n=5)=6.8	GameFAQs community=6.7; LaunchBox community Bayesian (raw 7.1, n=88)=7.1; LaunchBox Community=6.9
nes	solitaire	Solitaire		5.7	1992-01-01	Odyssey Software	American Video Entertainment		GameFAQs community=6.1; LaunchBox community Bayesian (raw 5.0, n=35)=5.4; LaunchBox Community=5.7
nes	solomon s key	Solomon's Key	7.9	7.0	1986-07-30	Tecmo	Tecmo	MobyGames (n=5)=7.9	GameFAQs community=6.8; LaunchBox community Bayesian (raw 7.3, n=107)=7.3; LaunchBox Community=7.0
nes	solstice the quest for the staff of demnos	Solstice: The Quest for the Staff of Demnos	8.1	7.4	1990-07-01	Software Creations	CSG Imagesoft	MobyGames (n=5)=8.1	GameFAQs community=7.0; LaunchBox community Bayesian (raw 7.8, n=107)=7.7; LaunchBox Community=7.4
nes	somari	Somari
nes	sonic 3d blast	Sonic 3D Blast
nes	sonic the hedgehog vol 2	Sonic the Hedgehog Vol.2
nes	sore ike anapanman minna de hiking game	Sore Ike! Anapanman: Minna de Hiking Game!
nes	space boy	Space Boy
nes	space shuttle project	Space Shuttle Project		6.4	1991-11-01	Absolute Entertainment	Absolute Entertainment		GameFAQs community=7.2; LaunchBox community Bayesian (raw 5.4, n=47)=5.7; LaunchBox Community=6.4
nes	spartan x	Spartan X
nes	spelunker	Spelunker	4.4	5.8	1985-12-07	Irem	Brøderbund Software	MobyGames (n=5)=4.4	GameFAQs community=5.6; LaunchBox community Bayesian (raw 5.9, n=80)=6.0; LaunchBox Community=5.8
nes	spelunker 2 yuusha heno chousen	Spelunker 2: Yuusha heno Chousen
nes	spider man return of the sinister six	Spider-Man: Return of the Sinister Six	5.7	5.7	1992-10-01	B.I.T.S.	LJN	MobyGames (n=5)=5.7	GameFAQs community=5.5; LaunchBox community Bayesian (raw 5.7, n=80)=5.8
nes	spiritual warfare	Spiritual Warfare		6.4	1992-01-01	Wisdom Tree	Wisdom Tree		GameFAQs community=7.3; LaunchBox community Bayesian (raw 5.2, n=27)=5.7; LaunchBox Community=6.4
nes	splatter house super deformed	Splatter House: Super Deformed
nes	splatter house wanpaku graffiti	Splatter House: Wanpaku Graffiti	8.3	6.9	1989-07-31	Now Production	Namco	MobyGames (n=5)=8.3	LaunchBox community Bayesian (raw 6.9, n=86)=6.9
nes	spot	Spot	6.9		1990	Arcadia Systems, Inc.		MobyGames (n=5)=6.9
nes	spot the video game	Spot: The Video Game		6.7	1990-09-01	Virgin Mastertronic	Arcadia Systems		GameFAQs community=5.9; LaunchBox community Bayesian (raw 7.4, n=61)=7.3; LaunchBox Community=6.7
nes	spy hunter	Spy Hunter	5.3	6.4	1987-09-01	Sunsoft	Sunsoft	MobyGames (n=5)=5.3	GameFAQs community=6.2; LaunchBox community Bayesian (raw 6.7, n=110)=6.7; LaunchBox Community=6.4
nes	spy vs spy	Spy vs Spy	5.7	6.5	1986-04-26	Kemco	Kemco	MobyGames (n=5)=5.7	GameFAQs community=6.1; LaunchBox community Bayesian (raw 6.8, n=77)=6.8; LaunchBox Community=6.5
nes	sqoon	Sqoon		6.4	1986-06-26	Home Data	Irem		GameFAQs community=6.3; LaunchBox community Bayesian (raw 6.3, n=61)=6.4; LaunchBox Community=6.4
nes	square s tom sawyer	Square's Tom Sawyer
nes	squash	Squash
nes	stack up	Stack-up		5.6	1985-07-26	Nintendo	Nintendo		GameFAQs community=4.7; LaunchBox community Bayesian (raw 6.3, n=80)=6.4; LaunchBox Community=5.6
nes	stadium events	Stadium Events	5.6	5.4	1986-12-23	Human Entertainment	Bandai	MobyGames (n=5)=5.6	LaunchBox community Bayesian (raw 5.1, n=45)=5.4; LaunchBox Community=5.4
nes	stanley the search for dr livingston	Stanley: The Search for Dr. Livingston		6.5	1992-10-01	Sculptured Software	Electro Brain		GameFAQs community=7.3; LaunchBox community Bayesian (raw 5.4, n=52)=5.7; LaunchBox Community=6.5
nes	star force	Star Force		6.9	1985-06-25	Hudson Soft	Tecmo		GameFAQs community=6.3; LaunchBox community Bayesian (raw 7.5, n=119)=7.5; LaunchBox Community=6.9
nes	star soldier	Star Soldier		6.5	1986-06-13	Hudson Soft	Hudson Soft		GameFAQs community=6.4; LaunchBox community Bayesian (raw 6.7, n=90)=6.7; LaunchBox Community=6.5
nes	star trek 25th anniversary	Star Trek: 25th Anniversary		6.7	1992-02-01	Interplay Productions	Ultra Games		GameFAQs community=6.7; LaunchBox community Bayesian (raw 6.7, n=54)=6.7
nes	star trek the next generation	Star Trek: The Next Generation	5.4	6.8	1993-09-01	Absolute Entertainment	Absolute Entertainment	MobyGames (n=5)=5.4	GameFAQs community=7.4; LaunchBox community Bayesian (raw 6.1, n=56)=6.2; LaunchBox Community=6.8
nes	star voyager	Star Voyager		5.1	1986-12-23	ASCII	Acclaim Entertainment		LaunchBox community Bayesian (raw 4.7, n=43)=5.1; LaunchBox Community=5.1
nes	star wars	Star Wars		6.7	1991-11-15	Beam Software	Limited Run Games		GameFAQs community=6.3; LaunchBox community Bayesian (raw 7.0, n=87)=7.0; LaunchBox Community=6.7
nes	star wars the empire strikes back	Star Wars: The Empire Strikes Back		6.3	1992-03-13	LucasArts	JVC Musical Industries		GameFAQs community=5.8; LaunchBox community Bayesian (raw 6.9, n=81)=6.9; LaunchBox Community=6.3
nes	starship hector	Starship Hector		6.5	1987-07-16	Hudson Soft	Hudson Soft		GameFAQs community=6.3; LaunchBox community Bayesian (raw 6.5, n=54)=6.6
nes	startropics	StarTropics	7.7	7.9	1990-12-26	Locomotive	Nintendo	MobyGames (n=5)=7.7	GameFAQs community=7.7; LaunchBox community Bayesian (raw 8.1, n=175)=8.0; LaunchBox Community=7.9
nes	startropics ii zoda s revenge	Startropics II: Zoda's Revenge
nes	stealth atf	Stealth ATF	4.6	5.3	1989-10-01	Imagineering	Activision	MobyGames (n=5)=4.6	GameFAQs community=5.1; LaunchBox community Bayesian (raw 5.1, n=37)=5.5; LaunchBox Community=5.3
nes	sted iseki wakusei no yabou	STED: Iseki Wakusei no Yabou		6.4	1990-07-27	Alpha Denshi Kōgyō	K. Amusement Leasing		GameFAQs community=6.5; LaunchBox community Bayesian (raw 5.9, n=19)=6.3; LaunchBox Community=6.4
nes	stinger	Stinger		7.0	1987-09-01	Konami	Konami		GameFAQs community=7.0; LaunchBox community Bayesian (raw 7.0, n=69)=7.0
nes	strategist	Strategist		5.4	1991-01-01	Sachen	Sachen		GameFAQs community=3.6; LaunchBox community Bayesian (raw 7.1, n=8)=7.0; LaunchBox Community=5.4
nes	street blaster ii pro	Street Blaster II Pro
nes	street cop	Street Cop		5.3	1987-08-31	Sonata	Bandai		GameFAQs community=4.9; LaunchBox community Bayesian (raw 5.3, n=43)=5.6
nes	street fighter 2010 the final fight	Street Fighter 2010: The Final Fight	7.0	6.2	1990-08-08	Capcom	Capcom	MobyGames (n=5)=7.0	GameFAQs community=6.3; LaunchBox community Bayesian (raw 6.0, n=103)=6.1; LaunchBox Community=6.2
nes	street fighter iii	Street Fighter III		7.4	1997-12-01	J.Y. Company	J.Y. Company		LaunchBox community Bayesian (raw 7.8, n=11)=7.4; LaunchBox Community=7.4
nes	street fighter iv	Street Fighter IV		7.3	1993-01-01	Hummer Team	Gouder		LaunchBox community Bayesian (raw 7.7, n=7)=7.3; LaunchBox Community=7.3
nes	street fighter v	Street Fighter V
nes	street fighter vi 12 peoples	Street Fighter VI 12 Peoples
nes	street fighter zero 2 97	Street Fighter Zero 2 '97
nes	street fighter zero 3	Street Fighter Zero 3
nes	street heroes	Street Heroes		2.4					GameFAQs community=2.4
nes	strider	Strider	7.4	7.1	1989-07-01	Capcom	Capcom	MobyGames (n=5)=7.4	GameFAQs community=6.8; LaunchBox community Bayesian (raw 7.5, n=103)=7.5; LaunchBox Community=7.1
nes	stroke and match golf vs	Stroke & Match Golf (VS)
nes	stunt kids	Stunt Kids		6.1	1992-01-01	Codemasters	Camerica		GameFAQs community=5.9; LaunchBox community Bayesian (raw 6.0, n=32)=6.2; LaunchBox Community=6.1
nes	sugoro quest dice no senshitachi	Sugoro Quest: Dice no Senshitachi		6.7	1991-06-28	Technōs Japan	Technōs Japan		LaunchBox community Bayesian (raw 6.6, n=19)=6.7; LaunchBox Community=6.7
nes	summer carnival 92 recca	Summer Carnival '92: Recca	8.4	7.8	1992-07-17	Kid	Naxat Soft	MobyGames (n=5)=8.4	GameFAQs community=7.9; LaunchBox community Bayesian (raw 7.8, n=67)=7.7
nes	sunday funday	Sunday Funday
nes	super aladdin	Super Aladdin		7.2	1994-01-01	Super Game	Realtec		LaunchBox community Bayesian (raw 7.4, n=13)=7.2; LaunchBox Community=7.2
nes	super c	Super C		8.3	1990-02-02	Konami	Konami		GameFAQs community=8.1; LaunchBox community Bayesian (raw 8.5, n=315)=8.5; LaunchBox Community=8.3
nes	super cars	Super Cars		5.3	1991-02-01	Gremlin Graphics Software	Electro Brain		GameFAQs community=5.1; LaunchBox community Bayesian (raw 5.3, n=54)=5.6
nes	super contra 7	Super Contra 7		6.8	1996-01-01	Fuzhou Waixing Computer Science & Technology	E.S.C.		LaunchBox community Bayesian (raw 6.6, n=10)=6.8
nes	super contra ii	Super Contra II		7.1	1993-01-01	Fuzan Dayou	Yanshan Software		LaunchBox community Bayesian (raw 7.1, n=13)=7.1
nes	super contra x	Super Contra X		7.0	1994-01-01	Chengdu Tai Jing Da Dong Computer	Micro Genius		LaunchBox community Bayesian (raw 7.0, n=8)=7.0
nes	super dodge ball	Super Dodge Ball	7.2	7.9	1988-07-26	Technōs Japan	CSG Imagesoft	MobyGames (n=5)=7.2	GameFAQs community=7.7; LaunchBox community Bayesian (raw 8.0, n=127)=7.9; LaunchBox Community=7.9
nes	super donkey kong 2	Super Donkey Kong 2		7.5	1997-01-01		Ka Sheng		LaunchBox community Bayesian (raw 7.9, n=15)=7.5; LaunchBox Community=7.5
nes	super glove ball	Super Glove Ball		5.5	1990-10-01	Rare	Mattel		GameFAQs community=4.9; LaunchBox community Bayesian (raw 5.9, n=41)=6.1; LaunchBox Community=5.5
nes	super jeopardy	Super Jeopardy!		6.0	1991-09-01	Imagineering	GameTek		GameFAQs community=6.0; LaunchBox community Bayesian (raw 5.7, n=35)=6.0
nes	super mario 14	Super Mario 14		7.5	1993-01-01				LaunchBox community Bayesian (raw 7.7, n=34)=7.5; LaunchBox Community=7.5
nes	super mario bros	Super Mario Bros	9.0	8.7	1985-09-13	Nintendo EAD	Nintendo	MobyGames (n=5)=9.0	GameFAQs community=8.3; LaunchBox community Bayesian (raw 9.0, n=1210)=9.0; LaunchBox Community=8.7
nes	super mario bros 3	Super Mario Bros. 3	9.6	9.1	1988-01-01	Nintendo EAD		MobyGames=9.6 (n=5 min)	GameFAQs community=9.1
nes	super mario bros duck hunt	Super Mario Bros. Duck Hunt		8.3					GameFAQs community=8.3
nes	super mario bros duck hunt world class track meet	Super Mario Bros. Duck Hunt World Class Track Meet		8.2					GameFAQs community=8.2
nes	super mario bros iv	Super Mario Bros IV
nes	super mario kart raider	Super Mario Kart Raider
nes	super mario world	Super Mario World		7.6	1995-01-01	Hummer Team	JY Company		LaunchBox community Bayesian (raw 7.7, n=89)=7.6; LaunchBox Community=7.6
nes	super mario world 9	Super Mario World 9
nes	super pang	Super Pang		7.0	1991-01-01	Thin Chen Enterprise	Sachen		GameFAQs community=6.8; LaunchBox community Bayesian (raw 7.3, n=13)=7.2; LaunchBox Community=7.0
nes	super pitfall	Super Pitfall	2.0	4.7	1986-09-05	Micronics	Activision	MobyGames (n=5)=2.0	GameFAQs community=4.3; LaunchBox community Bayesian (raw 4.8, n=87)=5.0; LaunchBox Community=4.7
nes	super shinobi den	Super Shinobi Den
nes	super sonic 5	Super Sonic 5
nes	super spike v ball	Super Spike V'Ball		7.3	1989-11-10	Technōs Japan	Nintendo		GameFAQs community=7.3; LaunchBox community Bayesian (raw 7.4, n=92)=7.4; LaunchBox Community=7.3
nes	super spike v ball nintendo world cup	Super Spike V'Ball + Nintendo World Cup		7.3	1990-01-01	Technōs Japan	Nintendo		GameFAQs community=7.5; LaunchBox community Bayesian (raw 7.1, n=30)=7.1; LaunchBox Community=7.3
nes	super sprint	Super Sprint		6.8	1989-01-01	Tengen	Tengen		GameFAQs community=6.6; LaunchBox community Bayesian (raw 6.9, n=58)=6.9; LaunchBox Community=6.8
nes	super spy hunter	Super Spy Hunter	8.2	7.2	1991-09-27	Tokai Engineering	Sunsoft	MobyGames (n=5)=8.2	GameFAQs community=7.3; LaunchBox community Bayesian (raw 7.2, n=94)=7.2
nes	super team games	Super Team Games		6.6	1987-11-27	Sonata	Nintendo		GameFAQs community=6.0; LaunchBox community Bayesian (raw 7.2, n=32)=7.2; LaunchBox Community=6.6
nes	superman	Superman	3.4	5.0	1987-12-22	Kotobuki System	Kemco	MobyGames (n=5)=3.4	GameFAQs community=4.9; LaunchBox community Bayesian (raw 4.8, n=74)=5.1; LaunchBox Community=5.0
nes	swamp thing	Swamp Thing	3.4	4.8	1992-12-08	Imagineering	THQ	MobyGames (n=5)=3.4	GameFAQs community=4.1; LaunchBox community Bayesian (raw 5.2, n=56)=5.5; LaunchBox Community=4.8
nes	sweet home	Sweet Home	8.2	7.9	1989-12-15	Capcom	Capcom	MobyGames (n=5)=8.2	GameFAQs community=7.6; LaunchBox community Bayesian (raw 8.3, n=87)=8.2; LaunchBox Community=7.9
nes	sword master	Sword Master		6.9	1990-12-21	Athena	Activision		GameFAQs community=6.4; LaunchBox community Bayesian (raw 7.4, n=85)=7.4; LaunchBox Community=6.9
nes	swords and serpents	Swords and Serpents		6.8	1990-08-01	Interplay Productions	Acclaim Entertainment		GameFAQs community=6.7; LaunchBox community Bayesian (raw 6.9, n=55)=6.9; LaunchBox Community=6.8
nes	t and c 2 thrilla s surfari	T&C 2: Thrilla's Surfari
nes	t and c surf design	T&C Surf Design
nes	taboo the sixth sense	Taboo: The Sixth Sense	2.6	3.6	1989-05-01	Rare	Tradewest	MobyGames (n=5)=2.6	GameFAQs community=2.8; LaunchBox community Bayesian (raw 3.9, n=61)=4.3; LaunchBox Community=3.6
nes	tag team wrestling	Tag Team Wrestling		5.2	1986-04-02	Sakata SAS	Data East USA		GameFAQs community=4.5; LaunchBox community Bayesian (raw 5.7, n=63)=5.9; LaunchBox Community=5.2
nes	tagin dragon	Tagin' Dragon		4.0	1989-01-01	Sachen	Bunch Games		GameFAQs community=2.7; LaunchBox community Bayesian (raw 4.7, n=34)=5.2; LaunchBox Community=4.0
nes	taiwan mahjong	Taiwan Mahjong		1.8					GameFAQs community=1.8
nes	taiyou no yuusha firebird	Taiyou no Yuusha Firebird
nes	takahashi meijin no bouken shima iv	Takahashi Meijin no Bouken Shima IV
nes	talespin	TaleSpin		7.4	1991-12-11	Capcom	Capcom		LaunchBox community Bayesian (raw 7.4, n=94)=7.4
nes	target renegade	Target: Renegade	4.0	5.9	1990-07-01	Software Creations	Taito	MobyGames (n=5)=4.0	GameFAQs community=5.2; LaunchBox community Bayesian (raw 6.6, n=60)=6.7; LaunchBox Community=5.9
nes	taro s quest	Taro's Quest
nes	tasac	Tasac		6.0	1992-01-01	Sachen	Sachen		GameFAQs community=4.6; LaunchBox community Bayesian (raw 8.0, n=6)=7.4; LaunchBox Community=6.0
nes	tashiro masashi no princess ga ippai	Tashiro Masashi no Princess ga Ippai		5.8	1989-10-27	TOSE	Epic/Sony		GameFAQs community=5.2; LaunchBox community Bayesian (raw 5.8, n=14)=6.3
nes	technos samurai downtown special	Technos Samurai: Downtown Special!
nes	tecmo baseball	Tecmo Baseball		5.9	1989-01-01	Tecmo	Tecmo		GameFAQs community=5.8; LaunchBox community Bayesian (raw 5.6, n=45)=5.9; LaunchBox Community=5.9
nes	tecmo bowl	Tecmo Bowl	8.0	7.6	1989-02-01	Tecmo	Tecmo	MobyGames (n=5)=8.0	GameFAQs community=7.2; LaunchBox community Bayesian (raw 8.1, n=126)=8.0; LaunchBox Community=7.6
nes	tecmo cup soccer game	Tecmo Cup Soccer Game	7.0	7.8	1988-04-28	Tecmo	Tecmo	MobyGames (n=5)=7.0	GameFAQs community=7.7; LaunchBox community Bayesian (raw 7.9, n=87)=7.8; LaunchBox Community=7.8
nes	tecmo nba basketball	Tecmo NBA Basketball		7.1	1992-11-01	Tecmo	Tecmo		GameFAQs community=7.0; LaunchBox community Bayesian (raw 7.1, n=54)=7.1
nes	tecmo super bowl	Tecmo Super Bowl	9.2	8.3	1991-12-01	Tecmo	Tecmo	MobyGames (n=5)=9.2	GameFAQs community=8.1; LaunchBox community Bayesian (raw 8.6, n=151)=8.5; LaunchBox Community=8.3
nes	tecmo world wrestling	Tecmo World Wrestling	7.7	7.2	1989-09-01	Tecmo	Tecmo	MobyGames (n=5)=7.7	GameFAQs community=6.9; LaunchBox community Bayesian (raw 7.6, n=72)=7.5; LaunchBox Community=7.2
nes	teenage mutant ninja turtles	Teenage Mutant Ninja Turtles	7.3	6.9	1989-05-12	Konami	Konami	MobyGames (n=5)=7.3	GameFAQs community=6.3; LaunchBox community Bayesian (raw 7.4, n=308)=7.4; LaunchBox Community=6.9
nes	teenage mutant ninja turtles ii the arcade game	Teenage Mutant Ninja Turtles II: The Arcade Game		8.0	1990-12-07	Konami	Ultra Games		GameFAQs community=7.8; LaunchBox community Bayesian (raw 8.2, n=284)=8.2; LaunchBox Community=8.0
nes	teenage mutant ninja turtles iii the manhattan project	Teenage Mutant Ninja Turtles III: The Manhattan Project		8.2	1991-12-13	Konami	Konami		GameFAQs community=8.1; LaunchBox community Bayesian (raw 8.4, n=276)=8.4; LaunchBox Community=8.2
nes	teenage mutant ninja turtles tournament fighters	Teenage Mutant Ninja Turtles: Tournament Fighters		6.7	1993-01-01	Konami	Konami		GameFAQs community=7.0; LaunchBox community Bayesian (raw 6.5, n=127)=6.5; LaunchBox Community=6.7
nes	tekken 2	Tekken 2		6.3	1996-01-01	Hummer Team	J.Y. Company		LaunchBox community Bayesian (raw 5.8, n=14)=6.3
nes	tenchi wo kurau ii shokatsu koumei den	Tenchi wo Kurau II: Shokatsu Koumei-den
nes	tennis	Tennis		6.3	1984-01-14	Nintendo	Nintendo		GameFAQs community=5.8; LaunchBox community Bayesian (raw 6.7, n=124)=6.7; LaunchBox Community=6.3
nes	terminator 2 judgment day	Terminator 2: Judgment Day		6.3	1991-02-01	Software Creations	LJN		GameFAQs community=5.7; LaunchBox community Bayesian (raw 6.9, n=113)=6.9; LaunchBox Community=6.3
nes	terra cresta	Terra Cresta		6.7	1986-09-27	Nihon Bussan	Vic Tokai		GameFAQs community=6.1; LaunchBox community Bayesian (raw 7.4, n=97)=7.4; LaunchBox Community=6.7
nes	tetrastar the fighter	Tetrastar: The Fighter		7.1	1991-05-24	Home Data	Taito		LaunchBox community Bayesian (raw 7.1, n=28)=7.1
nes	tetris	Tetris	8.9	8.4	1989-11-01	Nintendo	Nintendo	MobyGames (n=5)=8.9	GameFAQs community=8.2; LaunchBox community Bayesian (raw 8.7, n=365)=8.7; LaunchBox Community=8.4
nes	the 3 d battles of world runner	The 3-D Battles of World Runner
nes	the addams family	The Addams Family	5.4	6.0	1992-01-01	Ocean Software	Ocean of America	MobyGames (n=5)=5.4	GameFAQs community=5.7; LaunchBox community Bayesian (raw 6.3, n=147)=6.3; LaunchBox Community=6.0
nes	the addams family pugsley s scavenger hunt	The Addams Family: Pugsley's Scavenger Hunt	5.1	5.5	1992-01-01	Enigma Variations	Ocean Software	MobyGames (n=5)=5.1	GameFAQs community=5.3; LaunchBox community Bayesian (raw 5.4, n=99)=5.5; LaunchBox Community=5.5
nes	the adventures of bayou billy	The Adventures of Bayou Billy	5.5	5.7	1988-08-12	Konami Industry	Konami Industry	MobyGames (n=5)=5.5	GameFAQs community=5.4; LaunchBox community Bayesian (raw 5.9, n=164)=6.0; LaunchBox Community=5.7
nes	the adventures of captain comic	The Adventures of Captain Comic	5.7		1989			MobyGames (n=5)=5.7
nes	the adventures of gilligan s island	The Adventures of Gilligan's Island		4.5	1990-07-01	Human Entertainment	Bandai America		GameFAQs community=4.8; LaunchBox community Bayesian (raw 3.9, n=85)=4.2; LaunchBox Community=4.5
nes	the adventures of rad gravity	The Adventures of Rad Gravity		6.1	1990-12-01	Interplay Productions	Activision		GameFAQs community=6.0; LaunchBox community Bayesian (raw 6.1, n=99)=6.2
nes	the adventures of rocky and bullwinkle and friends	The Adventures of Rocky and Bullwinkle and Friends	2.6	3.8	1992-12-01	Radical Entertainment	THQ	MobyGames (n=5)=2.6	GameFAQs community=2.9; LaunchBox community Bayesian (raw 4.4, n=76)=4.7; LaunchBox Community=3.8
nes	the aladdin return of jaffar	The Aladdin: Return of Jaffar
nes	the bard s tale tales of the unknown	The Bard's Tale: Tales of the Unknown
nes	the battle of olympus	The Battle of Olympus	7.4	7.3	1988-03-28	Infinity	Nintendo	MobyGames (n=5)=7.4	GameFAQs community=7.4; LaunchBox community Bayesian (raw 7.3, n=151)=7.3
nes	the black bass usa	The Black Bass USA		6.3	1988-10-18	Another	Hot-B		GameFAQs community=6.4; LaunchBox community Bayesian (raw 6.2, n=58)=6.3; LaunchBox Community=6.3
nes	the blue marlin	The Blue Marlin		7.0	1992-07-08	Hot-B	Hot-B		GameFAQs community=7.1; LaunchBox community Bayesian (raw 6.8, n=65)=6.8; LaunchBox Community=7.0
nes	the blues brothers	The Blues Brothers	4.4	5.6	1992-09-01	Titus France	Titus Software	MobyGames (n=5)=4.4	GameFAQs community=4.8; LaunchBox community Bayesian (raw 6.2, n=72)=6.3; LaunchBox Community=5.6
nes	the bugs bunny birthday blowout	The Bugs Bunny Birthday Blowout		6.1	1990-08-03	Kemco	Kemco		GameFAQs community=6.0; LaunchBox community Bayesian (raw 6.2, n=104)=6.3; LaunchBox Community=6.1
nes	the bugs bunny crazy castle	The Bugs Bunny Crazy Castle	4.7	6.7	1989-08-01	Kemco	Kemco	MobyGames (n=5)=4.7	GameFAQs community=6.3; LaunchBox community Bayesian (raw 7.1, n=124)=7.1; LaunchBox Community=6.7
nes	the chessmaster	The Chessmaster	8.4	6.3	1989-11-01	The Software Toolworks	Hi-Tech Expressions	MobyGames (n=5)=8.4	GameFAQs community=5.8; LaunchBox community Bayesian (raw 6.6, n=61)=6.7; LaunchBox Community=6.3
nes	the dragon	The Dragon		6.8	1995-01-01	Ramar International	Ramar International		LaunchBox community Bayesian (raw 6.6, n=14)=6.8; LaunchBox Community=6.8
nes	the fantastic adventures of dizzy	The Fantastic Adventures of Dizzy		7.0	1991-01-01	Codemasters Software	Camerica		GameFAQs community=6.7; LaunchBox community Bayesian (raw 7.3, n=44)=7.2; LaunchBox Community=7.0
nes	the flintstones the rescue of dino and hoppy	The Flintstones: The Rescue of Dino & Hoppy	7.6	7.4	1991-12-01	Taito	Taito	MobyGames (n=5)=7.6	GameFAQs community=7.2; LaunchBox community Bayesian (raw 7.7, n=122)=7.6; LaunchBox Community=7.4
nes	the flintstones the surprise at dinosaur peak	The Flintstones: The Surprise at Dinosaur Peak!	7.6	7.3	1994-08-26	Taito	Taito	MobyGames (n=5)=7.6	GameFAQs community=7.4; LaunchBox community Bayesian (raw 7.3, n=113)=7.3
nes	the goonies ii	The Goonies II		7.1	1987-03-18	Konami	Konami		GameFAQs community=6.9; LaunchBox community Bayesian (raw 7.4, n=120)=7.4; LaunchBox Community=7.1
nes	the guardian legend	The Guardian Legend	8.1	8.1	1988-02-05	Compile	Brøderbund Software	MobyGames (n=5)=8.1	GameFAQs community=8.3; LaunchBox community Bayesian (raw 8.0, n=150)=7.9; LaunchBox Community=8.1
nes	the hunt for red october	The Hunt for Red October	5.3	5.2	1990-01-01	Beam Software Pty., Ltd.	Hi-Tech Expressions	MobyGames=5.3 (n=5 min)	GameFAQs community=5.0; LaunchBox community Bayesian (raw 5.0, n=50)=5.3; LaunchBox Community=5.2
nes	the immortal	The Immortal	7.6	6.5	1990-11-01	Sandcastle	Electronic Arts	MobyGames (n=5)=7.6	GameFAQs community=6.0; LaunchBox community Bayesian (raw 7.0, n=85)=7.0; LaunchBox Community=6.5
nes	the incredible crash dummies	The Incredible Crash Dummies		6.5	1993-09-23	Software Creations	LJN		GameFAQs community=6.0; LaunchBox community Bayesian (raw 7.0, n=53)=7.0; LaunchBox Community=6.5
nes	the jetsons cogswell s caper	The Jetsons: Cogswell's Caper		7.3	1992-12-01	Natsume	Taito		GameFAQs community=7.1; LaunchBox community Bayesian (raw 7.6, n=77)=7.5; LaunchBox Community=7.3
nes	the jungle book	The Jungle Book		6.9	1994-08-01	Eurocom Entertainment Software	Virgin Interactive Entertainment		LaunchBox community Bayesian (raw 6.9, n=79)=6.9
nes	the karate kid	The Karate Kid	5.1	5.3	1987-11-01	Atlus	LJN	MobyGames (n=5)=5.1	GameFAQs community=4.9; LaunchBox community Bayesian (raw 5.4, n=97)=5.5; LaunchBox Community=5.3
nes	the king of fighters 96	The King of Fighters 96		6.4	1998-08-14	Hummer Team	KaSheng		LaunchBox community Bayesian (raw 6.1, n=20)=6.4
nes	the king of fighters 99	The King of Fighters 99		7.7	1999-07-22	Hummer Team			LaunchBox community Bayesian (raw 8.3, n=10)=7.7; LaunchBox Community=7.7
nes	the king of kings	The King of Kings		5.8	1988-12-09	Atlus	Namco		GameFAQs community=6.1; LaunchBox community Bayesian (raw 4.8, n=28)=5.4; Legacy community=5.8
nes	the krion conquest	The Krion Conquest	5.6	6.9	1990-12-14	Vic Tokai	Vic Tokai	MobyGames (n=5)=5.6	GameFAQs community=6.8; LaunchBox community Bayesian (raw 7.1, n=95)=7.1; LaunchBox Community=6.9
nes	the last ninja	The Last Ninja		5.0	1991-02-01	Beam Software	Jaleco		GameFAQs community=4.9; LaunchBox community Bayesian (raw 4.8, n=58)=5.1; LaunchBox Community=5.0
nes	the last starfighter	The Last Starfighter		4.4	1990-06-01	Graftgold	Mindscape		GameFAQs community=4.7; LaunchBox community Bayesian (raw 3.7, n=59)=4.2; LaunchBox Community=4.4
nes	the legend of fuma	The Legend of Fuma
nes	the legend of kage	The Legend of Kage	5.4	6.3	1986-04-18	Taito	Taito	MobyGames (n=5)=5.4	GameFAQs community=6.0; LaunchBox community Bayesian (raw 6.6, n=103)=6.6; LaunchBox Community=6.3
nes	the legend of zelda	The Legend of Zelda	8.6	8.7	1986-02-21	Nintendo	Nintendo	MobyGames (n=5)=8.6	GameFAQs community=8.4; LaunchBox community Bayesian (raw 9.1, n=940)=9.1; LaunchBox Community=8.7
nes	the lion king	The Lion King		6.1	1995-05-25	Dark Technologies	Virgin Interactive Entertainment		LaunchBox community Bayesian (raw 5.9, n=51)=6.1; LaunchBox Community=6.1
nes	the lion king iii simon and pumba	The Lion King III: Simon and Pumba
nes	the little mermaid	The Little Mermaid
nes	the lone ranger	The Lone Ranger	7.2	7.4	1991-08-01	Konami	Konami	MobyGames (n=5)=7.2	GameFAQs community=7.7; LaunchBox community Bayesian (raw 7.1, n=73)=7.1; LaunchBox Community=7.4
nes	the mafat conspiracy	The Mafat Conspiracy	7.8	6.7	1990-07-27	Aicom	Vic Tokai	MobyGames (n=5)=7.8	LaunchBox community Bayesian (raw 6.6, n=66)=6.7; LaunchBox Community=6.7
nes	the magic of scheherazade	The Magic of Scheherazade	7.6	7.1	1987-09-03	Culture Brain	Culture Brain	MobyGames (n=5)=7.6	GameFAQs community=7.3; LaunchBox community Bayesian (raw 6.9, n=86)=6.9; LaunchBox Community=7.1
nes	the miracle piano teaching system	The Miracle Piano Teaching System		5.9	1990-01-01	Software Toolbox	Software Toolbox		GameFAQs community=5.8; LaunchBox community Bayesian (raw 5.5, n=26)=5.9; LaunchBox Community=5.9
nes	the mutant virus	The Mutant Virus
nes	the mysterious murasame castle	The Mysterious Murasame Castle
nes	the punisher	The Punisher		6.7	1990-11-01	Beam Software	LJN		GameFAQs community=6.5; LaunchBox community Bayesian (raw 6.9, n=72)=6.9; LaunchBox Community=6.7
nes	the ren and stimpy show	The Ren & Stimpy Show
nes	the rocketeer	The Rocketeer		6.2	1991-05-01	Realtime Associates	Bandai America		GameFAQs community=5.9; LaunchBox community Bayesian (raw 6.4, n=65)=6.5; LaunchBox Community=6.2
nes	the simpsons bart vs the space mutants	The Simpsons: Bart vs. The Space Mutants		5.9	1991-02-01	Imagineering	Acclaim Entertainment		GameFAQs community=5.5; LaunchBox community Bayesian (raw 6.3, n=128)=6.4; LaunchBox Community=5.9
nes	the simpsons bart vs the world	The Simpsons: Bart Vs. the World		5.5					GameFAQs community=5.5
nes	the simpsons bartman meets radioactive man	The Simpsons: Bartman Meets Radioactive Man	5.3	5.7	1992-12-01	Imagineering	Acclaim Entertainment	MobyGames (n=5)=5.3	GameFAQs community=5.5; LaunchBox community Bayesian (raw 5.8, n=71)=5.9; LaunchBox Community=5.7
nes	the terminator	The Terminator	4.9	5.1	1992-12-01	Radical Entertainment	Mindscape	MobyGames (n=5)=4.9	GameFAQs community=3.6; LaunchBox community Bayesian (raw 6.4, n=56)=6.5; LaunchBox Community=5.1
nes	the three stooges	The Three Stooges	7.2	6.2	1989-10-15	Beam Software	Activision	MobyGames (n=5)=7.2	GameFAQs community=5.7; LaunchBox community Bayesian (raw 6.5, n=51)=6.6; LaunchBox Community=6.2
nes	the ultimate stuntman	The Ultimate Stuntman	7.3	6.7	1990-01-01	Codemasters	Camerica	MobyGames (n=5)=7.3	GameFAQs community=6.4; LaunchBox community Bayesian (raw 6.9, n=44)=6.9; LaunchBox Community=6.7
nes	the uncanny x men	The Uncanny X-Men	1.8	3.7	1989-12-01	Atlus	LJN	MobyGames (n=5)=1.8	GameFAQs community=3.1; LaunchBox community Bayesian (raw 3.9, n=82)=4.2; LaunchBox Community=3.7
nes	the untouchables	The Untouchables		5.9	1991-01-01	Special FX Software	Ocean Software		GameFAQs community=5.7; LaunchBox community Bayesian (raw 5.9, n=51)=6.1
nes	the young indiana jones chronicles	The Young Indiana Jones Chronicles		7.2	1992-12-01	Jaleco	Jaleco		GameFAQs community=7.5; LaunchBox community Bayesian (raw 6.8, n=77)=6.8; LaunchBox Community=7.2
nes	thunder and lightning	Thunder & Lightning		6.5	1990-12-01	Visco	Athena		GameFAQs community=6.4; LaunchBox community Bayesian (raw 6.4, n=54)=6.5; LaunchBox Community=6.5
nes	thunder warrior	Thunder Warrior		4.1					GameFAQs community=4.1; Legacy community=4.1
nes	thunderbirds	Thunderbirds		6.4	1990-09-01	Pack-In-Video	Activision		GameFAQs community=6.3; LaunchBox community Bayesian (raw 6.5, n=47)=6.6; LaunchBox Community=6.4
nes	thundercade	Thundercade	5.6	6.9	1989-07-01	Micronics	American Sammy	MobyGames (n=5)=5.6	GameFAQs community=7.3; LaunchBox community Bayesian (raw 6.3, n=42)=6.4; LaunchBox Community=6.9
nes	tiger heli	Tiger-Heli	5.6	6.4	1986-12-05	Micronics	Acclaim Entertainment	MobyGames (n=5)=5.6	GameFAQs community=6.1; LaunchBox community Bayesian (raw 6.6, n=77)=6.6; LaunchBox Community=6.4
nes	tiles of fate	Tiles of Fate		5.6	1990-01-01	Computer & Entertainment	American Video Entertainment		GameFAQs community=5.3; LaunchBox community Bayesian (raw 5.4, n=25)=5.9; LaunchBox Community=5.6
nes	time diver avenger	Time Diver Avenger
nes	time diver eon man	Time Diver: Eon Man		6.2	1994-01-01	A.I	Nitra		GameFAQs community=5.9; LaunchBox community Bayesian (raw 6.4, n=34)=6.5; LaunchBox Community=6.2
nes	time lord	Time Lord	5.8	6.2	1990-09-01	Rare	Milton Bradley	MobyGames (n=5)=5.8	GameFAQs community=5.4; LaunchBox community Bayesian (raw 6.9, n=61)=6.9; LaunchBox Community=6.2
nes	time zone	Time Zone		6.7	1991-10-25	EIM	Sigma Enterprises		GameFAQs community=6.9; LaunchBox community Bayesian (raw 6.3, n=26)=6.5; LaunchBox Community=6.7
nes	times of lore	Times of Lore		6.1	1990-12-07	Origin Systems	Toho		GameFAQs community=6.2; LaunchBox community Bayesian (raw 5.7, n=46)=5.9; LaunchBox Community=6.1
nes	tiny toon 4	Tiny Toon 4
nes	tiny toon adventures	Tiny Toon Adventures	7.5	7.5	1991-12-01	Konami	Konami	MobyGames (n=5)=7.5	GameFAQs community=7.3; LaunchBox community Bayesian (raw 7.8, n=190)=7.8; LaunchBox Community=7.5
nes	tiny toon adventures 2 trouble in wackyland	Tiny Toon Adventures 2: Trouble in Wackyland	7.4	6.7	1992-11-27	Konami	Konami	MobyGames (n=5)=7.4	GameFAQs community=6.4; LaunchBox community Bayesian (raw 6.9, n=103)=6.9; LaunchBox Community=6.7
nes	tiny toon adventures cartoon workshop	Tiny Toon Adventures Cartoon Workshop	5.7	5.7	1992-12-01	Novotrade International	Konami	MobyGames (n=5)=5.7	GameFAQs community=6.3; LaunchBox community Bayesian (raw 4.9, n=55)=5.2; LaunchBox Community=5.7
nes	titanic	Titanic
nes	to the earth	To the Earth	5.1	5.7	1989-11-01	Cirque Verte	Nintendo	MobyGames (n=5)=5.1	GameFAQs community=5.4; LaunchBox community Bayesian (raw 5.8, n=46)=6.0; LaunchBox Community=5.7
nes	toita basketball	Toita Basketball
nes	toki	Toki	7.7	7.3	1991-07-19	Taito	Taito	MobyGames (n=5)=7.7	GameFAQs community=7.2; LaunchBox community Bayesian (raw 7.4, n=110)=7.4; LaunchBox Community=7.3
nes	tokkyuu shirei solbrain	Tokkyuu Shirei Solbrain
nes	tom and jerry 3	Tom & Jerry 3		7.4	1998-01-01	Dragon	Dragon		LaunchBox community Bayesian (raw 7.7, n=11)=7.4; LaunchBox Community=7.4
nes	tom and jerry and tuffy	Tom & Jerry (and Tuffy)
nes	tombs and treasure	Tombs & Treasure		7.0	1988-08-03	Compile	Infocom		GameFAQs community=7.1; LaunchBox community Bayesian (raw 6.8, n=49)=6.8; LaunchBox Community=7.0
nes	toobin	Toobin'	5.4	6.5	1989-07-01	Tengen	Tengen	MobyGames (n=5)=5.4	GameFAQs community=6.2; LaunchBox community Bayesian (raw 6.8, n=62)=6.8; LaunchBox Community=6.5
nes	top gun	Top Gun		5.7	1987-11-01	Konami	Konami		GameFAQs community=5.3; LaunchBox community Bayesian (raw 6.1, n=94)=6.2; LaunchBox Community=5.7
nes	top gun iii	Top Gun III		7.5	1993-01-01				LaunchBox community Bayesian (raw 10.0, n=2)=7.5
nes	top gun the second mission	Top Gun: The Second Mission		6.0	1989-12-15	Konami	Konami		GameFAQs community=5.4; LaunchBox community Bayesian (raw 6.5, n=64)=6.6; LaunchBox Community=6.0
nes	top players tennis featuring chris evert and ivan lendl	Top Players' Tennis: Featuring Chris Evert & Ivan Lendl
nes	total recall	Total Recall	3.4	4.4	1990-08-01	Interplay Productions	Acclaim Entertainment	MobyGames (n=5)=3.4	GameFAQs community=3.7; LaunchBox community Bayesian (raw 4.7, n=74)=5.0; LaunchBox Community=4.4
nes	totally rad	Totally Rad		6.9	1990-09-28	Aicom	Jaleco		GameFAQs community=6.9; LaunchBox community Bayesian (raw 6.9, n=82)=6.9
nes	touch down fever	Touch Down Fever		5.3	1988-11-11	SNK	SNK		LaunchBox community Bayesian (raw 4.8, n=36)=5.3; LaunchBox Community=5.3
nes	town and country surf designs ii thrilla s surfari	Town & Country Surf Designs II: Thrilla's Surfari		6.6	1992-03-01	Sculptured Software	Acclaim Entertainment		LaunchBox community Bayesian (raw 6.5, n=54)=6.6; LaunchBox Community=6.6
nes	town and country surf designs wood and water rage	Town & Country Surf Designs: Wood & Water Rage	4.0	6.7	1988-02-01	Sanritsu Denki	LJN	MobyGames (n=5)=4.0	LaunchBox community Bayesian (raw 6.7, n=74)=6.7
nes	toxic crusaders	Toxic Crusaders		5.8	1992-04-01	TOSE	Bandai America		GameFAQs community=5.0; LaunchBox community Bayesian (raw 6.5, n=61)=6.6; LaunchBox Community=5.8
nes	track and field	Track & Field	7.4	7.0	1985-06-25	Konami	Konami	MobyGames (n=5)=7.4	GameFAQs community=6.7; LaunchBox community Bayesian (raw 7.4, n=117)=7.4; LaunchBox Community=7.0
nes	transformers comvoy no nazo	Transformers: Comvoy no Nazo
nes	treasure master	Treasure Master		6.0	1991-12-13	Software Creations	American Softworks		GameFAQs community=5.2; LaunchBox community Bayesian (raw 6.8, n=43)=6.8; LaunchBox Community=6.0
nes	trog	Trog!	7.4	7.4	1991-01-01	Visual Concepts	Acclaim Entertainment	MobyGames (n=5)=7.4	GameFAQs community=7.2; LaunchBox community Bayesian (raw 7.6, n=73)=7.5; LaunchBox Community=7.4
nes	trojan	Trojan	6.9	6.5	1986-12-24	Capcom	Capcom	MobyGames (n=5)=6.9	GameFAQs community=6.4; LaunchBox community Bayesian (raw 6.6, n=112)=6.6; LaunchBox Community=6.5
nes	trolls on treasure island	Trolls on Treasure Island		4.6	1992-01-01	American Video Entertainment	American Video Entertainment		GameFAQs community=3.0; LaunchBox community Bayesian (raw 5.9, n=33)=6.2; LaunchBox Community=4.6
nes	tsuppari oozumou	Tsuppari Oozumou		6.6	1987-09-18	Tecmo	Tecmo		GameFAQs community=6.7; LaunchBox community Bayesian (raw 6.4, n=15)=6.6; LaunchBox Community=6.6
nes	twin cobra	Twin Cobra		6.9	1989-08-04	Micronics	American Sammy		GameFAQs community=6.2; LaunchBox community Bayesian (raw 7.6, n=69)=7.5; LaunchBox Community=6.9
nes	twin eagle	Twin Eagle		6.2	1989-10-01	Visco	Romstar		GameFAQs community=6.4; LaunchBox community Bayesian (raw 5.8, n=47)=6.0; LaunchBox Community=6.2
nes	twin eagle revenge joe s brother	Twin Eagle: Revenge Joe's Brother
nes	twinbee 3 poko poko dai maou	TwinBee 3: Poko Poko Dai Maou		7.4	1989-09-29	Konami	Konami		GameFAQs community=7.4; LaunchBox community Bayesian (raw 7.4, n=44)=7.3
nes	twinbee 3 the aimless demon king	TwinBee 3: The Aimless Demon King
nes	uchuusen cosmo carrier	Uchuusen Cosmo Carrier		6.0	1987-11-06	TOSE	Jaleco		GameFAQs community=6.3; LaunchBox community Bayesian (raw 4.6, n=13)=5.6; LaunchBox Community=6.0
nes	ufouria the saga	Ufouria: The Saga	7.9	7.6	1991-09-20	Sunsoft	Sunsoft	MobyGames (n=5)=7.9	LaunchBox community Bayesian (raw 7.7, n=78)=7.6; LaunchBox Community=7.6
nes	ultima exodus	Ultima: Exodus		6.7	1987-10-09	Newtopia Planning	FCI		GameFAQs community=6.6; LaunchBox community Bayesian (raw 6.8, n=79)=6.8; LaunchBox Community=6.7
nes	ultima quest of the avatar	Ultima: Quest of the Avatar		7.5	1989-09-20	Infinity	FCI		GameFAQs community=7.6; LaunchBox community Bayesian (raw 7.6, n=80)=7.5; LaunchBox Community=7.5
nes	ultima warriors of destiny	Ultima: Warriors of Destiny		5.1	1993-01-01	Origin Systems	FCI		GameFAQs community=4.7; LaunchBox community Bayesian (raw 5.2, n=42)=5.5; LaunchBox Community=5.1
nes	ultimate air combat	Ultimate Air Combat	8.2	7.1	1992-04-01	Activision	Activision	MobyGames (n=5)=8.2	GameFAQs community=7.3; LaunchBox community Bayesian (raw 6.8, n=59)=6.8; LaunchBox Community=7.1
nes	ultimate basketball	Ultimate Basketball		5.7	1990-09-01	Aicom	American Sammy		GameFAQs community=5.7; LaunchBox community Bayesian (raw 5.4, n=44)=5.7; LaunchBox Community=5.7
nes	ultimate league soccer	Ultimate League Soccer		5.9	1991-01-01	Computer & Entertainment	American Video Entertainment		GameFAQs community=5.9; LaunchBox community Bayesian (raw 5.4, n=25)=5.9; LaunchBox Community=5.9
nes	uncharted waters	Uncharted Waters		7.1	1991-03-15	Koei	Koei		GameFAQs community=7.7; LaunchBox community Bayesian (raw 6.5, n=44)=6.6; LaunchBox Community=7.1
nes	uninvited	Uninvited		7.3	1991-06-12	Kemco	Kemco		GameFAQs community=7.0; LaunchBox community Bayesian (raw 7.5, n=66)=7.4; LaunchBox Community=7.3
nes	urban champion	Urban Champion	3.5	5.5	1984-11-14	Nintendo R&D1	Nintendo	MobyGames (n=5)=3.5	GameFAQs community=5.0; LaunchBox community Bayesian (raw 5.9, n=109)=6.0; LaunchBox Community=5.5
nes	urban strike	Urban Strike		7.2	1995-01-01				LaunchBox community Bayesian (raw 7.8, n=4)=7.2; LaunchBox Community=7.2
nes	valkyrie no bouken toki no kagi densetsu	Valkyrie no Bouken: Toki no Kagi Densetsu		6.4	1986-08-01	Namco	Namco		GameFAQs community=6.3; LaunchBox community Bayesian (raw 6.4, n=30)=6.5
nes	vegas dream	Vegas Dream		6.2	1990-03-01	HAL Laboratory	HAL America		GameFAQs community=6.2; LaunchBox community Bayesian (raw 6.1, n=45)=6.3; LaunchBox Community=6.2
nes	venice beach volleyball	Venice Beach Volleyball		5.2	1991-01-01	Idea-Tek	American Video Entertainment		GameFAQs community=5.5; LaunchBox community Bayesian (raw 4.4, n=30)=5.0; LaunchBox Community=5.2
nes	venus senki	Venus Senki		7.3					GameFAQs community=7.3
nes	vice project doom	Vice: Project Doom	8.4	7.8	1991-04-26	Aicom	Sammy	MobyGames (n=5)=8.4	GameFAQs community=7.8; LaunchBox community Bayesian (raw 7.9, n=140)=7.8; LaunchBox Community=7.8
nes	videomation	Videomation		5.3	1991-06-01	Western Technologies	THQ		GameFAQs community=4.9; LaunchBox community Bayesian (raw 5.2, n=31)=5.6; LaunchBox Community=5.3
nes	vindicators	Vindicators		6.7	1989-11-01	Westwood Associates	Tengen		GameFAQs community=6.7; LaunchBox community Bayesian (raw 6.5, n=31)=6.6; LaunchBox Community=6.7
nes	volleyball	Volleyball	5.5	5.5	1986-07-21	Nintendo R&D3	Nintendo	MobyGames (n=5)=5.5	GameFAQs community=5.3; LaunchBox community Bayesian (raw 5.3, n=52)=5.6; LaunchBox Community=5.5
nes	vs castlevania	Vs. Castlevania
nes	vs tko boxing	Vs. TKO Boxing
nes	wacky races	Wacky Races	7.0	7.1	1991-12-25	Atlus	Atlus	MobyGames (n=5)=7.0	GameFAQs community=7.3; LaunchBox community Bayesian (raw 6.8, n=84)=6.8; LaunchBox Community=7.1
nes	wagyan land	Wagyan Land		7.0					GameFAQs community=7.0; Legacy community=7.0
nes	wai wai world	Wai Wai World
nes	wai wai world 2 sos paseri jou	Wai Wai World 2: SOS!! Paseri Jou		7.4					GameFAQs community=7.4; Legacy community=7.4
nes	wait and see	Wait and See!		4.8	1997-01-01	Dragon	TomSoft Studio		GameFAQs community=3.2; LaunchBox community Bayesian (raw 5.4, n=7)=6.3; LaunchBox Community=4.8
nes	wall street kid	Wall Street Kid	5.5	5.4	1990	SOFEL Co., Ltd.		MobyGames (n=5)=5.5	GameFAQs community=5.4; Legacy community=5.4
nes	wally bear and the no gang	Wally Bear and the NO! Gang	3.3	4.4	1992-01-01	American Game Cartridges	American Video Entertainment	MobyGames (n=5)=3.3	GameFAQs community=4.5; LaunchBox community Bayesian (raw 3.6, n=36)=4.3; LaunchBox Community=4.4
nes	wanpaku kokkun no gourmet world	Wanpaku Kokkun no Gourmet World
nes	wario s woods	Wario's Woods	7.9	7.1	1994-12-10	Nintendo R&D1	Nintendo	MobyGames (n=5)=7.9	GameFAQs community=7.0; LaunchBox community Bayesian (raw 7.1, n=99)=7.1
nes	wayne gretzky hockey	Wayne Gretzky Hockey		4.7	1991-01-01	Bethesda Softworks	THQ		GameFAQs community=4.6; LaunchBox community Bayesian (raw 4.1, n=39)=4.7; LaunchBox Community=4.7
nes	wayne s world	Wayne's World		3.4	1993-11-01	Radical Entertainment	THQ		GameFAQs community=2.7; LaunchBox community Bayesian (raw 3.5, n=53)=4.1; LaunchBox Community=3.4
nes	wcw world championship wrestling	WCW: World Championship Wrestling	4.5	6.0	1989-12-09	Nihon Bussan	FCI	MobyGames (n=5)=4.5	GameFAQs community=6.2; LaunchBox community Bayesian (raw 5.8, n=70)=6.0; LaunchBox Community=6.0
nes	werewolf the last warrior	Werewolf: The Last Warrior	4.9	6.7	1990-11-01	Data East	Data East	MobyGames (n=5)=4.9	GameFAQs community=6.3; LaunchBox community Bayesian (raw 7.0, n=59)=7.0; LaunchBox Community=6.7
nes	wheel of fortune	Wheel of Fortune	6.9	6.3	1988-09-01	Rare	GameTek	MobyGames (n=5)=6.9	GameFAQs community=6.1; LaunchBox community Bayesian (raw 6.3, n=48)=6.4
nes	wheel of fortune family edition	Wheel of Fortune: Family Edition		6.1	1990-03-01	Rare	GameTek		GameFAQs community=6.3; LaunchBox community Bayesian (raw 5.8, n=46)=6.0; LaunchBox Community=6.1
nes	wheel of fortune starring vanna white	Wheel of Fortune: Starring Vanna White
nes	where in time is carmen sandiego	Where in Time is Carmen Sandiego	7.5	5.9	1991-10-01	Distinctive Software	Konami	MobyGames (n=5)=7.5	GameFAQs community=6.1; LaunchBox community Bayesian (raw 5.4, n=49)=5.7; LaunchBox Community=5.9
nes	where s waldo	Where's Waldo	1.5	4.2	1991-09-01	Bethesda Softworks	THQ	MobyGames (n=5)=1.5	GameFAQs community=3.7; LaunchBox community Bayesian (raw 4.3, n=57)=4.7; LaunchBox Community=4.2
nes	who framed roger rabbit	Who Framed Roger Rabbit	4.8	6.1	1989-09-01	Rare	LJN	MobyGames (n=5)=4.8	GameFAQs community=5.6; LaunchBox community Bayesian (raw 6.6, n=84)=6.6; LaunchBox Community=6.1
nes	whomp em	Whomp 'Em		7.2	1991-03-01	Jaleco	Jaleco		GameFAQs community=7.3; LaunchBox community Bayesian (raw 7.2, n=96)=7.2
nes	widget	Widget		6.1	1992-11-01	Graphic Research	Atlus		GameFAQs community=6.3; LaunchBox community Bayesian (raw 5.9, n=58)=6.1; LaunchBox Community=6.1
nes	wild gunman	Wild Gunman	5.2	6.5	1984-02-18	Intelligent Systems	Nintendo	MobyGames (n=5)=5.2	GameFAQs community=6.3; LaunchBox community Bayesian (raw 6.6, n=99)=6.6; LaunchBox Community=6.5
nes	willow	Willow	7.4	7.2	1989-07-18	Capcom	Capcom	MobyGames (n=5)=7.4	GameFAQs community=7.1; LaunchBox community Bayesian (raw 7.4, n=113)=7.4; LaunchBox Community=7.2
nes	wily and light no rockboard that s paradise	Wily & Light no Rockboard: That's Paradise
nes	win lose or draw	Win, Lose or Draw		5.1	1990-03-01	RSP	Hi-Tech Expressions		GameFAQs community=4.8; LaunchBox community Bayesian (raw 5.0, n=40)=5.4; LaunchBox Community=5.1
nes	winter games	Winter Games	3.6	3.8	1987-09-01	Atelier Double	Acclaim Entertainment	MobyGames (n=5)=3.6	GameFAQs community=3.4; LaunchBox community Bayesian (raw 3.5, n=52)=4.1; LaunchBox Community=3.8
nes	wit s	Wit's		6.5	1990-07-13	Athena	Athena		GameFAQs community=6.0; LaunchBox community Bayesian (raw 7.1, n=18)=7.1; LaunchBox Community=6.5
nes	wizardry proving grounds of the mad overlord	Wizardry: Proving Grounds of the Mad Overlord		6.8	1987-12-22	Game Studio	Nexoft		GameFAQs community=7.1; LaunchBox community Bayesian (raw 6.4, n=59)=6.5; LaunchBox Community=6.8
nes	wizardry the knight of diamonds	Wizardry: The Knight of Diamonds
nes	wizards and warriors	Wizards & Warriors	6.9	7.3	1987-12-01	Rare	Acclaim Entertainment	MobyGames (n=5)=6.9	GameFAQs community=7.1; LaunchBox community Bayesian (raw 7.5, n=135)=7.5; LaunchBox Community=7.3
nes	wizards and warriors iii kuros visions of power	Wizards & Warriors III: Kuros: Visions of Power		7.2	1992-03-01	Zippo Games	Acclaim Entertainment		GameFAQs community=6.7; LaunchBox community Bayesian (raw 7.7, n=76)=7.6; LaunchBox Community=7.2
nes	wolverine	Wolverine	4.8	6.1	1991-10-01	Software Creations	LJN	MobyGames (n=5)=4.8	GameFAQs community=5.6; LaunchBox community Bayesian (raw 6.6, n=80)=6.6; LaunchBox Community=6.1
nes	world champ	World Champ		6.5	1990-12-07	Pixel	Taito		GameFAQs community=6.6; LaunchBox community Bayesian (raw 6.4, n=64)=6.5; LaunchBox Community=6.5
nes	world class track meet	World Class Track Meet		6.4	1988-08-01	TRY	Nintendo		LaunchBox community Bayesian (raw 6.2, n=43)=6.4; LaunchBox Community=6.4
nes	world games	World Games		5.8	1989-03-01	Rare	Milton Bradley		GameFAQs community=5.3; LaunchBox community Bayesian (raw 6.2, n=50)=6.3; LaunchBox Community=5.8
nes	world heroes	World Heroes
nes	world of card game the sachen	World of Card Game, The (Sachen)
nes	wrath of the black manta	Wrath of the Black Manta		6.5	1989-11-17	A.I	Taito		GameFAQs community=6.2; LaunchBox community Bayesian (raw 6.7, n=76)=6.7; LaunchBox Community=6.5
nes	wrecking crew	Wrecking Crew	6.9	6.6	1985-06-18	Nintendo R&D1	Nintendo	MobyGames (n=5)=6.9	GameFAQs community=6.7; LaunchBox community Bayesian (raw 6.5, n=128)=6.5; LaunchBox Community=6.6
nes	wurm journey to the center of the earth	Wurm: Journey to the Center of the Earth!	7.4	6.8	1991-11-15	Cyclone System	Asmik Corporation of America	MobyGames (n=5)=7.4	GameFAQs community=6.4; LaunchBox community Bayesian (raw 7.1, n=62)=7.1; LaunchBox Community=6.8
nes	wwf king of the ring	WWF King of the Ring	4.6	5.3	1993-11-01	Eastridge Technology	LJN	MobyGames (n=5)=4.6	GameFAQs community=4.7; LaunchBox community Bayesian (raw 5.5, n=60)=5.7; LaunchBox Community=5.3
nes	wwf wrestlemania	WWF WrestleMania	4.4	5.4	1989-01-01	Rare	Acclaim Entertainment	MobyGames (n=5)=4.4	GameFAQs community=4.9; LaunchBox community Bayesian (raw 5.6, n=69)=5.8; LaunchBox Community=5.4
nes	wwf wrestlemania challenge	WWF WrestleMania Challenge		6.3	1990-11-01	Rare	LJN		GameFAQs community=6.3; LaunchBox community Bayesian (raw 6.2, n=64)=6.3; LaunchBox Community=6.3
nes	wwf wrestlemania steel cage challenge	WWF WrestleMania: Steel Cage Challenge	5.4	4.8	1992-09-01	Sculptured Software	LJN	MobyGames (n=5)=5.4	GameFAQs community=5.0; LaunchBox community Bayesian (raw 4.3, n=69)=4.6; LaunchBox Community=4.8
nes	xenophobe	Xenophobe		4.9	1988-12-01	Sunsoft	Sunsoft		GameFAQs community=4.8; LaunchBox community Bayesian (raw 4.6, n=49)=5.0; LaunchBox Community=4.9
nes	xevious	Xevious		6.2					GameFAQs community=6.2; Legacy community=6.2
nes	xexyz	Xexyz		7.1	1988-08-26	Atlus	Hudson Soft		GameFAQs community=7.3; LaunchBox community Bayesian (raw 6.8, n=79)=6.8; LaunchBox Community=7.1
nes	yo noid	Yo! Noid	5.8	6.5	1990-03-16	Now Production	Capcom	MobyGames (n=5)=5.8	GameFAQs community=6.2; LaunchBox community Bayesian (raw 6.8, n=98)=6.8; LaunchBox Community=6.5
nes	yoshi	Yoshi	5.6	6.8	1991-12-14	Game Freak	Nintendo	MobyGames (n=5)=5.6	GameFAQs community=6.4; LaunchBox community Bayesian (raw 7.2, n=127)=7.2; LaunchBox Community=6.8
nes	yoshi s cookie	Yoshi's Cookie	7.4	7.0	1992-11-21	TOSE	Nintendo	MobyGames (n=5)=7.4	GameFAQs community=6.7; LaunchBox community Bayesian (raw 7.3, n=106)=7.3; LaunchBox Community=7.0
nes	ys	Ys		7.0	1988-08-26	Advance Communication Company	Victor Musical Industries		GameFAQs community=6.9; LaunchBox community Bayesian (raw 7.0, n=45)=7.0
nes	ys ii ancient ys vanished the final chapter	Ys II: Ancient Ys Vanished: The Final Chapter		6.6	1990-05-25	Advance Communication Company	Victor Musical Industries		LaunchBox community Bayesian (raw 6.5, n=46)=6.6; LaunchBox Community=6.6
nes	ys iii wanderers from ys	Ys III: Wanderers from Ys		6.9	1991-09-27	Advance Communication Company	Victor Musical Industries		GameFAQs community=6.9; LaunchBox community Bayesian (raw 6.8, n=37)=6.8
nes	yume penguin monogatari	Yume Penguin Monogatari		7.2	1991-01-25	Konami	Konami		GameFAQs community=7.1; LaunchBox community Bayesian (raw 7.3, n=40)=7.2; LaunchBox Community=7.2
nes	yuyu hakusho final makai saikyou retsuden	YuYu Hakusho Final: Makai Saikyou Retsuden
nes	zanac	Zanac	8.4	7.3	1987-10-01	Compile	FCI	MobyGames (n=5)=8.4	GameFAQs community=7.7; LaunchBox community Bayesian (raw 6.9, n=82)=6.9; LaunchBox Community=7.3
nes	zelda ii the adventure of link	Zelda II: The Adventure of Link	8.0	7.7	1988-09-26	Nintendo R&D4	Nintendo	MobyGames (n=5)=8.0	GameFAQs community=7.3; LaunchBox community Bayesian (raw 8.1, n=562)=8.1; LaunchBox Community=7.7
nes	zen intergalactic ninja	Zen: Intergalactic Ninja	7.1	6.9	1993-03-07	Konami	Konami	MobyGames (n=5)=7.1	GameFAQs community=7.3; LaunchBox community Bayesian (raw 6.5, n=96)=6.5; LaunchBox Community=6.9
nes	zoda s revenge startropics ii	Zoda's Revenge: StarTropics II		7.5	1994-03-15	Locomotive	Nintendo		LaunchBox community Bayesian (raw 7.6, n=98)=7.5; LaunchBox Community=7.5
nes	zombie hunter	Zombie Hunter		5.4	1987-07-03	Hi-Score Media Work	Hi-Score Media Work		GameFAQs community=5.2; LaunchBox community Bayesian (raw 5.0, n=25)=5.6; LaunchBox Community=5.4
nes	zombie nation	Zombie Nation	7.0	6.2	1990-12-14	KaZe	Meldac of Japan	MobyGames (n=5)=7.0	GameFAQs community=6.0; LaunchBox community Bayesian (raw 6.2, n=101)=6.3
pcenginecd	castlevania rondo of blood	Castlevania: Rondo of Blood
ps2	capcom vs snk 2 mark of the millennium 2001	Capcom vs. SNK 2: Mark of the Millennium 2001	8.2		2001-01-01			GameRankings=8.2 (n=43)
ps2	doa2 hardcore	DOA2: Hardcore	8.9	7.8	2000-10-25	Team Ninja	SCEE	Metacritic=9.1 (n=20) | GameRankings=8.7 (n=30)	Metacritic users=7.8
ps2	god of war	God of War	9.4	8.9	2005-03-22	SCE Santa Monica Studio	Sony Computer Entertainment Europe	Metacritic=9.4; GameRankings (n=91)=9.4	Metacritic users=8.8; LaunchBox community Bayesian (raw 9.0, n=665)=9.0; Legacy community=8.9
ps2	god of war ii	God of War II	9.3	9.1	2007-03-13	SCE Studio Santa Monica	Sony Computer Entertainment Europe	Metacritic=9.3; GameRankings (n=76)=9.3	Metacritic users=9.1; LaunchBox community Bayesian (raw 9.2, n=536)=9.2
ps2	grand theft auto iii	Grand Theft Auto III	9.5	8.3	2001-10-22	Rockstar North	Rockstar Games	Metacritic=9.7; GameRankings (n=69)=9.5	Metacritic users=7.9; LaunchBox community Bayesian (raw 8.7, n=273)=8.6; Legacy community=8.3
ps2	grand theft auto vice city	Grand Theft Auto: Vice City	9.4	8.8	2002-10-29	Rockstar North	Rockstar Games	Metacritic=9.5; GameRankings (n=86)=9.4	Metacritic users=8.6; LaunchBox community Bayesian (raw 9.1, n=284)=9.0; Legacy community=8.8
ps2	half life	Half-Life	8.3	8.3	2001-11-11	Gearbox Software	Sierra On-Line	Metacritic=8.7; GameRankings (n=43)=8.3	Metacritic users=8.6; LaunchBox community Bayesian (raw 8.1, n=90)=8.0; Legacy community=8.3
ps2	katamari damacy	Katamari Damacy	8.6	8.7	2004-09-21	Namco	Namco	Metacritic=8.6; GameRankings (n=59)=8.6	Metacritic users=8.6; LaunchBox community Bayesian (raw 8.9, n=153)=8.8; Legacy community=8.7
ps2	kingdom hearts	Kingdom Hearts	8.6	8.7	2002-09-16	Square	Square Enix	Metacritic=8.5; GameRankings (n=84)=8.6	Metacritic users=8.5; LaunchBox community Bayesian (raw 8.9, n=354)=8.8; Legacy community=8.7
ps2	prince of persia the sands of time	Prince of Persia: The Sands of Time	9.2	8.5	2003-11-10	Ubisoft	Ubisoft	Metacritic=9.2 (n=44) | GameRankings=9.2 (n=79)	Metacritic users=8.5
ps2	resident evil 2	Resident Evil 2	7.9	8.8	2000-12-06	TOSE	Capcom	Metacritic=7.7 (n=11) | GameRankings=8.0 (n=16)	Metacritic users=8.8
ps2	shadow of the colossus	Shadow of the Colossus	9.1	9.2	2005-10-18	Team ICO	Sony Computer Entertainment Europe	Metacritic=9.1; GameRankings (n=94)=9.1	Metacritic users=9.2; LaunchBox community Bayesian (raw 9.2, n=378)=9.1
ps2	sly 2 band of thieves	Sly 2: Band of Thieves	8.8	8.8	2004-09-14	Sucker Punch Productions	Sony Computer Entertainment	Metacritic=8.8; GameRankings (n=70)=8.8	Metacritic users=8.9; LaunchBox community Bayesian (raw 8.9, n=139)=8.8; Legacy community=8.8
ps2	sly 3 honor among thieves	Sly 3: Honor Among Thieves	8.4	8.7	2005-09-26	Sucker Punch Productions	Sony Computer Entertainment	Metacritic=8.3; GameRankings (n=69)=8.4	Metacritic users=8.8; LaunchBox community Bayesian (raw 8.6, n=113)=8.5; Legacy community=8.7
ps2	sly cooper and the thievius raccoonus	Sly Cooper and the Thievius Raccoonus	8.5	8.5	2002-09-24	Sucker Punch	Sony Computer Entertainment	Metacritic=8.6; GameRankings (n=71)=8.5	Metacritic users=8.4; LaunchBox community Bayesian (raw 8.6, n=164)=8.5; Legacy community=8.5
ps2	soulcalibur iii	Soulcalibur III	8.6	8.5	2005-10-25	Namco	Namco	Metacritic=8.6 (n=57) | GameRankings=8.6 (n=73)	Metacritic users=8.5
ps2	tekken 5	Tekken 5	8.9	8.6	2005-02-24	Namco	Namco	Metacritic=8.8 (n=62) | GameRankings=8.9 (n=76)	Metacritic users=8.6
ps2	the king of fighters 2002 challenge to ultimate battle	The King of Fighters 2002: Challenge to Ultimate Battle
ps2	the simpsons hit and run	The Simpsons: Hit & Run	7.8	8.4	2003-09-16			Metacritic=7.8	Metacritic users=8.4
ps2	tony hawk s pro skater 3	Tony Hawk's Pro Skater 3	9.5	7.6	2001-10-30	Neversoft Entertainment	Success	Metacritic=9.7 (n=34) | GameRankings=9.3 (n=55)	Metacritic users=7.6
ps3	the ico and shadow of the colossus collection	The Ico & Shadow of the Colossus Collection	9.2	8.9	2011-09-27	Team ICO	Sony Computer Entertainment	Metacritic=9.2; GameRankings (n=35)=9.2	Metacritic users=8.7; LaunchBox community Bayesian (raw 9.3, n=57)=9.0; Legacy community=8.9
psp	castlevania the dracula x chronicles	Castlevania: The Dracula X Chronicles	8.1	8.1	2007-10-23	Konami	Konami	Metacritic=8 (n=43) | GameRankings=8.1 (n=50)	Metacritic users=8.1
psp	god of war chains of olympus	God of War: Chains of Olympus	9.1	8.3	2008-03-04	Ready at Dawn	SCEI	Metacritic=9.1 (n=79) | GameRankings=9.1 (n=80)	Metacritic users=8.3
psp	god of war ghost of sparta	God of War: Ghost of Sparta	8.7	8.7	2010-11-02	Ready at Dawn	SCE Australia	Metacritic=8.6 (n=73) | GameRankings=8.7 (n=55)	Metacritic users=8.7
psp	littlebigplanet	LittleBigPlanet	8.8	7.8	2009-11-17	SCE Studio Cambridge	Sony Computer Entertainment Europe	Metacritic=8.7; GameRankings (n=49)=8.8	Metacritic users=7.7; LaunchBox community Bayesian (raw 7.9, n=88)=7.8; Legacy community=7.8
psx	bushido blade	Bushido Blade	8.1	7.9	1997-09-30	Light Weight	Sony Computer Entertainment	Metacritic=8.3; GameRankings (n=13)=8.1	Metacritic users=7.7; LaunchBox community Bayesian (raw 8.2, n=114)=8.1; Legacy community=7.9
psx	castlevania symphony of the night	Castlevania: Symphony of the Night	9.3	9.3	1997-10-02	Konami	Konami	Metacritic=9.3; GameRankings (n=19)=9.3	Metacritic users=9.3; LaunchBox community Bayesian (raw 9.4, n=1032)=9.4
psx	die hard trilogy	Die Hard Trilogy	8.6	7.7	1996-08-31	Probe Entertainment	Fox Interactive	GameRankings (n=7)=8.6	Metacritic users=7.4; LaunchBox community Bayesian (raw 8.0, n=136)=7.9; Legacy community=7.7
psx	mega man 8	Mega Man 8	7.1	7.0	1997-02-28			GameRankings (n=4)=7.1	Metacritic users=7.0
psx	mega man x4	Mega Man X4	7.4	8.5	1997-09-25	Capcom	Capcom	GameRankings (n=5)=7.4	Metacritic users=8.5; LaunchBox community Bayesian (raw 8.5, n=232)=8.4
psx	mega man x5	Mega Man X5	7.3	8.0	2001-02-01	Capcom	Capcom	Metacritic=7.6; GameRankings (n=25)=7.3	Metacritic users=8.0; LaunchBox community Bayesian (raw 8.0, n=175)=7.9
psx	mega man x6	Mega Man X6	6.9	6.9	2001-12-04	Capcom	Capcom	Metacritic=6.5; GameRankings (n=19)=6.9	Metacritic users=6.3; LaunchBox community Bayesian (raw 7.6, n=174)=7.6; Legacy community=6.9
psx	spyro year of the dragon	Spyro: Year of the Dragon	9.1	8.7	2000-10-10	Insomniac Games	Sony Computer Entertainment	Metacritic=9.1; GameRankings (n=23)=9.1	Metacritic users=8.7; LaunchBox community Bayesian (raw 8.7, n=224)=8.6
psx	tekken	Tekken		7.2	1995-03-31	Namco	Sony Computer Entertainment Europe		LaunchBox community Bayesian (raw 7.2, n=209)=7.2
psx	twisted metal	Twisted Metal	6.7	6.8	1995-11-05	SingleTrac Entertainment Technologies	Sony Computer Entertainment Europe	GameRankings (n=4)=6.7	Metacritic users=6.2; LaunchBox community Bayesian (raw 7.5, n=137)=7.5; Legacy community=6.8
psx	wipeout	WipEout		8.1	1995-11-21	Psygnosis	Psygnosis		Metacritic users=8.3; LaunchBox community Bayesian (raw 7.9, n=125)=7.8; Legacy community=8.1
psx	wipeout 3 special edition	WipEout 3: Special Edition		8.2	2000-07-14	Psygnosis	Sony Computer Entertainment Europe		LaunchBox community Bayesian (raw 8.4, n=53)=8.2; LaunchBox Community=8.2
psx	wipeout xl	Wipeout XL	9.5	8.2	1996-09-30	Psygnosis	Psygnosis	Metacritic=9.3; GameRankings (n=10)=9.5	Metacritic users=8.0; LaunchBox community Bayesian (raw 8.4, n=131)=8.3; Legacy community=8.2
snes	2020 super baseball	2020 Super Baseball
snes	3 ninjas kick back	3 Ninjas Kick Back	5.0	5.1	1994-06-19	Malibu Interactive	Sony Imagesoft	MobyGames (n=5)=5.0	GameFAQs community=4.5; LaunchBox community Bayesian (raw 5.6, n=215)=5.7; LaunchBox Community=5.1
snes	90 minutes european prime goal	90 Minutes European Prime Goal		6.0	1995-08-04	Namco	Namco		GameFAQs community=6.2; LaunchBox community Bayesian (raw 5.7, n=105)=5.8; LaunchBox Community=6.0
snes	a s p air strike patrol	A.S.P.: Air Strike Patrol	6.6	5.9	1994-02-18	Opus	SETA	GameRankings (n=3)=6.6	GameFAQs community=6.0; LaunchBox community Bayesian (raw 5.7, n=114)=5.8; LaunchBox Community=5.9
snes	aaahh real monsters	Aaahh!!! Real Monsters		5.8	1995-08-15	Viacom New Media	Viacom New Media		GameFAQs community=5.3; LaunchBox community Bayesian (raw 6.2, n=133)=6.3; LaunchBox Community=5.8
snes	abc monday night football	ABC Monday Night Football	5.2	5.4	1993-11-26	Data East	Data East	MobyGames (n=5)=5.2	GameFAQs community=5.0; LaunchBox community Bayesian (raw 5.7, n=87)=5.8; LaunchBox Community=5.4
snes	acme animation factory	ACME Animation Factory	6.4	5.3	1994-11-05	Probe Software	Sunsoft	MobyGames (n=5)=6.4	GameFAQs community=5.1; LaunchBox community Bayesian (raw 5.4, n=75)=5.6; LaunchBox Community=5.3
snes	actraiser	ActRaiser	8.2	8.0	1990-12-16	Quintet	Enix	GameRankings (n=8)=7.9; MobyGames (n=5)=8.6	GameFAQs community=7.9; LaunchBox community Bayesian (raw 8.2, n=487)=8.2; LaunchBox Community=8.0
snes	actraiser 2	ActRaiser 2	7.9	6.6	1993-10-29	Quintet	Enix	GameRankings (n=3)=7.9	GameFAQs community=6.3; LaunchBox community Bayesian (raw 6.9, n=223)=6.9; LaunchBox Community=6.6
snes	ad and d eye of the beholder	AD&D: Eye of the Beholder
snes	addams family values	Addams Family Values	5.6	6.2	1995-02-01	Ocean Software	Ocean Software	GameRankings (n=3)=5.6	GameFAQs community=5.6; LaunchBox community Bayesian (raw 6.9, n=129)=6.9; LaunchBox Community=6.2
snes	aero fighters	Aero Fighters		7.7	1993-07-30	Video System	MC O'River		GameFAQs community=7.8; LaunchBox community Bayesian (raw 7.7, n=228)=7.7
snes	aero the acro bat	Aero the Acro-Bat		6.5	1993-10-12	Iguana Entertainment	Sunsoft		GameFAQs community=6.3; LaunchBox community Bayesian (raw 6.7, n=122)=6.7; LaunchBox Community=6.5
snes	aerobiz	Aerobiz		7.1	1992-04-05	Koei	Koei		GameFAQs community=7.2; LaunchBox community Bayesian (raw 7.0, n=67)=7.0; LaunchBox Community=7.1
snes	aerobiz supersonic	Aerobiz Supersonic		6.9	1993-04-02	Koei	Koei		GameFAQs community=7.4; LaunchBox community Bayesian (raw 6.5, n=65)=6.6; LaunchBox Community=6.9
snes	aguri suzuki f 1 super driving	Aguri Suzuki F-1 Super Driving
snes	air cavalry	Air Cavalry	6.0	6.2	1995-06-20	Synergistic Software	Cybersoft	MobyGames (n=5)=6.0	GameFAQs community=6.4; LaunchBox community Bayesian (raw 6.0, n=50)=6.2; LaunchBox Community=6.2
snes	al unser jr s road to the top	Al Unser Jr.'s Road to the Top	5.1	6.3	1994-11-01	Radical Entertainment	The Software Toolworks	MobyGames (n=5)=5.1	GameFAQs community=6.5; LaunchBox community Bayesian (raw 5.9, n=71)=6.0; LaunchBox Community=6.3
snes	aladdin	Aladdin
snes	alien 3	Alien 3	8.2	7.1	1993-05-01	Probe Software	LJN	MobyGames (n=5)=8.2	GameFAQs community=7.2; LaunchBox community Bayesian (raw 7.1, n=218)=7.1
snes	alien vs predator	Alien vs. Predator	4.0	5.7	1993-01-08	Jorudan	Activision	MobyGames (n=5)=4.0	GameFAQs community=5.0; LaunchBox community Bayesian (raw 6.3, n=160)=6.3; LaunchBox Community=5.7
snes	all american championship football	All-American Championship Football
snes	american gladiators	American Gladiators	2.9	4.7	1993-04-13	Incredible Technologies	GameTek	MobyGames (n=5)=2.9	GameFAQs community=4.4; LaunchBox community Bayesian (raw 4.8, n=78)=5.0; LaunchBox Community=4.7
snes	an american tail fievel goes west	An American Tail: Fievel Goes West		6.6	1994-08-30	Hudson Soft	Hudson Soft		GameFAQs community=6.3; LaunchBox community Bayesian (raw 6.9, n=99)=6.9; LaunchBox Community=6.6
snes	andre agassi tennis	Andre Agassi Tennis		5.5	1993-06-01	Radiance Software	Nihon Bussan		GameFAQs community=5.0; LaunchBox community Bayesian (raw 5.7, n=57)=5.9; LaunchBox Community=5.5
snes	animaniacs	Animaniacs	7.1	6.7	1994-11-01	Konami	Konami	GameRankings (n=4)=6.2; MobyGames (n=5)=7.8	GameFAQs community=6.3; LaunchBox community Bayesian (raw 7.2, n=147)=7.2; LaunchBox Community=6.7
snes	another world	Another World
snes	arcade s greatest hits	Arcade's Greatest Hits
snes	arcade s greatest hits the atari collection 1	Arcade's Greatest Hits: The Atari Collection 1		6.1	1997-08-01	Digital Eclipse Software	Midway Home Entertainment		LaunchBox community Bayesian (raw 6.0, n=99)=6.1; LaunchBox Community=6.1
snes	arcana	Arcana	7.6	6.8	1992-03-27	HAL Laboratory	HAL America	GameRankings (n=4)=7.6	GameFAQs community=6.7; LaunchBox community Bayesian (raw 7.0, n=87)=7.0; LaunchBox Community=6.8
snes	archer maclean s dropzone	Archer MacLean's Dropzone
snes	arcus spirits	Arcus Spirits		6.8	1993-10-22	Wolf Team	Sammy		LaunchBox community Bayesian (raw 6.8, n=40)=6.8
snes	ardy lightfoot	Ardy Lightfoot		6.7	1993-11-26	ASCII	Titus Software		GameFAQs community=6.4; LaunchBox community Bayesian (raw 7.0, n=106)=7.0; LaunchBox Community=6.7
snes	aretha ii ariel no fushigi na tabi	Aretha II: Ariel no Fushigi na Tabi		7.4	1994-12-02	Japan Art Media	Yanoman		GameFAQs community=7.5; LaunchBox community Bayesian (raw 7.5, n=50)=7.4; LaunchBox Community=7.4
snes	arkanoid doh it again	Arkanoid: Doh It Again		7.4	1997-01-15	Taito	Nintendo		GameFAQs community=7.5; LaunchBox community Bayesian (raw 7.4, n=146)=7.4
snes	art of fighting	Art of Fighting		6.4	1993-10-29	Monolith	Takara		GameFAQs community=6.3; LaunchBox community Bayesian (raw 6.4, n=114)=6.4
snes	ast rix	Astérix		6.8	1993-01-01	Infogrames	Infogrames		GameFAQs community=6.4; LaunchBox community Bayesian (raw 7.3, n=90)=7.3; LaunchBox Community=6.8
snes	ast rix and ob lix	Astérix & Obélix		7.1	1995-09-28	Bit Managers	Infogrames		GameFAQs community=7.0; LaunchBox community Bayesian (raw 7.2, n=96)=7.2; LaunchBox Community=7.1
snes	axelay	Axelay	8.2	7.8	1992-09-11	Konami	Konami	GameRankings (n=7)=8.1; MobyGames (n=5)=8.4	GameFAQs community=7.8; LaunchBox community Bayesian (raw 7.8, n=259)=7.8
snes	b o b	B.O.B		6.8	1993-06-01	Gray Matter	Electronic Arts		GameFAQs community=6.3; LaunchBox community Bayesian (raw 7.3, n=109)=7.3; LaunchBox Community=6.8
snes	baby t rex	Baby T-Rex
snes	bahamut lagoon	Bahamut Lagoon	8.1	7.8	1996-02-09	Square	Square	MobyGames (n=5)=8.1	GameFAQs community=7.9; LaunchBox community Bayesian (raw 7.7, n=135)=7.7; LaunchBox Community=7.8
snes	ballz 3d	Ballz 3D		4.0					GameFAQs community=4.0
snes	bananas de pijamas	Bananas de Pijamas
snes	barbie super model	Barbie: Super Model		4.3	1993-12-01	Bonsai Entertainment	Hi-Tech Expressions		GameFAQs community=3.5; LaunchBox community Bayesian (raw 4.7, n=71)=5.0; LaunchBox Community=4.3
snes	barbie vacation adventure	Barbie: Vacation Adventure		4.3		Software Creations			GameFAQs community=3.2; LaunchBox community Bayesian (raw 4.9, n=43)=5.3; LaunchBox Community=4.3
snes	barkley shut up and jam	Barkley: Shut Up and Jam!	6.3	5.5	1994-06-07	Accolade	Accolade	MobyGames (n=5)=6.3	GameFAQs community=5.0; LaunchBox community Bayesian (raw 5.7, n=58)=5.9; LaunchBox Community=5.5
snes	bass masters classic	Bass Masters Classic		6.2	1995-06-01	Black Pearl Software	Malibu Games		GameFAQs community=6.2; LaunchBox community Bayesian (raw 6.0, n=51)=6.2; LaunchBox Community=6.2
snes	bass masters classic pro edition	Bass Masters Classic: Pro Edition		7.0	1996-07-01	Black Pearl Software	Black Pearl Software		GameFAQs community=7.3; LaunchBox community Bayesian (raw 6.7, n=63)=6.7; LaunchBox Community=7.0
snes	bassin s black bass	Bassin's Black Bass		6.8	1994-09-23	Starfish	Hot-B		LaunchBox community Bayesian (raw 6.8, n=62)=6.8
snes	batman	Batman
snes	batman forever	Batman Forever	5.7	4.9	1995-09-07	Probe Entertainment	Acclaim Entertainment	MobyGames (n=5)=5.7	GameFAQs community=4.1; LaunchBox community Bayesian (raw 5.6, n=125)=5.7; LaunchBox Community=4.9
snes	batman returns	Batman Returns	8.2	7.7	1993-02-26	Konami	Konami	GameRankings (n=3)=7.9; MobyGames (n=5)=8.3	GameFAQs community=7.4; LaunchBox community Bayesian (raw 8.1, n=306)=8.1; LaunchBox Community=7.7
snes	batman revenge of the joker	Batman: Revenge of the Joker		5.6	1991-12-10	ICOM Simulations			GameFAQs community=5.6; LaunchBox community Bayesian (raw 5.4, n=66)=5.6
snes	battle blaze	Battle Blaze	6.3	4.5	1992-05-01	Aicom	Sammy	MobyGames (n=5)=6.3	GameFAQs community=4.4; LaunchBox community Bayesian (raw 4.1, n=70)=4.5; LaunchBox Community=4.5
snes	battle cars	Battle Cars		6.3	1993-12-01	Malibu Interactive	Namco Hometek		GameFAQs community=6.2; LaunchBox community Bayesian (raw 6.2, n=78)=6.3; LaunchBox Community=6.3
snes	battle clash	Battle Clash	6.5	7.1	1992-10-01	Intelligent Systems	Nintendo	MobyGames (n=5)=6.5	GameFAQs community=7.3; LaunchBox community Bayesian (raw 6.9, n=76)=6.9; LaunchBox Community=7.1
snes	battle grand prix	Battle Grand Prix	6.1	6.1	1992-03-27	Kid	Hudson Soft	GameRankings (n=3)=6.3; MobyGames (n=5)=6.0	GameFAQs community=5.7; LaunchBox community Bayesian (raw 6.3, n=63)=6.4; LaunchBox Community=6.1
snes	battletoads and double dragon the ultimate team	Battletoads & Double Dragon: The Ultimate Team
snes	battletoads in battlemaniacs	Battletoads In Battlemaniacs		7.3	1993-06-01	Rare	Tradewest		GameFAQs community=6.9; LaunchBox community Bayesian (raw 7.7, n=202)=7.7; LaunchBox Community=7.3
snes	bazooka blitzkrieg	Bazooka Blitzkrieg		6.3	1992-11-01	TOSE	Bandai		GameFAQs community=6.3; LaunchBox community Bayesian (raw 6.2, n=57)=6.3; LaunchBox Community=6.3
snes	beauty and the beast	Beauty and the Beast
snes	bebe s kids	Bebe's Kids		2.7	1994-04-01	Radical Entertainment	Motown Games		GameFAQs community=2.0; LaunchBox community Bayesian (raw 2.7, n=65)=3.3
snes	beethoven s 2nd	Beethoven's 2nd
snes	best of the best championship karate	Best of the Best: Championship Karate		5.3	1992-11-01	Loriciels	Electro Brain		GameFAQs community=4.6; LaunchBox community Bayesian (raw 5.9, n=71)=6.0; LaunchBox Community=5.3
snes	big sky trooper	Big Sky Trooper		6.1	1995-10-01	LucasArts	JVC Musical Industries		GameFAQs community=6.0; LaunchBox community Bayesian (raw 6.0, n=71)=6.1; LaunchBox Community=6.1
snes	biker mice from mars	Biker Mice From Mars	6.7	7.5	1994-12-02	Konami	Konami	GameRankings (n=3)=6.7	GameFAQs community=7.8; LaunchBox community Bayesian (raw 7.3, n=156)=7.3; LaunchBox Community=7.5
snes	bill laimbeer s combat basketball	Bill Laimbeer's Combat Basketball	4.9	4.5	1991-11-01	Hudson Soft	Hudson Soft	MobyGames (n=5)=4.9	GameFAQs community=4.3; LaunchBox community Bayesian (raw 4.2, n=55)=4.6; LaunchBox Community=4.5
snes	bill walsh college football	Bill Walsh College Football		5.5	1994-02-01	High Score Productions	Electronic Arts		GameFAQs community=5.1; LaunchBox community Bayesian (raw 5.8, n=50)=6.0; LaunchBox Community=5.5
snes	biometal	BioMetal	6.4	6.7	1993-03-19	Athena	Activision	MobyGames (n=5)=6.4	GameFAQs community=7.1; LaunchBox community Bayesian (raw 6.4, n=103)=6.5; LaunchBox Community=6.7
snes	blackhawk	Blackhawk
snes	blackthorne	Blackthorne	8.4	7.7	1994-09-16	Blizzard Entertainment	Interplay Productions	GameRankings (n=3)=8.2; MobyGames (n=5)=8.5	GameFAQs community=7.3; LaunchBox community Bayesian (raw 8.1, n=220)=8.1; LaunchBox Community=7.7
snes	blazeon	Blazeon	4.4		1992	A.I Co., Ltd.		MobyGames (n=5)=4.4
snes	blazeon the bio cyborg challenge	BlaZeon: The Bio-Cyborg Challenge	4.2	6.7	1992-07-24	A.I	Atlus	GameRankings (n=4)=4.2	GameFAQs community=6.8; LaunchBox community Bayesian (raw 6.7, n=80)=6.7
snes	blazing skies	Blazing Skies
snes	bobby s world	Bobby's World		6.3		Riedel Software Productions			LaunchBox community Bayesian (raw 6.1, n=47)=6.3; LaunchBox Community=6.3
snes	bonkers	Bonkers	6.4	6.5	1994-12-15	Capcom	Capcom	MobyGames (n=5)=6.4	GameFAQs community=6.6; LaunchBox community Bayesian (raw 6.4, n=93)=6.5; LaunchBox Community=6.5
snes	boogerman a pick and flick adventure	Boogerman: A Pick and Flick Adventure		6.5	1995-12-05	Interplay Productions	Interplay Entertainment		GameFAQs community=6.0; LaunchBox community Bayesian (raw 6.9, n=120)=6.9; LaunchBox Community=6.5
snes	boxing legends of the ring	Boxing Legends of the Ring		6.0	1994-11-01	Sculptured Software	Electro Brain		GameFAQs community=6.5; LaunchBox community Bayesian (raw 5.5, n=70)=5.7; LaunchBox Community=6.0
snes	brain lord	Brain Lord	7.5	7.0	1994-01-29	Produce!	Enix	GameRankings (n=3)=7.5	GameFAQs community=7.2; LaunchBox community Bayesian (raw 6.9, n=105)=6.9; LaunchBox Community=7.0
snes	bram stoker s dracula	Bram Stoker's Dracula	5.0	5.1	1993-09-01	Psygnosis	Sony Imagesoft	MobyGames (n=5)=5.0	GameFAQs community=3.9; LaunchBox community Bayesian (raw 6.2, n=98)=6.3; LaunchBox Community=5.1
snes	brandish	Brandish	6.8	6.5	1994-06-25	Nihon Falcom	Koei	GameRankings (n=3)=6.8	GameFAQs community=6.6; LaunchBox community Bayesian (raw 6.3, n=68)=6.4; LaunchBox Community=6.5
snes	brawl brothers	Brawl Brothers	6.5	6.9	1992-12-22	Jaleco	Jaleco	GameRankings (n=3)=6.5	GameFAQs community=6.6; LaunchBox community Bayesian (raw 7.3, n=126)=7.3; LaunchBox Community=6.9
snes	breakthru	BreakThru!		6.0	1994-06-01	Artech Digital Entertainment	Spectrum Holobyte		GameFAQs community=5.7; LaunchBox community Bayesian (raw 6.2, n=63)=6.3; LaunchBox Community=6.0
snes	breath of fire	Breath of Fire	7.0	7.7	1993-04-03	Capcom	Capcom	GameRankings (n=6)=7.0	GameFAQs community=7.5; LaunchBox community Bayesian (raw 7.8, n=259)=7.8; LaunchBox Community=7.7
snes	breath of fire ii	Breath of Fire II	7.8	8.2	1995-12-02	Capcom	Capcom	GameRankings (n=8)=7.6; MobyGames (n=5)=8.2	GameFAQs community=8.1; LaunchBox community Bayesian (raw 8.4, n=205)=8.3; LaunchBox Community=8.2
snes	brett hull hockey	Brett Hull Hockey		4.9	1994-01-01	Radical Entertainment	Accolade		GameFAQs community=4.3; LaunchBox community Bayesian (raw 5.2, n=62)=5.5; LaunchBox Community=4.9
snes	brett hull hockey 95	Brett Hull Hockey 95	6.4	5.5	1995-01-01	Radical Entertainment	Accolade	MobyGames (n=5)=6.4	GameFAQs community=5.1; LaunchBox community Bayesian (raw 5.6, n=54)=5.8; LaunchBox Community=5.5
snes	bronkie health hero	Bronkie Health Hero
snes	brunswick world tournament of champions	Brunswick World: Tournament of Champions		6.6	1997-08-12	Tiertex Design Studios	THQ		GameFAQs community=7.7; LaunchBox community Bayesian (raw 5.3, n=62)=5.5; LaunchBox Community=6.6
snes	brutal paws of fury	Brutal: Paws of Fury		5.3	1994-12-06	Eurocom Entertainment Software	Cybersoft		GameFAQs community=5.1; LaunchBox community Bayesian (raw 5.2, n=92)=5.4; LaunchBox Community=5.3
snes	bubsy ii	Bubsy II		6.1	1994-10-15	Accolade	Accolade		GameFAQs community=5.4; LaunchBox community Bayesian (raw 6.7, n=87)=6.7; LaunchBox Community=6.1
snes	bubsy in claws encounters of the furred kind	Bubsy in Claws Encounters of the Furred Kind	7.8	6.3	1993-05-01	Accolade	Accolade	GameRankings (n=3)=7.4; MobyGames (n=5)=8.1	GameFAQs community=5.8; LaunchBox community Bayesian (raw 6.7, n=121)=6.7; LaunchBox Community=6.3
snes	bugs bunny rabbit rampage	Bugs Bunny Rabbit Rampage	7.6	6.2	1994-02-05	Viacom New Media	Sunsoft	GameRankings (n=3)=7.5; MobyGames (n=5)=7.7	GameFAQs community=6.1; LaunchBox community Bayesian (raw 6.3, n=120)=6.4; LaunchBox Community=6.2
snes	bulls vs blazers and the nba playoffs	Bulls Vs Blazers and the NBA Playoffs	6.1	6.0	1992-12-01	Electronic Arts	Electronic Arts	MobyGames (n=5)=6.1	GameFAQs community=6.0; LaunchBox community Bayesian (raw 5.8, n=69)=6.0; LaunchBox Community=6.0
snes	bust a move	Bust-A-Move	8.2	7.8	1995-01-13	Taito	Taito	MobyGames (n=5)=8.2	GameFAQs community=7.7; LaunchBox community Bayesian (raw 8.0, n=164)=7.9; LaunchBox Community=7.8
snes	cacoma knight in bizyland	Cacoma Knight in Bizyland	5.4	6.2	1992-11-21	Affect	SETA	MobyGames (n=5)=5.4	GameFAQs community=5.9; LaunchBox community Bayesian (raw 6.4, n=66)=6.5; LaunchBox Community=6.2
snes	cal ripken jr baseball	Cal Ripken Jr. Baseball	6.2	6.0	1992-12-01	Beam Software	Mindscape	MobyGames (n=5)=6.2	GameFAQs community=5.8; LaunchBox community Bayesian (raw 6.0, n=44)=6.2
snes	california games ii	California Games II	4.7	5.5	1993-01-01	Silicon Sorcery	DTMC	MobyGames (n=5)=4.7	GameFAQs community=4.6; LaunchBox community Bayesian (raw 6.4, n=67)=6.5; LaunchBox Community=5.5
snes	cannon fodder	Cannon Fodder	8.3	6.9	1994	Sensible Software		MobyGames (n=5)=8.3	GameFAQs community=6.9; Legacy community=6.9
snes	cannondale cup	Cannondale Cup		4.4	1994-11-01	Radical Entertainment	American Softworks		GameFAQs community=4.6; LaunchBox community Bayesian (raw 3.6, n=56)=4.1; LaunchBox Community=4.4
snes	capcom s mvp football	Capcom's MVP Football		5.6	1993-10-01	Equilibrium	Capcom		GameFAQs community=5.3; LaunchBox community Bayesian (raw 5.7, n=41)=6.0; LaunchBox Community=5.6
snes	capcom s soccer shootout	Capcom's Soccer Shootout		6.8	1994-05-01	A-Max	Capcom		GameFAQs community=6.8; LaunchBox community Bayesian (raw 6.7, n=80)=6.7
snes	captain america and the avengers	Captain America and the Avengers	4.6	5.5	1993-09-07	Data East	Mindscape	MobyGames (n=5)=4.6	GameFAQs community=5.2; LaunchBox community Bayesian (raw 5.7, n=101)=5.8; LaunchBox Community=5.5
snes	captain commando	Captain Commando	5.6	7.4	1995-03-17	Capcom	Capcom	MobyGames (n=5)=5.6	GameFAQs community=7.3; LaunchBox community Bayesian (raw 7.4, n=150)=7.4
snes	captain novolin	Captain Novolin	3.5	3.6	1992-11-01	Sculptured Software	Raya Systems	MobyGames (n=5)=3.5	GameFAQs community=2.5; LaunchBox community Bayesian (raw 4.1, n=54)=4.6; LaunchBox Community=3.6
snes	carrier aces	Carrier Aces		5.7	1995-01-01	Synergistic Software	Cybersoft		GameFAQs community=6.1; LaunchBox community Bayesian (raw 4.9, n=55)=5.2; LaunchBox Community=5.7
snes	casper	Casper		6.6					GameFAQs community=6.6; Legacy community=6.6
snes	castlevania dracula x	Castlevania: Dracula X	6.8	7.5	1995-09-05	Konami	Konami	GameRankings (n=6)=6.8	GameFAQs community=7.2; LaunchBox community Bayesian (raw 7.9, n=354)=7.9; LaunchBox Community=7.5
snes	castlevania vampire s kiss	Castlevania: Vampire's Kiss
snes	champions world class soccer	Champions World Class Soccer	6.1	5.1	1994-03-25	Park Place Productions	Acclaim Entertainment	MobyGames (n=5)=6.1	GameFAQs community=4.7; LaunchBox community Bayesian (raw 5.1, n=49)=5.4
snes	championship pool	Championship Pool		6.1	1993-11-01	Bitmasters	Mindscape		LaunchBox community Bayesian (raw 5.9, n=53)=6.1; LaunchBox Community=6.1
snes	championship soccer 94	Championship Soccer '94	7.8	6.3	1994-01-01	Sensible Software	Sony Imagesoft	MobyGames (n=5)=7.8	GameFAQs community=5.9; LaunchBox community Bayesian (raw 6.6, n=38)=6.7; LaunchBox Community=6.3
snes	chavez	Chavez
snes	chavez ii	Chavez II
snes	chester cheetah too cool to fool	Chester Cheetah: Too Cool to Fool	6.7	5.8	1992-12-01	System Vision	Kaneko	GameRankings (n=3)=6.7	GameFAQs community=5.2; LaunchBox community Bayesian (raw 6.3, n=51)=6.4; LaunchBox Community=5.8
snes	choplifter iii	Choplifter III		7.6					GameFAQs community=7.6; Legacy community=7.6
snes	choplifter iii rescue survive	Choplifter III: Rescue-Survive	7.8	7.2	1994-01-01	Beam Software	Victor Interactive Software	MobyGames (n=5)=7.8	LaunchBox community Bayesian (raw 7.2, n=115)=7.2
snes	chrono trigger	Chrono Trigger	9.5	9.3	1995-03-11	Square	Squaresoft	GameRankings (n=18)=9.6; MobyGames (n=5)=9.4	GameFAQs community=9.1; LaunchBox community Bayesian (raw 9.5, n=987)=9.5; LaunchBox Community=9.3
snes	chuck rock	Chuck Rock	7.2	5.9	1992-11-01	Core Design	Sony Imagesoft	GameRankings (n=3)=6.2; MobyGames (n=5)=7.8	GameFAQs community=5.2; LaunchBox community Bayesian (raw 6.4, n=70)=6.5; LaunchBox Community=5.9
snes	civilization	Civilization
snes	clay fighter 2 judgment clay	Clay Fighter 2: Judgment Clay		6.7	1995-01-01	Interplay Entertainment	Interplay Productions		LaunchBox community Bayesian (raw 6.7, n=91)=6.7
snes	clayfighter	ClayFighter		6.1	1993-11-15	Visual Concepts Entertainment	Interplay Productions		GameFAQs community=5.9; LaunchBox community Bayesian (raw 6.3, n=100)=6.4; Legacy community=6.1
snes	clayfighter tournament edition	ClayFighter: Tournament Edition		6.1	1994-05-01	Visual Concepts Entertainment	Interplay Productions		GameFAQs community=6.1; LaunchBox community Bayesian (raw 6.0, n=79)=6.1; Legacy community=6.1
snes	claymates	Claymates		6.6	1994-04-26	Visual Concepts Entertainment	Interplay Productions		GameFAQs community=6.4; LaunchBox community Bayesian (raw 6.9, n=83)=6.9; LaunchBox Community=6.6
snes	cliffhanger	Cliffhanger	4.7	4.9	1993-11-01	Malibu Interactive	Sony Imagesoft	MobyGames (n=5)=4.7	GameFAQs community=4.3; LaunchBox community Bayesian (raw 5.1, n=65)=5.4; LaunchBox Community=4.9
snes	clock tower	Clock Tower		7.9	1995-09-14	Human Entertainment	Human Entertainment		GameFAQs community=8.2; LaunchBox community Bayesian (raw 7.6, n=132)=7.6; LaunchBox Community=7.9
snes	clue	Clue		6.5					GameFAQs community=6.5; Legacy community=6.5
snes	college football usa 97 the road to new orleans	College Football USA '97: The Road to New Orleans
snes	college slam basketball	College Slam Basketball
snes	congo s caper	Congo's Caper		7.2	1992-12-18	Data East	Data East		GameFAQs community=7.0; LaunchBox community Bayesian (raw 7.4, n=108)=7.4; LaunchBox Community=7.2
snes	contra iii the alien wars	Contra III: The Alien Wars	8.7	8.4	1992-02-28	Konami	Konami	GameRankings (n=10)=8.6; MobyGames (n=5)=8.9	GameFAQs community=8.2; LaunchBox community Bayesian (raw 8.7, n=548)=8.7; LaunchBox Community=8.4
snes	cool spot	Cool Spot	8.2	6.9	1993-12-10	Virgin Games	Virgin Games	MobyGames (n=5)=8.2	GameFAQs community=6.7; LaunchBox community Bayesian (raw 7.1, n=116)=7.1; LaunchBox Community=6.9
snes	cool world	Cool World	6.3	4.3	1992-01-01	Painting by Numbers	Ocean Software	MobyGames (n=5)=6.3	GameFAQs community=3.2; LaunchBox community Bayesian (raw 5.1, n=64)=5.4; LaunchBox Community=4.3
snes	corn buster	Corn Buster		5.2	2015-08-07	Engine Software	Piko Interactive		LaunchBox community Bayesian (raw 4.3, n=21)=5.2; LaunchBox Community=5.2
snes	cutthroat island	Cutthroat Island	4.6	5.4	1996-03-01	Software Creations	Acclaim Entertainment	MobyGames (n=5)=4.6	GameFAQs community=5.1; LaunchBox community Bayesian (raw 5.6, n=70)=5.8; LaunchBox Community=5.4
snes	cyber spin	Cyber Spin		6.1	1992-03-19	Arc System Works	Takara		GameFAQs community=5.9; LaunchBox community Bayesian (raw 6.2, n=48)=6.3; LaunchBox Community=6.1
snes	cybernator	Cybernator	7.8	7.9	1992-12-18	NCS	Konami	GameRankings (n=6)=7.3; MobyGames (n=5)=8.3	GameFAQs community=8.0; LaunchBox community Bayesian (raw 7.9, n=184)=7.9
snes	cyborg 009	Cyborg 009		6.4	1994-02-24	BEC	BEC		GameFAQs community=5.9; LaunchBox community Bayesian (raw 6.7, n=40)=6.8; LaunchBox Community=6.4
snes	d force	D-Force	3.6	6.0	1991-12-20	Cream	Asmik Corporation of America	MobyGames (n=5)=3.6	GameFAQs community=5.8; LaunchBox community Bayesian (raw 6.1, n=77)=6.2; LaunchBox Community=6.0
snes	daffy duck the marvin missions	Daffy Duck: The Marvin Missions		6.6	1993-10-01	ICOM Simulations	Sunsoft		GameFAQs community=6.1; LaunchBox community Bayesian (raw 7.1, n=99)=7.1; LaunchBox Community=6.6
snes	darius twin	Darius Twin	5.9	7.0	1991-03-29	Taito	Taito	GameRankings (n=5)=5.9	GameFAQs community=6.9; LaunchBox community Bayesian (raw 7.0, n=119)=7.0
snes	david crane s amazing tennis	David Crane's Amazing Tennis	7.0	5.0	1992-10-01	Imagineering	Absolute Entertainment	GameRankings (n=3)=7.0	GameFAQs community=4.4; LaunchBox community Bayesian (raw 5.2, n=50)=5.5; LaunchBox Community=5.0
snes	daze before christmas	Daze Before Christmas		6.4	1994-01-01	Funcom Productions	Sunsoft		GameFAQs community=5.9; LaunchBox community Bayesian (raw 6.7, n=42)=6.8; LaunchBox Community=6.4
snes	demon s crest	Demon's Crest	8.4	8.3	1994-10-21	Capcom	Capcom	GameRankings (n=5)=8.7; MobyGames (n=5)=8.2	GameFAQs community=8.1; LaunchBox community Bayesian (raw 8.5, n=322)=8.5; LaunchBox Community=8.3
snes	dennis	Dennis
snes	dennis the menace	Dennis the Menace	6.1	5.6	1993-12-25	Ocean Software	Ocean Software	MobyGames (n=5)=6.1	GameFAQs community=4.8; LaunchBox community Bayesian (raw 6.2, n=59)=6.3; LaunchBox Community=5.6
snes	desert fighter	Desert Fighter
snes	desert strike return to the gulf	Desert Strike: Return to the Gulf	8.0	7.2	1992-10-01	Visual Concepts Entertainment	Electronic Arts	GameRankings (n=3)=7.7; MobyGames (n=5)=8.2	GameFAQs community=7.0; LaunchBox community Bayesian (raw 7.5, n=113)=7.5; LaunchBox Community=7.2
snes	dig and spike volleyball	Dig & Spike Volleyball		6.8	1992-11-27	TOSE	Hudson Soft		GameFAQs community=6.2; LaunchBox community Bayesian (raw 7.3, n=50)=7.2; LaunchBox Community=6.8
snes	dino city	Dino City	7.4	6.5	1992-07-17	Irem	Irem	GameRankings (n=3)=7.4	LaunchBox community Bayesian (raw 6.4, n=73)=6.5; LaunchBox Community=6.5
snes	dino dini s soccer	Dino Dini's Soccer	7.8	6.0	1994-01-01	Dini and Dini Productions	Virgin Games	MobyGames (n=5)=7.8	GameFAQs community=5.1; LaunchBox community Bayesian (raw 6.8, n=38)=6.8; LaunchBox Community=6.0
snes	dirt racer	Dirt Racer	2.6	4.4	1995-05-01	MotiveTime	Elite Systems	MobyGames (n=5)=2.6	GameFAQs community=3.6; LaunchBox community Bayesian (raw 4.7, n=38)=5.2; LaunchBox Community=4.4
snes	dirt trax fx	Dirt Trax FX		6.0	1995-11-01	Sculptured Software	Acclaim Entertainment		GameFAQs community=6.2; LaunchBox community Bayesian (raw 5.8, n=54)=6.0; LaunchBox Community=6.0
snes	disney s timon and pumbaa s jungle games	Disney's Timon & Pumbaa's Jungle Games		6.1					GameFAQs community=6.1; Legacy community=6.1
snes	donald in maui mallard	Donald in Maui Mallard
snes	donkey kong country	Donkey Kong Country	8.9	8.8	1994-11-24	Rare	Nintendo	GameRankings (n=9)=8.9; MobyGames (n=5)=9.0	GameFAQs community=8.6; LaunchBox community Bayesian (raw 9.1, n=1200)=9.1; LaunchBox Community=8.8
snes	donkey kong country 2 diddy s kong quest	Donkey Kong Country 2: Diddy's Kong Quest	9.0	9.0	1995-11-21	Rare	Nintendo	GameRankings (n=12)=9.0; MobyGames (n=5)=9.1	GameFAQs community=8.8; LaunchBox community Bayesian (raw 9.2, n=771)=9.2; LaunchBox Community=9.0
snes	donkey kong country 3 dixie kong s double trouble	Donkey Kong Country 3: Dixie Kong's Double Trouble!	8.5	8.5	1996-11-01	Rare	Nintendo	GameRankings (n=5)=8.3; MobyGames (n=5)=8.7	GameFAQs community=8.3; LaunchBox community Bayesian (raw 8.7, n=577)=8.7; LaunchBox Community=8.5
snes	doom	Doom	6.0	6.7	1995-09-01	Sculptured Software	Williams Entertainment	GameRankings (n=4)=5.4; MobyGames (n=5)=6.5	GameFAQs community=6.8; LaunchBox community Bayesian (raw 6.5, n=151)=6.5; LaunchBox Community=6.7
snes	doomsday warrior	Doomsday Warrior	6.2	4.7	1992-11-20	Shin-Nihon Laser Soft	Renovation Products	MobyGames (n=5)=6.2	GameFAQs community=4.3; LaunchBox community Bayesian (raw 4.8, n=58)=5.1; LaunchBox Community=4.7
snes	double dragon v the shadow falls	Double Dragon V: The Shadow Falls	5.5	5.6	1994-07-10	Leland Interactive Media	Tradewest	GameRankings (n=4)=5.3; MobyGames (n=5)=5.6	GameFAQs community=4.6; LaunchBox community Bayesian (raw 6.6, n=80)=6.6; LaunchBox Community=5.6
snes	dragon ball z hyper dimension	Dragon Ball Z: Hyper Dimension	7.9	7.7	1996-03-29	TOSE	Bandai	MobyGames (n=5)=7.9	GameFAQs community=7.5; LaunchBox community Bayesian (raw 7.9, n=119)=7.8; LaunchBox Community=7.7
snes	dragon ball z la legende saien france	Dragon Ball Z: La Legende Saien (France)
snes	dragon ball z super saiya densetsu	Dragon Ball Z: Super Saiya Densetsu		6.5	1992-01-25	TOSE	Bandai		GameFAQs community=6.9; LaunchBox community Bayesian (raw 6.1, n=83)=6.2; LaunchBox Community=6.5
snes	dragon quest i and ii	Dragon Quest I & II		7.5	1993-12-18	Chunsoft	Enix		GameFAQs community=7.4; LaunchBox community Bayesian (raw 7.6, n=109)=7.5; Legacy community=7.5
snes	dragon quest iii and into the legend	Dragon Quest III: And into the Legend...
snes	dragon quest v tenkuu no hanayome	Dragon Quest V: Tenkuu no Hanayome		8.3	1992-09-27	Chunsoft	Enix		GameFAQs community=8.3; LaunchBox community Bayesian (raw 8.5, n=87)=8.3; LaunchBox Community=8.3
snes	dragon quest vi realms of revelation	Dragon Quest VI: Realms of Revelation
snes	dragon s lair	Dragon's Lair		5.4	1993-02-01	MotiveTime	Data East		GameFAQs community=4.4; LaunchBox community Bayesian (raw 6.3, n=85)=6.4; LaunchBox Community=5.4
snes	dragon the bruce lee story	Dragon: The Bruce Lee Story	7.8	6.1	1995-02-23	Virgin Interactive Entertainment	Acclaim Entertainment	MobyGames (n=5)=7.8	GameFAQs community=5.8; LaunchBox community Bayesian (raw 6.2, n=81)=6.3; LaunchBox Community=6.1
snes	dragon view	Dragon View		7.5	1994-08-26	Kotobuki System	Kotobuki System		GameFAQs community=7.5; LaunchBox community Bayesian (raw 7.5, n=97)=7.5
snes	drakkhen	Drakkhen	6.5	5.6	1991-05-24	Kotobuki System	Kotobuki System	GameRankings (n=4)=6.5	GameFAQs community=5.2; LaunchBox community Bayesian (raw 5.9, n=72)=6.0; LaunchBox Community=5.6
snes	dream tv	Dream TV		4.8	1992-01-01	Rollogame	Triffix Entertainment		LaunchBox community Bayesian (raw 4.3, n=43)=4.8; LaunchBox Community=4.8
snes	dungeon master	Dungeon Master		6.3	1991-12-20	FTL Games	Victor Musical Industries		GameFAQs community=6.7; LaunchBox community Bayesian (raw 5.9, n=71)=6.0; LaunchBox Community=6.3
snes	e v o search for eden	E.V.O.: Search for Eden		7.8	1992-12-21	Almanic	Enix		GameFAQs community=7.7; LaunchBox community Bayesian (raw 7.9, n=203)=7.9; LaunchBox Community=7.8
snes	earth defense force	Earth Defense Force	6.1	7.0	1991-10-25	Jaleco	Jaleco	GameRankings (n=3)=6.1	GameFAQs community=7.2; LaunchBox community Bayesian (raw 6.8, n=93)=6.8; LaunchBox Community=7.0
snes	earthbound	EarthBound	8.6	9.0	1994-08-27	HAL Laboratory	Nintendo	GameRankings (n=6)=8.8; MobyGames (n=5)=8.4	GameFAQs community=8.7; LaunchBox community Bayesian (raw 9.3, n=582)=9.3; LaunchBox Community=9.0
snes	earthworm jim	Earthworm Jim	8.5	7.8	1994-08-02	Shiny Entertainment	Playmates Interactive Entertainment	GameRankings (n=6)=8.3; MobyGames (n=5)=8.7	GameFAQs community=7.4; LaunchBox community Bayesian (raw 8.2, n=229)=8.1; LaunchBox Community=7.8
snes	eek the cat	Eek! The Cat	5.8	5.3	1994-08-01	CTA Developments	Ocean Software	MobyGames (n=5)=5.8	GameFAQs community=4.5; LaunchBox community Bayesian (raw 5.8, n=51)=6.0; LaunchBox Community=5.3
snes	elite soccer	Elite Soccer	8.2	6.1	1994-06-17	Rage Software	GameTek	MobyGames (n=5)=8.2	GameFAQs community=5.9; LaunchBox community Bayesian (raw 5.9, n=40)=6.1; LaunchBox Community=6.1
snes	emmitt smith football	Emmitt Smith Football		5.1	1995-11-01	NCM Entertainment	JVC Musical Industries		GameFAQs community=4.6; LaunchBox community Bayesian (raw 5.2, n=33)=5.6; LaunchBox Community=5.1
snes	equinox	Equinox	8.6	6.7	1993-11-12	Software Creations	Sony Imagesoft	MobyGames (n=5)=8.6	GameFAQs community=6.4; LaunchBox community Bayesian (raw 7.0, n=86)=7.0; LaunchBox Community=6.7
snes	eric cantona football challenge	Eric Cantona Football Challenge
snes	espn baseball tonight	ESPN Baseball Tonight		5.6	1994-05-01	Park Place Productions	Sony Imagesoft		GameFAQs community=5.4; LaunchBox community Bayesian (raw 5.4, n=40)=5.7; LaunchBox Community=5.6
snes	espn national hockey night	ESPN National Hockey Night		5.5	1994-12-01	Park Place Productions	Sony Imagesoft		GameFAQs community=4.9; LaunchBox community Bayesian (raw 5.7, n=33)=6.0; LaunchBox Community=5.5
snes	espn speedworld	ESPN Speedworld		5.4	1994-11-01	Park Place Productions	Sony Imagesoft		GameFAQs community=5.4; LaunchBox community Bayesian (raw 5.0, n=46)=5.4
snes	espn sunday night nfl	ESPN Sunday Night NFL		4.9	1994-11-01	Ringler Studios	Sony Imagesoft		GameFAQs community=4.2; LaunchBox community Bayesian (raw 5.0, n=28)=5.5; LaunchBox Community=4.9
snes	euro football champ	Euro Football Champ
snes	exhaust heat	Exhaust Heat
snes	extra innings	Extra Innings		7.1	1991-08-09	Sting	Sony Imagesoft		GameFAQs community=6.9; LaunchBox community Bayesian (raw 7.4, n=57)=7.3; LaunchBox Community=7.1
snes	f zero	F-Zero	8.2	8.1	1990-11-21	Nintendo	Nintendo	GameRankings (n=6)=8.3; MobyGames (n=5)=8.0	GameFAQs community=7.7; LaunchBox community Bayesian (raw 8.5, n=519)=8.5; LaunchBox Community=8.1
snes	f1 pole position	F1 Pole Position		6.4	1992-11-20	Human Entertainment	Human Entertainment		GameFAQs community=6.3; LaunchBox community Bayesian (raw 6.4, n=70)=6.5
snes	f1 roc ii race of champions	F1 ROC II: Race of Champions		6.6	1993-03-05	SETA	SETA		GameFAQs community=6.9; LaunchBox community Bayesian (raw 6.3, n=61)=6.4; LaunchBox Community=6.6
snes	f1 roc race of champions	F1 ROC: Race of Champions	6.5	6.8	1992-02-21	SETA	Ocean Software	GameRankings (n=3)=6.5	GameFAQs community=6.7; LaunchBox community Bayesian (raw 6.8, n=68)=6.8
snes	f1 world championship edition	F1: World Championship Edition		5.4	1995-01-01	Peakstar Software	Domark Software		GameFAQs community=5.2; LaunchBox community Bayesian (raw 5.2, n=35)=5.6; LaunchBox Community=5.4
snes	faceball 2000	Faceball 2000	5.8	5.7	1992-09-01	Xanth Software F/X	Bullet-Proof Software	GameRankings (n=3)=5.2; MobyGames (n=5)=6.1	GameFAQs community=5.6; LaunchBox community Bayesian (raw 5.4, n=42)=5.7; LaunchBox Community=5.7
snes	family feud	Family Feud		6.0	1993-10-01	Imagineering	GameTek		GameFAQs community=5.8; LaunchBox community Bayesian (raw 6.0, n=50)=6.2
snes	fatal fury	Fatal Fury	6.0	6.4	1992-11-27	SNK	Takara	MobyGames (n=5)=6.0	GameFAQs community=6.1; LaunchBox community Bayesian (raw 6.6, n=101)=6.6; LaunchBox Community=6.4
snes	fatal fury special	Fatal Fury Special		7.4	1994-07-29	Monolith	Takara		GameFAQs community=7.5; LaunchBox community Bayesian (raw 7.2, n=86)=7.2; LaunchBox Community=7.4
snes	fever pitch soccer	Fever Pitch Soccer
snes	fifa 97 gold edition	FIFA 97: Gold Edition
snes	fifa 98 road to world cup	FIFA 98: Road to World Cup
snes	fifa international soccer	FIFA International Soccer	8.6	6.6	1994-05-01	Extended Play Productions	Electronic Arts	MobyGames (n=5)=8.6	GameFAQs community=6.7; LaunchBox community Bayesian (raw 6.5, n=61)=6.6; LaunchBox Community=6.6
snes	fifa soccer 97	FIFA Soccer 97		6.2	1996-01-01	Rage Software	Electronic Arts		GameFAQs community=5.8; LaunchBox community Bayesian (raw 6.5, n=49)=6.6; LaunchBox Community=6.2
snes	fighter s history	Fighter's History		6.0	1994-08-01	Data East	Data East		GameFAQs community=6.8; LaunchBox community Bayesian (raw 4.9, n=67)=5.2; LaunchBox Community=6.0
snes	final fantasy ii	Final Fantasy II	8.6	8.6	1991-07-19	Square	Square	GameRankings (n=12)=8.7; MobyGames (n=5)=8.4	GameFAQs community=8.6; LaunchBox community Bayesian (raw 8.6, n=313)=8.6
snes	final fantasy iii	Final Fantasy III	9.4	9.1	1994	Square Enix Co., Ltd.		GameRankings (n=14)=9.4; MobyGames (n=5)=9.4	GameFAQs community=9.1
snes	final fantasy mystic quest	Final Fantasy: Mystic Quest	6.7	7.1	1992-10-05	Squaresoft	Squaresoft	GameRankings (n=10)=6.7	GameFAQs community=6.8; LaunchBox community Bayesian (raw 7.5, n=197)=7.5; LaunchBox Community=7.1
snes	final fantasy v	Final Fantasy V	7.5	8.2	1992-12-06	Square	Square	GameRankings (n=4)=6.6; MobyGames (n=5)=8.2	GameFAQs community=8.2; LaunchBox community Bayesian (raw 8.3, n=177)=8.2; LaunchBox Community=8.2
snes	final fantasy vi gold	Final Fantasy VI Gold
snes	final fight	Final Fight	7.1	7.3	1990-12-21	Capcom	Capcom	GameRankings (n=9)=7.1	GameFAQs community=6.9; LaunchBox community Bayesian (raw 7.8, n=291)=7.8; LaunchBox Community=7.3
snes	final fight 3	Final Fight 3		7.9	1995-12-22	Capcom	Capcom		GameFAQs community=7.9; LaunchBox community Bayesian (raw 8.0, n=269)=8.0; LaunchBox Community=7.9
snes	final fight guy	Final Fight Guy		7.1	1992-03-20	Capcom	Capcom		GameFAQs community=6.9; LaunchBox community Bayesian (raw 7.3, n=150)=7.3; LaunchBox Community=7.1
snes	fire emblem mystery of the emblem	Fire Emblem: Mystery of the Emblem
snes	fire emblem seisen no keifu	Fire Emblem: Seisen no Keifu		8.5	1996-05-14	Intelligent Systems	Nintendo		GameFAQs community=8.7; LaunchBox community Bayesian (raw 8.4, n=88)=8.3; LaunchBox Community=8.5
snes	fire emblem thracia 776	Fire Emblem: Thracia 776		8.1	1999-09-01	Intelligent Systems	Nintendo		GameFAQs community=8.4; LaunchBox community Bayesian (raw 8.0, n=80)=7.9; LaunchBox Community=8.1
snes	firepower 2000	Firepower 2000	8.1	7.2	1992-11-13	The Sales Curve	Sunsoft	GameRankings (n=5)=8.2; MobyGames (n=5)=7.9	GameFAQs community=7.0; LaunchBox community Bayesian (raw 7.4, n=87)=7.4; LaunchBox Community=7.2
snes	firestriker	Firestriker		6.6	1993-12-17	Axes Art Amuse	DTMC		GameFAQs community=6.4; LaunchBox community Bayesian (raw 6.7, n=66)=6.7; LaunchBox Community=6.6
snes	first samurai	First Samurai		6.6	1993-07-02	Vivid Image	Kemco		GameFAQs community=6.1; LaunchBox community Bayesian (raw 7.1, n=71)=7.1; LaunchBox Community=6.6
snes	flashback	Flashback
snes	flashback the quest for identity	Flashback: The Quest for Identity	8.6	7.7	1993-12-22	Delphine Software International	U.S. Gold	MobyGames (n=5)=8.6	GameFAQs community=7.6; LaunchBox community Bayesian (raw 7.9, n=144)=7.8; LaunchBox Community=7.7
snes	football fury	Football Fury		5.0	1992-07-24	Sammy	American Sammy		GameFAQs community=4.7; LaunchBox community Bayesian (raw 4.7, n=33)=5.2; LaunchBox Community=5.0
snes	foreman for real	Foreman for Real	5.4	4.2	1995-09-01	Software Creations	Acclaim Entertainment	MobyGames (n=5)=5.4	GameFAQs community=4.3; LaunchBox community Bayesian (raw 3.3, n=33)=4.2; LaunchBox Community=4.2
snes	frank thomas big hurt baseball	Frank Thomas Big Hurt Baseball	6.0	6.0	1995-11-01	Iguana Entertainment	Acclaim Entertainment	MobyGames (n=5)=6.0	GameFAQs community=5.9; LaunchBox community Bayesian (raw 5.9, n=36)=6.1; LaunchBox Community=6.0
snes	frantic flea	Frantic Flea	5.5	4.9	1996-04-01	Häus Teknikka	GameTek	MobyGames (n=5)=5.5	GameFAQs community=4.0; LaunchBox community Bayesian (raw 5.4, n=33)=5.8; LaunchBox Community=4.9
snes	frogger	Frogger		6.4	1998-08-01	Morning Star Multimedia	Majesco Sales		GameFAQs community=6.4; LaunchBox community Bayesian (raw 6.3, n=69)=6.4; LaunchBox Community=6.4
snes	front mission	Front Mission	8.2	8.0	1995-02-24	G-Craft	Square	MobyGames (n=5)=8.2	GameFAQs community=8.4; LaunchBox community Bayesian (raw 7.6, n=88)=7.5; LaunchBox Community=8.0
snes	front mission series gun hazard	Front Mission Series: Gun Hazard
snes	full throttle racing	Full Throttle Racing
snes	fun n games	Fun 'N Games	5.0	4.9	1994-10-21	Leland Interactive Media	Tradewest	MobyGames (n=5)=5.0	GameFAQs community=4.4; LaunchBox community Bayesian (raw 4.8, n=29)=5.4; LaunchBox Community=4.9
snes	futebol brasileiro 96	Futebol brasileiro '96		7.5	1996-01-01	Twin Eagles Group	Twin Eagles Group		LaunchBox community Bayesian (raw 7.7, n=19)=7.5; LaunchBox Community=7.5
snes	game genie bios	Game Genie BIOS
snes	ganbare goemon 3 shishi juurokubee no karakuri manjigatame	Ganbare Goemon 3: Shishi Juurokubee no Karakuri Manjigatame
snes	ganpuru gunman s proof	Ganpuru: Gunman's Proof		8.1					GameFAQs community=8.1; Legacy community=8.1
snes	gemfire	Gemfire		7.2	1992-10-22	Koei	Koei		GameFAQs community=7.3; LaunchBox community Bayesian (raw 7.1, n=56)=7.1; LaunchBox Community=7.2
snes	genghis khan ii clan of the gray wolf	Genghis Khan II: Clan of the Gray Wolf		6.8	1993-03-25	Koei	Koei		GameFAQs community=7.5; LaunchBox community Bayesian (raw 6.1, n=54)=6.2; LaunchBox Community=6.8
snes	genocide	Genocide
snes	george foreman s ko boxing	George Foreman's KO Boxing	4.2	5.6	1992-01-01	Beam Software	Acclaim Entertainment	MobyGames (n=5)=4.2	GameFAQs community=4.6; LaunchBox community Bayesian (raw 6.4, n=51)=6.5; LaunchBox Community=5.6
snes	ghoul patrol	Ghoul Patrol		6.8	1994-11-01	LucasArts	JVC Musical Industries		GameFAQs community=6.7; LaunchBox community Bayesian (raw 6.9, n=103)=6.9; LaunchBox Community=6.8
snes	go for it goemon 2 the strange general mcguinness	Go for it! Goemon 2: The Strange General McGuinness
snes	go for it goemon the twinkling journey the reason i became a dancer	Go for it! Goemon: The Twinkling Journey: The Reason I became a Dancer
snes	gods	Gods	6.8	6.2	1992-12-01	The Bitmap Brothers	Mindscape	GameRankings (n=3)=6.8	GameFAQs community=5.3; LaunchBox community Bayesian (raw 7.1, n=70)=7.1; LaunchBox Community=6.2
snes	gokujou parodius	Gokujou Parodius		7.9	1994-11-25	Konami	Konami		GameFAQs community=7.8; LaunchBox community Bayesian (raw 8.1, n=71)=8.0; LaunchBox Community=7.9
snes	goof troop	Goof Troop
snes	gp 1	GP-1		6.5	1993-06-25	Genki	Atlus		GameFAQs community=6.5; LaunchBox community Bayesian (raw 6.4, n=49)=6.5; LaunchBox Community=6.5
snes	gp 1 part ii	GP-1 Part II		6.9	1994-11-18	Genki	Atlus		GameFAQs community=6.7; LaunchBox community Bayesian (raw 7.1, n=55)=7.1; LaunchBox Community=6.9
snes	gradius iii	Gradius III	7.8	7.6	1990-12-21	Konami	Konami	GameRankings (n=6)=7.8; MobyGames (n=5)=7.9	GameFAQs community=7.7; LaunchBox community Bayesian (raw 7.6, n=203)=7.6
snes	gunforce battle fire engulfed terror island	Gunforce: Battle Fire Engulfed Terror Island	4.9		1992	Irem Corp.		MobyGames (n=5)=4.9
snes	hagane	Hagane		7.7					GameFAQs community=7.7; Legacy community=7.7
snes	hagane the final conflict	Hagane: The Final Conflict	8.2	7.9	1994-11-18	Red Company	Hudson Soft	MobyGames (n=5)=8.2	LaunchBox community Bayesian (raw 8.0, n=178)=7.9; LaunchBox Community=7.9
snes	hal s hole in one golf	HAL's Hole in One Golf		6.5	1991-02-23	HAL Laboratory	HAL America		GameFAQs community=6.1; LaunchBox community Bayesian (raw 6.8, n=54)=6.8; LaunchBox Community=6.5
snes	hammerlock wrestling	Hammerlock Wrestling		5.1	1994-09-30	Jaleco	Jaleco		GameFAQs community=4.9; LaunchBox community Bayesian (raw 4.9, n=36)=5.4; LaunchBox Community=5.1
snes	hanna barbera s turbo toons	Hanna Barbera's Turbo Toons		5.2					GameFAQs community=5.2
snes	hardball iii	HardBall III		4.9	1994-06-01	MindSpan	Accolade		GameFAQs community=4.6; LaunchBox community Bayesian (raw 4.6, n=30)=5.2; LaunchBox Community=4.9
snes	harley s humongous adventure	Harley's Humongous Adventure	6.4	6.1	1993-02-05	Visual Concepts Entertainment	Hi-Tech Expressions	GameRankings (n=4)=6.4	GameFAQs community=5.6; LaunchBox community Bayesian (raw 6.5, n=52)=6.6; LaunchBox Community=6.1
snes	harvest moon	Harvest Moon	7.5	7.9	1996-08-09	Amccus	Natsume	GameRankings (n=7)=7.3; MobyGames (n=5)=7.9	GameFAQs community=8.0; LaunchBox community Bayesian (raw 7.8, n=162)=7.8; LaunchBox Community=7.9
snes	head on soccer	Head-On Soccer	8.0	5.9	1995-09-01	U.S. Gold	U.S. Gold	MobyGames (n=5)=8.0	GameFAQs community=5.1; LaunchBox community Bayesian (raw 6.7, n=50)=6.8; LaunchBox Community=5.9
snes	hebereke s popoitto	Hebereke's Popoitto		6.6	1995-09-30	Sunsoft	Sunsoft		LaunchBox community Bayesian (raw 6.5, n=40)=6.6
snes	hit the ice	Hit the Ice		5.5					GameFAQs community=5.5
snes	home alone	Home Alone	5.2	5.2	1991-12-01	Imagineering	THQ	MobyGames (n=5)=5.2	GameFAQs community=4.9; LaunchBox community Bayesian (raw 5.1, n=65)=5.4; LaunchBox Community=5.2
snes	home alone 2 lost in new york	Home Alone 2: Lost in New York	3.6	4.4	1992-10-01	Imagineering	THQ	GameRankings (n=3)=3.0; MobyGames (n=5)=3.9	GameFAQs community=4.9; LaunchBox community Bayesian (raw 3.4, n=58)=3.9; LaunchBox Community=4.4
snes	home improvement	Home Improvement		4.6					GameFAQs community=4.6
snes	hook	Hook		6.8	1992-07-17	Ukiyotei	Sony Imagesoft		GameFAQs community=6.7; LaunchBox community Bayesian (raw 7.0, n=89)=7.0; LaunchBox Community=6.8
snes	hungry dinosaurs	Hungry Dinosaurs		6.1	1994-10-19	Magical Company	Sunsoft		LaunchBox community Bayesian (raw 5.8, n=33)=6.1; LaunchBox Community=6.1
snes	hyper v ball	Hyper V-Ball	6.0	6.4	1994-06-01	Video System	MC O'River	MobyGames (n=5)=6.0	GameFAQs community=6.6; LaunchBox community Bayesian (raw 6.2, n=48)=6.3; LaunchBox Community=6.4
snes	hyperzone	HyperZone	5.2	6.3	1991-08-31	HAL Laboratory	HAL Laboratory	MobyGames (n=5)=5.2	GameFAQs community=6.3; LaunchBox community Bayesian (raw 6.2, n=79)=6.3; LaunchBox Community=6.3
snes	illusion of gaia	Illusion of Gaia	8.0	8.2	1994-09-26	Quintet	Nintendo	GameRankings (n=9)=8.0; MobyGames (n=5)=8.0	GameFAQs community=8.0; LaunchBox community Bayesian (raw 8.5, n=286)=8.4; LaunchBox Community=8.2
snes	illusion of time	Illusion of Time
snes	imperium	Imperium	5.6	6.9	1992-11-01	Jorudan	Vic Tokai	GameRankings (n=3)=5.2; MobyGames (n=5)=5.8	GameFAQs community=7.0; LaunchBox community Bayesian (raw 6.7, n=59)=6.7; LaunchBox Community=6.9
snes	incantation	Incantation	6.1	5.7	1996-12-01	Titus France	Titus France	MobyGames (n=5)=6.1	GameFAQs community=4.9; LaunchBox community Bayesian (raw 6.5, n=77)=6.6; LaunchBox Community=5.7
snes	indiana jones greatest adventures	Indiana Jones' Greatest Adventures	7.8	7.5	1994-10-11	Factor 5	Victor Entertainment	GameRankings (n=4)=7.5; MobyGames (n=5)=8.1	GameFAQs community=7.6; LaunchBox community Bayesian (raw 7.5, n=155)=7.5
snes	inindo way of the ninja	Inindo: Way of the Ninja		6.7	1992-03-19	Koei	Koei		GameFAQs community=6.8; LaunchBox community Bayesian (raw 6.6, n=57)=6.7; LaunchBox Community=6.7
snes	inspector gadget	Inspector Gadget		6.7	1993-12-01	AIM	Hudson Soft		GameFAQs community=6.5; LaunchBox community Bayesian (raw 6.8, n=73)=6.8; LaunchBox Community=6.7
snes	international superstar soccer	International Superstar Soccer	8.5	7.6	1994-11-11	Konami	Konami	MobyGames (n=5)=8.5	GameFAQs community=7.8; LaunchBox community Bayesian (raw 7.5, n=90)=7.5; LaunchBox Community=7.6
snes	international superstar soccer deluxe	International Superstar Soccer Deluxe	8.8	8.3	1995-09-22	Konami	Konami	MobyGames (n=5)=8.8	GameFAQs community=8.4; LaunchBox community Bayesian (raw 8.2, n=140)=8.1; LaunchBox Community=8.3
snes	international tennis tour	International Tennis Tour		5.8	1993-03-26	Loriciel	Taito		GameFAQs community=5.0; LaunchBox community Bayesian (raw 6.4, n=40)=6.5; LaunchBox Community=5.8
snes	iron commando	Iron Commando
snes	izzy s quest for the olympic rings	Izzy's Quest for the Olympic Rings		5.2	1995-11-01	Alexandria	U.S. Gold		GameFAQs community=4.4; LaunchBox community Bayesian (raw 5.6, n=45)=5.9; LaunchBox Community=5.2
snes	j r r tolkien s lord of the rings volume 1	J.R.R. Tolkien's Lord of the Rings: Volume 1
snes	jack nicklaus golf	Jack Nicklaus Golf		5.8	1992-05-01	Sculptured Software	Tradewest		GameFAQs community=5.5; LaunchBox community Bayesian (raw 5.9, n=40)=6.1; LaunchBox Community=5.8
snes	james bond jr	James Bond Jr	5.0	4.7	1992-10-01	Gray Matter	THQ	MobyGames (n=5)=5.0	GameFAQs community=3.9; LaunchBox community Bayesian (raw 5.2, n=53)=5.5; LaunchBox Community=4.7
snes	james pond 3 operation starfish	James Pond 3: Operation Starfish		5.2					GameFAQs community=5.2; Legacy community=5.2
snes	james pond s crazy sports	James Pond's Crazy Sports
snes	jammit	Jammit		4.0					GameFAQs community=4.0
snes	jazz411 s super mario world	Jazz411's Super Mario World
snes	jelly boy	Jelly Boy		6.2	1995-03-01	Probe Software	Ocean Software		GameFAQs community=5.5; LaunchBox community Bayesian (raw 6.7, n=38)=6.8; LaunchBox Community=6.2
snes	jeopardy	Jeopardy!		5.5	1992-12-01	Imagineering	GameTek		GameFAQs community=5.4; LaunchBox community Bayesian (raw 5.2, n=38)=5.6; LaunchBox Community=5.5
snes	jeopardy deluxe edition	Jeopardy! Deluxe Edition		5.7	1994-06-01	Imagineering	GameTek		GameFAQs community=5.4; LaunchBox community Bayesian (raw 5.8, n=34)=6.1; LaunchBox Community=5.7
snes	jeopardy sports edition	Jeopardy! Sports Edition		5.4	1994-05-01	Imagineering	GameTek		GameFAQs community=5.1; LaunchBox community Bayesian (raw 5.2, n=36)=5.6; LaunchBox Community=5.4
snes	jikkyou oshaberi parodius	Jikkyou Oshaberi Parodius		7.8	1995-12-15	Konami	Konami		GameFAQs community=7.7; LaunchBox community Bayesian (raw 7.9, n=62)=7.8; LaunchBox Community=7.8
snes	jim lee s wildc a t s	Jim Lee's WildC.A.T.S
snes	jim lee s wildc a t s covert action teams	Jim Lee's WildC A T S: Covert-Action-Teams	5.8		1995-01-01	Beam Software Pty., Ltd.		MobyGames=5.8 (n=5 min)
snes	jim power the lost dimension in 3d	Jim Power: The Lost Dimension in 3D	6.4	6.0	1993-12-01	Loriciel	Electro Brain	MobyGames (n=5)=6.4	LaunchBox community Bayesian (raw 5.9, n=67)=6.0; LaunchBox Community=6.0
snes	jimmy connors pro tennis tour	Jimmy Connors Pro Tennis Tour	8.8	6.8	1993-10-29	Blue Byte Software	Ubi Soft Entertainment Software	MobyGames (n=5)=8.8	GameFAQs community=6.8; LaunchBox community Bayesian (raw 6.8, n=57)=6.8
snes	jimmy houston s bass tournament u s a	Jimmy Houston's Bass Tournament U.S.A		5.8	1995-08-25	Nexus Interact	Sammy		GameFAQs community=5.5; LaunchBox community Bayesian (raw 5.9, n=37)=6.1; LaunchBox Community=5.8
snes	joe and mac	Joe & Mac	6.6	7.1	1992			GameRankings (n=4)=6.6	GameFAQs community=7.1
snes	joe and mac 2 lost in the tropics	Joe & Mac 2: Lost in the Tropics		7.6	1994-02-18	Data East	Data East		GameFAQs community=7.2; LaunchBox community Bayesian (raw 8.1, n=121)=8.0; LaunchBox Community=7.6
snes	john madden football 92	John Madden Football '92	5.0		1991	Electronic Arts, Inc.		MobyGames (n=5)=5.0
snes	judge dredd	Judge Dredd		7.1	1995-06-16	Probe Entertainment	Acclaim Entertainment		GameFAQs community=7.4; LaunchBox community Bayesian (raw 6.8, n=86)=6.8; LaunchBox Community=7.1
snes	jungle strike	Jungle Strike	7.6	6.8	1995	Electronic Arts, Inc.		GameRankings (n=3)=7.2; MobyGames (n=5)=7.9	GameFAQs community=6.8; Legacy community=6.8
snes	jurassic park	Jurassic Park	6.8	6.8	1993-10-01	Ocean of America	Ocean Software	GameRankings (n=3)=6.8	GameFAQs community=6.3; LaunchBox community Bayesian (raw 7.3, n=142)=7.3; LaunchBox Community=6.8
snes	jurassic park part 2 the chaos continues	Jurassic Park Part 2: The Chaos Continues		7.1	1994-11-01	Ocean Software	Ocean Software		GameFAQs community=7.4; LaunchBox community Bayesian (raw 6.8, n=89)=6.8; LaunchBox Community=7.1
snes	justice league task force	Justice League Task Force		6.2	1995-10-27	Blizzard Entertainment	Acclaim Entertainment		GameFAQs community=5.7; LaunchBox community Bayesian (raw 6.7, n=73)=6.7; LaunchBox Community=6.2
snes	kablooey	Kablooey		6.0	1990-12-01	Kotobuki System	Kemco		LaunchBox community Bayesian (raw 5.8, n=50)=6.0
snes	kawasaki caribbean challenge	Kawasaki Caribbean Challenge	3.2	5.3	1993-06-01	Park Place Productions	GameTek	MobyGames (n=5)=3.2	GameFAQs community=5.2; LaunchBox community Bayesian (raw 4.9, n=35)=5.4; LaunchBox Community=5.3
snes	kawasaki superbike challenge	Kawasaki Superbike Challenge	4.1	5.6	1995-12-01	Lankhor	Time Warner Interactive	MobyGames (n=5)=4.1	GameFAQs community=5.0; LaunchBox community Bayesian (raw 6.0, n=40)=6.2; LaunchBox Community=5.6
snes	ken griffey jr presents major league baseball	Ken Griffey Jr. Presents Major League Baseball	7.9	7.5	1994-01-01	Software Creations Ltd.		MobyGames=7.9 (n=5 min)	GameFAQs community=7.5
snes	ken griffey jr s winning run	Ken Griffey Jr.'s Winning Run		7.5	1996-06-01	Rare	Nintendo		GameFAQs community=7.9; LaunchBox community Bayesian (raw 7.1, n=61)=7.1; LaunchBox Community=7.5
snes	kendo rage	Kendo Rage		6.5	1993-01-22	Affect	SETA		GameFAQs community=6.6; LaunchBox community Bayesian (raw 6.3, n=64)=6.4; LaunchBox Community=6.5
snes	kick off	Kick Off		5.4	1992-12-25	Enigma Variations	Imagineer		LaunchBox community Bayesian (raw 4.9, n=29)=5.4; LaunchBox Community=5.4
snes	kick off 3 european challenge	Kick Off 3: European Challenge		5.8	1994-01-01	Anco Software	Vic Tokai		GameFAQs community=5.3; LaunchBox community Bayesian (raw 6.1, n=32)=6.3; LaunchBox Community=5.8
snes	kid klown in crazy chase	Kid Klown in Crazy Chase	6.4	6.4	1994-10-21	Kemco	Kemco	GameRankings (n=3)=6.4	GameFAQs community=6.6; LaunchBox community Bayesian (raw 6.1, n=72)=6.2; LaunchBox Community=6.4
snes	killer instinct	Killer Instinct	8.5	8.1	1995-08-01	Rare	Nintendo	GameRankings (n=3)=8.0; MobyGames (n=5)=8.8	GameFAQs community=7.9; LaunchBox community Bayesian (raw 8.3, n=344)=8.3; LaunchBox Community=8.1
snes	king arthur and the knights of justice	King Arthur & the Knights of Justice		5.9	1995-05-01	Manley & Associates	Enix		GameFAQs community=5.3; LaunchBox community Bayesian (raw 6.2, n=48)=6.3; LaunchBox Community=5.9
snes	king arthur s world	King Arthur's World	7.7	6.8	1993-03-01	Argonaut Games	Jaleco	MobyGames (n=5)=7.7	GameFAQs community=6.5; LaunchBox community Bayesian (raw 7.2, n=68)=7.2; LaunchBox Community=6.8
snes	king of demons	King of Demons
snes	king of the monsters	King of the Monsters	6.1	6.2	1992-07-31	Genki	Takara	MobyGames (n=5)=6.1	GameFAQs community=5.9; LaunchBox community Bayesian (raw 6.3, n=63)=6.4; LaunchBox Community=6.2
snes	kirby s avalanche	Kirby's Avalanche	7.4	7.3	1995-02-01	HAL Laboratory	Nintendo	GameRankings (n=7)=7.4	GameFAQs community=7.0; LaunchBox community Bayesian (raw 7.5, n=142)=7.5; LaunchBox Community=7.3
snes	kirby s dream course	Kirby's Dream Course	7.8	7.5	1994-09-21	HAL Laboratory	Nintendo	GameRankings (n=7)=7.7; MobyGames (n=5)=8.0	GameFAQs community=7.1; LaunchBox community Bayesian (raw 7.8, n=191)=7.8; LaunchBox Community=7.5
snes	kirby s dream land 3	Kirby's Dream Land 3	7.4	8.0	1997-11-27	HAL Laboratory	Nintendo	GameRankings (n=4)=6.6; MobyGames (n=5)=8.1	GameFAQs community=8.0; LaunchBox community Bayesian (raw 8.1, n=216)=8.1; LaunchBox Community=8.0
snes	kirby s fun pak	Kirby's Fun Pak
snes	kirby s ghost trap	Kirby's Ghost Trap
snes	kirby super star	Kirby Super Star	8.5	8.7	1996-03-21	HAL Laboratory	Nintendo	GameRankings (n=7)=8.6; MobyGames (n=5)=8.3	GameFAQs community=8.6; LaunchBox community Bayesian (raw 8.8, n=337)=8.7; LaunchBox Community=8.7
snes	knights of the round	Knights of the Round		7.5	1994-04-01	Capcom	Capcom		GameFAQs community=7.4; LaunchBox community Bayesian (raw 7.7, n=139)=7.7; LaunchBox Community=7.5
snes	krusty s fun house	Krusty's Fun House
snes	kyle petty s no fear racing	Kyle Petty's No Fear Racing		5.8	1995-04-01	Leland Interactive Media	Virgin Interactive Entertainment		GameFAQs community=6.2; LaunchBox community Bayesian (raw 5.1, n=37)=5.5; LaunchBox Community=5.8
snes	lagoon	Lagoon	5.0	6.4	1991-12-13	Kemco	Kemco	GameRankings (n=4)=5.0	GameFAQs community=6.2; LaunchBox community Bayesian (raw 6.7, n=79)=6.7; LaunchBox Community=6.4
snes	lamborghini american challenge	Lamborghini: American Challenge		6.9	1993-11-01	Titus France	Titus France		GameFAQs community=6.8; LaunchBox community Bayesian (raw 7.1, n=82)=7.1; LaunchBox Community=6.9
snes	last action hero	Last Action Hero	3.4	3.8	1993-10-01	Bits Studios	Sony Imagesoft	MobyGames (n=5)=3.4	GameFAQs community=3.1; LaunchBox community Bayesian (raw 4.1, n=64)=4.5; LaunchBox Community=3.8
snes	legend	Legend		6.5	1994-04-01	Arcade Zone	Seika		GameFAQs community=6.1; LaunchBox community Bayesian (raw 6.9, n=109)=6.9; LaunchBox Community=6.5
snes	lemmings	Lemmings	8.6	7.4	1991-12-18	Sunsoft	Sunsoft	GameRankings (n=4)=8.3; MobyGames (n=5)=8.8	GameFAQs community=7.0; LaunchBox community Bayesian (raw 7.8, n=99)=7.7; LaunchBox Community=7.4
snes	lemmings 2 the tribes	Lemmings 2: The Tribes	8.0	7.3	1994-11-01	DMA Design	Psygnosis	MobyGames (n=5)=8.0	GameFAQs community=7.0; LaunchBox community Bayesian (raw 7.6, n=71)=7.5; LaunchBox Community=7.3
snes	lester the unlikely	Lester the Unlikely	5.6	4.9	1994-01-01	Visual Concepts Entertainment	Asmik	MobyGames (n=5)=5.6	GameFAQs community=4.2; LaunchBox community Bayesian (raw 5.2, n=56)=5.5; LaunchBox Community=4.9
snes	lethal enforcers	Lethal Enforcers	7.7	6.8	1994-01-03	Konami	Konami	MobyGames (n=5)=7.7	GameFAQs community=6.6; LaunchBox community Bayesian (raw 7.1, n=63)=7.1; LaunchBox Community=6.8
snes	lethal weapon	Lethal Weapon	5.6	5.6	1992-12-01	Ocean Software	Ocean Software	GameRankings (n=3)=6.2; MobyGames (n=5)=5.3	GameFAQs community=5.1; LaunchBox community Bayesian (raw 6.0, n=55)=6.2; LaunchBox Community=5.6
snes	liberty or death	Liberty or Death		6.8	1994-03-18	Koei	Koei		GameFAQs community=7.5; LaunchBox community Bayesian (raw 6.0, n=49)=6.2; LaunchBox Community=6.8
snes	life fitness mega cart	Life Fitness Mega Cart
snes	live a live	Live A Live	8.8	8.0	1994-09-02	Square	Square	GameRankings (n=3)=8.8	GameFAQs community=8.2; LaunchBox community Bayesian (raw 7.9, n=87)=7.8; LaunchBox Community=8.0
snes	lock on	Lock On		6.7	1993-07-16	Copya System	Vic Tokai		GameFAQs community=6.4; LaunchBox community Bayesian (raw 6.9, n=53)=6.9; LaunchBox Community=6.7
snes	looney tunes b ball	Looney Tunes B-Ball	7.7	7.5	1995-02-01	Sculptured Software	Sunsoft	MobyGames (n=5)=7.7	GameFAQs community=7.3; LaunchBox community Bayesian (raw 7.6, n=86)=7.5; LaunchBox Community=7.5
snes	lord of darkness	Lord of Darkness		6.8	1991-12-21	Koei	Koei		GameFAQs community=7.2; LaunchBox community Bayesian (raw 6.4, n=39)=6.5; LaunchBox Community=6.8
snes	lucky luke	Lucky Luke	8.1	7.6	1997-10-27	Infogrames	Infogrames	MobyGames (n=5)=8.1	GameFAQs community=8.0; LaunchBox community Bayesian (raw 7.3, n=56)=7.3; LaunchBox Community=7.6
snes	lufia and the fortress of doom	Lufia & the Fortress of Doom	7.4	7.5	1993-12-04	Neverland	Taito	GameRankings (n=3)=6.9; MobyGames (n=5)=7.7	GameFAQs community=7.4; LaunchBox community Bayesian (raw 7.7, n=150)=7.7; LaunchBox Community=7.5
snes	lufia ii rise of the sinistrals	Lufia II: Rise of the Sinistrals	8.6	8.5	1995-02-24	Neverland	Natsume	MobyGames (n=5)=8.6	GameFAQs community=8.6; LaunchBox community Bayesian (raw 8.4, n=181)=8.3; LaunchBox Community=8.5
snes	madden nfl 94	Madden NFL '94	8.4	6.5	1993-10-01	Visual Concepts Entertainment	Electronic Arts	MobyGames (n=5)=8.4	GameFAQs community=6.3; LaunchBox community Bayesian (raw 6.5, n=42)=6.6
snes	madden nfl 95	Madden NFL 95	8.8	6.5	1994-11-01	Visual Concepts	Electronic Arts	MobyGames (n=5)=8.8	GameFAQs community=6.2; LaunchBox community Bayesian (raw 6.7, n=46)=6.8; LaunchBox Community=6.5
snes	madden nfl 96	Madden NFL 96		6.5	1995-11-10	Tiburon Entertainment	Electronic Arts		GameFAQs community=6.4; LaunchBox community Bayesian (raw 6.5, n=35)=6.6
snes	madden nfl 97	Madden NFL 97		6.5	1996-10-01	Tiburon Entertainment	Electronic Arts		GameFAQs community=6.2; LaunchBox community Bayesian (raw 6.6, n=38)=6.7; LaunchBox Community=6.5
snes	madden nfl 98	Madden NFL 98		7.5	1997-11-01	Tiertex Design Studios	Electronic Arts		GameFAQs community=7.9; LaunchBox community Bayesian (raw 7.2, n=42)=7.2; LaunchBox Community=7.5
snes	magic boy	Magic Boy	6.3	4.2	1996-08-01	Blue Turtle	JVC Musical Industries	MobyGames (n=5)=6.3	GameFAQs community=3.7; LaunchBox community Bayesian (raw 4.1, n=39)=4.7; LaunchBox Community=4.2
snes	magic johnson s super slam dunk	Magic Johnson's Super Slam Dunk
snes	magic sword	Magic Sword	6.3	7.2	1992-05-29	Capcom	Capcom	MobyGames (n=5)=6.3	GameFAQs community=6.9; LaunchBox community Bayesian (raw 7.5, n=102)=7.5; LaunchBox Community=7.2
snes	magical pop n	Magical Pop'n		7.7	1995-03-10	Polestar	Pack-In-Video		GameFAQs community=7.6; LaunchBox community Bayesian (raw 7.8, n=83)=7.7; LaunchBox Community=7.7
snes	manchester united championship soccer	Manchester United Championship Soccer		5.8	1995-01-01	Krisalis Software	Ocean Software		LaunchBox community Bayesian (raw 5.4, n=33)=5.8; LaunchBox Community=5.8
snes	mario is missing	Mario Is Missing!	5.5	5.2	1993-06-01	The Software Toolworks	Mindscape	GameRankings (n=3)=4.3; MobyGames (n=5)=6.2	GameFAQs community=4.9; LaunchBox community Bayesian (raw 5.2, n=95)=5.4
snes	mario paint	Mario Paint	7.2	7.3	1992-07-14	Intelligent Systems	Nintendo	GameRankings (n=4)=7.2	GameFAQs community=7.3; LaunchBox community Bayesian (raw 7.4, n=143)=7.4
snes	mario s early years fun with letters	Mario's Early Years! Fun with Letters		4.7	1994-10-01	The Software Toolworks	Nintendo		GameFAQs community=3.9; LaunchBox community Bayesian (raw 5.2, n=47)=5.5; LaunchBox Community=4.7
snes	mario s early years fun with numbers	Mario's Early Years! Fun with Numbers		4.8	1994-10-01	The Software Toolworks	Nintendo		GameFAQs community=4.3; LaunchBox community Bayesian (raw 4.8, n=51)=5.2
snes	mario s early years preschool fun	Mario's Early Years! Preschool Fun		4.6	1994-11-01	Software Toolworks	Software Toolworks		GameFAQs community=3.9; LaunchBox community Bayesian (raw 4.9, n=48)=5.3; LaunchBox Community=4.6
snes	mario s time machine	Mario's Time Machine	5.5	5.4	1993-12-01	The Software Toolworks	Mindscape	MobyGames (n=5)=5.5	GameFAQs community=4.7; LaunchBox community Bayesian (raw 5.8, n=67)=6.0; LaunchBox Community=5.4
snes	mark davis the fishing master	Mark Davis': The Fishing Master		6.1	1995-06-30	Natsume	Natsume		GameFAQs community=5.9; LaunchBox community Bayesian (raw 6.2, n=35)=6.4; LaunchBox Community=6.1
snes	marko s magic football	Marko's Magic Football		5.4	1995-01-01	Domark Software	Acclaim Entertainment		GameFAQs community=4.1; LaunchBox community Bayesian (raw 6.6, n=36)=6.7; LaunchBox Community=5.4
snes	marvel super heroes in war of the gems	Marvel Super Heroes in War of the Gems		7.1	1996-10-18	Capcom	Capcom		GameFAQs community=7.1; LaunchBox community Bayesian (raw 7.1, n=148)=7.1
snes	mary shelley s frankenstein	Mary Shelley's Frankenstein		4.4	1994-11-01	BITS	Sony Imagesoft		GameFAQs community=3.3; LaunchBox community Bayesian (raw 5.1, n=40)=5.5; LaunchBox Community=4.4
snes	maui mallard in cold shadow	Maui Mallard in Cold Shadow	8.2	7.8	1995-12-01	Eurocom Entertainment Software	Capcom	MobyGames (n=5)=8.2	GameFAQs community=7.6; LaunchBox community Bayesian (raw 7.9, n=113)=7.8; LaunchBox Community=7.8
snes	mecarobot golf	Mecarobot Golf	3.9	5.7	1992-12-04	Advance Communication Company	Toho	MobyGames (n=5)=3.9	GameFAQs community=5.5; LaunchBox community Bayesian (raw 5.6, n=38)=5.9; LaunchBox Community=5.7
snes	mechwarrior	MechWarrior	7.6	6.6	1993-02-26	Beam Software	Activision	GameRankings (n=3)=6.7; MobyGames (n=5)=8.1	GameFAQs community=6.2; LaunchBox community Bayesian (raw 7.1, n=63)=7.1; LaunchBox Community=6.6
snes	mega lo mania	Mega lo Mania		6.7	1993-01-01	SPS	Imagineer		GameFAQs community=6.0; LaunchBox community Bayesian (raw 7.3, n=40)=7.2; LaunchBox Community=6.7
snes	mega man 7	Mega Man 7	7.1	7.9	1995-03-24	Capcom	Capcom	GameRankings (n=3)=7.1	GameFAQs community=7.8; LaunchBox community Bayesian (raw 8.0, n=261)=8.0; LaunchBox Community=7.9
snes	mega man soccer	Mega Man Soccer	5.3	6.4	1994-03-25	Sun L	Capcom	MobyGames (n=5)=5.3	GameFAQs community=6.6; LaunchBox community Bayesian (raw 6.1, n=95)=6.2; LaunchBox Community=6.4
snes	mega man vii	Mega Man VII	7.1					GameRankings (n=3)=7.1
snes	mega man x	Mega Man X	8.7	8.9	1993-12-17	Capcom	Nintendo	GameRankings (n=8)=8.8; MobyGames (n=5)=8.4	GameFAQs community=8.8; LaunchBox community Bayesian (raw 9.0, n=598)=9.0; LaunchBox Community=8.9
snes	mega man x2	Mega Man X2	8.3	8.5	1995-01-27	Capcom	Capcom	GameRankings (n=4)=8.2; MobyGames (n=5)=8.3	GameFAQs community=8.4; LaunchBox community Bayesian (raw 8.6, n=307)=8.5; LaunchBox Community=8.5
snes	mega man x3	Mega Man X3	7.5	8.3	1995-12-01	Capcom	Capcom	GameRankings (n=3)=7.1; MobyGames (n=5)=7.7	GameFAQs community=8.2; LaunchBox community Bayesian (raw 8.4, n=300)=8.4; LaunchBox Community=8.3
snes	metal combat falcon s revenge	Metal Combat: Falcon's Revenge	7.7	7.2	1993-12-01	Intelligent Systems	Nintendo	MobyGames (n=5)=7.7	GameFAQs community=7.3; LaunchBox community Bayesian (raw 7.1, n=65)=7.1; LaunchBox Community=7.2
snes	metal marines	Metal Marines	7.4	6.7	1993-12-01	Namco	Namco	GameRankings (n=4)=7.0; MobyGames (n=5)=7.8	GameFAQs community=7.4; LaunchBox community Bayesian (raw 5.9, n=58)=6.1; LaunchBox Community=6.7
snes	metal morph	Metal Morph		4.9	1994-12-01	Origin Systems	FCI		GameFAQs community=4.0; LaunchBox community Bayesian (raw 5.5, n=54)=5.7; LaunchBox Community=4.9
snes	metal warriors	Metal Warriors	8.4	7.7	1995-04-01	LucasArts Entertainment	Konami (America)	MobyGames (n=5)=8.4	GameFAQs community=7.7; LaunchBox community Bayesian (raw 7.8, n=145)=7.7; LaunchBox Community=7.7
snes	michael andretti s indy car challenge	Michael Andretti's Indy Car Challenge		6.0	1994-09-01	Genki	Bullet-Proof Software		GameFAQs community=5.7; LaunchBox community Bayesian (raw 6.1, n=55)=6.2; LaunchBox Community=6.0
snes	michael jordan chaos in the windy city	Michael Jordan: Chaos in the Windy City		6.1	1994-11-01	Electronic Arts	Electronic Arts		GameFAQs community=5.8; LaunchBox community Bayesian (raw 6.3, n=67)=6.4; LaunchBox Community=6.1
snes	mickey mania	Mickey Mania
snes	mickey mania the timeless adventures of mickey mouse	Mickey Mania: The Timeless Adventures of Mickey Mouse		7.3	1994-10-01	Traveller's Tales (UK)	Capcom		GameFAQs community=6.8; LaunchBox community Bayesian (raw 7.7, n=123)=7.6; LaunchBox Community=7.3
snes	mickey s playtown adventure a day of discovery	Mickey's Playtown Adventure: A Day of Discovery!		6.9		Visual Concepts			LaunchBox community Bayesian (raw 6.9, n=36)=6.9
snes	mickey s ultimate challenge	Mickey's Ultimate Challenge	5.7	6.4	1994-02-01	Designer Software	Hi-Tech Expressions	MobyGames (n=5)=5.7	GameFAQs community=5.6; LaunchBox community Bayesian (raw 7.2, n=63)=7.2; LaunchBox Community=6.4
snes	micro machines	Micro Machines		7.4	1994-12-01	Merit Studios	Ocean of America		GameFAQs community=6.9; LaunchBox community Bayesian (raw 7.9, n=89)=7.8; LaunchBox Community=7.4
snes	micro machines 2 turbo tournament	Micro Machines 2: Turbo Tournament	8.4	6.9	1996-02-22	Merit Studios	Ocean Software	MobyGames (n=5)=8.4	GameFAQs community=7.1; LaunchBox community Bayesian (raw 6.7, n=63)=6.7; LaunchBox Community=6.9
snes	might and magic ii	Might and Magic II		5.9	1993-01-01	Iguana Entertainment	Elite Systems		GameFAQs community=5.8; LaunchBox community Bayesian (raw 5.7, n=33)=6.0; LaunchBox Community=5.9
snes	might and magic ii gates to another world	Might and Magic II: Gates to Another World	6.2		1993	New World Computing, Inc.		MobyGames (n=5)=6.2
snes	might and magic iii isles of terra	Might and Magic III: Isles of Terra		6.5	1995-01-01	Iguana Entertainment	FCI		GameFAQs community=6.3; LaunchBox community Bayesian (raw 6.6, n=44)=6.7; LaunchBox Community=6.5
snes	mighty max	Mighty Max
snes	mighty morphin power rangers	Mighty Morphin Power Rangers	5.4	7.2	1994-09-01	Natsume	Bandai	MobyGames (n=5)=5.4	GameFAQs community=7.0; LaunchBox community Bayesian (raw 7.5, n=161)=7.5; LaunchBox Community=7.2
snes	mighty morphin power rangers the fighting edition	Mighty Morphin Power Rangers: The Fighting Edition		7.4	1995-09-01	Natsume	Bandai		GameFAQs community=7.3; LaunchBox community Bayesian (raw 7.6, n=108)=7.5; LaunchBox Community=7.4
snes	mighty morphin power rangers the movie	Mighty Morphin Power Rangers: The Movie	5.5	7.2	1995-06-23	Natsume	Bandai	MobyGames (n=5)=5.5	GameFAQs community=7.1; LaunchBox community Bayesian (raw 7.4, n=144)=7.4; LaunchBox Community=7.2
snes	mlbpa baseball	MLBPA Baseball		6.0	1994-03-01	Visual Concepts Entertainment	Electronic Arts		GameFAQs community=5.1; LaunchBox community Bayesian (raw 6.9, n=33)=6.9; LaunchBox Community=6.0
snes	mobile suit gundam wing endless duel	Mobile Suit Gundam Wing: Endless Duel
snes	mohawk and headphone jack	Mohawk & Headphone Jack	6.1	5.6	1996-08-01	Solid Software	THQ	MobyGames (n=5)=6.1	GameFAQs community=5.1; LaunchBox community Bayesian (raw 6.0, n=46)=6.2; LaunchBox Community=5.6
snes	monopoly	Monopoly	5.0	7.0	1992			GameRankings (n=3)=5.0	GameFAQs community=7.0
snes	mortal kombat	Mortal Kombat		7.4	1993-09-13	Sculptured Software	Acclaim Entertainment		LaunchBox community Bayesian (raw 7.4, n=216)=7.4
snes	mortal kombat ii	Mortal Kombat II	8.9	8.0	1994-09-01	Sculptured Software	Acclaim Entertainment	GameRankings (n=4)=8.6; MobyGames (n=5)=9.1	GameFAQs community=7.8; LaunchBox community Bayesian (raw 8.3, n=260)=8.3; LaunchBox Community=8.0
snes	mountain bike rally	Mountain Bike Rally
snes	mr do	Mr. Do!		7.2					GameFAQs community=7.2
snes	mr nutz	Mr. Nutz	8.0	7.1	1994-08-01	Ocean Software	Ocean Software	MobyGames (n=5)=8.0	GameFAQs community=7.0; LaunchBox community Bayesian (raw 7.3, n=71)=7.3; LaunchBox Community=7.1
snes	mr tuff	Mr. Tuff
snes	ms pac man	Ms. Pac-Man		7.6	1996-09-01	Digital Eclipse Software	Williams Entertainment		GameFAQs community=7.6; LaunchBox community Bayesian (raw 7.6, n=99)=7.5
snes	mtv s beavis and butt head	MTV's Beavis and Butt-Head	5.3		1994	Realtime Associates, Inc.		MobyGames (n=5)=5.3
snes	musya	Musya		5.7					GameFAQs community=5.7
snes	musya the classic japanese tale of horror	Musya: The Classic Japanese Tale of Horror	4.7	6.0	1992-04-21	Jorudan	SETA	MobyGames (n=5)=4.7	LaunchBox community Bayesian (raw 5.9, n=78)=6.0; LaunchBox Community=6.0
snes	mutant chronicles doom troopers	Mutant Chronicles: Doom Troopers
snes	mysterious dungeon 2 shiren the wanderer	Mysterious Dungeon 2: Shiren the Wanderer
snes	mystic quest legend	Mystic Quest Legend
snes	natsume championship wrestling	Natsume Championship Wrestling		5.4	1994-06-10	Natsume	Natsume		GameFAQs community=5.2; LaunchBox community Bayesian (raw 5.2, n=43)=5.5; LaunchBox Community=5.4
snes	nba all star challenge	NBA All-Star Challenge	5.9	5.7	1992-12-01	Beam Software	LJN	MobyGames (n=5)=5.9	GameFAQs community=5.3; LaunchBox community Bayesian (raw 6.0, n=40)=6.2; LaunchBox Community=5.7
snes	nba give n go	NBA Give 'n Go		6.9	1995-09-29	Konami Computer Entertainment Osaka	Konami		GameFAQs community=7.0; LaunchBox community Bayesian (raw 6.8, n=47)=6.8; LaunchBox Community=6.9
snes	nba hangtime	NBA Hangtime		7.3	1996-11-01	Funcom Oslo	Midway Home Entertainment		LaunchBox community Bayesian (raw 7.4, n=55)=7.3; LaunchBox Community=7.3
snes	nba jam	NBA Jam	8.8	7.7	1994-03-01	Iguana Entertainment	Acclaim Entertainment	GameRankings (n=4)=8.8; MobyGames (n=5)=8.8	GameFAQs community=7.8; LaunchBox community Bayesian (raw 7.7, n=126)=7.6
snes	nba jam tournament edition	NBA Jam Tournament Edition	8.6	8.2	1995-02-23	Iguana Entertainment	Acclaim Entertainment	GameRankings (n=3)=7.8; MobyGames (n=5)=9.0	GameFAQs community=8.1; LaunchBox community Bayesian (raw 8.4, n=160)=8.3; LaunchBox Community=8.2
snes	nba live 95	NBA Live 95	9.0	7.3	1994-12-03	Hitmen Productions	Electronic Arts	MobyGames (n=5)=9.0	GameFAQs community=7.1; LaunchBox community Bayesian (raw 7.6, n=49)=7.5; LaunchBox Community=7.3
snes	nba live 96	NBA Live 96	8.7	7.2	1995-10-01	Hitmen Productions	Electronic Arts	GameRankings (n=3)=8.8; MobyGames (n=5)=8.6	GameFAQs community=7.3; LaunchBox community Bayesian (raw 7.0, n=49)=7.0; LaunchBox Community=7.2
snes	nba live 97	NBA Live 97		6.7	1996-12-01	NuFX	Electronic Arts		GameFAQs community=7.1; LaunchBox community Bayesian (raw 6.3, n=42)=6.4; LaunchBox Community=6.7
snes	nba live 98	NBA Live 98		7.7	1997-11-01	Tiertex Design Studios	Electronic Arts		GameFAQs community=8.3; LaunchBox community Bayesian (raw 7.1, n=46)=7.1; LaunchBox Community=7.7
snes	nba showdown	NBA Showdown	6.5	6.6	1993-10-01	Electronic Arts	Electronic Arts	MobyGames (n=5)=6.5	GameFAQs community=6.2; LaunchBox community Bayesian (raw 7.1, n=35)=7.1; LaunchBox Community=6.6
snes	ncaa basketball	NCAA Basketball	7.9	6.4	1992-06-19	Sculptured Software	Nintendo	GameRankings (n=3)=8.0; MobyGames (n=5)=7.8	GameFAQs community=6.3; LaunchBox community Bayesian (raw 6.4, n=47)=6.5
snes	ncaa final four basketball	NCAA Final Four Basketball		5.2	1994-02-16	Bitmasters	Mindscape		GameFAQs community=4.9; LaunchBox community Bayesian (raw 4.9, n=30)=5.4; LaunchBox Community=5.2
snes	ncaa football	NCAA Football		5.5	1994-10-01	The Software Toolworks	Mindscape		GameFAQs community=5.3; LaunchBox community Bayesian (raw 5.3, n=35)=5.7; LaunchBox Community=5.5
snes	new horizons	New Horizons		7.6	1994-02-25	Koei	Koei		GameFAQs community=7.9; LaunchBox community Bayesian (raw 7.3, n=61)=7.3; LaunchBox Community=7.6
snes	newman hass indy car featuring nigel mansell	Newman-Hass Indy Car Featuring Nigel Mansell
snes	nfl football	NFL Football	5.0	5.5	1993-07-01	Park Place Productions	Konami	MobyGames (n=5)=5.0	GameFAQs community=5.0; LaunchBox community Bayesian (raw 5.7, n=34)=6.0; LaunchBox Community=5.5
snes	nfl quarterback club	NFL Quarterback Club	7.9	6.1	1994-12-01	Iguana Entertainment	Acclaim Entertainment	MobyGames (n=5)=7.9	GameFAQs community=6.1; LaunchBox community Bayesian (raw 5.9, n=38)=6.1; LaunchBox Community=6.1
snes	nfl quarterback club 96	NFL Quarterback Club 96	8.1	5.8	1995-11-01	Iguana Entertainment	Acclaim Entertainment	MobyGames (n=5)=8.1	GameFAQs community=6.1; LaunchBox community Bayesian (raw 5.2, n=39)=5.6; LaunchBox Community=5.8
snes	nhl 94	NHL '94	8.8	7.7	1993-10-01	Electronic Arts Canada	Electronic Arts	MobyGames (n=5)=8.8	GameFAQs community=7.5; LaunchBox community Bayesian (raw 7.9, n=77)=7.8; LaunchBox Community=7.7
snes	nhl 95	NHL 95	8.0	7.1	1994-11-01	High Score Productions	Electronic Arts	MobyGames (n=5)=8.0	GameFAQs community=6.9; LaunchBox community Bayesian (raw 7.3, n=42)=7.2; LaunchBox Community=7.1
snes	nhl 96	NHL 96	8.5	7.3	1995-09-01	Tiburon Entertainment	Electronic Arts	MobyGames (n=5)=8.5	GameFAQs community=7.4; LaunchBox community Bayesian (raw 7.3, n=55)=7.3
snes	nhl 97	NHL 97		7.2	1996-10-01	Ceris Software	Electronic Arts		GameFAQs community=7.4; LaunchBox community Bayesian (raw 6.9, n=35)=6.9; LaunchBox Community=7.2
snes	nhl 98	NHL 98		7.5	1997-12-01	Al Baker & Associates	Electronic Arts		GameFAQs community=8.1; LaunchBox community Bayesian (raw 6.8, n=44)=6.8; LaunchBox Community=7.5
snes	nhl stanley cup	NHL Stanley Cup	5.8	6.3	1993-11-02	Sculptured Software	Nintendo	MobyGames (n=5)=5.8	GameFAQs community=6.0; LaunchBox community Bayesian (raw 6.4, n=47)=6.5; LaunchBox Community=6.3
snes	nhlpa hockey 93	NHLPA Hockey 93		6.6	1992-12-01	Park Place Productions	Electronic Arts		GameFAQs community=6.9; LaunchBox community Bayesian (raw 6.1, n=42)=6.3; LaunchBox Community=6.6
snes	nickelodeon guts	Nickelodeon Guts		5.4	1994-11-01	Viacom New Media	Viacom New Media		GameFAQs community=5.1; LaunchBox community Bayesian (raw 5.3, n=37)=5.7; LaunchBox Community=5.4
snes	nigel mansell s world championship racing	Nigel Mansell's World Championship Racing		7.1	1993-03-19	Gremlin Graphics Software	Nintendo		GameFAQs community=6.7; LaunchBox community Bayesian (raw 7.5, n=63)=7.4; LaunchBox Community=7.1
snes	ninja gaiden trilogy	Ninja Gaiden Trilogy		7.7	1995-08-10	Tecmo	Tecmo		GameFAQs community=7.3; LaunchBox community Bayesian (raw 8.1, n=137)=8.0; LaunchBox Community=7.7
snes	ninjawarriors	Ninjawarriors		7.9	1994-01-28	Natsume	Taito		LaunchBox community Bayesian (raw 8.0, n=167)=7.9; LaunchBox Community=7.9
snes	no escape	No Escape		5.1	1994-11-01	BITS	Sony Imagesoft		GameFAQs community=4.7; LaunchBox community Bayesian (raw 5.2, n=42)=5.5; LaunchBox Community=5.1
snes	nobunaga s ambition	Nobunaga's Ambition	7.0	6.7	1993-08-05	Koei	Koei	GameRankings (n=3)=7.0	GameFAQs community=6.3; LaunchBox community Bayesian (raw 7.0, n=47)=7.0; LaunchBox Community=6.7
snes	nobunaga s ambition lord of darkness	Nobunaga's Ambition: Lord of Darkness
snes	nolan ryan s baseball	Nolan Ryan's Baseball		6.1	1991-07-02	Affect	SETA		GameFAQs community=5.6; LaunchBox community Bayesian (raw 6.3, n=33)=6.5; LaunchBox Community=6.1
snes	nosferatu	Nosferatu		7.5	1994-10-07	SETA	SETA		GameFAQs community=7.3; LaunchBox community Bayesian (raw 7.8, n=96)=7.7; LaunchBox Community=7.5
snes	obitus	Obitus		4.6	1994-09-01	Scenario Developments	Bullet-Proof Software		GameFAQs community=4.0; LaunchBox community Bayesian (raw 4.9, n=42)=5.3; LaunchBox Community=4.6
snes	ogre battle the march of the black queen	Ogre Battle: The March of the Black Queen	8.4	8.2	1993-03-12	Quest	Quest	GameRankings (n=7)=8.4	GameFAQs community=8.2; LaunchBox community Bayesian (raw 8.3, n=121)=8.2
snes	olympic summer games	Olympic Summer Games	5.8	6.1	1996-06-27	Tiertex	Black Pearl Software	MobyGames (n=5)=5.8	LaunchBox community Bayesian (raw 5.9, n=40)=6.1; LaunchBox Community=6.1
snes	on the ball	On the Ball		7.2	1992-06-26	Taito	Taito		GameFAQs community=7.3; LaunchBox community Bayesian (raw 7.1, n=59)=7.1; LaunchBox Community=7.2
snes	operation europe path to victory 1939 45	Operation Europe: Path to Victory 1939-45		5.9	1993-01-16	Koei	Koei		GameFAQs community=6.4; LaunchBox community Bayesian (raw 5.1, n=45)=5.4; LaunchBox Community=5.9
snes	operation logic bomb	Operation Logic Bomb
snes	operation logic bomb the ultimate search and destroy	Operation Logic Bomb: The Ultimate Search & Destroy	7.2	7.5	1993-04-23	Jaleco	Jaleco	GameRankings (n=3)=7.2	GameFAQs community=7.1; LaunchBox community Bayesian (raw 7.9, n=76)=7.8; LaunchBox Community=7.5
snes	operation thunderbolt	Operation Thunderbolt		6.4	1994-10-01	Aisystem Tokyo	Taito		GameFAQs community=6.1; LaunchBox community Bayesian (raw 6.6, n=45)=6.7; LaunchBox Community=6.4
snes	oscar	Oscar	4.3	5.9	1996-10-01	Flair Software	Titus France	MobyGames (n=5)=4.3	GameFAQs community=5.2; LaunchBox community Bayesian (raw 6.4, n=49)=6.5; LaunchBox Community=5.9
snes	out of this world	Out of This World	8.3	7.5	1992-11-01	Interplay Productions	Interplay Productions	GameRankings (n=5)=8.4; MobyGames (n=5)=8.2	GameFAQs community=7.2; LaunchBox community Bayesian (raw 7.9, n=132)=7.8; LaunchBox Community=7.5
snes	out to lunch	Out to Lunch		6.0	1993-09-01	Mindscape	Mindscape		GameFAQs community=5.4; LaunchBox community Bayesian (raw 6.4, n=45)=6.5; LaunchBox Community=6.0
snes	outlander	Outlander	5.9	6.1	1993-04-01	Mindscape	Mindscape	MobyGames (n=5)=5.9	GameFAQs community=5.5; LaunchBox community Bayesian (raw 6.6, n=49)=6.7; LaunchBox Community=6.1
snes	p t o ii pacific theater of operations	P T O II: Pacific Theater of Operations		7.7					GameFAQs community=7.7
snes	p t o pacific theater of operations	P.T.O.: Pacific Theater of Operations		7.4	1992-09-24	Koei	Koei		GameFAQs community=6.9; LaunchBox community Bayesian (raw 8.0, n=40)=7.8; LaunchBox Community=7.4
snes	pac attack	Pac-Attack	6.6	6.9	1993-10-01	Namco	Namco	GameRankings (n=5)=6.6	GameFAQs community=7.2; LaunchBox community Bayesian (raw 6.7, n=70)=6.7; LaunchBox Community=6.9
snes	pac in time	Pac-In-Time		6.3	1995-01-03	Atreid Concept	Namco		GameFAQs community=6.3; LaunchBox community Bayesian (raw 6.1, n=54)=6.2; LaunchBox Community=6.3
snes	pac man 2 the new adventures	Pac-Man 2: The New Adventures		6.8	1994-08-26	Namco	Namco		GameFAQs community=6.6; LaunchBox community Bayesian (raw 7.0, n=83)=7.0; LaunchBox Community=6.8
snes	pacific theater of operations ii	Pacific Theater of Operations II
snes	packy and marlon	Packy & Marlon		4.5					GameFAQs community=4.5
snes	paladin s quest	Paladin's Quest	4.2	6.6	1992-11-13	Copya System	Enix	GameRankings (n=3)=4.2	GameFAQs community=6.8; LaunchBox community Bayesian (raw 6.3, n=60)=6.4; LaunchBox Community=6.6
snes	paperboy 2	Paperboy 2	4.2	5.9	1991-11-01	Tengen	Mindscape	MobyGames (n=5)=4.2	GameFAQs community=6.2; LaunchBox community Bayesian (raw 5.5, n=74)=5.7; LaunchBox Community=5.9
snes	parodius	Parodius	8.8	7.8	1992-07-03	Konami	Konami	MobyGames (n=5)=8.8	LaunchBox community Bayesian (raw 7.9, n=98)=7.8; LaunchBox Community=7.8
snes	parodius non sense fantasy	Parodius: Non-Sense Fantasy
snes	pebble beach golf links	Pebble Beach Golf Links
snes	pga european tour	PGA European Tour		5.5	1996-09-01	Halestorm	Black Pearl Software		GameFAQs community=5.3; LaunchBox community Bayesian (raw 5.2, n=36)=5.6; LaunchBox Community=5.5
snes	pga tour 96	PGA Tour 96		6.3	1996-01-01	Electronic Arts	Black Pearl Software		GameFAQs community=5.9; LaunchBox community Bayesian (raw 6.5, n=42)=6.6; LaunchBox Community=6.3
snes	pga tour golf	PGA Tour Golf		6.7	1992-03-01	Sterling Silver Software	Electronic Arts		GameFAQs community=6.3; LaunchBox community Bayesian (raw 7.1, n=40)=7.1; LaunchBox Community=6.7
snes	phalanx	Phalanx	6.1	7.4	1992-08-07	Kemco	Kemco	GameRankings (n=3)=5.6; MobyGames (n=5)=6.4	GameFAQs community=7.0; LaunchBox community Bayesian (raw 7.9, n=105)=7.8; LaunchBox Community=7.4
snes	phalanx the enforce fighter a 144	Phalanx: The Enforce Fighter A-144
snes	phantom 2040	Phantom 2040		7.3	1995-09-01	Viacom New Media	Viacom New Media		GameFAQs community=7.8; LaunchBox community Bayesian (raw 6.9, n=59)=6.9; LaunchBox Community=7.3
snes	pieces	Pieces	8.1	7.2	1994-07-22	Prism Kikaku	Atlus	MobyGames (n=5)=8.1	GameFAQs community=7.3; LaunchBox community Bayesian (raw 7.0, n=53)=7.0; LaunchBox Community=7.2
snes	pilotwings	Pilotwings	8.1	7.5	1990-12-21	Nintendo EAD	Nintendo	GameRankings (n=7)=8.2; MobyGames (n=5)=8.1	GameFAQs community=7.2; LaunchBox community Bayesian (raw 7.8, n=227)=7.8; LaunchBox Community=7.5
snes	pinball dreams	Pinball Dreams		6.4	1994-04-01	Spidersoft	GameTek		GameFAQs community=6.3; LaunchBox community Bayesian (raw 6.5, n=56)=6.6; LaunchBox Community=6.4
snes	pinball fantasies	Pinball Fantasies	6.5	6.4	1995-02-01	Spidersoft	GameTek	MobyGames (n=5)=6.5	GameFAQs community=6.9; LaunchBox community Bayesian (raw 5.8, n=59)=6.0; LaunchBox Community=6.4
snes	pink panther in pink goes to hollywood	Pink Panther in Pink Goes to Hollywood
snes	pinocchio	Pinocchio
snes	pit fighter	Pit-Fighter	3.4	3.3	1992-03-01	Atari Games	THQ	MobyGames (n=5)=3.4	GameFAQs community=2.4; LaunchBox community Bayesian (raw 3.8, n=65)=4.2; LaunchBox Community=3.3
snes	pitfall the mayan adventure	Pitfall: The Mayan Adventure	8.0	7.1	1994-11-01	Redline Games	Activision	MobyGames (n=5)=8.0	GameFAQs community=6.8; LaunchBox community Bayesian (raw 7.5, n=99)=7.5; LaunchBox Community=7.1
snes	plok	Plok	7.6	7.3	1993-09-01	Software Creations	Nintendo	GameRankings (n=5)=7.2; MobyGames (n=5)=7.9	GameFAQs community=7.3; LaunchBox community Bayesian (raw 7.3, n=112)=7.3
snes	pocky and rocky	Pocky & Rocky	7.7	7.7	1992-01-01	Natsume Co., Ltd.		MobyGames=7.7 (n=5 min)	GameFAQs community=7.7
snes	pop n twinbee	Pop'n Twinbee	8.3	8.0	1993-03-26	Konami	Konami	MobyGames (n=5)=8.3	GameFAQs community=7.6; LaunchBox community Bayesian (raw 8.5, n=99)=8.4; LaunchBox Community=8.0
snes	pop n twinbee rainbow bell adventures	Pop'n TwinBee: Rainbow Bell Adventures	8.0	7.7	1994-01-07	Konami	Konami	MobyGames (n=5)=8.0	GameFAQs community=7.5; LaunchBox community Bayesian (raw 7.9, n=60)=7.8; LaunchBox Community=7.7
snes	populous	Populous	7.7	6.1	1990-12-16	Infinity	Acclaim Entertainment	MobyGames (n=5)=7.7	GameFAQs community=6.0; LaunchBox community Bayesian (raw 6.0, n=80)=6.1; LaunchBox Community=6.1
snes	populous ii trials of the olympian gods	Populous II: Trials of the Olympian Gods	8.4	6.1	1993-01-22	Infinity	Imagineer	MobyGames (n=5)=8.4	GameFAQs community=5.6; LaunchBox community Bayesian (raw 6.5, n=39)=6.6; LaunchBox Community=6.1
snes	porky pig s haunted holiday	Porky Pig's Haunted Holiday	6.2	6.4	1995-10-01	Phoenix Interactive Entertainment	Acclaim Entertainment	GameRankings (n=3)=6.7; MobyGames (n=5)=5.9	GameFAQs community=5.9; LaunchBox community Bayesian (raw 6.8, n=59)=6.8; LaunchBox Community=6.4
snes	power drive	Power Drive		6.8	1994-11-01	Rage Software	U.S. Gold		GameFAQs community=6.8; LaunchBox community Bayesian (raw 6.9, n=48)=6.9; LaunchBox Community=6.8
snes	power instinct	Power Instinct		7.3	1993-11-01	A.I	Atlus		GameFAQs community=7.2; LaunchBox community Bayesian (raw 7.4, n=67)=7.3; LaunchBox Community=7.3
snes	power monger	Power Monger		6.5	1993-03-26	Bullfrog Productions	Imagineer		GameFAQs community=5.7; LaunchBox community Bayesian (raw 7.4, n=36)=7.3; Legacy community=6.5
snes	power moves	Power Moves		5.2	1992-11-27	System Vision	Kaneko		GameFAQs community=5.0; LaunchBox community Bayesian (raw 5.0, n=51)=5.3; LaunchBox Community=5.2
snes	power piggs of the dark age	Power Piggs of the Dark Age	6.1	5.7	1996-05-01	Radical Entertainment	Titus Software	MobyGames (n=5)=6.1	GameFAQs community=5.1; LaunchBox community Bayesian (raw 6.0, n=49)=6.2; LaunchBox Community=5.7
snes	power rangers zeo battle racers	Power Rangers Zeo: Battle Racers		6.4	1996-09-01	Natsume	Bandai		LaunchBox community Bayesian (raw 6.3, n=46)=6.4; LaunchBox Community=6.4
snes	prehistorik man	Prehistorik Man		7.4	1995-06-23	Titus France	Titus Software		GameFAQs community=6.9; LaunchBox community Bayesian (raw 8.0, n=83)=7.9; LaunchBox Community=7.4
snes	primal rage	Primal Rage		6.1	1995-08-25	Bitmasters	Time Warner Interactive		GameFAQs community=5.9; LaunchBox community Bayesian (raw 6.2, n=75)=6.3; LaunchBox Community=6.1
snes	prince of persia	Prince of Persia	8.4	7.7	1992-07-03	Arsys Software	Konami	GameRankings (n=3)=8.2; MobyGames (n=5)=8.5	GameFAQs community=7.3; LaunchBox community Bayesian (raw 8.0, n=149)=7.9; LaunchBox Community=7.7
snes	prince of persia 2 the shadow and the flame	Prince of Persia 2: The Shadow and the Flame	5.3	5.7	1996	Brøderbund Software, Inc.		MobyGames (n=5)=5.3	GameFAQs community=5.7; Legacy community=5.7
snes	pro quarterback	Pro Quarterback	5.9	4.9	1992-12-01	Leland Interactive Media	Tradewest	GameRankings (n=4)=5.5; MobyGames (n=5)=6.2	GameFAQs community=4.6; LaunchBox community Bayesian (raw 4.6, n=31)=5.2; LaunchBox Community=4.9
snes	pro sport hockey	Pro Sport Hockey	4.5	5.8	1993-03-19	TOSE	Jaleco	MobyGames (n=5)=4.5	GameFAQs community=6.0; LaunchBox community Bayesian (raw 5.2, n=34)=5.6; LaunchBox Community=5.8
snes	push over	Push-Over	8.0	6.8	1992-12-01	Red Rat Software	Ocean Software	MobyGames (n=5)=8.0	GameFAQs community=6.9; LaunchBox community Bayesian (raw 6.8, n=57)=6.8
snes	putty squad	Putty Squad	7.8	6.6	1994-01-01	System 3 Software	Ocean Software	MobyGames (n=5)=7.8	GameFAQs community=5.8; LaunchBox community Bayesian (raw 7.5, n=38)=7.4; LaunchBox Community=6.6
snes	puzzle bobble vs	Puzzle Bobble VS
snes	q bert 3	Q-bert 3	6.2	6.4	1992-10-01	Realtime Associates	NTVIC	GameRankings (n=3)=6.2	GameFAQs community=6.0; LaunchBox community Bayesian (raw 6.7, n=50)=6.8; LaunchBox Community=6.4
snes	r type iii	R-Type III	8.2	8.2	1993-12-10	Irem	Irem	GameRankings (n=6)=8.2	GameFAQs community=8.1; LaunchBox community Bayesian (raw 8.4, n=184)=8.3; LaunchBox Community=8.2
snes	r type iii the third lightning	R-Type III: The Third Lightning	8.7		1993	Irem Corp.		MobyGames (n=5)=8.7
snes	race drivin	Race Drivin'	4.5	3.8	1992-07-10	Imagineering	THQ	GameRankings (n=3)=4.2; MobyGames (n=5)=4.7	GameFAQs community=3.4; LaunchBox community Bayesian (raw 3.6, n=53)=4.1; LaunchBox Community=3.8
snes	radical rex	Radical Rex	6.5	5.8	1994	Beam Software Pty., Ltd.		MobyGames (n=5)=6.5	GameFAQs community=5.8; Legacy community=5.8
snes	raiden trad	Raiden Trad		6.4	1991-11-29	Seibu Kaihatsu	Electro Brain		GameFAQs community=6.5; LaunchBox community Bayesian (raw 6.3, n=86)=6.4; LaunchBox Community=6.4
snes	rampart	Rampart		6.8	1992-08-01	Bitmasters	Electronic Arts		GameFAQs community=6.5; LaunchBox community Bayesian (raw 7.2, n=60)=7.2; LaunchBox Community=6.8
snes	ranma nibunnoichi	Ranma Nibunnoichi
snes	rap jam volume one	Rap Jam: Volume One		3.9	1995-01-01	64WD Creation	Motown Games		GameFAQs community=2.0; LaunchBox community Bayesian (raw 5.3, n=42)=5.6; LaunchBox Community=3.9
snes	realm	Realm		6.2	1996-12-01	Flair Software	Titus France		GameFAQs community=5.9; LaunchBox community Bayesian (raw 6.5, n=51)=6.6; LaunchBox Community=6.2
snes	redline f 1 racer	Redline F-1 Racer		5.1	1992-07-14	Genki	Absolute Entertainment		GameFAQs community=4.9; LaunchBox community Bayesian (raw 4.9, n=59)=5.2; LaunchBox Community=5.1
snes	relief pitcher	Relief Pitcher		5.7	1994-05-01	Tengen	Left Field Entertainment		GameFAQs community=5.7; LaunchBox community Bayesian (raw 5.4, n=38)=5.7; LaunchBox Community=5.7
snes	rendering ranger r2	Rendering Ranger: R2		7.8	1995-11-15	Rainbow Arts	Virgin Interactive Entertainment		GameFAQs community=8.3; LaunchBox community Bayesian (raw 7.3, n=61)=7.3; LaunchBox Community=7.8
snes	revolution x	Revolution X	5.0	5.3	1995-12-01	Rage Software	Acclaim Entertainment	MobyGames (n=5)=5.0	GameFAQs community=5.2; LaunchBox community Bayesian (raw 5.0, n=45)=5.4; LaunchBox Community=5.3
snes	rex ronan experimental surgeon	Rex Ronan: Experimental Surgeon		4.2	1994-05-06	Sculptured Software	Raya Systems		GameFAQs community=2.9; LaunchBox community Bayesian (raw 5.2, n=46)=5.5; LaunchBox Community=4.2
snes	rhi roller hockey 95	RHI Roller Hockey '95		6.3		Radical Entertainment			LaunchBox community Bayesian (raw 6.0, n=21)=6.3; LaunchBox Community=6.3
snes	riddick bowe boxing	Riddick Bowe Boxing		6.1	1993-11-23	Malibu Interactive	Extreme Entertainment Group		GameFAQs community=6.3; LaunchBox community Bayesian (raw 5.9, n=57)=6.1; LaunchBox Community=6.1
snes	rise of the phoenix	Rise of the Phoenix		6.8	1994-04-06	Koei	Koei		GameFAQs community=7.2; LaunchBox community Bayesian (raw 6.3, n=39)=6.4; LaunchBox Community=6.8
snes	rise of the robots	Rise of the Robots	5.1	3.4	1994-12-01	Data Design Interactive	Acclaim Entertainment	MobyGames (n=5)=5.1	GameFAQs community=2.8; LaunchBox community Bayesian (raw 3.3, n=62)=3.8; LaunchBox Community=3.4
snes	rival turf	Rival Turf!	5.5	6.6	1992-03-27	Jaleco	Jaleco	GameRankings (n=6)=4.8; MobyGames (n=5)=6.4	GameFAQs community=6.1; LaunchBox community Bayesian (raw 7.1, n=92)=7.1; LaunchBox Community=6.6
snes	riverse kids	Riverse Kids		6.8	1996-01-01	EJ Corp.	Atmark		LaunchBox community Bayesian (raw 6.7, n=13)=6.8; LaunchBox Community=6.8
snes	road riot 4wd	Road Riot 4WD		4.7	1992-11-01	Equilibrium	THQ		GameFAQs community=4.6; LaunchBox community Bayesian (raw 4.4, n=48)=4.8; LaunchBox Community=4.7
snes	road runner	Road Runner
snes	road runner s death valley rally	Road Runner's Death Valley Rally	6.6	6.2	1992-11-01	ICOM Simulations	Sunsoft	GameRankings (n=3)=6.6	GameFAQs community=5.7; LaunchBox community Bayesian (raw 6.7, n=73)=6.7; LaunchBox Community=6.2
snes	robocop 3	RoboCop 3	5.9	5.6	1992-09-01	Ocean Software	Ocean Software	MobyGames (n=5)=5.9	GameFAQs community=4.7; LaunchBox community Bayesian (raw 6.4, n=67)=6.5; LaunchBox Community=5.6
snes	robocop versus the terminator	RoboCop versus The Terminator		6.9	1993-11-01	Interplay Productions	Virgin Games		GameFAQs community=6.8; LaunchBox community Bayesian (raw 7.0, n=93)=7.0; LaunchBox Community=6.9
snes	robotrek	Robotrek	6.7	7.4	1994-07-08	Quintet	Enix	GameRankings (n=4)=6.7	GameFAQs community=7.6; LaunchBox community Bayesian (raw 7.2, n=84)=7.2; LaunchBox Community=7.4
snes	rock n roll racing	Rock n' Roll Racing	8.5	8.2	1993-06-04	Silicon & Synapse	Namco	GameRankings (n=3)=8.3; MobyGames (n=5)=8.6	GameFAQs community=8.1; LaunchBox community Bayesian (raw 8.3, n=205)=8.2; LaunchBox Community=8.2
snes	rockman and forte fc	Rockman & Forte FC
snes	rocko s modern life spunky s dangerous day	Rocko's Modern Life: Spunky's Dangerous Day		5.5	1994-04-01	Viacom New Media	Viacom New Media		GameFAQs community=4.9; LaunchBox community Bayesian (raw 5.9, n=52)=6.1; LaunchBox Community=5.5
snes	rocky rodent	Rocky Rodent		7.3	1993-07-30	Irem	Irem		GameFAQs community=7.4; LaunchBox community Bayesian (raw 7.2, n=64)=7.2; LaunchBox Community=7.3
snes	roger clemens mvp baseball	Roger Clemens' MVP Baseball		5.8	1992-09-01	Sculptured Software	LJN		GameFAQs community=5.8; LaunchBox community Bayesian (raw 5.4, n=31)=5.8; LaunchBox Community=5.8
snes	romance of the three kingdoms ii	Romance of the Three Kingdoms II		7.0	1991-09-15	Koei	Koei		GameFAQs community=7.6; LaunchBox community Bayesian (raw 6.3, n=54)=6.4; LaunchBox Community=7.0
snes	romance of the three kingdoms iii dragon of destiny	Romance of the Three Kingdoms III: Dragon of Destiny		6.9	1992-11-08	Koei	Koei		GameFAQs community=7.4; LaunchBox community Bayesian (raw 6.3, n=42)=6.4; LaunchBox Community=6.9
snes	romance of the three kingdoms iv wall of fire	Romance of the Three Kingdoms IV: Wall of Fire	6.4	6.9	1994-12-09	Koei	Koei	GameRankings (n=3)=6.4	GameFAQs community=7.8; LaunchBox community Bayesian (raw 5.7, n=40)=6.0; LaunchBox Community=6.9
snes	ronaldinho soccer 97	Ronaldinho Soccer 97
snes	rpm racing	RPM Racing
snes	run saber	Run Saber		7.2	1993-09-01	Hori Electric	Atlus		GameFAQs community=7.0; LaunchBox community Bayesian (raw 7.5, n=110)=7.5; LaunchBox Community=7.2
snes	s o s sink or swim	S.O.S: Sink or Swim		6.2	1994-12-01	Zeppelin Games	Titus France		GameFAQs community=5.5; LaunchBox community Bayesian (raw 6.8, n=44)=6.8; LaunchBox Community=6.2
snes	samurai shodown	Samurai Shodown	7.9	7.4	1994-09-22	Monolith	Takara	MobyGames (n=5)=7.9	GameFAQs community=7.1; LaunchBox community Bayesian (raw 7.7, n=91)=7.6; LaunchBox Community=7.4
snes	saturday night slam masters	Saturday Night Slam Masters		7.7	1993-07-13	Capcom	Capcom		GameFAQs community=7.8; LaunchBox community Bayesian (raw 7.8, n=88)=7.7; LaunchBox Community=7.7
snes	scooby doo	Scooby-Doo
snes	scooby doo mystery	Scooby-Doo Mystery	5.7	6.6	1995-11-01	Argonaut Games	Acclaim Entertainment	MobyGames (n=5)=5.7	GameFAQs community=6.3; LaunchBox community Bayesian (raw 7.0, n=71)=7.0; LaunchBox Community=6.6
snes	seaquest dsv	SeaQuest DSV		6.0	1994-01-01	Sculptured Software	Malibu Games		GameFAQs community=5.3; LaunchBox community Bayesian (raw 6.4, n=43)=6.5; LaunchBox Community=6.0
snes	secret of evermore	Secret of Evermore	8.2	8.2	1995-10-01	Squaresoft	Nintendo	GameRankings (n=5)=8.1; MobyGames (n=5)=8.2	GameFAQs community=8.0; LaunchBox community Bayesian (raw 8.5, n=233)=8.4; LaunchBox Community=8.2
snes	secret of mana	Secret of Mana	8.8	8.7	1993-08-06	Square	Squaresoft	GameRankings (n=9)=8.7; MobyGames (n=5)=8.8	GameFAQs community=8.4; LaunchBox community Bayesian (raw 9.0, n=443)=9.0; LaunchBox Community=8.7
snes	sensible soccer	Sensible Soccer
snes	sensible soccer international edition	Sensible Soccer: International Edition
snes	shadowrun	Shadowrun	7.4	8.0	1993-05-01	Beam Software	Data East	GameRankings (n=7)=7.0; MobyGames (n=5)=8.1	GameFAQs community=8.1; LaunchBox community Bayesian (raw 7.9, n=165)=7.8; LaunchBox Community=8.0
snes	shanghai ii dragon s eye	Shanghai II: Dragon's Eye		6.9	1992-04-28	Genki	Activision		GameFAQs community=7.2; LaunchBox community Bayesian (raw 6.6, n=50)=6.7; LaunchBox Community=6.9
snes	shaq fu	Shaq-Fu	5.1	4.2	1994-10-28	Delphine Software International	Electronic Arts	GameRankings (n=4)=4.5; MobyGames (n=5)=5.6	GameFAQs community=3.9; LaunchBox community Bayesian (raw 4.1, n=73)=4.4; LaunchBox Community=4.2
snes	shien s revenge	Shien's Revenge	6.1	6.2	1994-04-08	Almanic	Vic Tokai	MobyGames (n=5)=6.1	GameFAQs community=6.4; LaunchBox community Bayesian (raw 5.8, n=45)=6.0; LaunchBox Community=6.2
snes	shin megami tensei ii	Shin Megami Tensei II		7.5	1994-03-18	Atlus	Atlus		GameFAQs community=7.6; LaunchBox community Bayesian (raw 7.6, n=69)=7.5; LaunchBox Community=7.5
snes	shin megami tensei v	Shin Megami Tensei V
snes	sid meier s civilization	Sid Meier's Civilization	8.5	7.1	1994-10-07	Asmic Software	Koei	MobyGames (n=5)=8.5	GameFAQs community=7.2; LaunchBox community Bayesian (raw 6.9, n=73)=6.9; LaunchBox Community=7.1
snes	side pocket	Side Pocket	7.8	7.1	1993-12-01	Iguana Entertainment	Data East	MobyGames (n=5)=7.8	GameFAQs community=7.2; LaunchBox community Bayesian (raw 7.0, n=73)=7.0; LaunchBox Community=7.1
snes	sim city 2000	Sim City 2000
snes	simant	SimAnt		7.0					GameFAQs community=7.0; Legacy community=7.0
snes	simant the electronic ant colony	SimAnt: The Electronic Ant Colony		6.4	1993-02-26	Tomcat System	Maxis Software		LaunchBox community Bayesian (raw 6.3, n=60)=6.4
snes	simcity	SimCity	8.1	7.7	1991-04-26	Nintendo	Nintendo	GameRankings (n=8)=7.9; MobyGames (n=5)=8.6	GameFAQs community=7.7; LaunchBox community Bayesian (raw 7.8, n=167)=7.8
snes	simcity 2000 the ultimate city simulator	SimCity 2000: The Ultimate City Simulator		6.0	1995-05-26	HAL Laboratory	THQ		LaunchBox community Bayesian (raw 5.9, n=74)=6.0; LaunchBox Community=6.0
snes	simearth the living planet	SimEarth: The Living Planet	6.0	5.7	1991-12-29	Tomcat System	FCI	GameRankings (n=3)=5.2; MobyGames (n=5)=6.4	GameFAQs community=5.6; LaunchBox community Bayesian (raw 5.6, n=52)=5.8; LaunchBox Community=5.7
snes	sink or swim	Sink or Swim	5.7		1994	Junkyard		MobyGames (n=5)=5.7
snes	skuljagger revolt of the westicans	SkulJagger: Revolt of the Westicans	5.2	6.0	1992-10-01	Realtime Associates	American Softworks	MobyGames (n=5)=5.2	GameFAQs community=5.8; LaunchBox community Bayesian (raw 5.9, n=40)=6.1; LaunchBox Community=6.0
snes	sky blazer	Sky Blazer	8.6	7.7	1994-01-01	Ukiyotei	Sony Imagesoft	MobyGames (n=5)=8.6	LaunchBox community Bayesian (raw 7.7, n=143)=7.7
snes	skyblazer	Skyblazer	8.6	7.5	1994-01-01	Ukiyotei	Sony Imagesoft	MobyGames (n=5)=8.6	GameFAQs community=7.4; LaunchBox community Bayesian (raw 7.7, n=143)=7.7; LaunchBox Community=7.5
snes	smart ball	Smart Ball		6.6	1991-09-13	Game Freak	Sony Imagesoft		GameFAQs community=6.5; LaunchBox community Bayesian (raw 6.5, n=59)=6.6; LaunchBox Community=6.6
snes	smash tennis	Smash Tennis	8.0	7.3	1993-06-25	Namco	Virgin Interactive Entertainment (Europe)	MobyGames (n=5)=8.0	GameFAQs community=6.8; LaunchBox community Bayesian (raw 7.9, n=60)=7.8; LaunchBox Community=7.3
snes	snow white in happily ever after	Snow White in Happily Ever After		6.0	1994-10-01	Imagitec Design	American Softworks		GameFAQs community=5.9; LaunchBox community Bayesian (raw 5.8, n=36)=6.1; LaunchBox Community=6.0
snes	soccer kid	Soccer Kid
snes	soccer shootout	Soccer Shootout
snes	soldiers of fortune	Soldiers of Fortune		6.7	1993-03-01	The Bitmap Brothers	Spectrum Holobyte		GameFAQs community=6.3; LaunchBox community Bayesian (raw 7.1, n=90)=7.1; LaunchBox Community=6.7
snes	sonic blast man	Sonic Blast Man		6.2	1992-09-25	ITL	Taito		GameFAQs community=5.9; LaunchBox community Bayesian (raw 6.4, n=83)=6.5; LaunchBox Community=6.2
snes	sonic blast man ii	Sonic Blast Man II		7.4	1994-11-01	Taito	Taito		GameFAQs community=7.2; LaunchBox community Bayesian (raw 7.7, n=105)=7.6; LaunchBox Community=7.4
snes	sonic the hedgehog	Sonic the Hedgehog		7.5	1996-01-01	Twin Eagles Group	Twin Eagles Group		LaunchBox community Bayesian (raw 7.7, n=36)=7.5; LaunchBox Community=7.5
snes	sos	SOS		6.9	1994-06-01	Human Entertainment	Vic Tokai		GameFAQs community=7.4; LaunchBox community Bayesian (raw 6.4, n=66)=6.5; LaunchBox Community=6.9
snes	soul blazer	Soul Blazer	8.3	7.9	1992-01-31	Quintet	Enix	GameRankings (n=6)=8.6; MobyGames (n=5)=8.1	GameFAQs community=7.9; LaunchBox community Bayesian (raw 7.9, n=199)=7.9
snes	space ace	Space Ace	5.4	4.1	1994-05-01	Oxford Digital Enterprises	Absolute Entertainment	MobyGames (n=5)=5.4	GameFAQs community=3.2; LaunchBox community Bayesian (raw 4.5, n=49)=4.9; LaunchBox Community=4.1
snes	space football one on one	Space Football: One on One	6.1	5.0	1992-06-01	B.I.T.S.	Triffix Entertainment	MobyGames (n=5)=6.1	GameFAQs community=5.0; LaunchBox community Bayesian (raw 4.3, n=35)=4.9
snes	space invaders	Space Invaders	5.3	6.8	1994-03-25	Taito	Nintendo	GameRankings (n=3)=3.7; MobyGames (n=5)=6.2	GameFAQs community=7.0; LaunchBox community Bayesian (raw 6.6, n=69)=6.7; LaunchBox Community=6.8
snes	space megaforce	Space Megaforce	8.5	8.0	1992-04-28	Compile	Toho	GameRankings (n=3)=8.7; MobyGames (n=5)=8.4	GameFAQs community=7.6; LaunchBox community Bayesian (raw 8.3, n=152)=8.2; LaunchBox Community=8.0
snes	spanky s quest	Spanky's Quest		6.8	1991-12-27	Natsume	Natsume		GameFAQs community=7.0; LaunchBox community Bayesian (raw 6.5, n=64)=6.6; LaunchBox Community=6.8
snes	sparkster	Sparkster	8.2	7.7	1994-10-01	Konami	Konami	GameRankings (n=3)=7.8; MobyGames (n=5)=8.4	GameFAQs community=7.6; LaunchBox community Bayesian (raw 7.9, n=134)=7.8; LaunchBox Community=7.7
snes	spawn	Spawn
snes	spectre	Spectre	5.9	5.3	1994-09-07	Synergistic Software	Cybersoft	MobyGames (n=5)=5.9	GameFAQs community=5.4; LaunchBox community Bayesian (raw 4.7, n=36)=5.2; LaunchBox Community=5.3
snes	speed racer	Speed Racer
snes	speed racer in my most dangerous adventures	Speed Racer in My Most Dangerous Adventures	6.1	4.9	1994	Radical Entertainment Inc.		MobyGames (n=5)=6.1	GameFAQs community=4.9
snes	speedy gonzales los gatos bandidos	Speedy Gonzales: Los Gatos Bandidos		6.8	1995-08-01	Sunsoft	Acclaim Entertainment		GameFAQs community=6.3; LaunchBox community Bayesian (raw 7.4, n=59)=7.3; LaunchBox Community=6.8
snes	spell craft	Spell Craft
snes	spider man	Spider-Man	6.0	6.2	1995-02-01	Western Technologies	LJN	MobyGames (n=5)=6.0	GameFAQs community=5.6; LaunchBox community Bayesian (raw 6.8, n=106)=6.8; LaunchBox Community=6.2
snes	spider man and the x men in arcade s revenge	Spider-Man and the X-Men in Arcade's Revenge		6.7	1992-11-01	Software Creations	LJN		LaunchBox community Bayesian (raw 6.7, n=118)=6.7
snes	spider man and venom maximum carnage	Spider-Man and Venom: Maximum Carnage	6.6	7.3	1994	Software Creations	LJN	GameRankings (n=3)=6.6	GameFAQs community=7.2; LaunchBox community Bayesian (raw 7.5, n=176)=7.5; Legacy community=7.3
snes	spider man and venom separation anxiety	Spider-Man & Venom: Separation Anxiety
snes	spindizzy worlds	Spindizzy Worlds	7.8	5.6	1992-08-07	ASCII	ASCII	GameRankings (n=4)=7.5; MobyGames (n=5)=8.0	GameFAQs community=5.6; LaunchBox community Bayesian (raw 5.4, n=49)=5.7; LaunchBox Community=5.6
snes	spirou	Spirou		6.1	1996-09-29	Infogrames	Infogrames		GameFAQs community=5.5; LaunchBox community Bayesian (raw 6.5, n=37)=6.6; LaunchBox Community=6.1
snes	sports illustrated championship football and baseball	Sports Illustrated Championship Football & Baseball		5.4	1994-02-01	Malibu Interactive	Malibu Games		GameFAQs community=5.2; LaunchBox community Bayesian (raw 5.1, n=46)=5.4; LaunchBox Community=5.4
snes	star fox	Star Fox	8.8	7.9	1993-02-21	Nintendo EAD	Nintendo	GameRankings (n=7)=8.8; MobyGames (n=5)=8.7	GameFAQs community=7.7; LaunchBox community Bayesian (raw 8.2, n=421)=8.2; LaunchBox Community=7.9
snes	star fox super weekend competition	Star Fox Super Weekend Competition
snes	star ocean	Star Ocean	9.1	7.8	1996-07-19	tri-Ace	Enix	GameRankings (n=3)=9.3; MobyGames (n=5)=8.9	GameFAQs community=8.1; LaunchBox community Bayesian (raw 7.7, n=106)=7.6; LaunchBox Community=7.8
snes	star trek deep space nine crossroads of time	Star Trek: Deep Space Nine: Crossroads of Time	6.2	6.4	1995-09-01	Novotrade International	Playmates Interactive Entertainment	GameRankings (n=3)=6.6; MobyGames (n=5)=6.0	GameFAQs community=6.3; LaunchBox community Bayesian (raw 6.3, n=49)=6.4; LaunchBox Community=6.4
snes	star trek starfleet academy starship bridge simulator	Star Trek: Starfleet Academy: Starship Bridge Simulator		6.1	1995-01-31	Interplay Productions	Interplay Productions		GameFAQs community=6.7; LaunchBox community Bayesian (raw 5.3, n=51)=5.6; LaunchBox Community=6.1
snes	star trek the next generation future s past	Star Trek: The Next Generation: Future's Past		6.6	1994-03-01	Spectrum Holobyte	Spectrum Holobyte		GameFAQs community=6.4; LaunchBox community Bayesian (raw 6.8, n=55)=6.8; LaunchBox Community=6.6
snes	stargate	Stargate		6.2	1995-04-07	Probe Entertainment	Acclaim Entertainment		GameFAQs community=5.9; LaunchBox community Bayesian (raw 6.4, n=64)=6.5; LaunchBox Community=6.2
snes	starwing	StarWing
snes	starwing super weekend competition	StarWing Super Weekend Competition
snes	steel talons	Steel Talons		4.8	1993-11-01	Panoramic	Left Field Entertainment		GameFAQs community=4.7; LaunchBox community Bayesian (raw 4.3, n=34)=4.9; LaunchBox Community=4.8
snes	sterling sharpe end 2 end	Sterling Sharpe: End 2 End		3.6	1995-03-01	TOSE	Jaleco		GameFAQs community=3.0; LaunchBox community Bayesian (raw 3.4, n=37)=4.2; LaunchBox Community=3.6
snes	stone protectors	Stone Protectors		6.7	1994-11-01	Eurocom Entertainment Software	Kemco		GameFAQs community=5.8; LaunchBox community Bayesian (raw 7.5, n=67)=7.4; LaunchBox Community=6.7
snes	street combat	Street Combat	4.8	5.2	1992-03-27	Irem	Irem	MobyGames (n=5)=4.8	GameFAQs community=4.6; LaunchBox community Bayesian (raw 5.5, n=61)=5.7; LaunchBox Community=5.2
snes	street fighter alpha 2	Street Fighter Alpha 2	7.9	7.9	1996-11-04	Capcom	Capcom	GameRankings (n=5)=7.5; MobyGames (n=5)=8.2	GameFAQs community=8.1; LaunchBox community Bayesian (raw 7.8, n=206)=7.8; LaunchBox Community=7.9
snes	street fighter ii the world warrior	Street Fighter II: The World Warrior
snes	street fighter ii turbo hyper fighting	Street Fighter II' Turbo: Hyper Fighting
snes	street hockey 95	Street Hockey '95		5.0	1994-11-01	GTE Entertainment	GTE Entertainment		GameFAQs community=3.9; LaunchBox community Bayesian (raw 5.9, n=55)=6.1; LaunchBox Community=5.0
snes	street racer	Street Racer	8.2	7.3	1994-11-01	Vivid Image	Ubi Soft Entertainment Software	MobyGames (n=5)=8.2	GameFAQs community=7.3; LaunchBox community Bayesian (raw 7.4, n=75)=7.4
snes	strike gunner	Strike Gunner
snes	strike gunner s t g	Strike Gunner S.T.G	5.3	7.0	1992-03-27	Athena	Athena	GameRankings (n=3)=5.6; MobyGames (n=5)=5.1	GameFAQs community=7.1; LaunchBox community Bayesian (raw 6.9, n=95)=6.9; LaunchBox Community=7.0
snes	stunt race fx	Stunt Race FX	8.6	6.8	1994-07-01	Argonaut Games	Nintendo	GameRankings (n=4)=8.6	GameFAQs community=6.6; LaunchBox community Bayesian (raw 7.0, n=115)=7.0; LaunchBox Community=6.8
snes	sunset riders	Sunset Riders	8.0	8.3	1993-10-05	Konami	Konami	GameRankings (n=6)=8.0	GameFAQs community=8.1; LaunchBox community Bayesian (raw 8.5, n=244)=8.4; LaunchBox Community=8.3
snes	super adventure island	Super Adventure Island	7.2	6.9	1992-01-11	Produce!	Hudson Soft	GameRankings (n=3)=7.2	GameFAQs community=6.5; LaunchBox community Bayesian (raw 7.3, n=143)=7.3; LaunchBox Community=6.9
snes	super adventure island ii	Super Adventure Island II	7.7	7.5	1994-10-01	Make Software, Inc.	Hudson Soft	GameRankings (n=3)=7.6; MobyGames (n=5)=7.8	GameFAQs community=7.5; LaunchBox community Bayesian (raw 7.6, n=112)=7.6; LaunchBox Community=7.5
snes	super air diver	Super Air Diver
snes	super aleste	Super Aleste
snes	super alfred chicken	Super Alfred Chicken		5.7	1994-02-01	Twilight	Mindscape International		GameFAQs community=5.4; LaunchBox community Bayesian (raw 5.9, n=52)=6.1; LaunchBox Community=5.7
snes	super baseball simulator 1 000	Super Baseball Simulator 1.000		6.9	1991-07-12	Culture Brain	Culture Brain		GameFAQs community=7.2; LaunchBox community Bayesian (raw 6.5, n=60)=6.6; LaunchBox Community=6.9
snes	super bases loaded	Super Bases Loaded		6.7	1991-05-17	TOSE	Jaleco		GameFAQs community=6.7; LaunchBox community Bayesian (raw 6.6, n=48)=6.7; LaunchBox Community=6.7
snes	super bases loaded 3 license to steal	Super Bases Loaded 3: License to Steal		7.0	1994-12-23	TOSE	Jaleco		GameFAQs community=7.4; LaunchBox community Bayesian (raw 6.6, n=44)=6.7; LaunchBox Community=7.0
snes	super batter up	Super Batter Up	5.8	6.7	1992-03-27	Namco	Namco	GameRankings (n=3)=5.5; MobyGames (n=5)=6.0	GameFAQs community=7.1; LaunchBox community Bayesian (raw 6.1, n=41)=6.3; LaunchBox Community=6.7
snes	super battleship	Super Battleship		6.0					GameFAQs community=6.0; Legacy community=6.0
snes	super battletank 2	Super Battletank 2	6.5	5.8	1994-01-01	Absolute Entertainment	Absolute Entertainment	MobyGames (n=5)=6.5	GameFAQs community=6.4; LaunchBox community Bayesian (raw 4.9, n=48)=5.3; LaunchBox Community=5.8
snes	super battletank war in the gulf	Super Battletank: War in the Gulf
snes	super bc kid	Super BC Kid
snes	super black bass	Super Black Bass		6.7	1992-12-04	Hot-B	Hot-B		GameFAQs community=6.5; LaunchBox community Bayesian (raw 6.8, n=44)=6.8; LaunchBox Community=6.7
snes	super bomberman	Super Bomberman	8.0	7.8	1993-04-28	Hudson Soft	Hudson Soft	GameRankings (n=3)=7.2; MobyGames (n=5)=8.5	GameFAQs community=7.6; LaunchBox community Bayesian (raw 8.1, n=242)=8.1; LaunchBox Community=7.8
snes	super bonk	Super Bonk	7.2	7.5	1994-07-22	Red Entertainment	Hudson Soft	GameRankings (n=4)=7.2	GameFAQs community=7.2; LaunchBox community Bayesian (raw 7.8, n=97)=7.7; LaunchBox Community=7.5
snes	super bowling	Super Bowling	6.4	7.0	1992-07-03	Kid	Athena	GameRankings (n=3)=6.3; MobyGames (n=5)=6.4	GameFAQs community=7.2; LaunchBox community Bayesian (raw 6.7, n=56)=6.7; LaunchBox Community=7.0
snes	super buster bros	Super Buster Bros	7.0	7.8	1992-08-07	Capcom	Capcom	GameRankings (n=3)=7.0	GameFAQs community=7.5; LaunchBox community Bayesian (raw 8.1, n=110)=8.0; LaunchBox Community=7.8
snes	super caesars palace	Super Caesars Palace		5.8	1993-10-01	The Illusions Gaming Company	Virgin Games		GameFAQs community=5.8; LaunchBox community Bayesian (raw 5.5, n=45)=5.8
snes	super castlevania iv	Super Castlevania IV	8.5	8.6	1991-10-31	Konami	Konami	GameRankings (n=8)=8.2; MobyGames (n=5)=8.9	GameFAQs community=8.3; LaunchBox community Bayesian (raw 8.9, n=579)=8.9; LaunchBox Community=8.6
snes	super chase h q	Super Chase H.Q		7.0	1993-11-26	Taito	Taito		GameFAQs community=6.7; LaunchBox community Bayesian (raw 7.4, n=77)=7.4; LaunchBox Community=7.0
snes	super conflict the mideast	Super Conflict: The Mideast		6.9					GameFAQs community=6.9; Legacy community=6.9
snes	super dany	Super Dany		4.1	1994-01-01	Cryo Interactive Entertainment	Virgin Interactive Entertainment		GameFAQs community=2.8; LaunchBox community Bayesian (raw 4.6, n=24)=5.3; LaunchBox Community=4.1
snes	super double dragon	Super Double Dragon	6.1	7.4	1992-10-01	Technōs Japan	Tradewest	GameRankings (n=3)=6.5; MobyGames (n=5)=5.8	GameFAQs community=7.1; LaunchBox community Bayesian (raw 7.7, n=185)=7.7; LaunchBox Community=7.4
snes	super famicom wars	Super Famicom Wars		7.6	1998-05-01	Intelligent Systems	Nintendo		GameFAQs community=7.9; LaunchBox community Bayesian (raw 7.4, n=52)=7.3; LaunchBox Community=7.6
snes	super full metal	Super Full Metal
snes	super ghouls n ghosts	Super Ghouls'n Ghosts	8.2	7.9	1991-10-04	Capcom	Nintendo	GameRankings (n=4)=8.1; MobyGames (n=5)=8.3	GameFAQs community=7.4; LaunchBox community Bayesian (raw 8.4, n=393)=8.4; LaunchBox Community=7.9
snes	super goal	Super Goal!
snes	super godzilla	Super Godzilla	4.2	6.5	1993-12-22	Advance Communication Company	Toho	MobyGames (n=5)=4.2	GameFAQs community=6.2; LaunchBox community Bayesian (raw 6.7, n=55)=6.7; LaunchBox Community=6.5
snes	super high impact	Super High Impact		6.1	1993-06-01	Beam Software	Acclaim Entertainment		GameFAQs community=6.3; LaunchBox community Bayesian (raw 5.6, n=38)=5.9; LaunchBox Community=6.1
snes	super ice hockey	Super Ice Hockey		6.3	1994-03-25	Opera House	Sunsoft		LaunchBox community Bayesian (raw 6.2, n=45)=6.3; LaunchBox Community=6.3
snes	super international cricket	Super International Cricket		7.0	1994-01-01	Beam Software	Nintendo		GameFAQs community=7.0; LaunchBox community Bayesian (raw 7.0, n=34)=7.0
snes	super james pond	Super James Pond		6.2	1993-07-23	VectorDean	American Softworks		GameFAQs community=5.8; LaunchBox community Bayesian (raw 6.4, n=52)=6.5; LaunchBox Community=6.2
snes	super james pond ii	Super James Pond II
snes	super mario all stars	Super Mario All-Stars	9.2	9.0	1993-07-14	Nintendo EAD	Nintendo	GameRankings (n=4)=9.0; MobyGames (n=5)=9.3	GameFAQs community=8.8; LaunchBox community Bayesian (raw 9.2, n=705)=9.2; LaunchBox Community=9.0
snes	super mario kart	Super Mario Kart	9.3	8.4	1992-08-27	Nintendo EAD	Nintendo	GameRankings (n=10)=9.4; MobyGames (n=5)=9.1	GameFAQs community=8.1; LaunchBox community Bayesian (raw 8.7, n=772)=8.7; LaunchBox Community=8.4
snes	super mario rpg legend of the seven stars	Super Mario RPG: Legend of the Seven Stars	8.9	9.0	1996-03-09	Square	Nintendo	GameRankings (n=12)=8.9; MobyGames (n=5)=8.9	GameFAQs community=8.9; LaunchBox community Bayesian (raw 9.1, n=657)=9.1; LaunchBox Community=9.0
snes	super mario world	Super Mario World	9.4	9.3	1990-11-21	Nintendo EAD	Nintendo	GameRankings (n=9)=9.4; MobyGames (n=5)=9.3	GameFAQs community=9.1; LaunchBox community Bayesian (raw 9.5, n=1813)=9.5; LaunchBox Community=9.3
snes	super mario world 2 yoshi s island	Super Mario World 2: Yoshi's Island	9.6	8.9	1995-08-05	Nintendo EAD	Nintendo	GameRankings (n=5)=9.6; MobyGames (n=5)=9.5	GameFAQs community=8.7; LaunchBox community Bayesian (raw 9.1, n=705)=9.1; LaunchBox Community=8.9
snes	super mario world 3 islands of mistery	Super Mario World 3: Islands of Mistery
snes	super mario world hell edition	Super Mario World Hell Edition		7.9	2002-12-11	Zekader	Zekader		LaunchBox community Bayesian (raw 8.8, n=9)=7.9; LaunchBox Community=7.9
snes	super mario world winter	Super Mario World Winter
snes	super metroid	Super Metroid	9.5	9.1	1994-03-19	Intelligent Systems	Nintendo	GameRankings (n=10)=9.7; MobyGames (n=5)=9.3	GameFAQs community=8.9; LaunchBox community Bayesian (raw 9.4, n=999)=9.4; LaunchBox Community=9.1
snes	super morph	Super Morph		5.6	1993-01-01	Millennium Interactive	Sony Imagesoft		GameFAQs community=5.0; LaunchBox community Bayesian (raw 5.9, n=40)=6.1; LaunchBox Community=5.6
snes	super ninja boy	Super Ninja Boy	5.2	6.8	1991-12-28	Culture Brain	Culture Brain	MobyGames (n=5)=5.2	GameFAQs community=6.7; LaunchBox community Bayesian (raw 7.0, n=69)=7.0; LaunchBox Community=6.8
snes	super noah s ark 3d	Super Noah's Ark 3D		5.1	1994-11-25	Wisdom Tree	Wisdom Tree		GameFAQs community=5.7; LaunchBox community Bayesian (raw 4.0, n=39)=4.6; LaunchBox Community=5.1
snes	super nova	Super Nova	6.1	6.7	1993-09-24	Taito	Taito	GameRankings (n=3)=6.1	GameFAQs community=7.1; LaunchBox community Bayesian (raw 6.2, n=79)=6.3; LaunchBox Community=6.7
snes	super off road	Super Off Road	6.4	7.1	1991-12-01	Software Creations	Tradewest	GameRankings (n=4)=6.4	GameFAQs community=6.8; LaunchBox community Bayesian (raw 7.4, n=111)=7.4; LaunchBox Community=7.1
snes	super off road the baja	Super Off Road: The Baja	5.4	5.9	1993-09-01	Leland Interactive Media	Tradewest	MobyGames (n=5)=5.4	GameFAQs community=5.7; LaunchBox community Bayesian (raw 6.0, n=51)=6.2; LaunchBox Community=5.9
snes	super pang	Super Pang
snes	super pinball behind the mask	Super Pinball: Behind the Mask		6.2	1994-11-01	KaZe	Nintendo of America		GameFAQs community=6.0; LaunchBox community Bayesian (raw 6.3, n=66)=6.4; LaunchBox Community=6.2
snes	super play action football	Super Play Action Football	5.9	5.4	1992-08-01	TOSE	Nintendo	MobyGames (n=5)=5.9	GameFAQs community=5.3; LaunchBox community Bayesian (raw 5.0, n=45)=5.4; LaunchBox Community=5.4
snes	super probotector alien rebels	Super Probotector: Alien Rebels
snes	super punch out	Super Punch-Out!!	8.1	8.3	1994-10-01	Nintendo R&D3	Nintendo	GameRankings (n=6)=8.0; MobyGames (n=5)=8.3	GameFAQs community=8.0; LaunchBox community Bayesian (raw 8.7, n=351)=8.7; LaunchBox Community=8.3
snes	super putty	Super Putty		6.2	1993-07-30	System 3 Software	U.S. Gold		GameFAQs community=5.6; LaunchBox community Bayesian (raw 6.6, n=49)=6.7; LaunchBox Community=6.2
snes	super r b i baseball	Super R.B.I. Baseball		5.3	1995-06-01	Gray Matter	Time Warner Interactive		GameFAQs community=5.2; LaunchBox community Bayesian (raw 4.8, n=32)=5.3; LaunchBox Community=5.3
snes	super r type	Super R-Type	6.1	7.5	1991-07-13	Irem	Irem	GameRankings (n=8)=6.1	GameFAQs community=7.0; LaunchBox community Bayesian (raw 8.0, n=191)=8.0; LaunchBox Community=7.5
snes	super shadow of the beast	Super Shadow of the Beast
snes	super slapshot	Super Slapshot		5.7	1993-05-01	Ringler Studios	Virgin Interactive Entertainment		LaunchBox community Bayesian (raw 5.3, n=34)=5.7; LaunchBox Community=5.7
snes	super smash t v	Super Smash T.V	8.2	7.8	1992-02-01	Beam Software	Acclaim Entertainment	GameRankings (n=4)=8.2	GameFAQs community=7.1; LaunchBox community Bayesian (raw 8.5, n=166)=8.4; LaunchBox Community=7.8
snes	super soccer	Super Soccer	8.0	6.6	1991-12-13	Human Entertainment	Nintendo	GameRankings (n=3)=8.0; MobyGames (n=5)=8.1	GameFAQs community=6.3; LaunchBox community Bayesian (raw 6.8, n=76)=6.8; LaunchBox Community=6.6
snes	super solitaire	Super Solitaire		6.4	1994-01-01	Beam Software	Extreme Entertainment Group		GameFAQs community=6.3; LaunchBox community Bayesian (raw 6.3, n=43)=6.4; LaunchBox Community=6.4
snes	super star force	Super Star Force
snes	super star wars	Super Star Wars	8.3	7.4	1992-11-01	Sculptured Software	Nintendo of America	GameRankings (n=7)=8.5; MobyGames (n=5)=8.2	GameFAQs community=7.0; LaunchBox community Bayesian (raw 7.9, n=225)=7.9; LaunchBox Community=7.4
snes	super star wars return of the jedi	Super Star Wars: Return of the Jedi	8.3	7.6	1994-06-01	Sculptured Software	THQ	GameRankings (n=5)=8.3; MobyGames (n=5)=8.3	GameFAQs community=7.3; LaunchBox community Bayesian (raw 7.9, n=198)=7.9; LaunchBox Community=7.6
snes	super star wars the empire strikes back	Super Star Wars: The Empire Strikes Back	7.8	7.5	1993-06-01	Sculptured Software	THQ	GameRankings (n=3)=7.8	GameFAQs community=7.1; LaunchBox community Bayesian (raw 8.0, n=181)=7.9; LaunchBox Community=7.5
snes	super street fighter ii	Super Street Fighter II	8.3	8.6	1994-06-01	Capcom	Capcom	GameRankings (n=5)=7.7; MobyGames (n=5)=8.9	GameFAQs community=8.4; LaunchBox community Bayesian (raw 8.8, n=302)=8.7; LaunchBox Community=8.6
snes	super street fighter ii the new challengers	Super Street Fighter II: The New Challengers
snes	super street fighter ii turbo	Super Street Fighter II Turbo
snes	super strike eagle	Super Strike Eagle		6.4	1993-03-01	MicroProse Software	Asmik Ace Entertainment		GameFAQs community=7.0; LaunchBox community Bayesian (raw 5.4, n=39)=5.7; LaunchBox Community=6.4
snes	super swiv	Super SWIV
snes	super tennis	Super Tennis	8.5	7.3	1991-08-30	TOSE	Nintendo	GameRankings (n=3)=8.7; MobyGames (n=5)=8.4	GameFAQs community=7.1; LaunchBox community Bayesian (raw 7.5, n=136)=7.5; LaunchBox Community=7.3
snes	super troll islands	Super Troll Islands		6.1	1994-02-01	Millennium Interactive	American Softworks		GameFAQs community=5.7; LaunchBox community Bayesian (raw 6.2, n=40)=6.4; LaunchBox Community=6.1
snes	super turrican	Super Turrican	8.0	7.8	1993-05-01	Factor 5	Hudson Soft	GameRankings (n=5)=7.7; MobyGames (n=5)=8.3	GameFAQs community=7.5; LaunchBox community Bayesian (raw 8.1, n=147)=8.0; LaunchBox Community=7.8
snes	super valis iv	Super Valis IV	5.8	6.6	1992-03-27	Shin-Nihon Laser Soft	Atlus	MobyGames (n=5)=5.8	GameFAQs community=6.5; LaunchBox community Bayesian (raw 6.6, n=80)=6.6
snes	super widget	Super Widget		6.3	1993-09-01	Atlus	Atlus		GameFAQs community=6.3; LaunchBox community Bayesian (raw 6.2, n=50)=6.3; LaunchBox Community=6.3
snes	suzuka 8 hours	Suzuka 8 Hours		6.7	1993-10-15	Arc System Works	Namco		GameFAQs community=6.3; LaunchBox community Bayesian (raw 7.2, n=49)=7.2; LaunchBox Community=6.7
snes	swat kats the radical squadron	SWAT Kats: The Radical Squadron	5.3	6.4	1995-08-01	AIM	Hudson Soft	MobyGames (n=5)=5.3	GameFAQs community=6.6; LaunchBox community Bayesian (raw 6.3, n=69)=6.4; LaunchBox Community=6.4
snes	syndicate	Syndicate	8.0	6.3	1995-01-01	Bullfrog Productions	Ocean Software	MobyGames (n=5)=8.0	GameFAQs community=6.7; LaunchBox community Bayesian (raw 5.7, n=52)=5.9; LaunchBox Community=6.3
snes	syvalion	Syvalion		5.0	1992-07-24	Taito	Toshiba-EMI		GameFAQs community=4.5; LaunchBox community Bayesian (raw 5.2, n=48)=5.5; LaunchBox Community=5.0
snes	t2 the arcade game	T2: The Arcade Game		6.4	1994-02-01	Probe Software	Acclaim Entertainment		GameFAQs community=6.3; LaunchBox community Bayesian (raw 6.4, n=78)=6.5
snes	tactics ogre let us cling together	Tactics Ogre: Let Us Cling Together		8.2	1995-10-06	Quest	Quest		GameFAQs community=8.7; LaunchBox community Bayesian (raw 7.8, n=66)=7.7; LaunchBox Community=8.2
snes	tales of phantasia	Tales of Phantasia		8.4	1995-12-15	Wolf Team	Namco		GameFAQs community=8.2; LaunchBox community Bayesian (raw 8.6, n=100)=8.5; LaunchBox Community=8.4
snes	taz mania	Taz-Mania	6.5	6.0	1993-05-01	Visual Concepts	Sun of America	GameRankings (n=3)=6.5	GameFAQs community=5.3; LaunchBox community Bayesian (raw 6.8, n=74)=6.8; LaunchBox Community=6.0
snes	tecmo secret of the stars	Tecmo Secret of the Stars	4.9	6.4	1993-11-04	Tecmo	Tecmo	GameRankings (n=5)=4.5; MobyGames (n=5)=5.3	GameFAQs community=6.4; LaunchBox community Bayesian (raw 6.3, n=63)=6.4
snes	tecmo super baseball	Tecmo Super Baseball	8.4	5.9	1994-09-01	Sculptured Software	Tecmo	MobyGames (n=5)=8.4	GameFAQs community=5.9; LaunchBox community Bayesian (raw 5.6, n=35)=5.9; LaunchBox Community=5.9
snes	tecmo super bowl	Tecmo Super Bowl		7.7	1993-11-01	Tecmo	Tecmo		GameFAQs community=7.6; LaunchBox community Bayesian (raw 7.9, n=65)=7.8; LaunchBox Community=7.7
snes	tecmo super bowl ii special edition	Tecmo Super Bowl II: Special Edition		6.6	1994-12-20	Tecmo	Tecmo		GameFAQs community=7.2; LaunchBox community Bayesian (raw 6.0, n=44)=6.2; LaunchBox Community=6.6
snes	tecmo super bowl iii final edition	Tecmo Super Bowl III: Final Edition	7.9	7.2	1995-10-01	Tecmo	Tecmo	MobyGames (n=5)=7.9	GameFAQs community=7.5; LaunchBox community Bayesian (raw 7.0, n=54)=7.0; LaunchBox Community=7.2
snes	tecmo super nba basketball	Tecmo Super NBA Basketball	7.9	7.2	1992-12-25	Sculptured Software	Tecmo	MobyGames (n=5)=7.9	GameFAQs community=7.2; LaunchBox community Bayesian (raw 7.3, n=61)=7.3
snes	teenage mutant hero turtles iv turtles in time	Teenage Mutant Hero Turtles IV: Turtles in Time
snes	teenage mutant ninja turtles iv turtles in time	Teenage Mutant Ninja Turtles IV: Turtles in Time	8.3	8.6	1992-07-24	Konami	Konami	GameRankings (n=7)=8.3	GameFAQs community=8.4; LaunchBox community Bayesian (raw 8.9, n=505)=8.9; LaunchBox Community=8.6
snes	teenage mutant ninja turtles tournament fighters	Teenage Mutant Ninja Turtles: Tournament Fighters	8.5	7.5	1993-09-04	Konami	Konami	MobyGames (n=5)=8.5	GameFAQs community=7.2; LaunchBox community Bayesian (raw 7.9, n=174)=7.9; LaunchBox Community=7.5
snes	terminator 2 judgment day	Terminator 2: Judgment Day	6.4	4.5	1993	Midway Manufacturing Company		MobyGames (n=5)=6.4	GameFAQs community=4.5; Legacy community=4.5
snes	terranigma	Terranigma	7.9	8.8	1995-10-20	Quintet	Enix	GameRankings (n=7)=7.4; MobyGames (n=5)=8.5	GameFAQs community=8.7; LaunchBox community Bayesian (raw 8.9, n=231)=8.8; LaunchBox Community=8.8
snes	test drive ii the duel	Test Drive II: The Duel	6.0		1992			GameRankings (n=3)=6.0
snes	tetris	Tetris
snes	tetris and dr mario	Tetris & Dr. Mario	8.4	8.1	1994-12-01	Nintendo	Nintendo	MobyGames (n=5)=8.4	GameFAQs community=8.0; LaunchBox community Bayesian (raw 8.2, n=150)=8.1; LaunchBox Community=8.1
snes	tetris attack	Tetris Attack	8.8	8.5	1996-09-01	Intelligent Systems	Nintendo	GameRankings (n=4)=9.0; MobyGames (n=5)=8.6	GameFAQs community=8.6; LaunchBox community Bayesian (raw 8.5, n=194)=8.4
snes	the 7th saga	The 7th Saga	6.4	6.9	1993-04-23	Produce!	Enix	GameRankings (n=4)=6.4; MobyGames (n=5)=6.4	GameFAQs community=6.8; LaunchBox community Bayesian (raw 6.9, n=181)=6.9
snes	the addams family	The Addams Family	7.2	6.7	1992-03-01	Ocean Software	Ocean Software	GameRankings (n=4)=7.2	GameFAQs community=6.3; LaunchBox community Bayesian (raw 7.1, n=177)=7.1; LaunchBox Community=6.7
snes	the addams family pugsley s scavenger hunt	The Addams Family: Pugsley's Scavenger Hunt	7.7	6.1	1993-02-23	Ocean Software	Ocean Software	GameRankings (n=3)=7.7	GameFAQs community=5.4; LaunchBox community Bayesian (raw 6.7, n=124)=6.7; LaunchBox Community=6.1
snes	the adventures of batman and robin	The Adventures of Batman & Robin	8.0	7.8	1994-12-01	Konami	Konami of America	MobyGames (n=5)=8.0	GameFAQs community=7.8; LaunchBox community Bayesian (raw 7.9, n=266)=7.9; LaunchBox Community=7.8
snes	the adventures of dr franken	The Adventures of Dr. Franken		4.8	1993-12-01	MotiveTime	DTMC		GameFAQs community=4.0; LaunchBox community Bayesian (raw 5.3, n=83)=5.5; LaunchBox Community=4.8
snes	the adventures of kid kleets	The Adventures of Kid Kleets		5.6	1993-12-28	Krisalis Software	Ocean Software		GameFAQs community=5.2; LaunchBox community Bayesian (raw 5.9, n=75)=6.0; LaunchBox Community=5.6
snes	the adventures of rocky and bullwinkle and friends	The Adventures of Rocky and Bullwinkle and Friends		4.5	1993-06-01	Imagineering	THQ		GameFAQs community=4.2; LaunchBox community Bayesian (raw 4.6, n=63)=4.9; LaunchBox Community=4.5
snes	the adventures of tintin prisoners of the sun	The Adventures of Tintin: Prisoners of the Sun	7.9		1996	Infogrames Multimedia SA		MobyGames (n=5)=7.9
snes	the amazing spider man lethal foes	The Amazing Spider-Man: Lethal Foes		6.4	1995-03-17	Argent	Epoch		GameFAQs community=6.5; LaunchBox community Bayesian (raw 6.3, n=90)=6.4; LaunchBox Community=6.4
snes	the blues brothers	The Blues Brothers		5.5	1993-03-26	Titus Software	Titus Software		GameFAQs community=5.2; LaunchBox community Bayesian (raw 5.7, n=74)=5.9; LaunchBox Community=5.5
snes	the brainies	The Brainies		6.2	1996-04-01	Titus France	Titus France		GameFAQs community=5.8; LaunchBox community Bayesian (raw 6.5, n=58)=6.6; LaunchBox Community=6.2
snes	the chaos engine	The Chaos Engine
snes	the chessmaster	The Chessmaster	6.3	5.6	1991-09-01	The Software Toolworks	Altron	MobyGames (n=5)=6.3	GameFAQs community=5.7; LaunchBox community Bayesian (raw 5.3, n=65)=5.5; LaunchBox Community=5.6
snes	the combatribes	The Combatribes	4.8	6.2	1992-12-23	Technōs Japan	American Technōs	MobyGames (n=5)=4.8	GameFAQs community=6.0; LaunchBox community Bayesian (raw 6.4, n=90)=6.5; LaunchBox Community=6.2
snes	the death and return of superman	The Death and Return of Superman	5.9	6.8	1994-08-01	Blizzard Entertainment	Sunsoft	GameRankings (n=4)=5.9	GameFAQs community=6.8; LaunchBox community Bayesian (raw 6.8, n=136)=6.8
snes	the firemen	The Firemen		7.6	1994-09-09	Human Entertainment	Human Entertainment		GameFAQs community=7.6; LaunchBox community Bayesian (raw 7.6, n=107)=7.5
snes	the flintstones	The Flintstones	6.1	6.0	1995-02-01	Ocean of America	Ocean Software	MobyGames (n=5)=6.1	GameFAQs community=5.7; LaunchBox community Bayesian (raw 6.3, n=75)=6.4; LaunchBox Community=6.0
snes	the flintstones the treasure of sierra madrock	The Flintstones: The Treasure of Sierra Madrock	6.5	6.9	1994-03-01	Taito	Taito	GameRankings (n=3)=6.5	GameFAQs community=6.9; LaunchBox community Bayesian (raw 6.8, n=95)=6.8; LaunchBox Community=6.9
snes	the great circus mystery starring mickey and minnie	The Great Circus Mystery Starring Mickey & Minnie		7.3	1994-10-01	Capcom	Capcom		GameFAQs community=7.4; LaunchBox community Bayesian (raw 7.3, n=134)=7.3
snes	the great waldo search	The Great Waldo Search		3.9	1993-06-01	Radiance Software	THQ		GameFAQs community=3.8; LaunchBox community Bayesian (raw 3.5, n=56)=4.0; LaunchBox Community=3.9
snes	the humans	The Humans		5.6	1993-01-01	Imagitec Design	GameTek		GameFAQs community=4.9; LaunchBox community Bayesian (raw 6.1, n=42)=6.3; LaunchBox Community=5.6
snes	the hunt for red october	The Hunt for Red October	3.6	5.9	1993-01-01	Riedel Software Productions	Hi-Tech Expressions	MobyGames (n=5)=3.6	GameFAQs community=5.8; LaunchBox community Bayesian (raw 5.8, n=62)=6.0; LaunchBox Community=5.9
snes	the hurricanes	The Hurricanes	5.3	6.2	1994-12-01	Probe Software	U.S. Gold	MobyGames (n=5)=5.3	GameFAQs community=5.9; LaunchBox community Bayesian (raw 6.3, n=42)=6.4; Legacy community=6.2
snes	the ignition factor	The Ignition Factor	7.4	6.8	1994-11-11	Jaleco	Jaleco	GameRankings (n=3)=7.4	GameFAQs community=7.0; LaunchBox community Bayesian (raw 6.5, n=65)=6.6; LaunchBox Community=6.8
snes	the incredible crash dummies	The Incredible Crash Dummies	5.3	5.7	1993-10-01	Gray Matter	LJN	MobyGames (n=5)=5.3	GameFAQs community=5.4; LaunchBox community Bayesian (raw 5.9, n=49)=6.1; LaunchBox Community=5.7
snes	the incredible hulk	The Incredible Hulk	6.4	5.5	1994-08-01	Probe Software	U.S. Gold	MobyGames (n=5)=6.4	GameFAQs community=5.3; LaunchBox community Bayesian (raw 5.5, n=74)=5.7
snes	the irem major title	The Irem Major Title
snes	the irem skins game	The Irem Skins Game		6.4	1992-10-01	Irem	Irem		GameFAQs community=5.7; LaunchBox community Bayesian (raw 7.1, n=55)=7.1; LaunchBox Community=6.4
snes	the itchy and scratchy game	The Itchy & Scratchy Game	3.2	5.6	1995-03-01	BITS	Acclaim Entertainment	MobyGames (n=5)=3.2	GameFAQs community=5.0; LaunchBox community Bayesian (raw 6.0, n=54)=6.2; LaunchBox Community=5.6
snes	the jetsons invasion of the planet pirates	The Jetsons: Invasion of the Planet Pirates		6.7	1994-06-01	Sting Entertainment	Taito		GameFAQs community=7.1; LaunchBox community Bayesian (raw 6.2, n=74)=6.3; LaunchBox Community=6.7
snes	the jungle book	The Jungle Book		7.2	1994-08-01	Virgin Interactive Entertainment	Virgin Interactive Entertainment		LaunchBox community Bayesian (raw 7.2, n=81)=7.2
snes	the king of dragons	The King of Dragons	6.4	7.8	1994-01-01	Capcom Co., Ltd.	Capcom	MobyGames=6.4 (n=5 min)	GameFAQs community=7.6; LaunchBox community Bayesian (raw 8.1, n=132)=8.0; Legacy community=7.8
snes	the lawnmower man	The Lawnmower Man		5.3	1993-11-01	The Sales Curve	THQ		GameFAQs community=5.4; LaunchBox community Bayesian (raw 4.9, n=50)=5.2; LaunchBox Community=5.3
snes	the legend of the mystical ninja	The Legend of the Mystical Ninja	7.9	7.8	1991-07-19	Konami	Konami	GameRankings (n=5)=7.3; MobyGames (n=5)=8.5	GameFAQs community=7.6; LaunchBox community Bayesian (raw 8.1, n=206)=8.0; LaunchBox Community=7.8
snes	the legend of zelda a link to the past	The Legend of Zelda: A Link to the Past	9.3	9.3	1991-11-21	Nintendo EAD	Nintendo	GameRankings (n=15)=9.3; MobyGames (n=5)=9.3	GameFAQs community=9.1; LaunchBox community Bayesian (raw 9.5, n=1334)=9.5; LaunchBox Community=9.3
snes	the lion king	The Lion King	7.8	7.3	1994-10-01	Westwood Studios	Virgin Interactive Entertainment	MobyGames (n=5)=7.8	GameFAQs community=6.9; LaunchBox community Bayesian (raw 7.7, n=189)=7.7; LaunchBox Community=7.3
snes	the lost vikings	The Lost Vikings	8.0	7.9	1993-04-01	Silicon & Synapse	T&E Soft	GameRankings (n=3)=7.7; MobyGames (n=5)=8.1	GameFAQs community=7.7; LaunchBox community Bayesian (raw 8.0, n=171)=7.9; LaunchBox Community=7.9
snes	the lost vikings ii	The Lost Vikings II		7.8	1997-02-27	Blizzard Entertainment	Interplay Productions		LaunchBox community Bayesian (raw 7.9, n=112)=7.8; LaunchBox Community=7.8
snes	the magical quest starring mickey mouse	The Magical Quest Starring Mickey Mouse	8.4	7.8	1992-11-20	Capcom	Capcom	GameRankings (n=3)=8.7; MobyGames (n=5)=8.3	GameFAQs community=7.6; LaunchBox community Bayesian (raw 8.1, n=231)=8.1; LaunchBox Community=7.8
snes	the mask	The Mask	6.5	7.0	1995-10-01	Black Pearl Software	Black Pearl Software	MobyGames (n=5)=6.5	GameFAQs community=6.8; LaunchBox community Bayesian (raw 7.2, n=116)=7.2; LaunchBox Community=7.0
snes	the ninja warriors	The Ninja Warriors		8.1	1994-01-28	Natsume	Taito		GameFAQs community=8.2; LaunchBox community Bayesian (raw 8.0, n=167)=7.9; Legacy community=8.1
snes	the pagemaster	The Pagemaster		5.6	1994-11-01	Probe Software	Fox Interactive		GameFAQs community=5.1; LaunchBox community Bayesian (raw 5.8, n=60)=6.0; LaunchBox Community=5.6
snes	the peace keepers	The Peace Keepers		6.9	1993-12-17	Jaleco	Jaleco		GameFAQs community=6.7; LaunchBox community Bayesian (raw 7.2, n=95)=7.2; LaunchBox Community=6.9
snes	the pirates of dark water	The Pirates of Dark Water	6.4	6.9	1994-05-01	Sunsoft	Sunsoft	MobyGames (n=5)=6.4	GameFAQs community=6.6; LaunchBox community Bayesian (raw 7.1, n=108)=7.1; LaunchBox Community=6.9
snes	the ren and stimpy show buckeroos	The Ren & Stimpy Show: Buckeroos!
snes	the ren and stimpy show fire dogs	The Ren & Stimpy Show: Fire Dogs		5.1	1994-03-01	Argonaut Games	THQ		GameFAQs community=4.4; LaunchBox community Bayesian (raw 5.5, n=46)=5.8; LaunchBox Community=5.1
snes	the ren and stimpy show time warp	The Ren & Stimpy Show: Time Warp		5.1	1994-11-01	Sculptured Software	THQ		GameFAQs community=4.1; LaunchBox community Bayesian (raw 5.9, n=58)=6.1; LaunchBox Community=5.1
snes	the ren and stimpy show veediots	The Ren & Stimpy Show: Veediots!	6.0	5.9	1993-10-01	Gray Matter	THQ	MobyGames (n=5)=6.0	GameFAQs community=5.2; LaunchBox community Bayesian (raw 6.5, n=49)=6.6; LaunchBox Community=5.9
snes	the rocketeer	The Rocketeer	3.9	5.0	1992-02-28	Novalogic	Information Global Service	MobyGames (n=5)=3.9	GameFAQs community=4.1; LaunchBox community Bayesian (raw 5.5, n=45)=5.8; LaunchBox Community=5.0
snes	the shadow	The Shadow		6.1		Ocean Software			GameFAQs community=5.5; LaunchBox community Bayesian (raw 6.6, n=47)=6.7; LaunchBox Community=6.1
snes	the simpsons bart s nightmare	The Simpsons: Bart's Nightmare		5.9	1992-10-12	Sculptured Software	Acclaim Entertainment		GameFAQs community=5.4; LaunchBox community Bayesian (raw 6.4, n=115)=6.4; LaunchBox Community=5.9
snes	the smurfs	The Smurfs		6.4	1994-01-01	Infogrames	Infogrames		GameFAQs community=6.4; LaunchBox community Bayesian (raw 6.2, n=56)=6.3; LaunchBox Community=6.4
snes	the smurfs 2	The Smurfs 2
snes	the sporting news power baseball	The Sporting News Power Baseball
snes	the super aquatic games	The Super Aquatic Games
snes	the terminator	The Terminator	6.0	5.8	1993-04-01	Mindscape	Mindscape	MobyGames (n=5)=6.0	GameFAQs community=5.1; LaunchBox community Bayesian (raw 6.4, n=84)=6.5; LaunchBox Community=5.8
snes	the tick	The Tick	4.4	5.4	1994-11-01	Software Creations	Fox Interactive	MobyGames (n=5)=4.4	GameFAQs community=5.2; LaunchBox community Bayesian (raw 5.3, n=60)=5.5; LaunchBox Community=5.4
snes	the twisted tales of spike mcfang	The Twisted Tales of Spike McFang	6.9	6.9	1993-03-19	Red Company	Bullet-Proof Software	GameRankings (n=3)=7.8; MobyGames (n=5)=6.4	GameFAQs community=6.8; LaunchBox community Bayesian (raw 6.9, n=79)=6.9
snes	the untouchables	The Untouchables	5.5	6.2	1994-08-01	Ocean Software	Ocean Software	MobyGames (n=5)=5.5	GameFAQs community=5.9; LaunchBox community Bayesian (raw 6.4, n=43)=6.5; LaunchBox Community=6.2
snes	the violinist of hameln	The Violinist of Hameln
snes	the wizard of oz	The Wizard of Oz	5.1	3.9	1993-09-01	Manley & Associates	SETA	MobyGames (n=5)=5.1	GameFAQs community=3.3; LaunchBox community Bayesian (raw 4.0, n=55)=4.5; LaunchBox Community=3.9
snes	theme park	Theme Park	8.6	6.3	1995-12-15	Bullfrog Productions	Ocean Software	MobyGames (n=5)=8.6	GameFAQs community=6.5; LaunchBox community Bayesian (raw 6.0, n=45)=6.2; LaunchBox Community=6.3
snes	thomas the tank engine and friends	Thomas the Tank Engine & Friends		4.7	1993-09-01	Software Creations	THQ		GameFAQs community=4.6; LaunchBox community Bayesian (raw 4.3, n=51)=4.7; LaunchBox Community=4.7
snes	thunder spirits	Thunder Spirits		7.2	1991-12-27	TechnoSoft	Seika		GameFAQs community=7.1; LaunchBox community Bayesian (raw 7.4, n=62)=7.3; LaunchBox Community=7.2
snes	time slip	Time Slip	5.4	5.5	1993-11-01	The Sales Curve	Vic Tokai	MobyGames (n=5)=5.4	GameFAQs community=5.3; LaunchBox community Bayesian (raw 5.6, n=62)=5.8; LaunchBox Community=5.5
snes	time trax	Time Trax		5.9	1994-04-01	Malibu Interactive	Malibu Games		GameFAQs community=5.3; LaunchBox community Bayesian (raw 6.4, n=55)=6.5; LaunchBox Community=5.9
snes	timecop	Timecop	3.5	4.4	1995-02-17	Cryo Interactive Entertainment	Victor Entertainment	MobyGames (n=5)=3.5	LaunchBox community Bayesian (raw 3.9, n=56)=4.4; LaunchBox Community=4.4
snes	tin star	Tin Star		7.3	1994-11-01	Software Creations	Nintendo		GameFAQs community=7.3; LaunchBox community Bayesian (raw 7.4, n=61)=7.3; LaunchBox Community=7.3
snes	tiny toon adventures buster busts loose	Tiny Toon Adventures: Buster Busts Loose!	8.5	7.3	1992-12-18	Konami	Konami	MobyGames (n=5)=8.5	GameFAQs community=7.2; LaunchBox community Bayesian (raw 7.5, n=173)=7.5; LaunchBox Community=7.3
snes	tiny toon adventures wacky sports challenge	Tiny Toon Adventures: Wacky Sports Challenge	6.2	7.5	1994-09-30	Konami	Konami	MobyGames (n=5)=6.2	GameFAQs community=7.5; LaunchBox community Bayesian (raw 7.6, n=94)=7.5; LaunchBox Community=7.5
snes	tiny toon adventures wild and wacky sports	Tiny Toon Adventures: Wild & Wacky Sports
snes	tko super championship boxing	TKO Super Championship Boxing	6.4	5.8	1992-04-28	Sting	Sofel	MobyGames (n=5)=6.4	GameFAQs community=5.3; LaunchBox community Bayesian (raw 6.0, n=44)=6.2; LaunchBox Community=5.8
snes	tnn bass tournament of champions	TNN Bass Tournament of Champions		6.1	1994-11-01	Gaps	American Softworks		GameFAQs community=6.0; LaunchBox community Bayesian (raw 5.9, n=33)=6.2; LaunchBox Community=6.1
snes	tom and jerry 2	Tom & Jerry 2
snes	tony meola s sidekicks soccer	Tony Meola's Sidekicks Soccer		5.7	1993-11-01	Sculptured Software	Electro Brain		GameFAQs community=5.4; LaunchBox community Bayesian (raw 5.8, n=42)=6.0; LaunchBox Community=5.7
snes	top gear	Top Gear	8.3	8.1	1992-03-27	Gremlin Graphics Software	Kotobuki System	MobyGames (n=5)=8.3	GameFAQs community=8.0; LaunchBox community Bayesian (raw 8.3, n=194)=8.2; LaunchBox Community=8.1
snes	top gear 3000	Top Gear 3000		7.9	1995-02-01	Gremlin Interactive	Kotobuki System		GameFAQs community=8.1; LaunchBox community Bayesian (raw 7.9, n=106)=7.8
snes	torneco no daibouken fushigi no dungeon	Torneco no Daibouken: Fushigi no Dungeon
snes	total carnage	Total Carnage	8.1	6.7	1993-11-01	Midway Manufacturing	Malibu Games	MobyGames (n=5)=8.1	GameFAQs community=6.1; LaunchBox community Bayesian (raw 7.4, n=72)=7.4; LaunchBox Community=6.7
snes	total football	Total Football		7.3		Domark Software			LaunchBox community Bayesian (raw 8.3, n=3)=7.3
snes	toy story	Toy Story		6.8	1995-12-01	Traveller's Tales (UK)	Nintendo		LaunchBox community Bayesian (raw 6.8, n=101)=6.8
snes	toys	Toys	4.9	3.7	1993	Absolute Entertainment, Inc.		MobyGames (n=5)=4.9	GameFAQs community=3.7
snes	trials of mana	Trials of Mana
snes	troddlers	Troddlers	7.9	6.6	1993-10-01	The Sales Curve	Seika	MobyGames (n=5)=7.9	GameFAQs community=6.8; LaunchBox community Bayesian (raw 6.4, n=49)=6.5; LaunchBox Community=6.6
snes	troy aikman nfl football	Troy Aikman NFL Football		5.1	1994-08-01	Telegames	Williams Entertainment		GameFAQs community=5.2; LaunchBox community Bayesian (raw 4.5, n=37)=5.0; LaunchBox Community=5.1
snes	true lies	True Lies		7.4	1995-02-01	Beam Software	Acclaim Entertainment		GameFAQs community=7.8; LaunchBox community Bayesian (raw 7.1, n=92)=7.1; LaunchBox Community=7.4
snes	tuff e nuff	Tuff E Nuff		6.4	1993-03-26	Jaleco	Jaleco		GameFAQs community=6.2; LaunchBox community Bayesian (raw 6.5, n=56)=6.6; LaunchBox Community=6.4
snes	turn and burn no fly zone	Turn and Burn: No-Fly Zone		6.7	1994-02-01	Imagineering	Sony Imagesoft		GameFAQs community=6.7; LaunchBox community Bayesian (raw 6.7, n=54)=6.7
snes	u n squadron	U.N. Squadron	8.3	8.1	1991-07-26	Capcom	Capcom	GameRankings (n=3)=8.7; MobyGames (n=5)=8.1	GameFAQs community=8.2; LaunchBox community Bayesian (raw 8.1, n=182)=8.0
snes	ultima runes of virtue ii	Ultima: Runes of Virtue II		5.5	1994-06-17	Origin Systems	FCI		GameFAQs community=5.8; LaunchBox community Bayesian (raw 4.9, n=50)=5.2; LaunchBox Community=5.5
snes	ultima the black gate	Ultima: The Black Gate		5.7					GameFAQs community=5.7
snes	ultima vi the false prophet	Ultima VI: The False Prophet	8.2		1992	ORIGIN Systems, Inc.		MobyGames (n=5)=8.2
snes	ultima vii the black gate	Ultima VII: The Black Gate
snes	ultimate fighter	Ultimate Fighter		6.0	1992-07-31	Culture Brain	Culture Brain		GameFAQs community=5.5; LaunchBox community Bayesian (raw 6.2, n=45)=6.3; LaunchBox Community=6.0
snes	ultimate mortal kombat 3	Ultimate Mortal Kombat 3		8.1	1996-10-11	Avalanche Software	Acclaim Entertainment		GameFAQs community=8.2; LaunchBox community Bayesian (raw 8.1, n=212)=8.1
snes	ultraman towards the future	Ultraman: Towards the Future
snes	uncharted waters	Uncharted Waters	6.8	6.4	1992-08-05	Koei	Koei	GameRankings (n=5)=6.8	GameFAQs community=7.2; LaunchBox community Bayesian (raw 5.4, n=39)=5.7; LaunchBox Community=6.4
snes	uncharted waters new horizons	Uncharted Waters: New Horizons
snes	uniracers	Uniracers	8.0	7.5	1994-12-01	DMA Design	Nintendo	GameRankings (n=5)=7.9; MobyGames (n=5)=8.1	GameFAQs community=7.4; LaunchBox community Bayesian (raw 7.6, n=136)=7.6; LaunchBox Community=7.5
snes	unirally	Unirally
snes	universal soldier	Universal Soldier		6.3		The Code Monkeys			LaunchBox community Bayesian (raw 6.2, n=55)=6.3; LaunchBox Community=6.3
snes	urban strike	Urban Strike		6.4					GameFAQs community=6.4; Legacy community=6.4
snes	utopia the creation of a nation	Utopia: The Creation of a Nation	8.0	6.0	1993-09-01	Gremlin Graphics Software	Konami	MobyGames (n=5)=8.0	GameFAQs community=6.3; LaunchBox community Bayesian (raw 5.6, n=55)=5.8; LaunchBox Community=6.0
snes	val d isere championship	Val d'Isere Championship
snes	vegas stakes	Vegas Stakes	6.6	6.7	1993-08-30	HAL Laboratory	Imagineer	GameRankings (n=5)=6.6	GameFAQs community=6.6; LaunchBox community Bayesian (raw 6.7, n=68)=6.7
snes	virtual bart	Virtual Bart	5.0	5.7	1994-09-01	Sculptured Software	Acclaim Entertainment	MobyGames (n=5)=5.0	GameFAQs community=5.0; LaunchBox community Bayesian (raw 6.1, n=70)=6.2; LaunchBox Community=5.7
snes	virtual soccer	Virtual Soccer		5.8	1994-03-18	Probe Software	Hudson Soft		GameFAQs community=6.0; LaunchBox community Bayesian (raw 5.4, n=45)=5.7; LaunchBox Community=5.8
snes	vortex	Vortex	6.7	5.8	1994-09-01	Argonaut Games	Electro Brain	GameRankings (n=3)=6.7	GameFAQs community=5.5; LaunchBox community Bayesian (raw 5.8, n=48)=6.0
snes	waialae country club	Waialae Country Club
snes	war 2410	War 2410		5.2	1995-12-01	Advanced Productions	Advanced Productions		GameFAQs community=5.3; LaunchBox community Bayesian (raw 4.6, n=36)=5.1; LaunchBox Community=5.2
snes	war 3010 the revolution	War 3010: The Revolution		6.0	1996-10-01	Advanced Productions	Advanced Productions		GameFAQs community=5.7; LaunchBox community Bayesian (raw 6.1, n=40)=6.3; LaunchBox Community=6.0
snes	wario s woods	Wario's Woods		7.4	1994-12-01	Intelligent Systems	Nintendo		GameFAQs community=7.1; LaunchBox community Bayesian (raw 7.7, n=105)=7.6; LaunchBox Community=7.4
snes	warlock	Warlock	6.4	5.9	1995-03-01	Realtime Associates	Trimark Interactive	MobyGames (n=5)=6.4	GameFAQs community=5.8; LaunchBox community Bayesian (raw 5.5, n=15)=6.1; LaunchBox Community=5.9
snes	warp speed	Warp Speed	5.1	5.3	1992-12-01	Accolade	Accolade	MobyGames (n=5)=5.1	LaunchBox community Bayesian (raw 4.8, n=37)=5.3; LaunchBox Community=5.3
snes	waterworld	Waterworld		6.0	1995-01-01	Ocean Software	Ocean Software		GameFAQs community=6.3; LaunchBox community Bayesian (raw 5.5, n=43)=5.8; LaunchBox Community=6.0
snes	wayne gretzky and the nhlpa all stars	Wayne Gretzky and the NHLPA All-Stars	6.2	5.3	1995-12-01	Sculptured Software	Time Warner Interactive	GameRankings (n=3)=6.7; MobyGames (n=5)=5.9	GameFAQs community=4.4; LaunchBox community Bayesian (raw 6.1, n=39)=6.3; LaunchBox Community=5.3
snes	wayne s world	Wayne's World	4.4	3.5	1993-04-01	Gray Matter	THQ	GameRankings (n=3)=4.6; MobyGames (n=5)=4.3	GameFAQs community=2.7; LaunchBox community Bayesian (raw 3.8, n=50)=4.3; LaunchBox Community=3.5
snes	wcw superbrawl wrestling	WCW SuperBrawl Wrestling		6.2	1994-11-01	Beam Software	FCI		LaunchBox community Bayesian (raw 6.0, n=42)=6.2; LaunchBox Community=6.2
snes	we re back a dinosaur s story	We're Back!: A Dinosaur's Story	5.6	4.9	1993-11-01	Visual Concepts	Hi-Tech Expressions	MobyGames (n=5)=5.6	GameFAQs community=5.0; LaunchBox community Bayesian (raw 4.5, n=60)=4.9; LaunchBox Community=4.9
snes	weaponlord	WeaponLord		7.3	1995-09-01	Visual Concepts Entertainment	Namco Hometek		GameFAQs community=7.8; LaunchBox community Bayesian (raw 6.8, n=59)=6.8; LaunchBox Community=7.3
snes	wheel of fortune deluxe edition	Wheel of Fortune: Deluxe Edition		5.2	1994-04-01	Imagitec Design	GameTek		GameFAQs community=5.6; LaunchBox community Bayesian (raw 4.4, n=48)=4.8; LaunchBox Community=5.2
snes	where in the world is carmen sandiego	Where in the World Is Carmen Sandiego		5.9	1993-06-01	Electronic Arts Canada	Hi-Tech Expressions		GameFAQs community=5.8; LaunchBox community Bayesian (raw 5.7, n=55)=5.9
snes	where in time is carmen sandiego	Where in Time is Carmen Sandiego		5.5	1993-05-01	Electronic Arts Canada	Hi-Tech Expressions		GameFAQs community=5.0; LaunchBox community Bayesian (raw 5.7, n=46)=5.9; LaunchBox Community=5.5
snes	whirlo	Whirlo		6.3	1992-01-01	Nova	Namco		GameFAQs community=6.8; LaunchBox community Bayesian (raw 5.6, n=59)=5.8; LaunchBox Community=6.3
snes	whizz	Whizz		5.9	1996-11-01	Titus France	Titus Software		GameFAQs community=5.7; LaunchBox community Bayesian (raw 5.8, n=41)=6.0; LaunchBox Community=5.9
snes	wicked 18 golf	Wicked 18 Golf
snes	wild guns	Wild Guns	8.0	8.2	1994-08-12	Natsume	Natsume	GameRankings (n=4)=7.9; MobyGames (n=5)=8.1	GameFAQs community=8.2; LaunchBox community Bayesian (raw 8.2, n=213)=8.1
snes	wild snake	Wild Snake	7.8	5.8	1994-09-01	Manley & Associates	Spectrum Holobyte	MobyGames (n=5)=7.8	LaunchBox community Bayesian (raw 5.5, n=44)=5.8; LaunchBox Community=5.8
snes	wile e coyotes revenge	Wile E Coyotes Revenge
snes	wing commander	Wing Commander		6.5	1992-11-01	Mindscape	Mindscape		GameFAQs community=6.4; LaunchBox community Bayesian (raw 6.4, n=67)=6.5; LaunchBox Community=6.5
snes	wing commander the secret missions	Wing Commander: The Secret Missions		5.6	1993-09-01	Mindscape	Mindscape		GameFAQs community=5.9; LaunchBox community Bayesian (raw 5.0, n=44)=5.4; LaunchBox Community=5.6
snes	wings 2 aces high	Wings 2: Aces High	6.4	6.4	1992-09-29	Acme Interactive	Namco	MobyGames (n=5)=6.4	GameFAQs community=5.6; LaunchBox community Bayesian (raw 7.3, n=53)=7.3; LaunchBox Community=6.4
snes	winter extreme skiing and snowboarding	Winter Extreme Skiing and Snowboarding
snes	winter gold	Winter Gold		6.4	1996-01-01	Funcom Oslo	Nintendo		GameFAQs community=7.4; LaunchBox community Bayesian (raw 5.1, n=35)=5.5; LaunchBox Community=6.4
snes	winter olympic games lillehammer 94	Winter Olympic Games: Lillehammer '94		5.7	1994-02-24	Tiertex	U.S. Gold		GameFAQs community=5.8; LaunchBox community Bayesian (raw 5.4, n=43)=5.7; LaunchBox Community=5.7
snes	wizardry v heart of the maelstrom	Wizardry V: Heart of the Maelstrom		6.8	1992-11-20	Sir-Tech Software	Capcom		GameFAQs community=7.1; LaunchBox community Bayesian (raw 6.5, n=64)=6.6; LaunchBox Community=6.8
snes	wolf child	Wolf Child	5.4	6.1	1993-06-01	Core Design	Virgin Games	MobyGames (n=5)=5.4	LaunchBox community Bayesian (raw 6.0, n=59)=6.1; LaunchBox Community=6.1
snes	wolfenstein 3d	Wolfenstein 3D	7.1	6.2	1994	id Software, Inc.	Imagineer	GameRankings (n=3)=5.8; MobyGames (n=5)=7.8	GameFAQs community=6.4; LaunchBox community Bayesian (raw 5.9, n=93)=6.0; Legacy community=6.2
snes	wolverine adamantium rage	Wolverine: Adamantium Rage	5.9	5.9	1994-11-28	BITS	Acclaim Entertainment	MobyGames (n=5)=5.9	GameFAQs community=5.5; LaunchBox community Bayesian (raw 6.1, n=100)=6.2; LaunchBox Community=5.9
snes	wordtris	Wordtris	6.1	5.4	1992-11-01	Sphere	Spectrum Holobyte	GameRankings (n=3)=5.6; MobyGames (n=5)=6.4	GameFAQs community=5.5; LaunchBox community Bayesian (raw 4.9, n=48)=5.3; LaunchBox Community=5.4
snes	world class rugby	World Class Rugby		6.1	1993-01-29	Denton Designs	Imagineer		GameFAQs community=5.6; LaunchBox community Bayesian (raw 6.3, n=35)=6.5; LaunchBox Community=6.1
snes	world cup striker	World Cup Striker
snes	world cup usa 94	World Cup USA 94	7.9	6.5	1994-05-26	Tiertex	Sunsoft	MobyGames (n=5)=7.9	GameFAQs community=6.3; LaunchBox community Bayesian (raw 6.6, n=47)=6.7; LaunchBox Community=6.5
snes	world heroes	World Heroes		6.9	1993-08-12	Sunsoft	Sunsoft		GameFAQs community=6.7; LaunchBox community Bayesian (raw 7.2, n=55)=7.2; LaunchBox Community=6.9
snes	world league basketball	World League Basketball
snes	world league soccer	World League Soccer		5.6	1991-09-20	C-lab.	Mindscape		GameFAQs community=5.8; LaunchBox community Bayesian (raw 5.1, n=45)=5.4; LaunchBox Community=5.6
snes	world masters golf	World Masters Golf		5.5	1995-11-23	Arc Developments	Virgin Interactive Entertainment (Europe)		GameFAQs community=4.7; LaunchBox community Bayesian (raw 6.1, n=32)=6.3; LaunchBox Community=5.5
snes	world soccer	World Soccer
snes	world soccer 94 road to glory	World Soccer 94: Road to Glory		6.3	1993-12-01	Rage Software	Atlus		GameFAQs community=6.3; LaunchBox community Bayesian (raw 6.1, n=49)=6.3; LaunchBox Community=6.3
snes	worms	Worms		6.4	1996-01-01	East Point Software	Ocean Software		GameFAQs community=6.0; LaunchBox community Bayesian (raw 6.7, n=54)=6.7; LaunchBox Community=6.4
snes	wwf raw	WWF Raw	7.7	6.9	1994-11-25	Sculptured Software	LJN	MobyGames (n=5)=7.7	GameFAQs community=7.2; LaunchBox community Bayesian (raw 6.6, n=73)=6.6; LaunchBox Community=6.9
snes	wwf royal rumble	WWF Royal Rumble		7.0	1993-06-08	Sculptured Software	Acclaim Entertainment		GameFAQs community=7.2; LaunchBox community Bayesian (raw 6.8, n=92)=6.8; LaunchBox Community=7.0
snes	wwf super wrestlemania	WWF Super WrestleMania	7.5	6.1	1992-03-01	Sculptured Software	Acclaim Entertainment	GameRankings (n=3)=7.5	GameFAQs community=5.7; LaunchBox community Bayesian (raw 6.4, n=78)=6.5; LaunchBox Community=6.1
snes	wwf wrestlemania the arcade game	WWF WrestleMania: The Arcade Game		7.0	1995-11-01	Sculptured Software	Acclaim Entertainment		GameFAQs community=7.0; LaunchBox community Bayesian (raw 7.0, n=85)=7.0
snes	x kaliber 2097	X-Kaliber 2097	6.4	6.6	1994-02-11	Winds	Activision	MobyGames (n=5)=6.4	GameFAQs community=6.1; LaunchBox community Bayesian (raw 7.2, n=78)=7.2; LaunchBox Community=6.6
snes	x men mutant apocalypse	X-Men: Mutant Apocalypse	7.6	7.6	1994-11-01	Capcom	Capcom	GameRankings (n=3)=7.6	GameFAQs community=7.4; LaunchBox community Bayesian (raw 7.8, n=205)=7.8; LaunchBox Community=7.6
snes	x zone	X Zone	6.5	5.9	1992-11-01	Kemco	Kemco	GameRankings (n=4)=6.7; MobyGames (n=5)=6.4	GameFAQs community=6.0; LaunchBox community Bayesian (raw 5.7, n=45)=5.9; LaunchBox Community=5.9
snes	xardion	Xardion	5.0	6.3	1992-03-20	Jorudan	Asmik Corporation of America	MobyGames (n=5)=5.0	GameFAQs community=6.1; LaunchBox community Bayesian (raw 6.4, n=57)=6.5; LaunchBox Community=6.3
snes	yogi bear	Yogi Bear
snes	yoshi s cookie	Yoshi's Cookie		7.0	1993-07-09	Bullet-Proof Software	Bullet-Proof Software		GameFAQs community=6.9; LaunchBox community Bayesian (raw 7.1, n=108)=7.1; LaunchBox Community=7.0
snes	yoshi s safari	Yoshi's Safari		6.8	1993-07-14	TOSE	Nintendo		GameFAQs community=6.6; LaunchBox community Bayesian (raw 6.9, n=92)=6.9; LaunchBox Community=6.8
snes	young merlin	Young Merlin	7.9	6.5	1994-03-01	Westwood Studios	Virgin Games	MobyGames (n=5)=7.9	GameFAQs community=6.1; LaunchBox community Bayesian (raw 7.0, n=61)=7.0; LaunchBox Community=6.5
snes	ys iii wanderers from ys	Ys III: Wanderers from Ys	6.4	7.0	1991-06-21	Advance Communication Company	American Sammy	GameRankings (n=4)=6.4	GameFAQs community=6.8; LaunchBox community Bayesian (raw 7.2, n=93)=7.2; LaunchBox Community=7.0
snes	zero the kamikaze squirrel	Zero the Kamikaze Squirrel	7.9	6.9	1994-11-01	Iguana Entertainment	Sunsoft	MobyGames (n=5)=7.9	GameFAQs community=6.9; LaunchBox community Bayesian (raw 6.9, n=89)=6.9
snes	zombies	Zombies
snes	zombies ate my neighbors	Zombies Ate My Neighbors	8.4	8.0	1993-09-01	LucasArts	Konami	GameRankings (n=5)=8.4; MobyGames (n=5)=8.4	GameFAQs community=7.8; LaunchBox community Bayesian (raw 8.3, n=329)=8.3; LaunchBox Community=8.0
snes	zool	Zool
snes	zoop	Zoop		6.0	1995-01-01	PanelComp	Viacom New Media		GameFAQs community=5.7; LaunchBox community Bayesian (raw 6.1, n=58)=6.2; LaunchBox Community=6.0
switch	bayonetta 2	Bayonetta 2	9.1	9	2014-10-24	PlatinumGames	Nintendo	Metacritic=9.1 (n=80) | GameRankings=9.1 (n=53)	Metacritic users=9.0
switch	blasphemous ii	Blasphemous II
switch	mega man 11	Mega Man 11	8	7.8	2018-10-02	Capcom	Capcom	Metacritic=8 (n=29) | GameRankings=8.0 (n=13)	Metacritic users=7.8
switch	metroid dread	Metroid Dread	8.8	8.8	2021-10-08	Mercury Steam	Nintendo	Metacritic=8.8 (n=133)	Metacritic users=8.8
switch	new super mario bros u deluxe	New Super Mario Bros. U Deluxe	8.0	7.7	2019-01-11	Nintendo EPD	Nintendo	Metacritic=8.0; GameRankings (n=29)=8.0	Metacritic users=7.1; LaunchBox community Bayesian (raw 8.3, n=199)=8.2; Legacy community=7.7
switch	prince of persia the lost crown	Prince of Persia The Lost Crown	8.8	8.3	2024-01-18	Ubisoft Montpellier	Ubisoft	Metacritic=8.8 (n=28)	Metacritic users=8.3
switch	sonic superstars	Sonic Superstars	6.7	7.6	2023-10-17	Sonic Team	Sega	Metacritic=6.7	Metacritic users=7.2; LaunchBox community Bayesian (raw 8.2, n=63)=8.0; Legacy community=7.6
switch	sonic x shadow generations	Sonic X Shadow Generations	8.2	8.6	2024-10-25	Sonic Team	Sega	Metacritic=8.2	Metacritic users=9.1; LaunchBox community Bayesian (raw 8.7, n=17)=8.1; Legacy community=8.6
switch	super mario 3d world bowsers fury	Super Mario 3D World Bowsers Fury
switch	super mario bros wonder	Super Mario Bros. Wonder	9.2	9.0	2023-10-20	Nintendo EPD	Nintendo	Metacritic=9.2	Metacritic users=8.9; LaunchBox community Bayesian (raw 9.2, n=314)=9.1; Legacy community=9.0
switch	super mario odyssey	Super Mario Odyssey	9.7	9.1	2017-10-27	Nintendo EPD	Nintendo	Metacritic=9.7; GameRankings (n=58)=9.7	Metacritic users=8.9; LaunchBox community Bayesian (raw 9.2, n=573)=9.2; Legacy community=9.1
switch	the legend of zelda links awakening	The Legend of Zelda Links Awakening	8.7		2019-01-01			GameRankings=8.7 (n=49)
wii	castlevania the adventure rebirth	Castlevania: The Adventure ReBirth	8.1	8.0	2009-12-28	M2	Konami	Metacritic=7.8; GameRankings (n=21)=8.1	Metacritic users=8.0; LaunchBox community Bayesian (raw 8.0, n=91)=7.9
wii	contra rebirth	Contra ReBirth	7.7	7.8	2009-09-07	M2	Konami	Metacritic=7.6; GameRankings (n=15)=7.7	Metacritic users=7.6; LaunchBox community Bayesian (raw 8.1, n=69)=8.0; Legacy community=7.8
wii	donkey kong country returns	Donkey Kong Country Returns	8.8	8.7	2010-11-21	Retro Studios	Nintendo	Metacritic=8.7; GameRankings (n=55)=8.8	Metacritic users=8.6; LaunchBox community Bayesian (raw 8.9, n=296)=8.8; Legacy community=8.7
wii	excite truck	Excite Truck	7.4	7.7	2006-11-19	Monster Games Inc.	Nintendo	Metacritic=7.2 (n=57) | GameRankings=7.5 (n=69)	Metacritic users=7.7
wii	mario kart wii	Mario Kart Wii	8.2	8.6	2008-04-27	Nintendo	Nintendo	Metacritic=8.2 (n=73) | GameRankings=8.2 (n=74)	Metacritic users=8.6
wii	mega man	Mega Man
wii	muramasa the demon blade	Muramasa: The Demon Blade	8.1	7.9	2009-09-08	Vanillaware	Rising Star Games	Metacritic=8.1 (n=58) | GameRankings=8.2 (n=45)	Metacritic users=7.9
wii	new super mario bros wii	New Super Mario Bros. Wii	8.8	8.6	2009-11-15	Nintendo EAD	Nintendo	Metacritic=8.7; GameRankings (n=58)=8.8	Metacritic users=8.2; LaunchBox community Bayesian (raw 8.9, n=556)=8.9; Legacy community=8.6
wii	pandora s tower	Pandora's Tower	7.3	8.1	2013-04-16	Ganbarion	Nintendo	Metacritic=7.3 (n=48) | GameRankings=7.2 (n=27)	Metacritic users=8.1
wii	punch out	Punch-Out!!	8.7	8.6	2009-05-18	Next Level Games	Nintendo	Metacritic=8.6; GameRankings (n=48)=8.7	Metacritic users=8.5; LaunchBox community Bayesian (raw 8.8, n=150)=8.7; Legacy community=8.6
wii	resident evil 4 wii edition	Resident Evil 4: Wii Edition	9.2		2007-01-01			GameRankings=9.2 (n=61)
wii	super mario galaxy	Super Mario Galaxy	9.8	9.2	2007-11-12	Nintendo EAD	Nintendo	Metacritic=9.7; GameRankings (n=78)=9.8	Metacritic users=9.0; LaunchBox community Bayesian (raw 9.3, n=562)=9.3; Legacy community=9.2
wii	super mario galaxy 2	Super Mario Galaxy 2	9.7	9.1	2010-05-23	Nintendo EAD	Nintendo	Metacritic=9.8; GameRankings (n=56)=9.7	Metacritic users=9.0; LaunchBox community Bayesian (raw 9.3, n=357)=9.2; Legacy community=9.1
wii	the legend of zelda skyward sword	The Legend of Zelda: Skyward Sword	9.3					GameRankings=9223372036854775807 (n=61)
wii	the legend of zelda twilight princess	The Legend of Zelda: Twilight Princess	9.5	9.0	2006-11-19	Nintendo EAD	Nintendo	Metacritic=9.5; GameRankings (n=84)=9.5	Metacritic users=8.9; LaunchBox community Bayesian (raw 9.1, n=172)=9.0; Legacy community=9.0
wiiu	bayonetta	Bayonetta	8.4	8.7	2014-10-24	PlatinumGames	Nintendo	Metacritic=8.6; GameRankings (n=8)=8.4	Metacritic users=9.0; LaunchBox community Bayesian (raw 8.5, n=52)=8.3; Legacy community=8.7
wiiu	donkey kong country tropical freeze	Donkey Kong Country: Tropical Freeze	8.4	8.8	2014-02-21	Retro Studios	Nintendo	Metacritic=8.3; GameRankings (n=49)=8.4	Metacritic users=8.9; LaunchBox community Bayesian (raw 8.8, n=247)=8.7
wiiu	nes remix pack	NES Remix Pack		8.0	2014-12-05	Nintendo EAD	Nintendo		Metacritic users=8.5; LaunchBox community Bayesian (raw 7.5, n=38)=7.4; Legacy community=8.0
wiiu	super mario 3d world	Super Mario 3D World	9.3	8.9	2013-11-22	Nintendo EAD	Nintendo	Metacritic=9.3; GameRankings (n=54)=9.3	Metacritic users=8.8; LaunchBox community Bayesian (raw 9.1, n=509)=9.1; Legacy community=8.9
wiiu	the legend of zelda the wind waker hd	The Legend of Zelda: The Wind Waker HD	9.1	9.1	2013-09-20	Nintendo EAD	Nintendo	Metacritic=9.0; GameRankings (n=44)=9.1	Metacritic users=9.0; LaunchBox community Bayesian (raw 9.3, n=433)=9.2; Legacy community=9.1
wiiu	the legend of zelda twilight princess hd	The Legend of Zelda: Twilight Princess HD	8.6	8.9	2016-03-04	Tantalus Interactive	Nintendo	Metacritic=8.6; GameRankings (n=47)=8.6	Metacritic users=8.6; LaunchBox community Bayesian (raw 9.2, n=274)=9.1; Legacy community=8.9
