folder	key	title	score	year	developer	source
megadrive	time killers	Time Killers	20	1996	Incredible Technologies, Inc.	https://www.mobygames.com/game/platform:genesis/sort:-critic_score/page:1/
megadrive	xdr x dazedly ray	XDR: X-Dazedly-Ray	30	1990	Unipacc	https://www.mobygames.com/game/platform:genesis/sort:-critic_score/page:1/
megadrive	instruments of chaos starring young indiana jones	Instruments of Chaos Starring Young Indiana Jones	30	1994	Waterman Design, Inc.	https://www.mobygames.com/game/title:e/platform:genesis/sort:-critic_score/page:1/
megadrive	dark castle	Dark Castle	31	1991	Silicon Beach Software, Inc.	https://www.mobygames.com/game/platform:genesis/sort:-critic_score/page:1/
megadrive	arcade classics	Arcade Classics	32	1996	Atari, Inc.	https://www.mobygames.com/game/title:a/platform:genesis/sort:-critic_score/page:1/
megadrive	double dragon 3 the rosetta stone	Double Dragon 3: The Rosetta Stone	33	1992	East Technology Corp.	https://www.mobygames.com/game/title:a/platform:genesis/sort:-critic_score/page:1/
megadrive	gunship	Gunship	33	1993	Probe Software Ltd.	https://www.mobygames.com/game/platform:genesis/sort:-critic_score/page:1/
megadrive	sword of sodan	Sword of Sodan	34	1990	Discovery Software International, Inc.	https://www.mobygames.com/game/platform:genesis/sort:-critic_score/page:1/
megadrive	unnecessary roughness 95	Unnecessary Roughness '95	35	1994	Accolade, Inc.	https://www.mobygames.com/game/platform:genesis/sort:-critic_score/page:1/
megadrive	double dragon ii the revenge	Double Dragon II: The Revenge	36	1991	Technos Japan Corp.	https://www.mobygames.com/game/title:a/platform:genesis/sort:-critic_score/page:1/
megadrive	cutthroat island	Cutthroat Island	36	1996	Software Creations Ltd.	https://www.mobygames.com/game/title:a/platform:genesis/sort:-critic_score/page:1/
megadrive	barney s hide seek game	Barney's Hide & Seek Game	36	1993	Realtime Associates, Inc.	https://www.mobygames.com/game/platform:genesis/sort:-critic_score/page:1/
megadrive	heavy nova	Heavy Nova	37	1992	Holocronet	https://www.mobygames.com/game/platform:genesis/sort:-critic_score/page:1/
megadrive	f1 triple battle	F1 Triple Battle	37	1991	Human Entertainment, Inc.	https://www.mobygames.com/game/platform:genesis/sort:-critic_score/page:1/
megadrive	american gladiators	American Gladiators	38	1993	Imagitec Design Inc.	https://www.mobygames.com/game/title:a/platform:genesis/sort:-critic_score/page:1/
megadrive	rise of the robots	Rise of the Robots	38	1994	Mirage Technologies (Multimedia) Ltd.	https://www.mobygames.com/game/platform:genesis/sort:-critic_score/page:1/
megadrive	techno cop	Techno Cop	39	1990	Imagexcel	https://www.mobygames.com/game/platform:genesis/sort:-critic_score/page:1/
megadrive	hit the ice the video hockey league	Hit the Ice: The Video Hockey League	39	1992	Taito Corporation	https://www.mobygames.com/game/platform:genesis/sort:-critic_score/page:1/
megadrive	beast wrestler	Beast Wrestler	40	1991	Riot	https://www.mobygames.com/game/platform:genesis/sort:-critic_score/page:1/
megadrive	t2 terminator 2 judgment day	T2: Terminator 2 - Judgment Day	40	1993	B.I.T.S., Ltd.	https://www.mobygames.com/game/platform:genesis/sort:-critic_score/page:1/
megadrive	traysia	Traysia	40	1992	Riot	https://www.mobygames.com/game/platform:genesis/sort:-critic_score/page:1/
megadrive	galaxy force ii	Galaxy Force II	41	1991	Sega R&D1	https://www.mobygames.com/game/title:a/platform:genesis/sort:-critic_score/page:1/
megadrive	syd of valis	Syd of Valis	42	1992	I.S.C. Co., Ltd.	https://www.mobygames.com/game/platform:genesis/sort:-critic_score/page:1/
megadrive	the tick	The Tick	42	1994	Software Creations Ltd.	https://www.mobygames.com/game/platform:genesis/sort:-critic_score/page:1/
megadrive	warpspeed	WarpSpeed	42	1993	Accolade, Inc.	https://www.mobygames.com/game/platform:genesis/sort:-critic_score/page:1/
megadrive	disney s ariel the little mermaid	Disney's Ariel the Little Mermaid	43	1992	BlueSky Software, Inc.	https://www.mobygames.com/game/title:a/platform:genesis/sort:-critic_score/page:1/
megadrive	revolution x	Revolution X	43	1995	Midway Manufacturing Company	https://www.mobygames.com/game/title:a/platform:genesis/sort:-critic_score/page:1/
megadrive	menacer 6 game cartridge	Menacer 6-Game Cartridge	43	1992	Western Technologies Inc.	https://www.mobygames.com/game/title:e/platform:genesis/sort:-critic_score/page:1/
megadrive	wheel of fortune	Wheel of Fortune	43	1992	Imagitec Design Inc.	https://www.mobygames.com/game/platform:genesis/sort:-critic_score/page:1/
megadrive	street smart	Street Smart	45	1991	SNK Corporation	https://www.mobygames.com/game/platform:genesis/sort:-critic_score/page:1/
megadrive	tony la russa baseball	Tony La Russa Baseball	46	1993	Beyond Software, Inc.	https://www.mobygames.com/game/platform:genesis/sort:-critic_score/page:1/
megadrive	deadly moves	Deadly Moves	46	1992	System Vision	https://www.mobygames.com/game/title:a/platform:genesis/sort:-critic_score/page:1/
megadrive	espn baseball tonight	ESPN Baseball Tonight	46	1994	Stormfront Studios	https://www.mobygames.com/game/title:e/platform:genesis/sort:-critic_score/page:1/
megadrive	pac man 2 the new adventures	Pac-Man 2: The New Adventures	46	1994	Namco Limited	https://www.mobygames.com/game/title:a/platform:genesis/sort:-critic_score/page:1/
megadrive	the adventures of rocky and bullwinkle and friends	The Adventures of Rocky and Bullwinkle and Friends	46	1993	Absolute Entertainment, Inc.	https://www.mobygames.com/game/title:a/platform:genesis/sort:-critic_score/page:1/
megadrive	disney s beauty and the beast roar of the beast	Disney's Beauty and the Beast: Roar of the Beast	47	1993	Software Creations Ltd.	https://www.mobygames.com/game/title:a/platform:genesis/sort:-critic_score/page:1/
megadrive	championship bowling	Championship Bowling	47	1993	Soft Machine	https://www.mobygames.com/game/platform:genesis/sort:-critic_score/page:1/
megadrive	nba all star challenge	NBA All-Star Challenge	47	1992	Beam Software Pty., Ltd.	https://www.mobygames.com/game/title:a/platform:genesis/sort:-critic_score/page:1/
megadrive	nastar warrior	Nastar Warrior	47	1990	Taito Corporation	https://www.mobygames.com/game/platform:genesis/sort:-critic_score/page:1/
megadrive	steel talons	Steel Talons	47	1992	Atari Games Corporation	https://www.mobygames.com/game/platform:genesis/sort:-critic_score/page:1/
megadrive	exo squad	Exo Squad	47	1995	Novotrade Software Kft.	https://www.mobygames.com/game/title:e/platform:genesis/sort:-critic_score/page:1/
megadrive	shadow blasters	Shadow Blasters	47	1990	Cyclone System	https://www.mobygames.com/game/platform:genesis/sort:-critic_score/page:1/
megadrive	bram stoker s dracula	Bram Stoker's Dracula	48	1993	Traveller's Tales (UK) Ltd.	https://www.mobygames.com/game/platform:genesis/sort:-critic_score/page:1/
megadrive	quad challenge	Quad Challenge	48	1991	Namco Limited	https://www.mobygames.com/game/platform:genesis/sort:-critic_score/page:1/
megadrive	andre agassi tennis	Andre Agassi Tennis	48	1992	TecMagik Entertainment Ltd.	https://www.mobygames.com/game/title:a/platform:genesis/sort:-critic_score/page:1/
megadrive	captain planet and the planeteers	Captain Planet and the Planeteers	48	1992	NovaLogic, Inc.	https://www.mobygames.com/game/title:a/platform:genesis/sort:-critic_score/page:1/
megadrive	air diver	Air Diver	49	1990	Copya System Ltd.	https://www.mobygames.com/game/title:a/platform:genesis/sort:-critic_score/page:1/
megadrive	mickey s ultimate challenge	Mickey's Ultimate Challenge	49	1994	Designer Software	https://www.mobygames.com/game/platform:genesis/sort:-critic_score/page:1/
megadrive	growl	Growl	49	1991	Taito Corporation	https://www.mobygames.com/game/platform:genesis/sort:-critic_score/page:1/
megadrive	disney s beauty and the beast belle s quest	Disney's Beauty and the Beast: Belle's Quest	50	1993	Software Creations Ltd.	https://www.mobygames.com/game/title:a/platform:genesis/sort:-critic_score/page:1/
megadrive	kageki	Kageki	50	1991	Kaneko Co., Ltd.	https://www.mobygames.com/game/platform:genesis/sort:-critic_score/page:2/
megadrive	dick vitale s awesome baby college hoops	Dick Vitale's "Awesome, Baby!" College Hoops	50	1994	Tengen Inc.	https://www.mobygames.com/game/title:a/platform:genesis/sort:-critic_score/page:1/
megadrive	super volley ball	Super Volley ball	50	1990	Video System Co., Ltd.	https://www.mobygames.com/game/title:a/platform:genesis/sort:-critic_score/page:1/
megadrive	strider 2	Strider 2	50	1993	Tiertex Ltd.	https://www.mobygames.com/game/platform:genesis/sort:-critic_score/page:2/
megadrive	devilish the next possession	Devilish: The Next Possession	50	1992	Genki Co., Ltd.	https://www.mobygames.com/game/platform:genesis/sort:-critic_score/page:2/
megadrive	venom spider man separation anxiety	Venom • Spider-Man: Separation Anxiety	50	1995	Software Creations Ltd.	https://www.mobygames.com/game/title:a/platform:genesis/sort:-critic_score/page:1/
megadrive	cliffhanger	Cliffhanger	50	1993	Malibu Interactive	https://www.mobygames.com/game/platform:genesis/sort:-critic_score/page:2/
megadrive	cal ripken jr baseball	Cal Ripken Jr. Baseball	50	1992	Beam Software Pty., Ltd.	https://www.mobygames.com/game/platform:genesis/sort:-critic_score/page:2/
megadrive	nakajima satoru kansh f 1 grand prix	Nakajima Satoru Kanshū F-1 Grand Prix	50	1991	Varie Corporation	https://www.mobygames.com/game/platform:genesis/sort:-critic_score/page:2/
megadrive	back to the future part iii	Back to the Future Part III	50	1991	Probe Software Ltd.	https://www.mobygames.com/game/platform:genesis/sort:-critic_score/page:2/
megadrive	foreman for real	Foreman for Real	50	1995	Software Creations Ltd.	https://www.mobygames.com/game/platform:genesis/sort:-critic_score/page:2/
megadrive	double dragon	Double Dragon	50	1993	Technos Japan Corp.	https://www.mobygames.com/game/title:a/platform:genesis/sort:-critic_score/page:1/
megadrive	pel	Pelé!	51	1993	Radical Entertainment Inc.	https://www.mobygames.com/game/platform:genesis/sort:-critic_score/page:2/
megadrive	the duel test drive ii	The Duel: Test Drive II	51	1992	Distinctive Software, Inc.	https://www.mobygames.com/game/platform:genesis/sort:-critic_score/page:2/
megadrive	the adventures of mighty max	The Adventures of Mighty Max	51	1994	WJS Design	https://www.mobygames.com/game/title:a/platform:genesis/sort:-critic_score/page:1/
megadrive	mighty morphin power rangers	Mighty Morphin Power Rangers	51	1994	Nova Co., Ltd.	https://www.mobygames.com/game/platform:genesis/sort:-critic_score/page:2/
megadrive	curse	Curse	52	1989	Micronet Co. Ltd.	https://www.mobygames.com/game/platform:genesis/sort:-critic_score/page:2/
megadrive	justice league task force	Justice League: Task Force	52	1995	Sun Corporation of America	https://www.mobygames.com/game/platform:genesis/sort:-critic_score/page:2/
megadrive	mighty morphin power rangers the movie	Mighty Morphin Power Rangers: The Movie	52	1995	SIMS Co., Ltd.	https://www.mobygames.com/game/platform:genesis/sort:-critic_score/page:2/
megadrive	olympic summer games	Olympic Summer Games	52	1996	Tiertex Ltd.	https://www.mobygames.com/game/platform:genesis/sort:-critic_score/page:2/
megadrive	world heroes	World Heroes	52	1994	Alpha Denshi Kōgyō Co., Ltd.	https://www.mobygames.com/game/title:a/platform:genesis/sort:-critic_score/page:1/
megadrive	tongue of the fatman	Tongue of the Fatman	52	1990	Brian A. Rice, Inc.	https://www.mobygames.com/game/platform:genesis/sort:-critic_score/page:2/
megadrive	earnest evans	Earnest Evans	52	1992	Wolf Team	https://www.mobygames.com/game/title:e/platform:genesis/sort:-critic_score/page:1/
megadrive	race drivin	Race Drivin'	52	1993	Atari Games Corporation	https://www.mobygames.com/game/platform:genesis/sort:-critic_score/page:2/
megadrive	robocop 3	RoboCop 3	52	1993	Ocean Software Ltd.	https://www.mobygames.com/game/platform:genesis/sort:-critic_score/page:2/
megadrive	thunder fox	Thunder Fox	52	1991	Taito Corporation	https://www.mobygames.com/game/platform:genesis/sort:-critic_score/page:2/
megadrive	frank thomas big hurt baseball	Frank Thomas Big Hurt Baseball	52	1995	Iguana UK	https://www.mobygames.com/game/platform:genesis/sort:-critic_score/page:2/
megadrive	adventures of yogi bear	Adventures of Yogi Bear	52	1994	Blue Turtle	https://www.mobygames.com/game/title:a/platform:genesis/sort:-critic_score/page:1/
megadrive	mtv s beavis and butt head	MTV's Beavis and Butt-Head	52	1994	Radical Entertainment Inc.	https://www.mobygames.com/game/title:a/platform:genesis/sort:-critic_score/page:1/
megadrive	outrunners	OutRunners	53	1994	Sega AM1 R&D Division	https://www.mobygames.com/game/platform:genesis/sort:-critic_score/page:2/
megadrive	double dragon v the shadow falls	Double Dragon V: The Shadow Falls	53	1994	Leland Interactive Media	https://www.mobygames.com/game/platform:genesis/sort:-critic_score/page:2/
megadrive	the simpsons bart vs the space mutants	The Simpsons: Bart vs. the Space Mutants	53	1992	Imagineering Inc.	https://www.mobygames.com/game/platform:genesis/sort:-critic_score/page:2/
megadrive	warrior of rome	Warrior of Rome	53	1991	Micronet Co. Ltd.	https://www.mobygames.com/game/title:a/platform:genesis/sort:-critic_score/page:1/
megadrive	x perts	X-Perts	53	1996	Abalone	https://www.mobygames.com/game/platform:genesis/sort:-critic_score/page:2/
megadrive	daffy duck in hollywood	Daffy Duck in Hollywood	53	1995	Psionic Systems	https://www.mobygames.com/game/platform:genesis/sort:-critic_score/page:2/
megadrive	captain america and the avengers	Captain America and the Avengers	53	1992	Data East Corporation	https://www.mobygames.com/game/title:e/platform:genesis/sort:-critic_score/page:1/
megadrive	fighting masters	Fighting Masters	53	1991	Aicom Corporation	https://www.mobygames.com/game/platform:genesis/sort:-critic_score/page:2/
megadrive	tecmo world cup 90	Tecmo World Cup '90	53	1992	Tecmo, Ltd.	https://www.mobygames.com/game/platform:genesis/sort:-critic_score/page:2/
megadrive	george foreman s ko boxing	George Foreman's KO Boxing	53	1992	Beam Software Pty., Ltd.	https://www.mobygames.com/game/platform:genesis/sort:-critic_score/page:2/
megadrive	wrestle war	Wrestle War	54	1991	SEGA Enterprises Ltd.	https://www.mobygames.com/game/platform:genesis/sort:-critic_score/page:2/
megadrive	troy aikman nfl football	Troy Aikman NFL Football	54	1994	Tradewest, Inc.	https://www.mobygames.com/game/title:a/platform:genesis/sort:-critic_score/page:1/
megadrive	king of the monsters	King of the Monsters	54	1993	SNK Corporation	https://www.mobygames.com/game/title:a/platform:genesis/sort:-critic_score/page:1/
megadrive	last battle	Last Battle	54	1989	SEGA Enterprises Ltd.	https://www.mobygames.com/game/platform:genesis/sort:-critic_score/page:2/
megadrive	batman return of the joker	Batman: Return of the Joker	54	1992	Sun Electronics Corp.	https://www.mobygames.com/game/platform:genesis/sort:-critic_score/page:2/
megadrive	clue	Clue	54	1992	Sculptured Software, Inc.	https://www.mobygames.com/game/platform:genesis/sort:-critic_score/page:2/
megadrive	spider man	Spider-Man	54	1995	Western Technologies Inc.	https://www.mobygames.com/game/title:a/platform:genesis/sort:-critic_score/page:1/
megadrive	indiana jones and the last crusade the action gam	Indiana Jones and the Last Crusade: The Action Gam...	54	1992	Tiertex Ltd.	https://www.mobygames.com/game/title:e/platform:genesis/sort:-critic_score/page:1/
megadrive	cutie suzuki no ringside angel	Cutie Suzuki no Ringside Angel	54	1990	Copya System Ltd.	https://www.mobygames.com/game/title:a/platform:genesis/sort:-critic_score/page:1/
megadrive	trampoline terror	Trampoline Terror!	55	1990	NCS Corporation	https://www.mobygames.com/game/title:e/platform:genesis/sort:-critic_score/page:1/
megadrive	ferrari grand prix challenge	Ferrari Grand Prix Challenge	55	1992	Aisystem Tokyo	https://www.mobygames.com/game/platform:genesis/sort:-critic_score/page:2/
megadrive	corporation	Corporation	55	1992	Dementia	https://www.mobygames.com/game/platform:genesis/sort:-critic_score/page:3/
megadrive	paperboy 2	Paperboy 2	55	1992	Tengen Inc.	https://www.mobygames.com/game/platform:genesis/sort:-critic_score/page:3/
megadrive	goofy s hysterical history tour	Goofy's Hysterical History Tour	55	1993	Absolute Entertainment, Inc.	https://www.mobygames.com/game/platform:genesis/sort:-critic_score/page:3/
megadrive	space invaders 90	Space Invaders 90	55	1990	Taito Corporation	https://www.mobygames.com/game/platform:genesis/sort:-critic_score/page:3/
megadrive	normy s beach babe o rama	Normy's Beach Babe-O-Rama	55	1994	Realtime Associates, Inc.	https://www.mobygames.com/game/platform:genesis/sort:-critic_score/page:3/
megadrive	brett hull hockey 95	Brett Hull Hockey 95	55	1994	Radical Entertainment Inc.	https://www.mobygames.com/game/platform:genesis/sort:-critic_score/page:3/
megadrive	r b i baseball 4	R.B.I. Baseball 4	56	1992	Tengen Inc.	https://www.mobygames.com/game/platform:genesis/sort:-critic_score/page:3/
megadrive	hurricanes	Hurricanes	56	1994	Arc Developments Limited	https://www.mobygames.com/game/platform:genesis/sort:-critic_score/page:3/
megadrive	final blow	Final Blow	56	1990	Taito Corporation	https://www.mobygames.com/game/platform:genesis/sort:-critic_score/page:3/
megadrive	fatal labyrinth	Fatal Labyrinth	56	1990	SEGA Enterprises Ltd.	https://www.mobygames.com/game/platform:genesis/sort:-critic_score/page:3/
megadrive	the incredible crash dummies	The Incredible Crash Dummies	57	1993	Gray Matter Inc.	https://www.mobygames.com/game/platform:genesis/sort:-critic_score/page:3/
megadrive	monopoly	Monopoly	57	1992	Sculptured Software, Inc.	https://www.mobygames.com/game/platform:genesis/sort:-critic_score/page:3/
megadrive	final zone	Final Zone	57	1990	Wolf Team	https://www.mobygames.com/game/title:a/platform:genesis/sort:-critic_score/page:1/
megadrive	battle frenzy	Battle Frenzy	57	1994	Domark Software Ltd.	https://www.mobygames.com/game/platform:genesis/sort:-critic_score/page:3/
megadrive	the death and return of superman	The Death and Return of Superman	57	1994	Blizzard Entertainment Inc.	https://www.mobygames.com/game/title:a/platform:genesis/sort:-critic_score/page:1/
megadrive	the simpsons bart s nightmare	The Simpsons: Bart's Nightmare	57	1993	Sculptured Software, Inc.	https://www.mobygames.com/game/platform:genesis/sort:-critic_score/page:3/
megadrive	turbo out run	Turbo Out Run	57	1992	AM R&D Dept. #2	https://www.mobygames.com/game/platform:genesis/sort:-critic_score/page:3/
megadrive	will harvey s zany golf	Will Harvey's Zany Golf	57	1990	Sandcastle	https://www.mobygames.com/game/platform:genesis/sort:-critic_score/page:3/
megadrive	saban s vr troopers	Saban's VR Troopers	57	1995	Syrox Developments, Ltd.	https://www.mobygames.com/game/platform:genesis/sort:-critic_score/page:3/
megadrive	liberty or death	Liberty or Death	57	1994	KOEI Corporation	https://www.mobygames.com/game/platform:genesis/sort:-critic_score/page:3/
megadrive	newman haas indycar featuring nigel mansell	Newman/Haas IndyCar featuring Nigel Mansell	57	1994	Gremlin Graphics Software Limited	https://www.mobygames.com/game/title:e/platform:genesis/sort:-critic_score/page:1/
megadrive	tom and jerry frantic antics	Tom and Jerry: Frantic Antics!	57	1994	Beam Software Pty., Ltd.	https://www.mobygames.com/game/title:a/platform:genesis/sort:-critic_score/page:1/
megadrive	jordan vs bird one on one	Jordan vs Bird: One on One	57	1992	Imagineering Inc.	https://www.mobygames.com/game/platform:genesis/sort:-critic_score/page:3/
megadrive	outrun 2019	OutRun 2019	58	1993	Hertz Co. Ltd	https://www.mobygames.com/game/platform:genesis/sort:-critic_score/page:3/
megadrive	virtual bart	Virtual Bart	58	1994	Sculptured Software, Inc.	https://www.mobygames.com/game/platform:genesis/sort:-critic_score/page:3/
megadrive	the ooze	The Ooze	58	1995	Sega Technical Institute	https://www.mobygames.com/game/platform:genesis/sort:-critic_score/page:3/
megadrive	bugs bunny in double trouble	Bugs Bunny in Double Trouble	58	1996	Probe Entertainment Ltd.	https://www.mobygames.com/game/platform:genesis/sort:-critic_score/page:3/
megadrive	best of the best championship karate	Best of the Best Championship Karate	58	1993	Loriciel SA	https://www.mobygames.com/game/platform:genesis/sort:-critic_score/page:3/
megadrive	valis	Valis	58	1991	Riot	https://www.mobygames.com/game/title:a/platform:genesis/sort:-critic_score/page:1/
megadrive	hardball	HardBall!	58	1991	Accolade, Inc.	https://www.mobygames.com/game/platform:genesis/sort:-critic_score/page:3/
megadrive	awesome possum kicks dr machino s butt	Awesome Possum Kicks Dr. Machino's Butt	58	1993	Tengen Inc.	https://www.mobygames.com/game/title:a/platform:genesis/sort:-critic_score/page:1/
megadrive	ishid the way of stones	Ishidō: The Way of Stones	58	1990	Software Resources International	https://www.mobygames.com/game/platform:genesis/sort:-critic_score/page:3/
megadrive	arch rivals	Arch Rivals	58	1992	Midway Manufacturing Company	https://www.mobygames.com/game/title:e/platform:genesis/sort:-critic_score/page:1/
megadrive	champions world class soccer	Champions World Class Soccer	58	1993	Park Place Productions	https://www.mobygames.com/game/title:e/platform:genesis/sort:-critic_score/page:1/
megadrive	g loc air battle	G-Loc: Air Battle	58	1991	AM R&D Dept. #2	https://www.mobygames.com/game/title:a/platform:genesis/sort:-critic_score/page:1/
megadrive	toxic crusaders	Toxic Crusaders	58	1992	Infogrames Europe SA	https://www.mobygames.com/game/platform:genesis/sort:-critic_score/page:3/
megadrive	second samurai	Second Samurai	59	1994	Vivid Image	https://www.mobygames.com/game/platform:genesis/sort:-critic_score/page:3/
megadrive	target earth	Target Earth	59	1990	NCS Corporation	https://www.mobygames.com/game/title:e/platform:genesis/sort:-critic_score/page:1/
megadrive	the incredible hulk	The Incredible Hulk	59	1994	Probe Entertainment Ltd.	https://www.mobygames.com/game/platform:genesis/sort:-critic_score/page:3/
megadrive	bimini run	Bimini Run	59	1991	Microsmiths, Inc.	https://www.mobygames.com/game/platform:genesis/sort:-critic_score/page:3/
megadrive	home alone	Home Alone	60	1992	Brian A. Rice, Inc.	https://www.mobygames.com/game/title:e/platform:genesis/sort:-critic_score/page:1/
megadrive	warlock	Warlock	60	1994	Realtime Associates, Inc.	https://www.mobygames.com/game/title:e/platform:genesis/sort:-critic_score/page:1/
megadrive	stormlord	Stormlord	60	1991		https://www.mobygames.com/game/platform:genesis/sort:-critic_score/page:3/
megadrive	super hydlide	Super Hydlide	60	1989	T&E Soft, Inc.	https://www.mobygames.com/game/title:e/platform:genesis/sort:-critic_score/page:1/
megadrive	crossfire	CrossFire	60	1991	A.I Co., Ltd.	https://www.mobygames.com/game/title:a/platform:genesis/sort:-critic_score/page:1/
megadrive	double dribble the playoff edition	Double Dribble: The Playoff Edition	60	1994	Konami Co., Ltd.	https://www.mobygames.com/game/title:e/platform:genesis/sort:-critic_score/page:1/
megadrive	disney s bonkers	Disney's Bonkers	60	1994	SEGA Interactive Development Division	https://www.mobygames.com/game/platform:genesis/sort:-critic_score/page:3/
megadrive	xenon 2 megablast	Xenon 2: Megablast	60	1990	The Bitmap Brothers	https://www.mobygames.com/game/platform:genesis/sort:-critic_score/page:3/
megadrive	ast rix and the great rescue	Astérix and the Great Rescue	60	1993	Core Design Ltd.	https://www.mobygames.com/game/title:a/platform:genesis/sort:-critic_score/page:1/
megadrive	barkley shut up and jam 2	Barkley: Shut Up and Jam 2	60	1995	Accolade, Inc.	https://www.mobygames.com/game/title:a/platform:genesis/sort:-critic_score/page:1/
megadrive	caliber 50	Caliber.50	60	1991	SETA Corporation	https://www.mobygames.com/game/platform:genesis/sort:-critic_score/page:4/
megadrive	bulls vs blazers and the nba playoffs	Bulls vs. Blazers and the NBA Playoffs	60	1993	Electronic Arts, Inc.	https://www.mobygames.com/game/title:a/platform:genesis/sort:-critic_score/page:1/
megadrive	altered beast	Altered Beast	60	1988	Team Shinobi	https://www.mobygames.com/game/title:a/platform:genesis/sort:-critic_score/page:1/
megadrive	usaaf mustang	USAAF Mustang	60	1991	NMK Co. Ltd.	https://www.mobygames.com/game/title:a/platform:genesis/sort:-critic_score/page:1/
megadrive	wolverine adamantium rage	Wolverine: Adamantium Rage	61	1994	Teeny Weeny Games, Ltd.	https://www.mobygames.com/game/title:a/platform:genesis/sort:-critic_score/page:1/
megadrive	espn national hockey night	ESPN National Hockey Night	61	1994	Park Place Productions	https://www.mobygames.com/game/title:e/platform:genesis/sort:-critic_score/page:1/
megadrive	f 117 night storm	F-117 Night Storm	61	1993	Electronic Arts, Inc.	https://www.mobygames.com/game/platform:genesis/sort:-critic_score/page:4/
megadrive	nigel mansell s world championship racing	Nigel Mansell's World Championship Racing	61	1993	Gremlin Graphics Software Limited	https://www.mobygames.com/game/platform:genesis/sort:-critic_score/page:4/
megadrive	super high impact	Super High Impact	61	1992	Midway Manufacturing Company	https://www.mobygames.com/game/platform:genesis/sort:-critic_score/page:4/
megadrive	winter olympics lillehammer 94	Winter Olympics: Lillehammer '94	61	1994	Tiertex Ltd.	https://www.mobygames.com/game/platform:genesis/sort:-critic_score/page:4/
megadrive	hard drivin	Hard Drivin'	61	1990	Atari Games Corporation	https://www.mobygames.com/game/platform:genesis/sort:-critic_score/page:4/
megadrive	spider man venom maximum carnage	Spider-Man / Venom: Maximum Carnage	61	1994	Software Creations Ltd.	https://www.mobygames.com/game/title:a/platform:genesis/sort:-critic_score/page:1/
megadrive	cyborg justice	Cyborg Justice	61	1993	Novotrade Software Kft.	https://www.mobygames.com/game/platform:genesis/sort:-critic_score/page:4/
megadrive	star trek deep space nine crossroads of time	Star Trek: Deep Space Nine - Crossroads of Time	61	1995	Novotrade Software Kft.	https://www.mobygames.com/game/platform:genesis/sort:-critic_score/page:4/
megadrive	golden axe iii	Golden Axe III	61	1993	SEGA Enterprises Ltd.	https://www.mobygames.com/game/title:a/platform:genesis/sort:-critic_score/page:2/
megadrive	clay fighter	Clay Fighter	61	1994	Visual Concepts Entertainment, Inc.	https://www.mobygames.com/game/platform:genesis/sort:-critic_score/page:4/
megadrive	todd s adventures in slime world	Todd's Adventures in Slime World	61	1992	Epyx, Inc.	https://www.mobygames.com/game/title:a/platform:genesis/sort:-critic_score/page:2/
megadrive	scooby doo mystery	Scooby-Doo Mystery	61	1995	Illusions Gaming Company, The	https://www.mobygames.com/game/platform:genesis/sort:-critic_score/page:4/
megadrive	zoom	Zoom!	61	1990		https://www.mobygames.com/game/platform:genesis/sort:-critic_score/page:4/
megadrive	arrow flash	Arrow Flash	61	1990	ITL Co., Ltd.	https://www.mobygames.com/game/title:a/platform:genesis/sort:-critic_score/page:2/
megadrive	alex kidd in the enchanted castle	Alex Kidd in the Enchanted Castle	62	1989	SEGA Enterprises Ltd.	https://www.mobygames.com/game/title:e/platform:genesis/sort:-critic_score/page:1/
megadrive	rings of power	Rings of Power	62	1991	Naughty Dog, Inc.	https://www.mobygames.com/game/platform:genesis/sort:-critic_score/page:4/
megadrive	disney s talespin	Disney's TaleSpin	62	1992	SEGA Interactive Development Division	https://www.mobygames.com/game/platform:genesis/sort:-critic_score/page:4/
megadrive	pink goes to hollywood	Pink Goes to Hollywood	62	1993	HeadGames, Inc.	https://www.mobygames.com/game/platform:genesis/sort:-critic_score/page:4/
megadrive	dino land	Dino Land	62	1991	Wolf Team	https://www.mobygames.com/game/platform:genesis/sort:-critic_score/page:4/
megadrive	chase h q ii	Chase H.Q. II	62	1992	ITL Co., Ltd.	https://www.mobygames.com/game/platform:genesis/sort:-critic_score/page:4/
megadrive	desert demolition starring road runner and wile e	Desert Demolition Starring Road Runner and  Wile E...	62	1995	BlueSky Software, Inc.	https://www.mobygames.com/game/title:e/platform:genesis/sort:-critic_score/page:1/
megadrive	virtua fighter 2	Virtua Fighter 2	62	1996	Gaibrain	https://www.mobygames.com/game/platform:genesis/sort:-critic_score/page:4/
megadrive	cheese cat astrophe starring speedy gonzales	Cheese Cat-Astrophe starring Speedy Gonzales	62	1995	Cryo Interactive Entertainment	https://www.mobygames.com/game/title:e/platform:genesis/sort:-critic_score/page:1/
megadrive	shadow of the beast	Shadow of the Beast	62	1991	Reflections Interactive Limited	https://www.mobygames.com/game/platform:genesis/sort:-critic_score/page:4/
megadrive	world championship soccer ii	World Championship Soccer II	62	1994	Sensible Software	https://www.mobygames.com/game/platform:genesis/sort:-critic_score/page:4/
megadrive	atomic robo kid	Atomic Robo-Kid	62	1990	UPL Co., Ltd	https://www.mobygames.com/game/title:a/platform:genesis/sort:-critic_score/page:2/
megadrive	pit fighter	Pit-Fighter	62	1991	Atari Games Corporation	https://www.mobygames.com/game/platform:genesis/sort:-critic_score/page:4/
megadrive	mamono hunter y ko dai 7 no keish	Mamono Hunter Yōko: Dai 7 no Keishō	62	1991	Klon	https://www.mobygames.com/game/platform:genesis/sort:-critic_score/page:4/
megadrive	srd super real darwin	SRD: Super Real Darwin	62	1990	Data East Corporation	https://www.mobygames.com/game/title:a/platform:genesis/sort:-critic_score/page:2/
megadrive	shaq fu	Shaq Fu	62	1994	Unexpected Development	https://www.mobygames.com/game/platform:genesis/sort:-critic_score/page:4/
megadrive	monster lair	Monster Lair	62	1990	Escape	https://www.mobygames.com/game/platform:genesis/sort:-critic_score/page:4/
megadrive	whip rush	Whip Rush	63	1990	Vic Tokai Corporation	https://www.mobygames.com/game/platform:genesis/sort:-critic_score/page:4/
megadrive	superman	Superman	63	1992	Sun Electronics Corp.	https://www.mobygames.com/game/platform:genesis/sort:-critic_score/page:4/
megadrive	jammit	Jammit	63	1994	GTE Vantage Inc.	https://www.mobygames.com/game/platform:genesis/sort:-critic_score/page:4/
megadrive	powerball	Powerball	63	1991	Namco Limited	https://www.mobygames.com/game/platform:genesis/sort:-critic_score/page:4/
megadrive	fantasia	Fantasia	63	1991	Infogrames Europe SA	https://www.mobygames.com/game/platform:genesis/sort:-critic_score/page:4/
megadrive	the lawnmower man	The Lawnmower Man	63	1994	Sales Curve Ltd., The	https://www.mobygames.com/game/platform:genesis/sort:-critic_score/page:4/
megadrive	jurassic park rampage edition	Jurassic Park: Rampage Edition	63	1994	BlueSky Software, Inc.	https://www.mobygames.com/game/title:e/platform:genesis/sort:-critic_score/page:1/
megadrive	magical tarur to kun	Magical Tarurūto-kun	63	1992	Game Freak, Inc.	https://www.mobygames.com/game/platform:genesis/sort:-critic_score/page:4/
megadrive	cr e ball	Crüe Ball	63	1992	NuFX, Inc.	https://www.mobygames.com/game/platform:genesis/sort:-critic_score/page:4/
megadrive	firepower 2000	Firepower 2000	63	1994	SCi Games Ltd.	https://www.mobygames.com/game/platform:genesis/sort:-critic_score/page:4/
megadrive	exile	Exile	63	1991	Nihon Falcom Corp.	https://www.mobygames.com/game/title:e/platform:genesis/sort:-critic_score/page:1/
megadrive	pigskin 621 ad	Pigskin 621 AD	63	1992	Midway Manufacturing Company	https://www.mobygames.com/game/title:a/platform:genesis/sort:-critic_score/page:2/
megadrive	mario andretti racing	Mario Andretti Racing	63	1994	Stormfront Studios	https://www.mobygames.com/game/title:a/platform:genesis/sort:-critic_score/page:2/
megadrive	sonic the hedgehog 2	Sonic the Hedgehog 2	92	1992	Sega Technical Institute	https://www.mobygames.com/game/title:a/platform:genesis/sort:-critic_score/page:4/
megadrive	lightening force quest for the darkstar	Lightening Force: Quest for the Darkstar	91	1992	Technosoft Co., Ltd.	https://www.mobygames.com/game/title:a/platform:genesis/sort:-critic_score/page:4/
megadrive	nhl 94	NHL '94	91	1993	Electronic Arts Canada	https://www.mobygames.com/game/platform:genesis/sort:critic_score/page:1/
megadrive	sonic the hedgehog	Sonic the Hedgehog	91	1991	Sonic Team	https://www.mobygames.com/game/title:a/platform:genesis/sort:-critic_score/page:4/
megadrive	street fighter ii champion edition	Street Fighter II: Champion Edition	91	1993	Capcom Co., Ltd.	https://www.mobygames.com/game/title:e/platform:genesis/sort:-critic_score/page:2/
megadrive	flashback the quest for identity	Flashback: The Quest for Identity	90	1993	Delphine Software International	https://www.mobygames.com/game/title:e/platform:genesis/sort:-critic_score/page:2/
megadrive	landstalker	Landstalker	90	1992	Climax Entertainment	https://www.mobygames.com/game/platform:genesis/sort:critic_score/page:1/
megadrive	sonic the hedgehog 3	Sonic the Hedgehog 3	90	1994	Sonic Team	https://www.mobygames.com/game/platform:genesis/sort:critic_score/page:1/
megadrive	earthworm jim 2	Earthworm Jim 2	90	1995	Shiny Entertainment, Inc.	https://www.mobygames.com/game/title:e/platform:genesis/sort:-critic_score/page:2/
megadrive	earthworm jim	Earthworm Jim	90	1994	Shiny Entertainment, Inc.	https://www.mobygames.com/game/title:e/platform:genesis/sort:-critic_score/page:2/
megadrive	y y hakusho maky t itsusen	Yū Yū Hakusho: Makyō Tōitsusen	90	1994	Treasure Co., Ltd.	https://www.mobygames.com/game/platform:genesis/sort:critic_score/page:1/
megadrive	shinobi iii return of the ninja master	Shinobi III: Return of the Ninja Master	89	1993	Megasoft	https://www.mobygames.com/game/platform:genesis/sort:critic_score/page:1/
megadrive	disney s aladdin	Disney's Aladdin	89	1993	Virgin Interactive Entertainment, Inc.	https://www.mobygames.com/game/title:a/platform:genesis/sort:-critic_score/page:4/
megadrive	pga tour golf iii	PGA Tour Golf III	89	1994	High Score Entertainment	https://www.mobygames.com/game/platform:genesis/sort:critic_score/page:1/
megadrive	jungle strike	Jungle Strike	89	1993	Electronic Arts, Inc.	https://www.mobygames.com/game/title:a/platform:genesis/sort:-critic_score/page:4/
megadrive	super street fighter ii	Super Street Fighter II	88	1994	Capcom Co., Ltd.	https://www.mobygames.com/game/platform:genesis/sort:critic_score/page:1/
megadrive	sonic knuckles	Sonic & Knuckles	88	1994	Sonic Team	https://www.mobygames.com/game/platform:genesis/sort:critic_score/page:1/
megadrive	castle of illusion starring mickey mouse	Castle of Illusion starring Mickey Mouse	88	1990	SEGA Enterprises Ltd.	https://www.mobygames.com/game/title:e/platform:genesis/sort:-critic_score/page:2/
megadrive	shining force ii	Shining Force II	88	1993	Sonic Co.	https://www.mobygames.com/game/platform:genesis/sort:critic_score/page:1/
megadrive	nhl 96	NHL 96	88	1995	High Score Productions	https://www.mobygames.com/game/platform:genesis/sort:critic_score/page:1/
megadrive	nba jam tournament edition	NBA Jam Tournament Edition	88	1995	Midway Manufacturing Company	https://www.mobygames.com/game/title:e/platform:genesis/sort:-critic_score/page:2/
megadrive	fifa soccer 95	FIFA Soccer 95	88	1994	Extended Play Productions	https://www.mobygames.com/game/platform:genesis/sort:critic_score/page:1/
megadrive	international superstar soccer deluxe	International Superstar Soccer Deluxe	87	1996	Konami Computer Entertainment Osaka Co., Ltd.	https://www.mobygames.com/game/title:e/platform:genesis/sort:-critic_score/page:2/
megadrive	the revenge of shinobi	The Revenge of Shinobi	87	1989	SEGA Enterprises Ltd.	https://www.mobygames.com/game/platform:genesis/sort:critic_score/page:1/
megadrive	streets of rage 2	Streets of Rage 2	87	1992	H.I.C. Co., Ltd.	https://www.mobygames.com/game/platform:genesis/sort:critic_score/page:1/
megadrive	gunstar heroes	Gunstar Heroes	87	1993	Treasure Co., Ltd.	https://www.mobygames.com/game/platform:genesis/sort:critic_score/page:1/
megadrive	beyond oasis	Beyond Oasis	87	1994	Ancient Co. Ltd.	https://www.mobygames.com/game/title:a/platform:genesis/sort:-critic_score/page:4/
megadrive	john madden football 92	John Madden Football '92	87	1991	Electronic Arts, Inc.	https://www.mobygames.com/game/platform:genesis/sort:critic_score/page:1/
megadrive	micro machines turbo tournament 96	Micro Machines: Turbo Tournament 96	87	1995	Supersonic Software Ltd.	https://www.mobygames.com/game/platform:genesis/sort:critic_score/page:1/
megadrive	alien soldier	Alien Soldier	87	1995	Treasure Co., Ltd.	https://www.mobygames.com/game/title:a/platform:genesis/sort:-critic_score/page:4/
megadrive	virtua racing	Virtua Racing	87	1994	SEGA-AM2 Co., LTD.	https://www.mobygames.com/game/title:a/platform:genesis/sort:-critic_score/page:4/
megadrive	nhl hockey	NHL Hockey	87	1991	Park Place Productions	https://www.mobygames.com/game/title:e/platform:genesis/sort:-critic_score/page:2/
megadrive	monster world iv	Monster World IV	87	1994	Westone Co., Ltd.	https://www.mobygames.com/game/platform:genesis/sort:critic_score/page:1/
megadrive	thunder force iii	Thunder Force III	87	1990	Technosoft Co., Ltd.	https://www.mobygames.com/game/platform:genesis/sort:critic_score/page:1/
megadrive	desert strike return to the gulf	Desert Strike: Return to the Gulf	87	1992	Granite Bay Software	https://www.mobygames.com/game/title:a/platform:genesis/sort:-critic_score/page:4/
megadrive	populous ii trials of the olympian gods	Populous II: Trials of the Olympian Gods	86	1992	Bullfrog Productions, Ltd.	https://www.mobygames.com/game/platform:genesis/sort:critic_score/page:1/
megadrive	world series baseball 95	World Series Baseball '95	86	1995	BlueSky Software, Inc.	https://www.mobygames.com/game/platform:genesis/sort:critic_score/page:1/
megadrive	fifa international soccer	FIFA International Soccer	86	1993	Electronic Arts Canada	https://www.mobygames.com/game/title:e/platform:genesis/sort:-critic_score/page:2/
megadrive	micro machines 2 turbo tournament	Micro Machines 2: Turbo Tournament	86	1994	Supersonic Software Ltd.	https://www.mobygames.com/game/platform:genesis/sort:critic_score/page:1/
megadrive	formula one	Formula One	86	1993	Lankhor	https://www.mobygames.com/game/platform:genesis/sort:critic_score/page:1/
megadrive	nba jam	NBA Jam	86	1994	Midway Manufacturing Company	https://www.mobygames.com/game/platform:genesis/sort:critic_score/page:1/
megadrive	nhl 97	NHL 97	86	1996	High Score Productions	https://www.mobygames.com/game/platform:genesis/sort:critic_score/page:1/
megadrive	championship soccer 94	Championship Soccer '94	86	1994	Sensible Software	https://www.mobygames.com/game/title:e/platform:genesis/sort:-critic_score/page:2/
megadrive	devil s crush	Devil's Crush	86	1991	Compile	https://www.mobygames.com/game/platform:genesis/sort:critic_score/page:1/
megadrive	nba live 95	NBA Live 95	86	1994	Hitmen Productions	https://www.mobygames.com/game/platform:genesis/sort:critic_score/page:1/
megadrive	quackshot starring donald duck	QuackShot starring Donald Duck	86	1991	SEGA Enterprises Ltd.	https://www.mobygames.com/game/title:e/platform:genesis/sort:-critic_score/page:2/
megadrive	nhlpa hockey 93	NHLPA Hockey '93	86	1992	Electronic Arts, Inc.	https://www.mobygames.com/game/platform:genesis/sort:critic_score/page:1/
megadrive	super monaco gp	Super Monaco GP	86	1989	SEGA Enterprises Ltd.	https://www.mobygames.com/game/platform:genesis/sort:critic_score/page:1/
megadrive	tiny toon adventures buster s hidden treasure	Tiny Toon Adventures: Buster's Hidden Treasure	86	1993	Konami Co., Ltd.	https://www.mobygames.com/game/title:a/platform:genesis/sort:-critic_score/page:4/
megadrive	nhl 95	NHL 95	86	1994	Electronic Arts Canada	https://www.mobygames.com/game/platform:genesis/sort:critic_score/page:1/
megadrive	contra hard corps	Contra Hard Corps	86	1994	Konami Co., Ltd.	https://www.mobygames.com/game/platform:genesis/sort:critic_score/page:2/
megadrive	mortal kombat ii	Mortal Kombat II	86	1994	Midway Manufacturing Company	https://www.mobygames.com/game/platform:genesis/sort:critic_score/page:2/
megadrive	xeno crisis	Xeno Crisis	86	2019	Bitmap Bureau Ltd.	https://www.mobygames.com/game/platform:genesis/sort:critic_score/page:2/
megadrive	shining force	Shining Force	86	1992	Climax Entertainment	https://www.mobygames.com/game/platform:genesis/sort:critic_score/page:2/
megadrive	strider	Strider	86	1990	Capcom Co., Ltd.	https://www.mobygames.com/game/platform:genesis/sort:critic_score/page:2/
megadrive	mickey mania	Mickey Mania	85	1994	Traveller's Tales (UK) Ltd.	https://www.mobygames.com/game/title:e/platform:genesis/sort:-critic_score/page:2/
megadrive	vectorman	VectorMan	85	1995	BlueSky Software, Inc.	https://www.mobygames.com/game/platform:genesis/sort:critic_score/page:2/
megadrive	rainbow islands extra	Rainbow Islands Extra	85	1990	Taito Corporation	https://www.mobygames.com/game/title:e/platform:genesis/sort:-critic_score/page:2/
megadrive	lemmings	Lemmings	85	1992	DMA Design Limited	https://www.mobygames.com/game/platform:genesis/sort:critic_score/page:2/
megadrive	dune the battle for arrakis	Dune: The Battle for Arrakis	85	1994	Westwood Studios, Inc.	https://www.mobygames.com/game/title:a/platform:genesis/sort:-critic_score/page:4/
megadrive	crusader of centy	Crusader of Centy	85	1994	NexTech Corporation	https://www.mobygames.com/game/platform:genesis/sort:critic_score/page:2/
megadrive	fifa soccer 96	FIFA Soccer 96	85	1995	Electronic Arts Canada	https://www.mobygames.com/game/platform:genesis/sort:critic_score/page:2/
megadrive	dynamite headdy	Dynamite Headdy	85	1994	Treasure Co., Ltd.	https://www.mobygames.com/game/platform:genesis/sort:critic_score/page:2/
megadrive	populous	Populous	85	1990	Bullfrog Productions, Ltd.	https://www.mobygames.com/game/platform:genesis/sort:critic_score/page:2/
megadrive	mega bomberman	Mega Bomberman	85	1994	Hudson Soft Company, Ltd.	https://www.mobygames.com/game/platform:genesis/sort:critic_score/page:2/
megadrive	eliminate down	Eliminate Down	85	1993	Aprinet	https://www.mobygames.com/game/title:e/platform:genesis/sort:-critic_score/page:2/
megadrive	disney s the jungle book	Disney's The Jungle Book	84	1994	Eurocom Developments Ltd	https://www.mobygames.com/game/title:e/platform:genesis/sort:-critic_score/page:2/
megadrive	urban strike	Urban Strike	84	1994	Foley Hi-Tech Systems	https://www.mobygames.com/game/platform:genesis/sort:critic_score/page:2/
megadrive	castlevania bloodlines	Castlevania: Bloodlines	84	1994	Konami Co., Ltd.	https://www.mobygames.com/game/platform:genesis/sort:critic_score/page:2/
megadrive	toejam earl	ToeJam & Earl	84	1991	Johnson-Voorsanger Productions	https://www.mobygames.com/game/title:e/platform:genesis/sort:-critic_score/page:2/
megadrive	world of illusion starring mickey mouse and donald	World of Illusion Starring Mickey Mouse and Donald...	84	1992	SEGA Enterprises Ltd.	https://www.mobygames.com/game/title:e/platform:genesis/sort:-critic_score/page:2/
megadrive	ristar	Ristar	84	1995	SEGA Enterprises Ltd.	https://www.mobygames.com/game/platform:genesis/sort:critic_score/page:2/
megadrive	m u s h a	M.U.S.H.A.	84	1990	Compile	https://www.mobygames.com/game/title:e/platform:genesis/sort:-critic_score/page:2/
megadrive	mortal kombat 3	Mortal Kombat 3	84	1995	Midway Manufacturing Company	https://www.mobygames.com/game/platform:genesis/sort:critic_score/page:2/
megadrive	toejam earl in panic on funkotron	ToeJam & Earl in Panic on Funkotron	84	1993	ToeJam & Earl Productions, Inc.	https://www.mobygames.com/game/title:e/platform:genesis/sort:-critic_score/page:2/
megadrive	wonder boy in monster world	Wonder Boy in Monster World	84	1991	Escape	https://www.mobygames.com/game/title:e/platform:genesis/sort:-critic_score/page:2/
megadrive	ghouls n ghosts	Ghouls 'N Ghosts	84	1989	Capcom Co., Ltd.	https://www.mobygames.com/game/platform:genesis/sort:critic_score/page:2/
megadrive	john madden football 93	John Madden Football '93	84	1992	Looking Glass Technologies, Inc.	https://www.mobygames.com/game/platform:genesis/sort:critic_score/page:2/
megadrive	coach k college basketball	Coach K College Basketball	84	1995	Electronic Arts Canada	https://www.mobygames.com/game/platform:genesis/sort:critic_score/page:2/
megadrive	the lost vikings	The Lost Vikings	84	1993	Blizzard Entertainment Inc.	https://www.mobygames.com/game/platform:genesis/sort:critic_score/page:2/
megadrive	madden nfl 95	Madden NFL 95	84	1994	High Score Productions	https://www.mobygames.com/game/platform:genesis/sort:critic_score/page:2/
megadrive	john madden football	John Madden Football	84	1990	Park Place Productions	https://www.mobygames.com/game/title:a/platform:genesis/sort:-critic_score/page:4/
megadrive	pitfall the mayan adventure	Pitfall: The Mayan Adventure	84	1994	Activision, Inc.	https://www.mobygames.com/game/title:a/platform:genesis/sort:-critic_score/page:4/
megadrive	fifa soccer 97	FIFA Soccer 97	84	1996	Electronic Arts, Inc.	https://www.mobygames.com/game/title:e/platform:genesis/sort:-critic_score/page:2/
megadrive	rocket knight adventures	Rocket Knight Adventures	84	1993	Konami Co., Ltd.	https://www.mobygames.com/game/title:a/platform:genesis/sort:-critic_score/page:4/
megadrive	college football s national championship	College Football's National Championship	84	1994	BlueSky Software, Inc.	https://www.mobygames.com/game/platform:genesis/sort:critic_score/page:2/
megadrive	disney s toy story	Disney's Toy Story	84	1995	Traveller's Tales (UK) Ltd.	https://www.mobygames.com/game/platform:genesis/sort:critic_score/page:2/
megadrive	road rash	Road Rash	84	1991	Electronic Arts, Inc.	https://www.mobygames.com/game/platform:genesis/sort:critic_score/page:2/
megadrive	pga tour golf	PGA Tour Golf	84	1991	Sterling Silver Software	https://www.mobygames.com/game/platform:genesis/sort:critic_score/page:2/
megadrive	cool spot	Cool Spot	84	1993	Virgin Games, Inc.	https://www.mobygames.com/game/title:a/platform:genesis/sort:-critic_score/page:4/
megadrive	pga european tour	PGA European Tour	83	1994	Halestorm, Inc.	https://www.mobygames.com/game/title:e/platform:genesis/sort:-critic_score/page:2/
megadrive	soldiers of fortune	Soldiers of Fortune	83	1993	The Bitmap Brothers	https://www.mobygames.com/game/title:e/platform:genesis/sort:-critic_score/page:2/
megadrive	mega turrican	Mega Turrican	83	1994	Factor 5 GmbH	https://www.mobygames.com/game/platform:genesis/sort:critic_score/page:2/
megadrive	phantasy star ii	Phantasy Star II	83	1989	SEGA Enterprises Ltd.	https://www.mobygames.com/game/platform:genesis/sort:critic_score/page:2/
megadrive	madden nfl 94	Madden NFL '94	83	1993	High Score Productions	https://www.mobygames.com/game/platform:genesis/sort:critic_score/page:2/
megadrive	twinkle tale	Twinkle Tale	83	1992	Wonder Amusement Studio	https://www.mobygames.com/game/platform:genesis/sort:critic_score/page:2/
megadrive	gauntlet iv	Gauntlet IV	83	1993	Atari Games Corporation	https://www.mobygames.com/game/platform:genesis/sort:critic_score/page:2/
megadrive	streets of rage	Streets of Rage	83	1991	SEGA Enterprises Ltd.	https://www.mobygames.com/game/platform:genesis/sort:critic_score/page:2/
megadrive	pga tour golf ii	PGA Tour Golf II	83	1992	Polygames	https://www.mobygames.com/game/platform:genesis/sort:critic_score/page:2/
megadrive	davis cup tennis	Davis Cup Tennis	83	1993	Loriciel SA	https://www.mobygames.com/game/platform:genesis/sort:critic_score/page:2/
megadrive	ecco the dolphin	Ecco the Dolphin	83	1992	Novotrade Software Kft.	https://www.mobygames.com/game/title:e/platform:genesis/sort:-critic_score/page:2/
megadrive	rolling thunder 2	Rolling Thunder 2	83	1991	Namco Limited	https://www.mobygames.com/game/platform:genesis/sort:critic_score/page:3/
megadrive	tanglewood	Tanglewood	83	2018	Big Evil Corporation Ltd.	https://www.mobygames.com/game/platform:genesis/sort:critic_score/page:3/
megadrive	wiz n liz	Wiz 'n' Liz	83	1993	Raising Hell Software	https://www.mobygames.com/game/platform:genesis/sort:critic_score/page:3/
megadrive	zombies ate my neighbors	Zombies Ate My Neighbors	82	1993	LucasArts Entertainment Company LLC	https://www.mobygames.com/game/title:a/platform:genesis/sort:-critic_score/page:4/
megadrive	james pond 3	James Pond 3	82	1993	Vectordean Ltd.	https://www.mobygames.com/game/platform:genesis/sort:critic_score/page:3/
megadrive	the lion king	The Lion King	82	1994	Westwood Studios, Inc.	https://www.mobygames.com/game/title:e/platform:genesis/sort:-critic_score/page:2/
megadrive	super kick off	Super Kick Off	82	1992	Tiertex Design Studios	https://www.mobygames.com/game/platform:genesis/sort:critic_score/page:3/
megadrive	wwf wrestlemania	WWF WrestleMania	82	1995	Midway Manufacturing Company	https://www.mobygames.com/game/title:a/platform:genesis/sort:-critic_score/page:4/
megadrive	starflight	Starflight	82	1991	Binary Systems	https://www.mobygames.com/game/platform:genesis/sort:critic_score/page:3/
megadrive	pier solar and the great architects	Pier Solar and the Great Architects	82	2010	WaterMelon Co.	https://www.mobygames.com/game/title:a/platform:genesis/sort:-critic_score/page:4/
megadrive	ranger x	Ranger X	82	1993	NEX Entertainment Co., Ltd.	https://www.mobygames.com/game/title:e/platform:genesis/sort:-critic_score/page:2/
megadrive	golden axe	Golden Axe	82	1989	Team Shinobi	https://www.mobygames.com/game/title:a/platform:genesis/sort:-critic_score/page:4/
megadrive	nba live 97	NBA Live 97	82	1996	NuFX, Inc.	https://www.mobygames.com/game/platform:genesis/sort:critic_score/page:3/
megadrive	the cursed knight	The Cursed Knight	82	2022	GGS Studio Creation	https://www.mobygames.com/game/platform:genesis/sort:critic_score/page:3/
megadrive	dr robotnik s mean bean machine	Dr. Robotnik's Mean Bean Machine	82	1993	Compile Corp.	https://www.mobygames.com/game/title:a/platform:genesis/sort:-critic_score/page:4/
megadrive	warsong	Warsong	82	1991	NCS Corporation	https://www.mobygames.com/game/platform:genesis/sort:critic_score/page:3/
megadrive	brian lara cricket 96	Brian Lara Cricket '96	82	1996	Audiogenic Software Ltd.	https://www.mobygames.com/game/platform:genesis/sort:critic_score/page:3/
megadrive	phantasy star iv	Phantasy Star IV	82	1993	Sega AM7 R&D Division	https://www.mobygames.com/game/title:e/platform:genesis/sort:-critic_score/page:2/
megadrive	ultimate mortal kombat 3	Ultimate Mortal Kombat 3	82	1996	Midway Manufacturing Company	https://www.mobygames.com/game/title:a/platform:genesis/sort:-critic_score/page:4/
megadrive	shadow dancer the secret of shinobi	Shadow Dancer: The Secret of Shinobi	81	1990	SEGA Enterprises Ltd.	https://www.mobygames.com/game/platform:genesis/sort:critic_score/page:3/
megadrive	the new zealand story	The New Zealand Story	81	1990	Taito Corporation	https://www.mobygames.com/game/title:a/platform:genesis/sort:-critic_score/page:4/
megadrive	wings of wor	Wings of Wor	81	1991	NCS Corporation	https://www.mobygames.com/game/platform:genesis/sort:critic_score/page:3/
megadrive	college football usa 96	College Football USA 96	81	1995	High Score Productions	https://www.mobygames.com/game/platform:genesis/sort:critic_score/page:3/
megadrive	eternal champions	Eternal Champions	81	1993	SEGA Interactive Development Division	https://www.mobygames.com/game/title:e/platform:genesis/sort:-critic_score/page:2/
megadrive	ecco the tides of time	Ecco: The Tides of Time	81	1994	Novotrade International, Inc.	https://www.mobygames.com/game/title:e/platform:genesis/sort:-critic_score/page:2/
megadrive	pirates gold	Pirates! Gold	81	1993	MPS Labs	https://www.mobygames.com/game/platform:genesis/sort:critic_score/page:3/
megadrive	the immortal	The Immortal	81	1991	Sandcastle	https://www.mobygames.com/game/platform:genesis/sort:critic_score/page:3/
megadrive	micro machines military	Micro Machines: Military	81	1996	Codemasters	https://www.mobygames.com/game/platform:genesis/sort:critic_score/page:3/
megadrive	nba live 96	NBA Live 96	81	1995	Hitmen Productions	https://www.mobygames.com/game/platform:genesis/sort:critic_score/page:3/
megadrive	mortal kombat	Mortal Kombat	81	1993	Midway Manufacturing Company	https://www.mobygames.com/game/title:e/platform:genesis/sort:-critic_score/page:2/
megadrive	mick mack as the global gladiators	Mick & Mack as the Global Gladiators	81	1993	Virgin Games, Inc.	https://www.mobygames.com/game/title:a/platform:genesis/sort:-critic_score/page:4/
megadrive	james pond 2 codename robocod	James Pond 2: Codename: RoboCod	81	1991	Vectordean Ltd.	https://www.mobygames.com/game/platform:genesis/sort:critic_score/page:3/
megadrive	pete sampras tennis	Pete Sampras Tennis	81	1994	The Codemasters Software Company Limited	https://www.mobygames.com/game/title:a/platform:genesis/sort:-critic_score/page:4/
megadrive	alien	Alien³	81	1992	Probe Software Ltd.	https://www.mobygames.com/game/title:a/platform:genesis/sort:-critic_score/page:4/
megadrive	super hang on	Super Hang-On	81	1989	SEGA-AM2 Co., LTD.	https://www.mobygames.com/game/platform:genesis/sort:critic_score/page:3/
megadrive	alisia dragoon	Alisia Dragoon	81	1992	Game Arts Co., Ltd.	https://www.mobygames.com/game/title:a/platform:genesis/sort:-critic_score/page:3/
megadrive	puggsy	Puggsy	81	1993	Traveller's Tales (UK) Ltd.	https://www.mobygames.com/game/platform:genesis/sort:critic_score/page:3/
megadrive	gaiares	Gaiares	81	1990	Renovation Game	https://www.mobygames.com/game/platform:genesis/sort:critic_score/page:3/
megadrive	jimmy white s whirlwind snooker	Jimmy White's 'Whirlwind' Snooker	81	1994		https://www.mobygames.com/game/platform:genesis/sort:critic_score/page:3/
megadrive	light crusader	Light Crusader	81	1995	Treasure Co., Ltd.	https://www.mobygames.com/game/platform:genesis/sort:critic_score/page:3/
megadrive	flink	Flink	80	1994	Psygnosis Limited	https://www.mobygames.com/game/platform:genesis/sort:critic_score/page:3/
megadrive	granada	Granada	80	1990	Wolf Team	https://www.mobygames.com/game/platform:genesis/sort:critic_score/page:3/
megadrive	gargoyles	Gargoyles	80	1995	Walt Disney Computer Software, Inc.	https://www.mobygames.com/game/platform:genesis/sort:critic_score/page:3/
megadrive	lemmings 2 the tribes	Lemmings 2: The Tribes	80	1994	DMA Design Limited	https://www.mobygames.com/game/platform:genesis/sort:critic_score/page:3/
megadrive	cannon fodder	Cannon Fodder	80	1994	Sensible Software	https://www.mobygames.com/game/platform:genesis/sort:critic_score/page:3/
megadrive	rolo to the rescue	Rolo to the Rescue	80	1992	Vectordean Ltd.	https://www.mobygames.com/game/platform:genesis/sort:critic_score/page:3/
megadrive	phantom 2040	Phantom 2040	80	1995	Viacom New Media	https://www.mobygames.com/game/platform:genesis/sort:critic_score/page:3/
megadrive	shadowrun	Shadowrun	80	1994	BlueSky Software, Inc.	https://www.mobygames.com/game/platform:genesis/sort:critic_score/page:3/
megadrive	out of this world	Out of This World	80	1992	Delphine Software International	https://www.mobygames.com/game/title:a/platform:genesis/sort:-critic_score/page:3/
megadrive	road rash ii	Road Rash II	80	1992	Electronic Arts, Inc.	https://www.mobygames.com/game/platform:genesis/sort:critic_score/page:4/
megadrive	buck rogers countdown to doomsday	Buck Rogers: Countdown to Doomsday	80	1991	Strategic Simulations, Inc.	https://www.mobygames.com/game/platform:genesis/sort:critic_score/page:4/
megadrive	klax	Klax	80	1990	Tengen Inc.	https://www.mobygames.com/game/title:a/platform:genesis/sort:-critic_score/page:3/
megadrive	head on soccer	Head-On Soccer	80	1995	U.S. Gold Ltd.	https://www.mobygames.com/game/platform:genesis/sort:critic_score/page:4/
megadrive	madden nfl 96	Madden NFL 96	80	1995	High Score Productions	https://www.mobygames.com/game/platform:genesis/sort:critic_score/page:4/
megadrive	chuck rock	Chuck Rock	80	1991	Core Design Ltd.	https://www.mobygames.com/game/platform:genesis/sort:critic_score/page:4/
megadrive	nba hangtime	NBA Hangtime	80	1996	Funcom Oslo A/S	https://www.mobygames.com/game/platform:genesis/sort:critic_score/page:4/
megadrive	truxton	Truxton	79	1989	Toaplan Co., Ltd.	https://www.mobygames.com/game/platform:genesis/sort:critic_score/page:4/
megadrive	road rash 3	Road Rash 3	79	1995	Monkey Do Productions	https://www.mobygames.com/game/platform:genesis/sort:critic_score/page:4/
megadrive	micro machines	Micro Machines	79	1993	The Codemasters Software Company Limited	https://www.mobygames.com/game/platform:genesis/sort:critic_score/page:4/
megadrive	shining in the darkness	Shining in the Darkness	79	1991	Climax Entertainment	https://www.mobygames.com/game/title:a/platform:genesis/sort:-critic_score/page:3/
megadrive	street racer	Street Racer	79	1995	Vivid Image	https://www.mobygames.com/game/title:e/platform:genesis/sort:-critic_score/page:2/
megadrive	weaponlord	WeaponLord	79	1995	Visual Concepts Entertainment, Inc.	https://www.mobygames.com/game/platform:genesis/sort:critic_score/page:4/
megadrive	bubsy in claws encounters of the furred kind	Bubsy in: Claws Encounters of the Furred Kind	79	1993	Accolade, Inc.	https://www.mobygames.com/game/title:e/platform:genesis/sort:-critic_score/page:2/
megadrive	rock n roll racing	Rock n' Roll Racing	79	1994	Blizzard Entertainment Inc.	https://www.mobygames.com/game/platform:genesis/sort:critic_score/page:4/
megadrive	chuck rock ii son of chuck	Chuck Rock II: Son of Chuck	79	1993	Core Design Ltd.	https://www.mobygames.com/game/platform:genesis/sort:critic_score/page:4/
megadrive	magical hat no buttobi turbo daib ken	Magical Hat no Buttobi Turbo! Daibōken	79	1990	Vic Tokai Corporation	https://www.mobygames.com/game/title:a/platform:genesis/sort:-critic_score/page:3/
megadrive	snake rattle n roll	Snake Rattle N Roll	79	1993	Rare Limited	https://www.mobygames.com/game/platform:genesis/sort:critic_score/page:4/
megadrive	might and magic ii gates to another world	Might and Magic II: Gates to Another World	79	1991	New World Computing, Inc.	https://www.mobygames.com/game/title:a/platform:genesis/sort:-critic_score/page:3/
megadrive	rambo iii	Rambo III	78	1989	SEGA Enterprises Ltd.	https://www.mobygames.com/game/platform:genesis/sort:critic_score/page:4/
megadrive	mercs	Mercs	78	1991	Capcom Co., Ltd.	https://www.mobygames.com/game/platform:genesis/sort:critic_score/page:4/
megadrive	team usa basketball	Team USA Basketball	78	1992	Electronic Arts, Inc.	https://www.mobygames.com/game/platform:genesis/sort:critic_score/page:4/
megadrive	herzog zwei	Herzog Zwei	78	1989	Technosoft Co., Ltd.	https://www.mobygames.com/game/title:a/platform:genesis/sort:-critic_score/page:3/
megadrive	leander	Leander	78	1992	Traveller's Tales (UK) Ltd.	https://www.mobygames.com/game/platform:genesis/sort:critic_score/page:4/
megadrive	x men 2 clone wars	X-Men 2: Clone Wars	78	1995	HeadGames, Inc.	https://www.mobygames.com/game/platform:genesis/sort:critic_score/page:4/
megadrive	f1 circus 91	F1 Circus '91	78	1991	Nihon Bussan Co., Ltd.	https://www.mobygames.com/game/platform:genesis/sort:critic_score/page:4/
megadrive	gods	Gods	78	1992	The Bitmap Brothers	https://www.mobygames.com/game/platform:genesis/sort:critic_score/page:4/
megadrive	nfl quarterback club	NFL Quarterback Club	78	1994	Iguana Entertainment Incorporated	https://www.mobygames.com/game/platform:genesis/sort:critic_score/page:4/
megadrive	sparkster	Sparkster	78	1994	Konami Co., Ltd.	https://www.mobygames.com/game/title:a/platform:genesis/sort:-critic_score/page:3/
megadrive	theme park	Theme Park	78	1995	Bullfrog Productions, Ltd.	https://www.mobygames.com/game/platform:genesis/sort:critic_score/page:4/
megadrive	psycho pinball	Psycho Pinball	78	1995	The Codemasters Software Company Limited	https://www.mobygames.com/game/platform:genesis/sort:critic_score/page:4/
megadrive	super skidmarks	Super Skidmarks	78	1995	Acid Software	https://www.mobygames.com/game/platform:genesis/sort:critic_score/page:4/
megadrive	sub terrania	Sub-Terrania	78	1994	Zyrinx	https://www.mobygames.com/game/platform:genesis/sort:critic_score/page:4/
megadrive	maui mallard in cold shadow	Maui Mallard in Cold Shadow	78	1995	Disney Interactive, Inc.	https://www.mobygames.com/game/title:e/platform:genesis/sort:-critic_score/page:2/
megadrive	streets of rage 3	Streets of Rage 3	78	1994	Sega AM7 R&D Division	https://www.mobygames.com/game/platform:genesis/sort:critic_score/page:4/
megadrive	chelnov atomic runner	Chelnov: Atomic Runner	78	1992	Data East Corporation	https://www.mobygames.com/game/title:a/platform:genesis/sort:-critic_score/page:3/
megadrive	wwf raw	WWF Raw	78	1995	Realtime Associates Seattle Division	https://www.mobygames.com/game/platform:genesis/sort:critic_score/page:4/
megadrive	golden axe ii	Golden Axe II	78	1991	SEGA Enterprises Ltd.	https://www.mobygames.com/game/title:a/platform:genesis/sort:-critic_score/page:3/
megadrive	sports talk baseball	Sports Talk Baseball	78	1992	SEGA Enterprises Ltd.	https://www.mobygames.com/game/platform:genesis/sort:critic_score/page:4/
megadrive	forgotten worlds	Forgotten Worlds	78	1989	Capcom Co., Ltd.	https://www.mobygames.com/game/platform:genesis/sort:critic_score/page:4/
megadrive	vectorman 2	Vectorman 2	78	1996	BlueSky Software, Inc.	https://www.mobygames.com/game/platform:genesis/sort:critic_score/page:4/
megadrive	mega lo mania	Mega lo Mania	78	1992	Sensible Software	https://www.mobygames.com/game/platform:genesis/sort:critic_score/page:4/
megadrive	samurai shodown	Samurai Shodown	78	1994	SNK Corporation	https://www.mobygames.com/game/platform:genesis/sort:critic_score/page:4/
megadrive	wwf royal rumble	WWF Royal Rumble	78	1993	Sculptured Software, Inc.	https://www.mobygames.com/game/platform:genesis/sort:critic_score/page:4/
megadrive	hellfire	Hellfire	78	1990	Toaplan Co., Ltd.	https://www.mobygames.com/game/title:a/platform:genesis/sort:-critic_score/page:3/
megadrive	elemental master	Elemental Master	78	1990	Technosoft Co., Ltd.	https://www.mobygames.com/game/title:e/platform:genesis/sort:-critic_score/page:2/
megadrive	pinocchio	Pinocchio	78	1995	Virgin Studios London	https://www.mobygames.com/game/platform:genesis/sort:critic_score/page:4/
megadrive	sagaia	Sagaia	78	1990	Taito Corporation	https://www.mobygames.com/game/platform:genesis/sort:critic_score/page:4/
megadrive	art alive	Art Alive	64	1991	Western Technologies Inc.	https://www.mobygames.com/game/title:a/platform:genesis/sort:-critic_score/page:2/
megadrive	nhl all star hockey 95	NHL All-Star Hockey '95	64	1995	Sega Midwest Development Division	https://www.mobygames.com/game/title:a/platform:genesis/sort:-critic_score/page:2/
megadrive	ast rix and the power of the gods	Astérix and the Power of the Gods	65	1995	Core Design Ltd.	https://www.mobygames.com/game/title:e/platform:genesis/sort:-critic_score/page:1/
megadrive	spider man x men arcade s revenge	Spider-Man / X-Men: Arcade's Revenge	65	1993	Software Creations Ltd.	https://www.mobygames.com/game/title:a/platform:genesis/sort:-critic_score/page:2/
megadrive	art of fighting	Art of Fighting	65	1994	SNK Corporation	https://www.mobygames.com/game/title:a/platform:genesis/sort:-critic_score/page:2/
megadrive	two crude dudes	Two Crude Dudes	65	1992	Data East Corporation	https://www.mobygames.com/game/title:a/platform:genesis/sort:-critic_score/page:2/
megadrive	brutal paws of fury	Brutal: Paws of Fury	65	1994	GameTek, Inc.	https://www.mobygames.com/game/title:a/platform:genesis/sort:-critic_score/page:2/
megadrive	the super aquatic games	The Super Aquatic Games	65	1993	Vectordean Ltd.	https://www.mobygames.com/game/title:e/platform:genesis/sort:-critic_score/page:1/
megadrive	garfield caught in the act	Garfield: Caught in the Act	66	1995	Novotrade Software Kft.	https://www.mobygames.com/game/title:a/platform:genesis/sort:-critic_score/page:2/
megadrive	ballz 3d fighting at its ballziest	Ballz 3D: Fighting at its Ballziest	67	1994	PF Magic	https://www.mobygames.com/game/title:a/platform:genesis/sort:-critic_score/page:2/
megadrive	barkley shut up and jam	Barkley: Shut Up and Jam!	67	1994	Accolade, Inc.	https://www.mobygames.com/game/title:a/platform:genesis/sort:-critic_score/page:2/
megadrive	tintin in tibet	Tintin in Tibet	67	1995	Infogrames Multimedia SA	https://www.mobygames.com/game/title:e/platform:genesis/sort:-critic_score/page:1/
megadrive	nickelodeon aaahh real monsters	Nickelodeon: Aaahh!!! Real Monsters	68	1995	Realtime Associates, Inc.	https://www.mobygames.com/game/title:a/platform:genesis/sort:-critic_score/page:2/
megadrive	ms pac man	Ms. Pac-Man	68	1991	General Computer Corporation	https://www.mobygames.com/game/title:a/platform:genesis/sort:-critic_score/page:2/
megadrive	where in the world is carmen sandiego enhanced	Where in the World Is Carmen Sandiego? (Enhanced)	68	1992	Sculptured Software, Inc.	https://www.mobygames.com/game/title:e/platform:genesis/sort:-critic_score/page:1/
megadrive	toki going ape spit	Toki: Going Ape Spit	68	1991	Tad Corporation	https://www.mobygames.com/game/title:a/platform:genesis/sort:-critic_score/page:2/
megadrive	dragon the bruce lee story	Dragon: The Bruce Lee Story	68	1994	Virgin Interactive Entertainment (Europe) Ltd.	https://www.mobygames.com/game/title:a/platform:genesis/sort:-critic_score/page:2/
megadrive	dangerous seed	Dangerous Seed	68	1990	Namco Limited	https://www.mobygames.com/game/title:a/platform:genesis/sort:-critic_score/page:2/
megadrive	williams arcade classics	Williams Arcade Classics	69	1996	Digital Eclipse Software, Inc.	https://www.mobygames.com/game/title:a/platform:genesis/sort:-critic_score/page:2/
megadrive	nba action 95 starring david robinson	NBA Action '95 starring David Robinson	69	1995	Double Diamond Sports	https://www.mobygames.com/game/title:a/platform:genesis/sort:-critic_score/page:2/
megadrive	r c pro am	R.C. Pro-Am	69	1992	Rare Limited	https://www.mobygames.com/game/title:e/platform:genesis/sort:-critic_score/page:1/
megadrive	air buster	Air Buster	69	1991	Kaneko Co., Ltd.	https://www.mobygames.com/game/title:a/platform:genesis/sort:-critic_score/page:2/
megadrive	hardball iii	HardBall III	70	1993	MindSpan	https://www.mobygames.com/game/title:a/platform:genesis/sort:-critic_score/page:2/
megadrive	alien storm	Alien Storm	70	1991	Team Shinobi	https://www.mobygames.com/game/title:a/platform:genesis/sort:-critic_score/page:2/
megadrive	fatal fury	Fatal Fury	70	1993	SNK Corporation	https://www.mobygames.com/game/title:a/platform:genesis/sort:-critic_score/page:2/
megadrive	pac mania	Pac-Mania	70	1991	Namco Limited	https://www.mobygames.com/game/title:a/platform:genesis/sort:-critic_score/page:2/
megadrive	lakers versus celtics and the nba playoffs	Lakers versus Celtics and the NBA Playoffs	70	1990	Electronic Arts, Inc.	https://www.mobygames.com/game/title:a/platform:genesis/sort:-critic_score/page:2/
megadrive	addams family values	Addams Family Values	70	1995	Ocean Software Ltd.	https://www.mobygames.com/game/title:a/platform:genesis/sort:-critic_score/page:2/
megadrive	wayne gretzky and the nhlpa all stars	Wayne Gretzky and the NHLPA All-Stars	70	1995	Semi Logic Entertainments, Inc.	https://www.mobygames.com/game/title:a/platform:genesis/sort:-critic_score/page:2/
megadrive	james pond underwater agent	James Pond: Underwater Agent	70	1991	Vectordean Ltd.	https://www.mobygames.com/game/title:a/platform:genesis/sort:-critic_score/page:2/
megadrive	gain ground	Gain Ground	71	1991	SEGA Enterprises Ltd.	https://www.mobygames.com/game/title:a/platform:genesis/sort:-critic_score/page:2/
megadrive	raiden	Raiden	71	1991	Seibu Kaihatsu Inc.	https://www.mobygames.com/game/title:a/platform:genesis/sort:-critic_score/page:2/
megadrive	tiny toon adventures acme all stars	Tiny Toon Adventures: Acme All-Stars	71	1994	Konami Co., Ltd.	https://www.mobygames.com/game/title:a/platform:genesis/sort:-critic_score/page:2/
megadrive	the adventures of batman robin	The Adventures of Batman & Robin	71	1995	Clockwork Tortoise Inc.	https://www.mobygames.com/game/title:a/platform:genesis/sort:-critic_score/page:2/
megadrive	joe mac caveman ninja	Joe & Mac: Caveman Ninja	71	1994	Data East Corporation	https://www.mobygames.com/game/title:a/platform:genesis/sort:-critic_score/page:2/
megadrive	king s bounty	King's Bounty	71	1991	New World Computing, Inc.	https://www.mobygames.com/game/title:a/platform:genesis/sort:-critic_score/page:2/
megadrive	terminator 2 judgment day	Terminator 2: Judgment Day	71	1993	Midway Manufacturing Company	https://www.mobygames.com/game/title:a/platform:genesis/sort:-critic_score/page:2/
megadrive	the addams family	The Addams Family	71	1993	Ocean Software Ltd.	https://www.mobygames.com/game/title:a/platform:genesis/sort:-critic_score/page:2/
megadrive	bulls vs lakers and the nba playoffs	Bulls vs. Lakers and the NBA Playoffs	72	1992	Electronic Arts, Inc.	https://www.mobygames.com/game/title:a/platform:genesis/sort:-critic_score/page:2/
megadrive	atp tour championship tennis	ATP Tour Championship Tennis	72	1995	SIMS Co., Ltd.	https://www.mobygames.com/game/title:a/platform:genesis/sort:-critic_score/page:2/
megadrive	david crane s amazing tennis	David Crane's Amazing Tennis	72	1992	Imagineering Inc.	https://www.mobygames.com/game/title:a/platform:genesis/sort:-critic_score/page:3/
megadrive	zool	Zool	72	1993	Gremlin Interactive Limited	https://www.mobygames.com/game/title:a/platform:genesis/sort:-critic_score/page:3/
megadrive	the great circus mystery starring mickey minnie	The Great Circus Mystery starring Mickey & Minnie	72	1994	Capcom Co., Ltd.	https://www.mobygames.com/game/title:a/platform:genesis/sort:-critic_score/page:3/
megadrive	the faery tale adventure book i	The Faery Tale Adventure: Book I	72	1991	MicroIllusions	https://www.mobygames.com/game/title:a/platform:genesis/sort:-critic_score/page:3/
megadrive	twin cobra	Twin Cobra	72	1991	Toaplan Co., Ltd.	https://www.mobygames.com/game/title:a/platform:genesis/sort:-critic_score/page:3/
megadrive	pac attack	Pac-Attack	73	1993	Namco Limited	https://www.mobygames.com/game/title:a/platform:genesis/sort:-critic_score/page:3/
megadrive	decapattack	DEcapAttack	73	1991	Vic Tokai Corporation	https://www.mobygames.com/game/title:a/platform:genesis/sort:-critic_score/page:3/
megadrive	sylvester and tweety in cagey capers	Sylvester and Tweety in Cagey Capers	73	1994	Alexandria, Inc.	https://www.mobygames.com/game/title:a/platform:genesis/sort:-critic_score/page:3/
megadrive	bubble and squeak	Bubble and Squeak	73	1994	Fox Williams	https://www.mobygames.com/game/title:a/platform:genesis/sort:-critic_score/page:3/
megadrive	lhx attack chopper	LHX: Attack Chopper	74	1992	Electronic Arts, Inc.	https://www.mobygames.com/game/title:a/platform:genesis/sort:-critic_score/page:3/
megadrive	the fantastic adventures of dizzy	The Fantastic Adventures of Dizzy	74	1993	The Codemasters Software Company Limited	https://www.mobygames.com/game/title:a/platform:genesis/sort:-critic_score/page:3/
megadrive	aerobiz	Aerobiz	74	1992	KOEI Co., Ltd.	https://www.mobygames.com/game/title:a/platform:genesis/sort:-critic_score/page:3/
megadrive	phelios	Phelios	74	1990	Namco Limited	https://www.mobygames.com/game/title:a/platform:genesis/sort:-critic_score/page:3/
megadrive	dragon ball z l appel du destin	Dragon Ball Z: L'Appel Du Destin	74	1994	Tose Co., Ltd.	https://www.mobygames.com/game/title:a/platform:genesis/sort:-critic_score/page:3/
megadrive	outrun	OutRun	74	1991	Studio 128	https://www.mobygames.com/game/title:a/platform:genesis/sort:-critic_score/page:3/
megadrive	688 attack sub	688 Attack Sub	74	1991	Electronic Arts, Inc.	https://www.mobygames.com/game/title:a/platform:genesis/sort:-critic_score/page:3/
megadrive	muhammad ali heavyweight boxing	Muhammad Ali Heavyweight Boxing	75	1992	Park Place Productions	https://www.mobygames.com/game/title:a/platform:genesis/sort:-critic_score/page:3/
megadrive	nba action 94	NBA Action '94	75	1994	Malibu Interactive	https://www.mobygames.com/game/title:a/platform:genesis/sort:-critic_score/page:3/
megadrive	mcdonald s treasure land adventure	McDonald's Treasure Land Adventure	75	1993	Treasure Co., Ltd.	https://www.mobygames.com/game/title:a/platform:genesis/sort:-critic_score/page:3/
megadrive	aero the acro bat 2	Aero the Acro-Bat 2	75	1995	Sunsoft	https://www.mobygames.com/game/title:a/platform:genesis/sort:-critic_score/page:3/
megadrive	warrior of rome ii	Warrior of Rome II	75	1992	Micronet Co. Ltd.	https://www.mobygames.com/game/title:a/platform:genesis/sort:-critic_score/page:3/
megadrive	australian rugby league	Australian Rugby League	75	1995	I-Space Interactive	https://www.mobygames.com/game/title:a/platform:genesis/sort:-critic_score/page:3/
megadrive	ayrton senna s super monaco gp ii	Ayrton Senna's Super Monaco GP II	76	1992	SEGA Enterprises Ltd.	https://www.mobygames.com/game/title:a/platform:genesis/sort:-critic_score/page:3/
megadrive	after burner ii	After Burner II	76	1990	SEGA Enterprises Ltd.	https://www.mobygames.com/game/title:a/platform:genesis/sort:-critic_score/page:3/
megadrive	boogerman a pick and flick adventure	Boogerman: A Pick and Flick Adventure	76	1994	Interplay Entertainment Corp.	https://www.mobygames.com/game/title:a/platform:genesis/sort:-critic_score/page:3/
megadrive	aero the acro bat	Aero the Acro-Bat	76	1993	Sunsoft	https://www.mobygames.com/game/title:a/platform:genesis/sort:-critic_score/page:3/
megadrive	columns	Columns	76	1990	SEGA Enterprises Ltd.	https://www.mobygames.com/game/title:a/platform:genesis/sort:-critic_score/page:3/
megadrive	abrams battle tank	Abrams Battle Tank	76	1991	Dynamix, Inc.	https://www.mobygames.com/game/title:a/platform:genesis/sort:-critic_score/page:3/
megadrive	arcus odyssey	Arcus Odyssey	76	1991	Wolf Team	https://www.mobygames.com/game/title:a/platform:genesis/sort:-critic_score/page:3/
megadrive	battletech a game of armored combat	BattleTech: A Game of Armored Combat	76	1994	Malibu Interactive	https://www.mobygames.com/game/title:a/platform:genesis/sort:-critic_score/page:3/
megadrive	animaniacs	Animaniacs	76	1994	Konami Co., Ltd.	https://www.mobygames.com/game/title:a/platform:genesis/sort:-critic_score/page:3/
megadrive	sunset riders	Sunset Riders	76	1993	Konami Co., Ltd.	https://www.mobygames.com/game/title:a/platform:genesis/sort:-critic_score/page:3/
megadrive	arnold palmer tournament golf	Arnold Palmer Tournament Golf	76	1989	SEGA Enterprises Ltd.	https://www.mobygames.com/game/title:a/platform:genesis/sort:-critic_score/page:3/
megadrive	fatal fury 2	Fatal Fury 2	77	1994	SNK Corporation	https://www.mobygames.com/game/title:a/platform:genesis/sort:-critic_score/page:3/
megadrive	marvel land	Marvel Land	77	1991	Namco Limited	https://www.mobygames.com/game/title:a/platform:genesis/sort:-critic_score/page:3/
megadrive	bio hazard battle	Bio Hazard Battle	77	1992	SEGA Enterprises Ltd.	https://www.mobygames.com/game/title:a/platform:genesis/sort:-critic_score/page:3/
megadrive	gleylancer	Gleylancer	77	1992	NCS Corporation	https://www.mobygames.com/game/title:a/platform:genesis/sort:-critic_score/page:3/
megadrive	f 22 interceptor	F-22 Interceptor	78	1991	Lerner Research	https://www.mobygames.com/game/title:a/platform:genesis/sort:-critic_score/page:3/
megadrive	saturday night slam masters	Saturday Night Slam Masters	66	1994	Capcom Co., Ltd.	https://www.mobygames.com/game/title:e/platform:genesis/sort:-critic_score/page:1/
megadrive	where in time is carmen sandiego	Where in Time Is Carmen Sandiego?	66	1992	Brøderbund Software, Inc.	https://www.mobygames.com/game/title:e/platform:genesis/sort:-critic_score/page:1/
megadrive	striker	Striker	66	1995	Rage Software Ltd.	https://www.mobygames.com/game/title:e/platform:genesis/sort:-critic_score/page:1/
megadrive	jewel master	Jewel Master	67	1991	SEGA Enterprises Ltd.	https://www.mobygames.com/game/title:e/platform:genesis/sort:-critic_score/page:1/
megadrive	taz in escape from mars	Taz in Escape from Mars	67	1994	HeadGames, Inc.	https://www.mobygames.com/game/title:e/platform:genesis/sort:-critic_score/page:1/
megadrive	ys iii wanderers from ys	Ys III: Wanderers from Ys	67	1991	Nihon Falcom Corp.	https://www.mobygames.com/game/title:e/platform:genesis/sort:-critic_score/page:1/
megadrive	the ren stimpy show stimpy s invention	The Ren & Stimpy Show: Stimpy's Invention	69	1993	BlueSky Software, Inc.	https://www.mobygames.com/game/title:e/platform:genesis/sort:-critic_score/page:1/
megadrive	ecco jr	Ecco Jr.	69	1995	Novotrade Software Kft.	https://www.mobygames.com/game/title:e/platform:genesis/sort:-critic_score/page:1/
megadrive	star trek the next generation future s past	Star Trek: The Next Generation - Future's Past	69	1994	Spectrum Holobyte, Inc.	https://www.mobygames.com/game/title:e/platform:genesis/sort:-critic_score/page:1/
megadrive	the humans	The Humans	70	1992	Imagitec Design Inc.	https://www.mobygames.com/game/title:e/platform:genesis/sort:-critic_score/page:1/
megadrive	shanghai ii dragon s eye	Shanghai II: Dragon's Eye	70	1994	Activision, Inc.	https://www.mobygames.com/game/title:e/platform:genesis/sort:-critic_score/page:1/
megadrive	evander holyfield s real deal boxing	Evander Holyfield's "Real Deal" Boxing	70	1992	Acme Interactive, Inc.	https://www.mobygames.com/game/title:e/platform:genesis/sort:-critic_score/page:1/
megadrive	ex mutants	Ex-Mutants	70	1992	Malibu Interactive	https://www.mobygames.com/game/title:e/platform:genesis/sort:-critic_score/page:1/
megadrive	task force harrier ex	Task Force Harrier EX	70	1991	NMK Co. Ltd.	https://www.mobygames.com/game/title:e/platform:genesis/sort:-critic_score/page:1/
megadrive	f 15 strike eagle ii	F-15 Strike Eagle II	71	1993	MPS Labs	https://www.mobygames.com/game/title:e/platform:genesis/sort:-critic_score/page:1/
megadrive	lethal enforcers ii gun fighters	Lethal Enforcers II: Gun Fighters	71	1994	Konami Co., Ltd.	https://www.mobygames.com/game/title:e/platform:genesis/sort:-critic_score/page:1/
megadrive	kick off 3 european challenge	Kick Off 3: European Challenge	71	1994	Anco Software Ltd.	https://www.mobygames.com/game/title:e/platform:genesis/sort:-critic_score/page:1/
megadrive	world trophy soccer	World Trophy Soccer	73	1992	Krisalis Software Ltd.	https://www.mobygames.com/game/title:e/platform:genesis/sort:-critic_score/page:1/
megadrive	steel empire	Steel Empire	73	1992	Hot-B Co., Ltd.	https://www.mobygames.com/game/title:e/platform:genesis/sort:-critic_score/page:1/
megadrive	lethal enforcers	Lethal Enforcers	74	1993	Konami Co., Ltd.	https://www.mobygames.com/game/title:e/platform:genesis/sort:-critic_score/page:1/
megadrive	el viento	El Viento	74	1991	Wolf Team	https://www.mobygames.com/game/title:e/platform:genesis/sort:-critic_score/page:1/
megadrive	the smurfs	The Smurfs	74	1994	Infogrames Europe SA	https://www.mobygames.com/game/title:e/platform:genesis/sort:-critic_score/page:1/
megadrive	battle squadron	Battle Squadron	74	1990	Cope-com	https://www.mobygames.com/game/title:e/platform:genesis/sort:-critic_score/page:1/
megadrive	zero the kamikaze squirrel	Zero the Kamikaze Squirrel	75	1994	Iguana Entertainment Incorporated	https://www.mobygames.com/game/title:e/platform:genesis/sort:-critic_score/page:2/
megadrive	farming simulator 16 bit edition	Farming Simulator: 16-Bit Edition	76	2025	GIANTS Software GmbH	https://www.mobygames.com/game/title:e/platform:genesis/sort:-critic_score/page:2/
megadrive	dungeons dragons warriors of the eternal sun	Dungeons & Dragons: Warriors of the Eternal Sun	77	1992	Westwood Associates	https://www.mobygames.com/game/title:e/platform:genesis/sort:-critic_score/page:2/
megadrive	eswat city under siege	ESWAT: City under Siege	77	1990	SEGA Enterprises Ltd.	https://www.mobygames.com/game/title:e/platform:genesis/sort:-critic_score/page:2/
gb	soccer mania	Soccer Mania	33	1990	Kitty Group	https://www.mobygames.com/game/platform:gameboy/sort:-critic_score/page:1/
gb	game boy gallery	Game Boy Gallery	39	1995	Nintendo R&D1	https://www.mobygames.com/game/platform:gameboy/sort:-critic_score/page:1/
gb	super chase h q	Super Chase H.Q.	39	1994	ITL Co., Ltd.	https://www.mobygames.com/game/platform:gameboy/sort:-critic_score/page:1/
gb	space invaders	Space Invaders	64	1994	Kinesoft Development Corp.	https://www.mobygames.com/game/platform:gameboy/sort:-critic_score/page:3/
gb	lethal weapon	Lethal Weapon	40	1993	Eurocom Developments Ltd	https://www.mobygames.com/game/platform:gameboy/sort:-critic_score/page:1/
gb	barbie game girl	Barbie Game Girl	40	1992	Imagineering Inc.	https://www.mobygames.com/game/platform:gameboy/sort:-critic_score/page:1/
gb	chase h q	Chase H.Q.	42	1990	Taito Corporation	https://www.mobygames.com/game/platform:gameboy/sort:-critic_score/page:1/
gb	winter olympic games lillehammer 94	Winter Olympic Games: Lillehammer '94	44	1994	Unexpected Development	https://www.mobygames.com/game/platform:gameboy/sort:-critic_score/page:1/
gb	top gun guts glory	Top Gun: Guts & Glory	45	1993	Distinctive Software, Inc.	https://www.mobygames.com/game/platform:gameboy/sort:-critic_score/page:1/
gb	fist of the north star 10 big brawls for the king	Fist of the North Star: 10 Big Brawls for the King...	45	1989	Shouei System	https://www.mobygames.com/game/platform:gameboy/sort:-critic_score/page:1/
gb	toxic crusaders	Toxic Crusaders	45	1992	Realtime Associates, Inc.	https://www.mobygames.com/game/platform:gameboy/sort:-critic_score/page:1/
gb	cutthroat island	Cutthroat Island	46	1996	Software Creations Ltd.	https://www.mobygames.com/game/platform:gameboy/sort:-critic_score/page:1/
gb	ivan ironman stewart s super off road	Ivan 'Ironman' Stewart's Super Off Road	46	1992	Leland Corporation	https://www.mobygames.com/game/platform:gameboy/sort:-critic_score/page:1/
gb	prophecy viking child	Prophecy: Viking Child	46	1992	Imagitec Design Inc.	https://www.mobygames.com/game/platform:gameboy/sort:-critic_score/page:1/
gb	mortal kombat 3	Mortal Kombat 3	47	1995	Midway Manufacturing Company	https://www.mobygames.com/game/platform:gameboy/sort:-critic_score/page:1/
gb	world cup 98	World Cup 98	48	1998	Tiertex Design Studios	https://www.mobygames.com/game/platform:gameboy/sort:-critic_score/page:1/
gb	centipede	Centipede	48	1992	Atari, Inc.	https://www.mobygames.com/game/platform:gameboy/sort:-critic_score/page:1/
gb	crystal quest	Crystal Quest	48	1991	Stainless Software Ltd.	https://www.mobygames.com/game/platform:gameboy/sort:-critic_score/page:1/
gb	george foreman s ko boxing	George Foreman's KO Boxing	49	1992	Beam Software Pty., Ltd.	https://www.mobygames.com/game/platform:gameboy/sort:-critic_score/page:1/
gb	batman forever	Batman Forever	50	1995	Probe Entertainment Ltd.	https://www.mobygames.com/game/platform:gameboy/sort:-critic_score/page:1/
gb	disney s the lion king	Disney's The Lion King	51	1994	Dark Technologies	https://www.mobygames.com/game/platform:gameboy/sort:-critic_score/page:1/
gb	paperboy 2	Paperboy 2	52	1992	Tengen Inc.	https://www.mobygames.com/game/platform:gameboy/sort:-critic_score/page:1/
gb	the adventures of rocky and bullwinkle and friends	The Adventures of Rocky and Bullwinkle and Friends	52	1992	Imagineering Inc.	https://www.mobygames.com/game/platform:gameboy/sort:-critic_score/page:1/
gb	baseball	Baseball	52	1989	Nintendo R&D1	https://www.mobygames.com/game/platform:gameboy/sort:-critic_score/page:1/
gb	pinball fantasies	Pinball Fantasies	52	1995	Digital Illusions HB	https://www.mobygames.com/game/platform:gameboy/sort:-critic_score/page:1/
gb	spider man 3 invasion of the spider slayers	Spider-Man 3: Invasion of the Spider-Slayers	52	1993	B.I.T.S., Ltd.	https://www.mobygames.com/game/platform:gameboy/sort:-critic_score/page:1/
gb	alleyway	Alleyway	53	1989	Nintendo R&D1	https://www.mobygames.com/game/platform:gameboy/sort:-critic_score/page:1/
gb	mortal kombat	Mortal Kombat	53	1993	Midway Manufacturing Company	https://www.mobygames.com/game/platform:gameboy/sort:-critic_score/page:1/
gb	the punisher the ultimate payback	The Punisher: The Ultimate Payback!	53	1991	Beam Software Pty., Ltd.	https://www.mobygames.com/game/platform:gameboy/sort:-critic_score/page:1/
gb	star wars the empire strikes back	Star Wars: The Empire Strikes Back	53	1992	LucasArts	https://www.mobygames.com/game/platform:gameboy/sort:-critic_score/page:1/
gb	mystical ninja starring goemon	Mystical Ninja Starring Goemon	54	1998	Konami Computer Entertainment Nagoya Co., Ltd.	https://www.mobygames.com/game/platform:gameboy/sort:-critic_score/page:1/
gb	wcw wrestling the main event	WCW Wrestling: The Main Event	54	1994	Beam Software Pty., Ltd.	https://www.mobygames.com/game/platform:gameboy/sort:-critic_score/page:1/
gb	itchy scratchy in miniature golf madness	Itchy & Scratchy in Miniature Golf Madness	54	1994	Beam Software Pty., Ltd.	https://www.mobygames.com/game/platform:gameboy/sort:-critic_score/page:1/
gb	home alone	Home Alone	54	1991	Imagineering Inc.	https://www.mobygames.com/game/platform:gameboy/sort:-critic_score/page:1/
gb	double dragon 3 the rosetta stone	Double Dragon 3: The Rosetta Stone	54	1992	East Technology Corp.	https://www.mobygames.com/game/platform:gameboy/sort:-critic_score/page:1/
gb	star trek 25th anniversary	Star Trek: 25th Anniversary	54	1992	Visual Concepts Entertainment, Inc.	https://www.mobygames.com/game/platform:gameboy/sort:-critic_score/page:1/
gb	nhl 95	NHL 95	55	1995	Electronic Arts Canada	https://www.mobygames.com/game/platform:gameboy/sort:-critic_score/page:1/
gb	fifa international soccer	FIFA International Soccer	55	1995	Electronic Arts Canada	https://www.mobygames.com/game/platform:gameboy/sort:-critic_score/page:1/
gb	tamagotchi	Tamagotchi	55	1997	Tom Create Co., Ltd.	https://www.mobygames.com/game/platform:gameboy/sort:-critic_score/page:1/
gb	bubsy ii	Bubsy II	55	1994	Accolade, Inc.	https://www.mobygames.com/game/platform:gameboy/sort:-critic_score/page:1/
gb	sports illustrated golf classic	Sports Illustrated: Golf Classic	55	1994	Unexpected Development	https://www.mobygames.com/game/platform:gameboy/sort:-critic_score/page:1/
gb	star trek generations beyond the nexus	Star Trek: Generations - Beyond the Nexus	56	1994	Absolute Entertainment, Inc.	https://www.mobygames.com/game/platform:gameboy/sort:-critic_score/page:1/
gb	the flash	The Flash	56	1991	Equilibrium, Inc.	https://www.mobygames.com/game/platform:gameboy/sort:-critic_score/page:1/
gb	tiny toon adventures wacky sports	Tiny Toon Adventures: Wacky Sports	56	1994	Konami Co., Ltd.	https://www.mobygames.com/game/platform:gameboy/sort:-critic_score/page:1/
gb	spider man 2	Spider-Man 2	56	1992	B.I.T.S., Ltd.	https://www.mobygames.com/game/platform:gameboy/sort:-critic_score/page:1/
gb	skate or die tour de thrash	Skate or Die: Tour de Thrash	56	1991	Electronic Arts, Inc.	https://www.mobygames.com/game/platform:gameboy/sort:-critic_score/page:1/
gb	ms pac man	Ms. Pac-Man	56	1993	General Computer Corporation	https://www.mobygames.com/game/platform:gameboy/sort:-critic_score/page:1/
gb	castlevania legends	Castlevania Legends	57	1997	Konami Computer Entertainment Nagoya Co., Ltd.	https://www.mobygames.com/game/platform:gameboy/sort:-critic_score/page:1/
gb	rolan s curse	Rolan's Curse	57	1990	NMK Co. Ltd.	https://www.mobygames.com/game/platform:gameboy/sort:-critic_score/page:1/
gb	missile command	Missile Command	58	1992	Atari, Inc.	https://www.mobygames.com/game/platform:gameboy/sort:-critic_score/page:1/
gb	elevator action	Elevator Action	58	1991	Taito Corporation	https://www.mobygames.com/game/platform:gameboy/sort:-critic_score/page:2/
gb	nintendo world cup	Nintendo World Cup	58	1991	Technos Japan Corp.	https://www.mobygames.com/game/platform:gameboy/sort:-critic_score/page:2/
gb	mighty morphin power rangers the movie	Mighty Morphin Power Rangers: The Movie	58	1995	Tom Create Co., Ltd.	https://www.mobygames.com/game/platform:gameboy/sort:-critic_score/page:2/
gb	the simpsons bart the beanstalk	The Simpsons: Bart & the Beanstalk	58	1993	Software Creations Ltd.	https://www.mobygames.com/game/platform:gameboy/sort:-critic_score/page:2/
gb	the hunt for red october	The Hunt for Red October	58	1991	Beam Software Pty., Ltd.	https://www.mobygames.com/game/platform:gameboy/sort:-critic_score/page:2/
gb	battletoads double dragon	Battletoads / Double Dragon	58	1993	Rare Limited	https://www.mobygames.com/game/platform:gameboy/sort:-critic_score/page:2/
gb	last action hero	Last Action Hero	58	1993	Bits Studios Ltd.	https://www.mobygames.com/game/platform:gameboy/sort:-critic_score/page:2/
gb	the blues brothers jukebox adventure	The Blues Brothers: Jukebox Adventure	58	1994	Titus France SA	https://www.mobygames.com/game/platform:gameboy/sort:-critic_score/page:2/
gb	kung fu master	Kung' Fu Master	59	1990	Irem Corp.	https://www.mobygames.com/game/platform:gameboy/sort:-critic_score/page:2/
gb	spanky s quest	Spanky's Quest	59	1991	Natsume Co., Ltd.	https://www.mobygames.com/game/platform:gameboy/sort:-critic_score/page:2/
gb	turn and burn the f 14 dogfight simulator	Turn and Burn: The F-14 Dogfight Simulator	59	1992	Imagineering Inc.	https://www.mobygames.com/game/platform:gameboy/sort:-critic_score/page:2/
gb	seaquest dsv	SeaQuest DSV	59	1994	Unexpected Development	https://www.mobygames.com/game/platform:gameboy/sort:-critic_score/page:2/
gb	penguin kun wars	Penguin-Kun Wars	59	1990	UPL Co., Ltd	https://www.mobygames.com/game/platform:gameboy/sort:-critic_score/page:2/
gb	universal soldier	Universal Soldier	60	1992	Code Monkeys Ltd., The	https://www.mobygames.com/game/platform:gameboy/sort:-critic_score/page:2/
gb	4 in 1 fun pak	4-in-1 Fun Pak	60	1992	Beam Software Pty., Ltd.	https://www.mobygames.com/game/platform:gameboy/sort:-critic_score/page:2/
gb	wwf king of the ring	WWF King of the Ring	60	1993	Eastridge Technology	https://www.mobygames.com/game/platform:gameboy/sort:-critic_score/page:2/
gb	alien vs predator the last of his clan	Alien vs Predator: The Last of His Clan	60	1993		https://www.mobygames.com/game/platform:gameboy/sort:-critic_score/page:2/
gb	beetlejuice	Beetlejuice	60	1992	Rare Limited	https://www.mobygames.com/game/platform:gameboy/sort:-critic_score/page:2/
gb	tarzan lord of the jungle	Tarzan: Lord of the Jungle	60	1994	Eurocom Developments Ltd	https://www.mobygames.com/game/platform:gameboy/sort:-critic_score/page:2/
gb	who framed roger rabbit	Who Framed Roger Rabbit	60	1991	Capcom Co., Ltd.	https://www.mobygames.com/game/platform:gameboy/sort:-critic_score/page:2/
gb	chuck rock	Chuck Rock	60	1993	Core Design Ltd.	https://www.mobygames.com/game/platform:gameboy/sort:-critic_score/page:2/
gb	malibu beach volleyball	Malibu Beach Volleyball	60	1989	Tose Co., Ltd.	https://www.mobygames.com/game/platform:gameboy/sort:-critic_score/page:2/
gb	paperboy	Paperboy	60	1990	Atari, Inc.	https://www.mobygames.com/game/platform:gameboy/sort:-critic_score/page:2/
gb	zen intergalactic ninja	Zen: Intergalactic Ninja	60	1993	Konami Co., Ltd.	https://www.mobygames.com/game/platform:gameboy/sort:-critic_score/page:2/
gb	dragon s lair the legend	Dragon's Lair: The Legend	61	1991	Elite Systems Ltd.	https://www.mobygames.com/game/platform:gameboy/sort:-critic_score/page:2/
gb	brain bender	Brain Bender	61	1991	Gremlin Graphics Software Limited	https://www.mobygames.com/game/platform:gameboy/sort:-critic_score/page:2/
gb	battleship the classic naval combat game	Battleship: The Classic Naval Combat Game	61	1989	Use Corporation	https://www.mobygames.com/game/platform:gameboy/sort:-critic_score/page:2/
gb	titus the fox to marrakech and back	Titus the Fox: To Marrakech and Back	61	1993	Titus Interactive, S.A.	https://www.mobygames.com/game/platform:gameboy/sort:-critic_score/page:2/
gb	arcade classic 2 centipede millipede	Arcade Classic 2: Centipede / Millipede	61	1995	Atari, Inc.	https://www.mobygames.com/game/platform:gameboy/sort:-critic_score/page:2/
gb	double dribble	Double Dribble	61	1991	Konami Industry Co. Ltd.	https://www.mobygames.com/game/platform:gameboy/sort:-critic_score/page:2/
gb	the flintstones king rock treasure island	The Flintstones: King Rock Treasure Island	61	1993	Taito Corporation	https://www.mobygames.com/game/platform:gameboy/sort:-critic_score/page:2/
gb	bill elliott s nascar fast tracks	Bill Elliott's NASCAR Fast Tracks	61	1991	Distinctive Software, Inc.	https://www.mobygames.com/game/platform:gameboy/sort:-critic_score/page:2/
gb	ultima runes of virtue	Ultima: Runes of Virtue	61	1991	ORIGIN Systems, Inc.	https://www.mobygames.com/game/platform:gameboy/sort:-critic_score/page:2/
gb	pierre le chef is out to lunch	Pierre le Chef is... Out to Lunch	62	1993	Mindscape International Ltd.	https://www.mobygames.com/game/platform:gameboy/sort:-critic_score/page:2/
gb	speedball 2 brutal deluxe	Speedball 2: Brutal Deluxe	62	1991	The Bitmap Brothers	https://www.mobygames.com/game/platform:gameboy/sort:-critic_score/page:2/
gb	the adventures of star saver	The Adventures of Star Saver	62	1991	A Wave, Inc.	https://www.mobygames.com/game/platform:gameboy/sort:-critic_score/page:2/
gb	godzilla	Godzilla	62	1990	Compile	https://www.mobygames.com/game/platform:gameboy/sort:-critic_score/page:2/
gb	judge dredd	Judge Dredd	62	1995	Probe Software Ltd.	https://www.mobygames.com/game/platform:gameboy/sort:-critic_score/page:2/
gb	boomer s adventure in asmik world	Boomer's Adventure in ASMIK World	62	1989	Klon	https://www.mobygames.com/game/platform:gameboy/sort:-critic_score/page:2/
gb	solitaire funpak	Solitaire FunPak	62	1994	Beam Software Pty., Ltd.	https://www.mobygames.com/game/platform:gameboy/sort:-critic_score/page:2/
gb	maru s mission	Maru's Mission	62	1990	Jaleco Ltd.	https://www.mobygames.com/game/platform:gameboy/sort:-critic_score/page:2/
gb	robin hood prince of thieves	Robin Hood: Prince of Thieves	62	1991	Sculptured Software, Inc.	https://www.mobygames.com/game/platform:gameboy/sort:-critic_score/page:2/
gb	monster truck wars	Monster Truck Wars	62	1994	Gremlin Graphics Software Limited	https://www.mobygames.com/game/platform:gameboy/sort:-critic_score/page:2/
gb	hatris	Hatris	62	1991	Bullet-Proof Software, Inc.	https://www.mobygames.com/game/platform:gameboy/sort:-critic_score/page:2/
gb	mysterium	Mysterium	62	1991	Maxis Software Inc.	https://www.mobygames.com/game/platform:gameboy/sort:-critic_score/page:2/
gb	madden 95	Madden 95	62	1994	Halestorm, Inc.	https://www.mobygames.com/game/platform:gameboy/sort:-critic_score/page:2/
gb	cool ball	Cool Ball	62	1992	Loriciel SA	https://www.mobygames.com/game/platform:gameboy/sort:-critic_score/page:2/
gb	true lies	True Lies	62	1994	Beam Software Pty., Ltd.	https://www.mobygames.com/game/platform:gameboy/sort:-critic_score/page:2/
gb	the amazing spider man	The Amazing Spider-Man	62	1990	Rare Limited	https://www.mobygames.com/game/platform:gameboy/sort:-critic_score/page:2/
gb	caesars palace	Caesars Palace	63	1991	Magnin & Associates	https://www.mobygames.com/game/platform:gameboy/sort:-critic_score/page:2/
gb	world heroes 2 jet	World Heroes 2 Jet	63	1995	SNK Corporation	https://www.mobygames.com/game/platform:gameboy/sort:-critic_score/page:3/
gb	the bugs bunny crazy castle	The Bugs Bunny Crazy Castle	63	1989	Kotobuki System Co., Ltd.	https://www.mobygames.com/game/platform:gameboy/sort:-critic_score/page:3/
gb	asteroids	Asteroids	63	1992	Atari, Inc.	https://www.mobygames.com/game/platform:gameboy/sort:-critic_score/page:3/
gb	taz mania	Taz-Mania	63	1994	Sun Corporation	https://www.mobygames.com/game/platform:gameboy/sort:-critic_score/page:3/
gb	palamedes	Palamedes	63	1990	Taito Corporation	https://www.mobygames.com/game/platform:gameboy/sort:-critic_score/page:3/
gb	fire fighter	Fire Fighter	63	1992	Teeny Weeny Games, Ltd.	https://www.mobygames.com/game/platform:gameboy/sort:-critic_score/page:3/
gb	q bert	Q*bert	63	1992	D. Gottlieb & Co.	https://www.mobygames.com/game/platform:gameboy/sort:-critic_score/page:3/
gb	super star wars return of the jedi	Super Star Wars: Return of the Jedi	64	1995	Realtime Associates Seattle Division	https://www.mobygames.com/game/platform:gameboy/sort:-critic_score/page:3/
gb	the game of harmony	The Game of Harmony	64	1991	Assembly Line, The	https://www.mobygames.com/game/platform:gameboy/sort:-critic_score/page:3/
gb	the bugs bunny crazy castle 2	The Bugs Bunny Crazy Castle 2	64	1991	Kotobuki System Co., Ltd.	https://www.mobygames.com/game/platform:gameboy/sort:-critic_score/page:3/
gb	yogi bear s goldrush	Yogi Bear's Goldrush	64	1994	Twilight	https://www.mobygames.com/game/platform:gameboy/sort:-critic_score/page:3/
gb	nba all star challenge 2	NBA All-Star Challenge 2	64	1992	Beam Software Pty., Ltd.	https://www.mobygames.com/game/platform:gameboy/sort:-critic_score/page:3/
gb	lemmings 2 the tribes	Lemmings 2: The Tribes	64	1994	DMA Design Limited	https://www.mobygames.com/game/platform:gameboy/sort:-critic_score/page:3/
gb	attack of the killer tomatoes	Attack of the Killer Tomatoes	64	1992	Equilibrium, Inc.	https://www.mobygames.com/game/platform:gameboy/sort:-critic_score/page:3/
gb	bram stoker s dracula	Bram Stoker's Dracula	64	1993	Probe Software Ltd.	https://www.mobygames.com/game/platform:gameboy/sort:-critic_score/page:3/
gb	the addams family	The Addams Family	64	1992	Ocean Software Ltd.	https://www.mobygames.com/game/platform:gameboy/sort:-critic_score/page:3/
gb	ferrari grand prix challenge	Ferrari Grand Prix Challenge	64	1992	System 3 Software Limited	https://www.mobygames.com/game/platform:gameboy/sort:-critic_score/page:3/
gb	jelly boy	Jelly Boy	64	1994	Probe Software Ltd.	https://www.mobygames.com/game/platform:gameboy/sort:-critic_score/page:3/
gb	hudson hawk	Hudson Hawk	64	1992	Special FX Software Ltd.	https://www.mobygames.com/game/platform:gameboy/sort:-critic_score/page:3/
gb	disney s talespin	Disney's TaleSpin	65	1992	Capcom Co., Ltd.	https://www.mobygames.com/game/platform:gameboy/sort:-critic_score/page:3/
gb	sensible soccer european champions	Sensible Soccer: European Champions	65	1993	Enigma Variations Ltd.	https://www.mobygames.com/game/platform:gameboy/sort:-critic_score/page:3/
gb	daffy duck	Daffy Duck	65	1994	Sun Corporation	https://www.mobygames.com/game/platform:gameboy/sort:-critic_score/page:3/
gb	disney s the little mermaid	Disney's The Little Mermaid	65	1992	Capcom Co., Ltd.	https://www.mobygames.com/game/platform:gameboy/sort:-critic_score/page:3/
gb	mickey s dangerous chase	Mickey's Dangerous Chase	65	1991	Now Production Co., Ltd.	https://www.mobygames.com/game/platform:gameboy/sort:-critic_score/page:3/
gb	primal rage	Primal Rage	65	1995	Atari Games Corporation	https://www.mobygames.com/game/platform:gameboy/sort:-critic_score/page:3/
gb	gear works	Gear Works	65	1993	Idea Software	https://www.mobygames.com/game/platform:gameboy/sort:-critic_score/page:3/
gb	solar striker	Solar Striker	65	1990	Minakuchi Engineering Co., Ltd.	https://www.mobygames.com/game/platform:gameboy/sort:-critic_score/page:3/
gb	alien	Alien³	65	1993	B.I.T.S., Ltd.	https://www.mobygames.com/game/platform:gameboy/sort:-critic_score/page:3/
gb	game watch gallery	Game & Watch Gallery	66	1997	Nintendo R&D1	https://www.mobygames.com/game/platform:gameboy/sort:-critic_score/page:3/
gb	bubble bobble	Bubble Bobble	66	1990	Taito Corporation	https://www.mobygames.com/game/platform:gameboy/sort:-critic_score/page:3/
gb	rampart	Rampart	66	1992	Atari Games Corporation	https://www.mobygames.com/game/platform:gameboy/sort:-critic_score/page:3/
gb	nail n scale	Nail 'n Scale	66	1990	Bit²	https://www.mobygames.com/game/platform:gameboy/sort:-critic_score/page:3/
gb	mr chin s gourmet paradise	Mr. Chin's Gourmet Paradise	66	1990	Romstar, Inc.	https://www.mobygames.com/game/platform:gameboy/sort:-critic_score/page:3/
gb	spot	Spot	66	1990	Arcadia Systems, Inc.	https://www.mobygames.com/game/platform:gameboy/sort:-critic_score/page:3/
gb	spot the cool adventure	Spot: The Cool Adventure	66	1992	Visual Concepts, Ltd.	https://www.mobygames.com/game/platform:gameboy/sort:-critic_score/page:3/
gb	tesserae	Tesserae	66	1993		https://www.mobygames.com/game/platform:gameboy/sort:-critic_score/page:3/
gb	the incredible crash dummies	The Incredible Crash Dummies	66	1992	Software Creations Ltd.	https://www.mobygames.com/game/platform:gameboy/sort:-critic_score/page:3/
gb	olympic summer games	Olympic Summer Games	66	1996	Tiertex Ltd.	https://www.mobygames.com/game/platform:gameboy/sort:-critic_score/page:3/
gb	heavyweight championship boxing	Heavyweight Championship Boxing	66	1990	Tose Co., Ltd.	https://www.mobygames.com/game/platform:gameboy/sort:-critic_score/page:3/
gb	oddworld adventures	Oddworld Adventures	66	1998	Saffire, Inc	https://www.mobygames.com/game/platform:gameboy/sort:-critic_score/page:3/
gb	wizards warriors x fortress of fear	Wizards & Warriors X: Fortress of Fear	67	1990	Rare Limited	https://www.mobygames.com/game/platform:gameboy/sort:-critic_score/page:3/
gb	star trek the next generation	Star Trek: The Next Generation	67	1993	Absolute Entertainment, Inc.	https://www.mobygames.com/game/platform:gameboy/sort:-critic_score/page:3/
gb	we re back a dinosaur s story	We're Back!: A Dinosaur's Story	67	1993	Beam Software Pty., Ltd.	https://www.mobygames.com/game/platform:gameboy/sort:-critic_score/page:3/
gb	marble madness	Marble Madness	67	1991	Atari, Inc.	https://www.mobygames.com/game/platform:gameboy/sort:-critic_score/page:3/
gb	the pagemaster	The Pagemaster	67	1994	Probe Software Ltd.	https://www.mobygames.com/game/platform:gameboy/sort:-critic_score/page:3/
gb	amazing penguin	Amazing Penguin	67	1990	Natsume Co., Ltd.	https://www.mobygames.com/game/platform:gameboy/sort:-critic_score/page:3/
gb	pinball deluxe	Pinball Deluxe	67	1995		https://www.mobygames.com/game/platform:gameboy/sort:-critic_score/page:3/
gb	balloon kid	Balloon Kid	67	1990	Nintendo R&D1	https://www.mobygames.com/game/platform:gameboy/sort:-critic_score/page:3/
gb	tom jerry	Tom & Jerry	67	1992	Beam Software Pty., Ltd.	https://www.mobygames.com/game/platform:gameboy/sort:-critic_score/page:3/
gb	disney s toy story	Disney's Toy Story	67	1996	Traveller's Tales (UK) Ltd.	https://www.mobygames.com/game/platform:gameboy/sort:-critic_score/page:4/
gb	nigel mansell s world championship racing	Nigel Mansell's World Championship Racing	67	1993	Gremlin Graphics Software Limited	https://www.mobygames.com/game/platform:gameboy/sort:-critic_score/page:4/
gb	zool	Zool	67	1993	Gremlin Interactive Limited	https://www.mobygames.com/game/platform:gameboy/sort:-critic_score/page:4/
gb	radar mission	Radar Mission	68	1990	Nintendo R&D1	https://www.mobygames.com/game/platform:gameboy/sort:-critic_score/page:4/
gb	side pocket	Side Pocket	68	1990	Data East Corporation	https://www.mobygames.com/game/platform:gameboy/sort:-critic_score/page:4/
gb	max	Max	68	1992	A Wave, Inc.	https://www.mobygames.com/game/platform:gameboy/sort:-critic_score/page:4/
gb	wwf superstars 2	WWF Superstars 2	68	1992	Sculptured Software, Inc.	https://www.mobygames.com/game/platform:gameboy/sort:-critic_score/page:4/
gb	castlevania the adventure	Castlevania: The Adventure	68	1989	Konami Industry Co. Ltd.	https://www.mobygames.com/game/platform:gameboy/sort:-critic_score/page:4/
gb	tail gator	Tail'Gator	68	1991	Natsume Co., Ltd.	https://www.mobygames.com/game/platform:gameboy/sort:-critic_score/page:4/
gb	the lawnmower man	The Lawnmower Man	68	1993	Sales Curve Ltd., The	https://www.mobygames.com/game/platform:gameboy/sort:-critic_score/page:4/
gb	the real ghostbusters	The Real Ghostbusters	68	1993	Kotobuki System Co., Ltd.	https://www.mobygames.com/game/platform:gameboy/sort:-critic_score/page:4/
gb	f 15 strike eagle	F-15 Strike Eagle	68	1993	NMS Software Ltd.	https://www.mobygames.com/game/platform:gameboy/sort:-critic_score/page:4/
gb	jordan vs bird one on one	Jordan vs Bird: One on One	68	1992	Imagineering Inc.	https://www.mobygames.com/game/platform:gameboy/sort:-critic_score/page:4/
gb	turok battle of the bionosaurs	Turok: Battle of the Bionosaurs	68	1997	Bit Managers S.L.	https://www.mobygames.com/game/platform:gameboy/sort:-critic_score/page:4/
gb	nobunaga s ambition	Nobunaga's Ambition	69	1990	Tecmo Koei Games Co., Ltd.	https://www.mobygames.com/game/platform:gameboy/sort:-critic_score/page:4/
gb	bonk s adventure	Bonk's Adventure	69	1992	Hudson Soft Company, Ltd.	https://www.mobygames.com/game/platform:gameboy/sort:-critic_score/page:4/
gb	double dragon ii	Double Dragon II	69	1991	Technos Japan Corp.	https://www.mobygames.com/game/platform:gameboy/sort:-critic_score/page:4/
gb	mega man ii	Mega Man II	69	1991	Thinking Rabbit Inc.	https://www.mobygames.com/game/platform:gameboy/sort:-critic_score/page:4/
gb	gauntlet ii	Gauntlet II	69	1990	Atari Games Corporation	https://www.mobygames.com/game/platform:gameboy/sort:-critic_score/page:4/
gb	wave race	Wave Race	69	1992	Pax Softnica	https://www.mobygames.com/game/platform:gameboy/sort:-critic_score/page:4/
gb	adventure island ii	Adventure Island II	69	1992	Now Production Co., Ltd.	https://www.mobygames.com/game/platform:gameboy/sort:-critic_score/page:4/
gb	burger time deluxe	Burger Time Deluxe	70	1991	Data East Corporation	https://www.mobygames.com/game/platform:gameboy/sort:-critic_score/page:4/
gb	the simpsons bart vs the juggernauts	The Simpsons: Bart vs. the Juggernauts	70	1992	Imagineering Inc.	https://www.mobygames.com/game/platform:gameboy/sort:-critic_score/page:4/
gb	the blues brothers	The Blues Brothers	70	1992	Titus France SA	https://www.mobygames.com/game/platform:gameboy/sort:-critic_score/page:4/
gb	track meet	Track Meet	70	1991	Interplay Productions, Inc.	https://www.mobygames.com/game/platform:gameboy/sort:-critic_score/page:4/
gb	jurassic park	Jurassic Park	70	1993	Ocean of America, Inc.	https://www.mobygames.com/game/platform:gameboy/sort:-critic_score/page:4/
gb	nba jam tournament edition	NBA Jam Tournament Edition	70	1995	Midway Manufacturing Company	https://www.mobygames.com/game/platform:gameboy/sort:-critic_score/page:4/
gb	race days	Race Days	70	1994	Gremlin Interactive Limited	https://www.mobygames.com/game/platform:gameboy/sort:-critic_score/page:4/
gb	hook	Hook	70	1992	Painting by Numbers, Ltd.	https://www.mobygames.com/game/platform:gameboy/sort:critic_score/page:4/
gb	blades of steel	Blades of Steel	70	1991	Konami Co., Ltd.	https://www.mobygames.com/game/platform:gameboy/sort:critic_score/page:4/
gb	terminator 2 judgment day	Terminator 2: Judgment Day	70	1992	Midway Manufacturing Company	https://www.mobygames.com/game/platform:gameboy/sort:critic_score/page:4/
gb	star wars	Star Wars	70	1992	Tiertex Design Studios	https://www.mobygames.com/game/platform:gameboy/sort:critic_score/page:4/
gb	go go tank	Go! Go! Tank	70	1990	Copya System Ltd.	https://www.mobygames.com/game/platform:gameboy/sort:critic_score/page:4/
gb	street racer	Street Racer	70	1996	Vivid Image	https://www.mobygames.com/game/platform:gameboy/sort:critic_score/page:4/
gb	snoopy s magic show	Snoopy's Magic Show	70	1990	Kotobuki System Co., Ltd.	https://www.mobygames.com/game/platform:gameboy/sort:critic_score/page:4/
gb	robocop	RoboCop	70	1990	Ocean Software Ltd.	https://www.mobygames.com/game/platform:gameboy/sort:critic_score/page:4/
gb	popeye 2	Popeye 2	70	1991	Copya System Ltd.	https://www.mobygames.com/game/platform:gameboy/sort:critic_score/page:4/
gb	battletoads	Battletoads	70	1993	Rare Limited	https://www.mobygames.com/game/platform:gameboy/sort:critic_score/page:4/
gb	yoshi s cookie	Yoshi's Cookie	70	1992	Tose Co., Ltd.	https://www.mobygames.com/game/platform:gameboy/sort:critic_score/page:4/
gb	mini putt	Mini-Putt	71	1991	Artech Digital Entertainments, Inc.	https://www.mobygames.com/game/platform:gameboy/sort:critic_score/page:4/
gb	pop n twinbee	Pop'n TwinBee	71	1990	Konami Industry Co. Ltd.	https://www.mobygames.com/game/platform:gameboy/sort:critic_score/page:4/
gb	skate or die bad n rad	Skate or Die: Bad 'N Rad	71	1991	Konami Industry Co. Ltd.	https://www.mobygames.com/game/platform:gameboy/sort:critic_score/page:4/
gb	killer instinct	Killer Instinct	71	1995	Rare Limited	https://www.mobygames.com/game/platform:gameboy/sort:critic_score/page:4/
gb	sneaky snakes	Sneaky Snakes	71	1991	Rare Limited	https://www.mobygames.com/game/platform:gameboy/sort:critic_score/page:4/
gb	animaniacs	Animaniacs	71	1995	Konami Co., Ltd.	https://www.mobygames.com/game/platform:gameboy/sort:critic_score/page:4/
gb	bonk s revenge	Bonk's Revenge	71	1994	Red Company Corporation	https://www.mobygames.com/game/platform:gameboy/sort:critic_score/page:4/
gb	bart simpson s escape from camp deadly	Bart Simpson's Escape from Camp Deadly	71	1991	Imagineering Inc.	https://www.mobygames.com/game/platform:gameboy/sort:critic_score/page:4/
gb	tintin in tibet	Tintin in Tibet	71	1995	Infogrames Multimedia SA	https://www.mobygames.com/game/platform:gameboy/sort:critic_score/page:4/
gb	r type ii	R-Type II	71	1992	Irem Corp.	https://www.mobygames.com/game/platform:gameboy/sort:critic_score/page:4/
gb	hyper lode runner	Hyper Lode Runner	71	1989	Tose Co., Ltd.	https://www.mobygames.com/game/platform:gameboy/sort:critic_score/page:4/
gb	tetris	Tetris	93	1989	Nintendo R&D1	https://www.mobygames.com/game/platform:gameboy/sort:critic_score/page:1/
gb	pok mon blue version	Pokémon Blue Version	90	1998	Nintendo Co., Ltd.	https://www.mobygames.com/game/platform:gameboy/sort:critic_score/page:1/
gb	the legend of zelda link s awakening	The Legend of Zelda: Link's Awakening	90	1993	Nintendo EAD	https://www.mobygames.com/game/platform:gameboy/sort:critic_score/page:1/
gb	donkey kong land 2	Donkey Kong Land 2	90	1996	Rare Limited	https://www.mobygames.com/game/platform:gameboy/sort:critic_score/page:1/
gb	pok mon red version	Pokémon Red Version	90	1998	Contact Data Belgium N.V.	https://www.mobygames.com/game/platform:gameboy/sort:critic_score/page:1/
gb	tetris attack	Tetris Attack	89	1996	Intelligent Systems Co., Ltd.	https://www.mobygames.com/game/platform:gameboy/sort:critic_score/page:1/
gb	mole mania	Mole Mania	89	1996	Pax Softnica	https://www.mobygames.com/game/platform:gameboy/sort:critic_score/page:1/
gb	donkey kong	Donkey Kong	88	1994	Nintendo EAD	https://www.mobygames.com/game/platform:gameboy/sort:critic_score/page:1/
gb	wario land ii	Wario Land II	87	1998	Nintendo R&D1	https://www.mobygames.com/game/platform:gameboy/sort:critic_score/page:1/
gb	super mario land 2 6 golden coins	Super Mario Land 2: 6 Golden Coins	87	1992	Nintendo R&D1	https://www.mobygames.com/game/platform:gameboy/sort:critic_score/page:1/
gb	donkey kong land	Donkey Kong Land	86	1995	Rare Limited	https://www.mobygames.com/game/platform:gameboy/sort:critic_score/page:1/
gb	parodius	Parodius	86	1991	Konami Industry Co. Ltd.	https://www.mobygames.com/game/platform:gameboy/sort:critic_score/page:1/
gb	monster max	Monster Max	85	1994	Rare Limited	https://www.mobygames.com/game/platform:gameboy/sort:critic_score/page:1/
gb	wario land super mario land 3	Wario Land: Super Mario Land 3	85	1994	Nintendo R&D1	https://www.mobygames.com/game/platform:gameboy/sort:critic_score/page:1/
gb	tiny toon adventures babs big break	Tiny Toon Adventures: Babs' Big Break	85	1992	Konami Co., Ltd.	https://www.mobygames.com/game/platform:gameboy/sort:critic_score/page:1/
gb	kirby s pinball land	Kirby's Pinball Land	84	1993	HAL Laboratory, Inc.	https://www.mobygames.com/game/platform:gameboy/sort:critic_score/page:1/
gb	battle arena toshinden	Battle Arena Toshinden	84	1996	Betop	https://www.mobygames.com/game/platform:gameboy/sort:critic_score/page:1/
gb	castlevania ii belmont s revenge	Castlevania II: Belmont's Revenge	84	1991	Konami Co., Ltd.	https://www.mobygames.com/game/platform:gameboy/sort:critic_score/page:1/
gb	donkey kong land iii	Donkey Kong Land III	84	1997	Rare Limited	https://www.mobygames.com/game/platform:gameboy/sort:critic_score/page:1/
gb	final fantasy legend ii	Final Fantasy Legend II	84	1990	Square Co., Ltd.	https://www.mobygames.com/game/platform:gameboy/sort:critic_score/page:1/
gb	final fantasy adventure	Final Fantasy Adventure	84	1991	Square Co., Ltd.	https://www.mobygames.com/game/platform:gameboy/sort:critic_score/page:1/
gb	choplifter ii rescue survive	Choplifter II: Rescue Survive	83	1991	Beam Software Pty., Ltd.	https://www.mobygames.com/game/platform:gameboy/sort:critic_score/page:1/
gb	gradius the interstellar assault	Gradius: The Interstellar Assault	83	1991	Konami Co., Ltd.	https://www.mobygames.com/game/platform:gameboy/sort:critic_score/page:1/
gb	operation c	Operation C	82	1991	Konami Industry Co. Ltd.	https://www.mobygames.com/game/platform:gameboy/sort:critic_score/page:1/
gb	tiny toon adventures 2 montana s movie madness	Tiny Toon Adventures 2: Montana's Movie Madness	82	1993	Konami Co., Ltd.	https://www.mobygames.com/game/platform:gameboy/sort:critic_score/page:1/
gb	super r c pro am	Super R.C. Pro-Am	82	1991	Rare Limited	https://www.mobygames.com/game/platform:gameboy/sort:critic_score/page:1/
gb	top rank tennis	Top Rank Tennis	82	1993	Pax Softnica	https://www.mobygames.com/game/platform:gameboy/sort:critic_score/page:1/
gb	kwirk	Kwirk	82	1989	Atlus Co., Ltd.	https://www.mobygames.com/game/platform:gameboy/sort:critic_score/page:1/
gb	gargoyle s quest	Gargoyle's Quest	81	1990	Capcom Co., Ltd.	https://www.mobygames.com/game/platform:gameboy/sort:critic_score/page:1/
gb	hermano	Hermano	81	2024	Pat Morita Team	https://www.mobygames.com/game/platform:gameboy/sort:critic_score/page:1/
gb	nemesis	Nemesis	81	1990	Konami Industry Co. Ltd.	https://www.mobygames.com/game/platform:gameboy/sort:critic_score/page:1/
gb	tetris 2	Tetris 2	81	1993	Nintendo R&D1	https://www.mobygames.com/game/platform:gameboy/sort:critic_score/page:1/
gb	dr mario	Dr. Mario	81	1990	Nintendo R&D1	https://www.mobygames.com/game/platform:gameboy/sort:critic_score/page:1/
gb	super mario land	Super Mario Land	81	1989	Nintendo R&D1	https://www.mobygames.com/game/platform:gameboy/sort:critic_score/page:1/
gb	tetris blast	Tetris Blast	81	1995	Tose Co., Ltd.	https://www.mobygames.com/game/platform:gameboy/sort:critic_score/page:1/
gb	double dragon	Double Dragon	81	1990	Technos Japan Corp.	https://www.mobygames.com/game/platform:gameboy/sort:critic_score/page:1/
gb	mario s picross	Mario's Picross	81	1995	Ape, Inc.	https://www.mobygames.com/game/platform:gameboy/sort:critic_score/page:1/
gb	cool spot	Cool Spot	81	1994	Virgin Games, Inc.	https://www.mobygames.com/game/platform:gameboy/sort:critic_score/page:1/
gb	the smurfs	The Smurfs	81	1994	Bit Managers S.L.	https://www.mobygames.com/game/platform:gameboy/sort:critic_score/page:1/
gb	contra iii the alien wars	Contra III: The Alien Wars	80	1994	Konami Co., Ltd.	https://www.mobygames.com/game/platform:gameboy/sort:critic_score/page:1/
gb	burai fighter deluxe	Burai Fighter Deluxe	80	1990	KID Corp.	https://www.mobygames.com/game/platform:gameboy/sort:critic_score/page:1/
gb	quarth	Quarth	80	1990	Konami Industry Co. Ltd.	https://www.mobygames.com/game/platform:gameboy/sort:critic_score/page:1/
gb	the chessmaster	The Chessmaster	80	1991	Software Toolworks, Inc., The	https://www.mobygames.com/game/platform:gameboy/sort:critic_score/page:1/
gb	r type	R-Type	80	1991	Irem Corp.	https://www.mobygames.com/game/platform:gameboy/sort:critic_score/page:1/
gb	mega man iv	Mega Man IV	80	1993	Minakuchi Engineering Co., Ltd.	https://www.mobygames.com/game/platform:gameboy/sort:critic_score/page:1/
gb	amazing tater	Amazing Tater	80	1991	Atlus Co., Ltd.	https://www.mobygames.com/game/platform:gameboy/sort:critic_score/page:1/
gb	mega man v	Mega Man V	80	1994	Minakuchi Engineering Co., Ltd.	https://www.mobygames.com/game/platform:gameboy/sort:critic_score/page:1/
gb	prince of persia	Prince of Persia	80	1992	Brøderbund Software, Inc.	https://www.mobygames.com/game/platform:gameboy/sort:critic_score/page:1/
gb	speedy gonzales	Speedy Gonzales	80	1993	Citizen Software	https://www.mobygames.com/game/platform:gameboy/sort:critic_score/page:1/
gb	choplifter iii	Choplifter III	79	1994	Beam Software Pty., Ltd.	https://www.mobygames.com/game/platform:gameboy/sort:critic_score/page:1/
gb	final fantasy legend iii	Final Fantasy Legend III	79	1991	Square Co., Ltd.	https://www.mobygames.com/game/platform:gameboy/sort:critic_score/page:2/
gb	football international	Football International	79	1991	Tose Co., Ltd.	https://www.mobygames.com/game/platform:gameboy/sort:critic_score/page:2/
gb	the humans	The Humans	79	1992	Imagitec Design Inc.	https://www.mobygames.com/game/platform:gameboy/sort:critic_score/page:2/
gb	batman the animated series	Batman: The Animated Series	79	1993	Konami Co., Ltd.	https://www.mobygames.com/game/platform:gameboy/sort:critic_score/page:2/
gb	solomon s club	Solomon's Club	79	1991	Graphic Research Co., Ltd.	https://www.mobygames.com/game/platform:gameboy/sort:critic_score/page:2/
gb	batman the video game	Batman: The Video Game	79	1990	Sun Electronics Corp.	https://www.mobygames.com/game/platform:gameboy/sort:critic_score/page:2/
gb	boulder dash	Boulder Dash	79	1990	First Star Software, Inc.	https://www.mobygames.com/game/platform:gameboy/sort:critic_score/page:2/
gb	pok mon yellow version special pikachu edition	Pokémon Yellow Version: Special Pikachu Edition	79	1998	Nintendo Co., Ltd.	https://www.mobygames.com/game/platform:gameboy/sort:critic_score/page:2/
gb	faceball 2000	Faceball 2000	79	1991	Xanth Software F/X, Inc.	https://www.mobygames.com/game/platform:gameboy/sort:critic_score/page:2/
gb	kirby s dream land 2	Kirby's Dream Land 2	79	1995	HAL Laboratory, Inc.	https://www.mobygames.com/game/platform:gameboy/sort:critic_score/page:2/
gb	teenage mutant ninja turtles iii radical rescue	Teenage Mutant Ninja Turtles III: Radical Rescue	79	1993	Konami Co., Ltd.	https://www.mobygames.com/game/platform:gameboy/sort:critic_score/page:2/
gb	ultra golf	Ultra Golf	79	1991	Konami Co., Ltd.	https://www.mobygames.com/game/platform:gameboy/sort:critic_score/page:2/
gb	pinball dreams	Pinball Dreams	79	1994	Digital Illusions HB	https://www.mobygames.com/game/platform:gameboy/sort:critic_score/page:2/
gb	f1 pole position	F1 Pole Position	79	1992	Natsu System	https://www.mobygames.com/game/platform:gameboy/sort:critic_score/page:2/
gb	tennis	Tennis	79	1989	Nintendo R&D1	https://www.mobygames.com/game/platform:gameboy/sort:critic_score/page:2/
gb	the fidgetts	The Fidgetts	79	1993	Game Over Production	https://www.mobygames.com/game/platform:gameboy/sort:critic_score/page:2/
gb	t2 terminator 2 judgment day	T2: Terminator 2 - Judgment Day	78	1991	B.I.T.S., Ltd.	https://www.mobygames.com/game/platform:gameboy/sort:critic_score/page:2/
gb	tower toppler	Tower Toppler	78	1991		https://www.mobygames.com/game/platform:gameboy/sort:critic_score/page:2/
gb	samurai shodown	Samurai Shodown	78	1994	SNK Corporation	https://www.mobygames.com/game/platform:gameboy/sort:critic_score/page:2/
gb	monopoly	Monopoly	78	1991	Sculptured Software, Inc.	https://www.mobygames.com/game/platform:gameboy/sort:critic_score/page:2/
gb	track field	Track & Field	78	1992	Konami Co., Ltd.	https://www.mobygames.com/game/platform:gameboy/sort:critic_score/page:2/
gb	snow bros nick tom	Snow Bros. Nick & Tom	78	1991	Toaplan Co., Ltd.	https://www.mobygames.com/game/platform:gameboy/sort:critic_score/page:2/
gb	micro machines	Micro Machines	78	1995	The Codemasters Software Company Limited	https://www.mobygames.com/game/platform:gameboy/sort:critic_score/page:2/
gb	world circuit series	World Circuit Series	78	1991	Konami Industry Co. Ltd.	https://www.mobygames.com/game/platform:gameboy/sort:critic_score/page:2/
gb	alfred chicken	Alfred Chicken	78	1993	Twilight	https://www.mobygames.com/game/platform:gameboy/sort:critic_score/page:2/
gb	bubble bobble part 2	Bubble Bobble: Part 2	78	1993	Taito Corporation	https://www.mobygames.com/game/platform:gameboy/sort:critic_score/page:2/
gb	street fighter ii	Street Fighter II	78	1995	Sun-L Co., Ltd.	https://www.mobygames.com/game/platform:gameboy/sort:critic_score/page:2/
gb	lemmings	Lemmings	77	1993	DMA Design Limited	https://www.mobygames.com/game/platform:gameboy/sort:critic_score/page:2/
gb	parasol stars the story of bubble bobble iii	Parasol Stars: The Story of Bubble Bobble III	77	1992	Taito Corporation	https://www.mobygames.com/game/platform:gameboy/sort:critic_score/page:2/
gb	metroid ii return of samus	Metroid II: Return of Samus	77	1991	Nintendo R&D1	https://www.mobygames.com/game/platform:gameboy/sort:critic_score/page:2/
gb	disney s ducktales 2	Disney's DuckTales 2	77	1993	Capcom Co., Ltd.	https://www.mobygames.com/game/platform:gameboy/sort:critic_score/page:2/
gb	golf	Golf	77	1989	Intelligent Systems Co., Ltd.	https://www.mobygames.com/game/platform:gameboy/sort:critic_score/page:2/
gb	arcade classic 3 galaga galaxian	Arcade Classic 3: Galaga / Galaxian	77	1995	Namco Limited	https://www.mobygames.com/game/platform:gameboy/sort:critic_score/page:2/
gb	teenage mutant ninja turtles fall of the foot cl	Teenage Mutant Ninja Turtles:  Fall of the Foot Cl...	77	1990	Konami Corporation	https://www.mobygames.com/game/platform:gameboy/sort:critic_score/page:2/
gb	earthworm jim	Earthworm Jim	77	1995	Shiny Entertainment, Inc.	https://www.mobygames.com/game/platform:gameboy/sort:critic_score/page:2/
gb	chantey	Chantey	77	2025	Gortyn Code	https://www.mobygames.com/game/platform:gameboy/sort:critic_score/page:2/
gb	kirby s dream land	Kirby's Dream Land	77	1992	HAL Laboratory, Inc.	https://www.mobygames.com/game/platform:gameboy/sort:critic_score/page:2/
gb	disney s darkwing duck	Disney's Darkwing Duck	77	1993	Capcom Co., Ltd.	https://www.mobygames.com/game/platform:gameboy/sort:critic_score/page:2/
gb	wario blast featuring bomberman	Wario Blast featuring Bomberman!	77	1994	Hudson Soft Company, Ltd.	https://www.mobygames.com/game/platform:gameboy/sort:critic_score/page:2/
gb	revenge of the gator	Revenge of the 'Gator	77	1989	HAL Laboratory, Inc.	https://www.mobygames.com/game/platform:gameboy/sort:critic_score/page:2/
gb	bomb jack	Bomb Jack	77	1992	Tehkan Ltd.	https://www.mobygames.com/game/platform:gameboy/sort:critic_score/page:2/
gb	hammerin harry ghost building company	Hammerin' Harry: Ghost Building Company	77	1992	Tamtex	https://www.mobygames.com/game/platform:gameboy/sort:critic_score/page:2/
gb	catrap	Catrap	76	1990	ASK Kodansha Co., Ltd.	https://www.mobygames.com/game/platform:gameboy/sort:critic_score/page:2/
gb	castle quest	Castle Quest	76	1993	Hudson Soft Company, Ltd.	https://www.mobygames.com/game/platform:gameboy/sort:critic_score/page:2/
gb	mega man iii	Mega Man III	76	1992	Minakuchi Engineering Co., Ltd.	https://www.mobygames.com/game/platform:gameboy/sort:critic_score/page:2/
gb	david crane s the rescue of princess blobette star	David Crane's The Rescue of Princess Blobette Star...	76	1990	Imagineering Inc.	https://www.mobygames.com/game/platform:gameboy/sort:critic_score/page:2/
gb	robocop 2	RoboCop 2	76	1991	Painting by Numbers, Ltd.	https://www.mobygames.com/game/platform:gameboy/sort:critic_score/page:2/
gb	dropzone	Dropzone	76	1992	Arena Graphics	https://www.mobygames.com/game/platform:gameboy/sort:critic_score/page:2/
gb	kid dracula	Kid Dracula	76	1993	Konami Corporation	https://www.mobygames.com/game/platform:gameboy/sort:critic_score/page:2/
gb	gremlins 2 the new batch	Gremlins 2: The New Batch	76	1990	Sun Electronics Corp.	https://www.mobygames.com/game/platform:gameboy/sort:critic_score/page:3/
gb	disney s ducktales	Disney's DuckTales	76	1990	Capcom Co., Ltd.	https://www.mobygames.com/game/platform:gameboy/sort:critic_score/page:3/
gb	best of the best championship karate	Best of the Best Championship Karate	76	1992	Loriciel SA	https://www.mobygames.com/game/platform:gameboy/sort:critic_score/page:3/
gb	ghostbusters ii	Ghostbusters II	76	1990	HAL Laboratory, Inc.	https://www.mobygames.com/game/platform:gameboy/sort:critic_score/page:3/
gb	mickey mouse magic wands	Mickey Mouse: Magic Wands!	76	1993	Kotobuki System Co., Ltd.	https://www.mobygames.com/game/platform:gameboy/sort:critic_score/page:3/
gb	motocross maniacs	Motocross Maniacs	76	1989	Konami Industry Co. Ltd.	https://www.mobygames.com/game/platform:gameboy/sort:critic_score/page:3/
gb	mega man dr wily s revenge	Mega Man: Dr. Wily's Revenge	76	1991	Minakuchi Engineering Co., Ltd.	https://www.mobygames.com/game/platform:gameboy/sort:critic_score/page:3/
gb	kirby s block ball	Kirby's Block Ball	76	1995	Tose Co., Ltd.	https://www.mobygames.com/game/platform:gameboy/sort:critic_score/page:3/
gb	bases loaded	Bases Loaded	76	1990	Tose Co., Ltd.	https://www.mobygames.com/game/platform:gameboy/sort:critic_score/page:3/
gb	atomic punk	Atomic Punk	76	1990	Hudson Soft Company, Ltd.	https://www.mobygames.com/game/platform:gameboy/sort:critic_score/page:3/
gb	fastest lap	Fastest Lap	76	1991	KID Corp.	https://www.mobygames.com/game/platform:gameboy/sort:critic_score/page:3/
gb	breakthru	BreakThru!	76	1995	ZOO Corporation	https://www.mobygames.com/game/platform:gameboy/sort:critic_score/page:3/
gb	kid icarus of myths and monsters	Kid Icarus: Of Myths and Monsters	76	1991	Nintendo R&D1	https://www.mobygames.com/game/platform:gameboy/sort:critic_score/page:3/
gb	looney tunes	Looney Tunes	75	1992	Sun Corporation	https://www.mobygames.com/game/platform:gameboy/sort:critic_score/page:3/
gb	adventure island 3	Adventure Island 3	75	1993	Now Production Co., Ltd.	https://www.mobygames.com/game/platform:gameboy/sort:critic_score/page:3/
gb	qix	QIX	75	1990	Threshold Research	https://www.mobygames.com/game/platform:gameboy/sort:critic_score/page:3/
gb	the addams family pugsley s scavenger hunt	The Addams Family: Pugsley's Scavenger Hunt	75	1992	Enigma Variations Ltd.	https://www.mobygames.com/game/platform:gameboy/sort:critic_score/page:3/
gb	yoshi	Yoshi	75	1991	Nintendo Co., Ltd.	https://www.mobygames.com/game/platform:gameboy/sort:critic_score/page:3/
gb	teenage mutant ninja turtles ii back from the se	Teenage Mutant Ninja Turtles II:  Back from the Se...	75	1991	Konami Co., Ltd.	https://www.mobygames.com/game/platform:gameboy/sort:critic_score/page:3/
gb	fifa soccer 96	FIFA Soccer 96	75	1995	Probe Entertainment Ltd.	https://www.mobygames.com/game/platform:gameboy/sort:critic_score/page:3/
gb	rod land	Rod-land	75	1993	Jaleco Ltd.	https://www.mobygames.com/game/platform:gameboy/sort:critic_score/page:3/
gb	arcade classic 1 asteroids missile command	Arcade Classic 1: Asteroids / Missile Command	75	1995	Atari, Inc.	https://www.mobygames.com/game/platform:gameboy/sort:critic_score/page:3/
gb	the battle of olympus	The Battle of Olympus	75	1993	Infinity Co., Ltd.	https://www.mobygames.com/game/platform:gameboy/sort:critic_score/page:3/
gb	batman return of the joker	Batman: Return of the Joker	75	1992	Sun Electronics Corp.	https://www.mobygames.com/game/platform:gameboy/sort:critic_score/page:3/
gb	daedalian opus	Daedalian Opus	75	1990	Vic Tokai Corporation	https://www.mobygames.com/game/platform:gameboy/sort:critic_score/page:3/
gb	pipe dream	Pipe Dream	75	1990	Assembly Line, The	https://www.mobygames.com/game/platform:gameboy/sort:critic_score/page:3/
gb	disney s the jungle book	Disney's The Jungle Book	75	1994	Eurocom Developments Ltd	https://www.mobygames.com/game/platform:gameboy/sort:critic_score/page:3/
gb	elite soccer	Elite Soccer	75	1994	Rage Software Ltd.	https://www.mobygames.com/game/platform:gameboy/sort:critic_score/page:3/
gb	f 1 race	F-1 Race	74	1990	Nintendo Co., Ltd.	https://www.mobygames.com/game/platform:gameboy/sort:critic_score/page:3/
gb	buster bros	Buster Bros.	74	1993	Mitchell Corporation	https://www.mobygames.com/game/platform:gameboy/sort:critic_score/page:3/
gb	dragonheart	DragonHeart	74	1996	Torus Games Pty. Ltd.	https://www.mobygames.com/game/platform:gameboy/sort:critic_score/page:3/
gb	super hunchback	Super Hunchback	74	1992	Ocean Software Ltd.	https://www.mobygames.com/game/platform:gameboy/sort:critic_score/page:3/
gb	dr franken	Dr. Franken	74	1992	Motivetime Ltd.	https://www.mobygames.com/game/platform:gameboy/sort:critic_score/page:3/
gb	days of thunder	Days of Thunder	74	1992	Tiertex Ltd.	https://www.mobygames.com/game/platform:gameboy/sort:critic_score/page:3/
gb	pac man	Pac-Man	74	1990	Namco Limited	https://www.mobygames.com/game/platform:gameboy/sort:critic_score/page:3/
gb	lucle	LUCLE	74	1994	Vic Tokai Corporation	https://www.mobygames.com/game/platform:gameboy/sort:critic_score/page:3/
gb	mercenary force	Mercenary Force	74	1990	Live Planning	https://www.mobygames.com/game/platform:gameboy/sort:critic_score/page:3/
gb	jungle strike	Jungle Strike	74	1995	Electronic Arts, Inc.	https://www.mobygames.com/game/platform:gameboy/sort:critic_score/page:3/
gb	milon s secret castle	Milon's Secret Castle	74	1993	Hudson Soft Company, Ltd.	https://www.mobygames.com/game/platform:gameboy/sort:critic_score/page:3/
gb	mr nutz	Mr. Nutz	74	1994		https://www.mobygames.com/game/platform:gameboy/sort:critic_score/page:3/
gb	blaster master boy	Blaster Master Boy	74	1991	Aicom Corporation	https://www.mobygames.com/game/platform:gameboy/sort:critic_score/page:3/
gb	avenging spirit	Avenging Spirit	74	1992	CP.BRAiN	https://www.mobygames.com/game/platform:gameboy/sort:critic_score/page:3/
gb	desert strike return to the gulf	Desert Strike: Return to the Gulf	74	1995	Granite Bay Software	https://www.mobygames.com/game/platform:gameboy/sort:critic_score/page:3/
gb	boxxle	Boxxle	73	1989	Atelier Double Co. Ltd.	https://www.mobygames.com/game/platform:gameboy/sort:critic_score/page:3/
gb	v rally edition 99	V-Rally: Edition 99	73	1998	Velez & Dubail Dev. Team	https://www.mobygames.com/game/platform:gameboy/sort:critic_score/page:3/
gb	wwf superstars	WWF Superstars	73	1991	Rare Limited	https://www.mobygames.com/game/platform:gameboy/sort:critic_score/page:3/
gb	mortal kombat ii	Mortal Kombat II	73	1994	Midway Manufacturing Company	https://www.mobygames.com/game/platform:gameboy/sort:critic_score/page:3/
gb	raging fighter	Raging Fighter	73	1993	Konami Co., Ltd.	https://www.mobygames.com/game/platform:gameboy/sort:critic_score/page:3/
gb	the final fantasy legend	The Final Fantasy Legend	73	1989	Square Co., Ltd.	https://www.mobygames.com/game/platform:gameboy/sort:critic_score/page:3/
gb	bomberman gb	Bomberman GB	73	1995	Hudson Soft Company, Ltd.	https://www.mobygames.com/game/platform:gameboy/sort:critic_score/page:3/
gb	bubble ghost	Bubble Ghost	73	1990	ERE Informatique	https://www.mobygames.com/game/platform:gameboy/sort:critic_score/page:4/
gb	bionic commando	Bionic Commando	73	1992	Minakuchi Engineering Co., Ltd.	https://www.mobygames.com/game/platform:gameboy/sort:critic_score/page:4/
gb	alien olympics	Alien Olympics	73	1994	Dark Technologies	https://www.mobygames.com/game/platform:gameboy/sort:critic_score/page:4/
gb	dr franken ii	Dr. Franken II	73	1993	Motivetime Ltd.	https://www.mobygames.com/game/platform:gameboy/sort:critic_score/page:4/
gb	altered space a 3 d alien adventure	Altered Space: A 3-D Alien Adventure	73	1991	Software Creations Ltd.	https://www.mobygames.com/game/platform:gameboy/sort:critic_score/page:4/
gb	stargate	Stargate	73	1994	Probe Software Ltd.	https://www.mobygames.com/game/platform:gameboy/sort:critic_score/page:4/
gb	dig dug	Dig Dug	73	1992	Bandai Namco Studios Inc.	https://www.mobygames.com/game/platform:gameboy/sort:critic_score/page:4/
gb	joe mac caveman ninja	Joe & Mac: Caveman Ninja	73	1993	Data East Corporation	https://www.mobygames.com/game/platform:gameboy/sort:critic_score/page:4/
gb	boxxle ii	Boxxle II	73	1990	Atelier Double Co. Ltd.	https://www.mobygames.com/game/platform:gameboy/sort:critic_score/page:4/
gb	lamborghini american challenge	Lamborghini: American Challenge	72	1994	Titus France SA	https://www.mobygames.com/game/platform:gameboy/sort:critic_score/page:4/
gb	ninja gaiden shadow	Ninja Gaiden Shadow	72	1991	Natsume Co., Ltd.	https://www.mobygames.com/game/platform:gameboy/sort:critic_score/page:4/
gb	tom and jerry frantic antics	Tom and Jerry: Frantic Antics!	72	1993	Beam Software Pty., Ltd.	https://www.mobygames.com/game/platform:gameboy/sort:critic_score/page:4/
gb	ast rix	Astérix	72	1993	Bit Managers S.L.	https://www.mobygames.com/game/platform:gameboy/sort:critic_score/page:4/
gb	fortified zone	Fortified Zone	72	1991	Jaleco Ltd.	https://www.mobygames.com/game/platform:gameboy/sort:critic_score/page:4/
gb	disney s aladdin	Disney's Aladdin	72	1995	Virgin Interactive Entertainment, Inc.	https://www.mobygames.com/game/platform:gameboy/sort:critic_score/page:4/
gb	international superstar soccer	International Superstar Soccer	72	1998	Konami Computer Entertainment Nagoya Co., Ltd.	https://www.mobygames.com/game/platform:gameboy/sort:critic_score/page:4/
gb	plotting	Plotting	72	1990	Taito Corporation	https://www.mobygames.com/game/platform:gameboy/sort:critic_score/page:4/
gb	james bond 007	James Bond 007	72	1998	Saffire, Inc	https://www.mobygames.com/game/platform:gameboy/sort:critic_score/page:4/
gb	bill ted s excellent game boy adventure	Bill & Ted's Excellent Game Boy Adventure	72	1991	Beam Software Pty., Ltd.	https://www.mobygames.com/game/platform:gameboy/sort:critic_score/page:4/
gb	jack nicklaus golf	Jack Nicklaus Golf	72	1992	Sculptured Software, Inc.	https://www.mobygames.com/game/platform:gameboy/sort:critic_score/page:4/
gb	xenon 2 megablast	Xenon 2: Megablast	72	1992	The Bitmap Brothers	https://www.mobygames.com/game/platform:gameboy/sort:critic_score/page:4/
gb	navy seals	Navy Seals	72	1991	Ocean Software Ltd.	https://www.mobygames.com/game/platform:gameboy/sort:critic_score/page:4/
gb	nba jam	NBA Jam	72	1994	Midway Manufacturing Company	https://www.mobygames.com/game/platform:gameboy/sort:critic_score/page:4/
gb	tecmo bowl	Tecmo Bowl	72	1991	Tecmo, Ltd.	https://www.mobygames.com/game/platform:gameboy/sort:critic_score/page:4/
gb	turrican	Turrican	71	1991	Rainbow Arts Software GmbH	https://www.mobygames.com/game/platform:gameboy/sort:critic_score/page:4/
gb	prehistorik man	Prehistorik Man	71	1996	Titus Interactive, S.A.	https://www.mobygames.com/game/platform:gameboy/sort:critic_score/page:4/
gb	loopz	Loopz	71	1991	Audiogenic Software Ltd.	https://www.mobygames.com/game/platform:gameboy/sort:critic_score/page:4/
gb	felix the cat	Felix the Cat	71	1993	Shimada Kikaku	https://www.mobygames.com/game/platform:gameboy/sort:critic_score/page:4/
gbc	the mummy returns	The Mummy Returns	30	2001	GameBrains	https://www.mobygames.com/game/platform:gameboy-color/sort:-critic_score/page:1/
gbc	shrek fairy tale freakdown	Shrek: Fairy Tale Freakdown	31	2001	Prolific Publishing, Inc.	https://www.mobygames.com/game/platform:gameboy-color/sort:-critic_score/page:1/
gbc	titus the fox to marrakech and back	Titus the Fox: To Marrakech and Back	32	2000	Titus Interactive, S.A.	https://www.mobygames.com/game/platform:gameboy-color/sort:-critic_score/page:1/
gbc	ultimate paintball	Ultimate Paintball	32	2000	Morning Star Multimedia, Inc.	https://www.mobygames.com/game/platform:gameboy-color/sort:-critic_score/page:1/
gbc	ecw hardcore revolution	ECW Hardcore Revolution	32	2000	Crawfish Interactive Ltd.	https://www.mobygames.com/game/platform:gameboy-color/sort:-critic_score/page:1/
gbc	dogz	Dogz	36	1999	Saffire, Inc	https://www.mobygames.com/game/platform:gameboy-color/sort:-critic_score/page:1/
gbc	catz	Catz	37	1999	Saffire, Inc	https://www.mobygames.com/game/platform:gameboy-color/sort:-critic_score/page:1/
gbc	star wars yoda stories	Star Wars: Yoda Stories	37	1999	LucasArts Entertainment Company LLC	https://www.mobygames.com/game/platform:gameboy-color/sort:-critic_score/page:1/
gbc	mortal kombat 4	Mortal Kombat 4	38	1999	Digital Eclipse Software, Inc.	https://www.mobygames.com/game/platform:gameboy-color/sort:-critic_score/page:1/
gbc	rugrats in paris the movie	Rugrats in Paris: The Movie	38	2000	Software Creations Ltd.	https://www.mobygames.com/game/platform:gameboy-color/sort:-critic_score/page:1/
gbc	the mask of zorro	The Mask of Zorro	38	1999	Saffire, Inc	https://www.mobygames.com/game/platform:gameboy-color/sort:-critic_score/page:1/
gbc	men in black the series	Men in Black: The Series	39	1998	Tiertex Design Studios	https://www.mobygames.com/game/platform:gameboy-color/sort:-critic_score/page:1/
gbc	buffy the vampire slayer	Buffy the Vampire Slayer	39	2000	GameBrains	https://www.mobygames.com/game/platform:gameboy-color/sort:-critic_score/page:1/
gbc	godzilla the series monster wars	Godzilla: The Series - Monster Wars	40	2000	Crawfish Interactive Ltd.	https://www.mobygames.com/game/platform:gameboy-color/sort:-critic_score/page:1/
gbc	x men mutant wars	X-Men: Mutant Wars	41	2000	HAL Corporation	https://www.mobygames.com/game/platform:gameboy-color/sort:-critic_score/page:1/
gbc	airforce delta	AirForce Delta	41	2000	Climax Group Limited	https://www.mobygames.com/game/platform:gameboy-color/sort:-critic_score/page:1/
gbc	animorphs	Animorphs	42	2000	Run and Gun!	https://www.mobygames.com/game/platform:gameboy-color/sort:-critic_score/page:1/
gbc	godzilla the series	Godzilla: The Series	42	1999	Crawfish Interactive Ltd.	https://www.mobygames.com/game/platform:gameboy-color/sort:-critic_score/page:1/
gbc	wwf betrayal	WWF Betrayal	43	2001	WayForward Technologies, Inc.	https://www.mobygames.com/game/platform:gameboy-color/sort:-critic_score/page:1/
gbc	pong the next level	Pong: The Next Level	43	1999	Morning Star Multimedia, Inc.	https://www.mobygames.com/game/platform:gameboy-color/sort:-critic_score/page:1/
gbc	san francisco rush 2049	San Francisco Rush 2049	44	1999	Handheld Games LLC	https://www.mobygames.com/game/platform:gameboy-color/sort:-critic_score/page:1/
gbc	x men mutant academy	X-Men: Mutant Academy	44	2000	Crawfish Interactive Ltd.	https://www.mobygames.com/game/platform:gameboy-color/sort:-critic_score/page:1/
gbc	720	720º	44	1999	Atari Games Corporation	https://www.mobygames.com/game/platform:gameboy-color/sort:-critic_score/page:1/
gbc	paperboy	Paperboy	45	1999	Atari, Inc.	https://www.mobygames.com/game/platform:gameboy-color/sort:-critic_score/page:1/
gbc	battletanx	BattleTanx	45	2000	Lucky Chicken Games, Inc.	https://www.mobygames.com/game/platform:gameboy-color/sort:-critic_score/page:1/
gbc	wwf attitude	WWF Attitude	46	1999	Crawfish Interactive Ltd.	https://www.mobygames.com/game/platform:gameboy-color/sort:-critic_score/page:1/
gbc	carmageddon	Carmageddon	46	1999	Aqua Pacific Ltd.	https://www.mobygames.com/game/platform:gameboy-color/sort:-critic_score/page:1/
gbc	the powerpuff girls paint the townsville green	The Powerpuff Girls: Paint the Townsville Green	46	2000	Sennari Interactive, LLC	https://www.mobygames.com/game/platform:gameboy-color/sort:-critic_score/page:1/
gbc	black bass lure fishing	Black Bass: Lure Fishing	47	1999	Hot-B Co., Ltd.	https://www.mobygames.com/game/platform:gameboy-color/sort:-critic_score/page:1/
gbc	toobin	Toobin'	47	2000	Atari Games Corporation	https://www.mobygames.com/game/platform:gameboy-color/sort:-critic_score/page:1/
gbc	triple play 2001	Triple Play 2001	47	2000	Handheld Games LLC	https://www.mobygames.com/game/platform:gameboy-color/sort:-critic_score/page:1/
gbc	rampage 2 universal tour	Rampage 2: Universal Tour	47	1999	Avalanche Software LLC	https://www.mobygames.com/game/platform:gameboy-color/sort:-critic_score/page:1/
gbc	disney pixar toy story 2	Disney•Pixar Toy Story 2	47	1999	Tiertex Design Studios	https://www.mobygames.com/game/platform:gameboy-color/sort:-critic_score/page:1/
gbc	tech deck skateboarding	Tech Deck Skateboarding	48	2001	Handheld Games LLC	https://www.mobygames.com/game/platform:gameboy-color/sort:-critic_score/page:1/
gbc	the powerpuff girls bad mojo jojo	The Powerpuff Girls: Bad Mojo Jojo	48	2000	Sennari Interactive, LLC	https://www.mobygames.com/game/platform:gameboy-color/sort:-critic_score/page:1/
gbc	austin powers oh behave	Austin Powers: Oh, Behave!	48	2000	Tarantula Studios	https://www.mobygames.com/game/platform:gameboy-color/sort:-critic_score/page:1/
gbc	disney pixar toy story racer	Disney•Pixar Toy Story Racer	48	2001	Tiertex Design Studios	https://www.mobygames.com/game/platform:gameboy-color/sort:-critic_score/page:1/
gbc	rugrats time travelers	Rugrats: Time Travelers	49	1999	Software Creations Ltd.	https://www.mobygames.com/game/platform:gameboy-color/sort:-critic_score/page:1/
gbc	disney pixar a bug s life	Disney·Pixar A Bug's Life	49	1998	Tiertex Design Studios	https://www.mobygames.com/game/platform:gameboy-color/sort:-critic_score/page:1/
gbc	disney s the emperor s new groove	Disney's The Emperor's New Groove	50	2000	Sandbox Studios, Inc.	https://www.mobygames.com/game/platform:gameboy-color/sort:-critic_score/page:1/
gbc	super breakout	Super Breakout	50	1999	Atari, Inc.	https://www.mobygames.com/game/platform:gameboy-color/sort:-critic_score/page:1/
gbc	marble madness	Marble Madness	50	1999	Atari, Inc.	https://www.mobygames.com/game/platform:gameboy-color/sort:-critic_score/page:1/
gbc	missile command	Missile Command	50	1999	Atari, Inc.	https://www.mobygames.com/game/platform:gameboy-color/sort:-critic_score/page:1/
gbc	men in black the series 2	Men in Black: The Series 2	50	2000	David A. Palmer Productions	https://www.mobygames.com/game/platform:gameboy-color/sort:-critic_score/page:1/
gbc	austin powers welcome to my underground lair	Austin Powers: Welcome to My Underground Lair!	51	2000	Tarantula Studios	https://www.mobygames.com/game/platform:gameboy-color/sort:-critic_score/page:1/
gbc	disney pixar buzz lightyear of star command	Disney·Pixar Buzz Lightyear of Star Command	51	2000	Traveller's Tales (UK) Ltd.	https://www.mobygames.com/game/platform:gameboy-color/sort:-critic_score/page:1/
gbc	evel knievel	Evel Knievel	52	1999	Tarantula Studios	https://www.mobygames.com/game/platform:gameboy-color/sort:-critic_score/page:1/
gbc	gift	Gift	52	2000	Cryo Interactive Entertainment	https://www.mobygames.com/game/platform:gameboy-color/sort:-critic_score/page:1/
gbc	batman beyond return of the joker	Batman Beyond: Return of the Joker	52	2000	Kemco	https://www.mobygames.com/game/platform:gameboy-color/sort:-critic_score/page:1/
gbc	looney tunes racing	Looney Tunes Racing	53	2000	Xantera, Inc.	https://www.mobygames.com/game/platform:gameboy-color/sort:-critic_score/page:1/
gbc	nfl blitz	NFL Blitz	53	1998	Digital Eclipse Software, Inc.	https://www.mobygames.com/game/platform:gameboy-color/sort:-critic_score/page:2/
gbc	antz racing	Antz Racing	53	2001	RFX Interactive	https://www.mobygames.com/game/platform:gameboy-color/sort:-critic_score/page:2/
gbc	lego island 2 the brickster s revenge	LEGO Island 2: The Brickster's Revenge	53	2001	Crawfish Interactive Ltd.	https://www.mobygames.com/game/platform:gameboy-color/sort:-critic_score/page:2/
gbc	action man search for base x	Action Man: Search for Base X	54	2001	Natsume Co., Ltd.	https://www.mobygames.com/game/platform:gameboy-color/sort:-critic_score/page:2/
gbc	chicken run	Chicken Run	54	2000	Blitz Games Ltd	https://www.mobygames.com/game/platform:gameboy-color/sort:-critic_score/page:2/
gbc	blade	Blade	54	2000	HAL Corporation	https://www.mobygames.com/game/platform:gameboy-color/sort:-critic_score/page:2/
gbc	star wars episode i obi wan s adventures	Star Wars: Episode I - Obi-Wan's Adventures	54	2000	HotGen Ltd.	https://www.mobygames.com/game/platform:gameboy-color/sort:-critic_score/page:2/
gbc	centipede	Centipede	54	1998	Atari, Inc.	https://www.mobygames.com/game/platform:gameboy-color/sort:-critic_score/page:2/
gbc	walt disney world quest magical racing tour	Walt Disney World Quest: Magical Racing Tour	54	2000	Crystal Dynamics, Inc.	https://www.mobygames.com/game/platform:gameboy-color/sort:-critic_score/page:2/
gbc	rampage world tour	Rampage World Tour	55	1998	Game Refuge Inc.	https://www.mobygames.com/game/platform:gameboy-color/sort:-critic_score/page:2/
gbc	casper	Casper	55	2000	Funcom Oslo A/S	https://www.mobygames.com/game/platform:gameboy-color/sort:-critic_score/page:2/
gbc	armorines project s w a r m	Armorines: Project S.W.A.R.M.	55	1999	NEON Software GmbH	https://www.mobygames.com/game/platform:gameboy-color/sort:-critic_score/page:2/
gbc	resident evil gaiden	Resident Evil: Gaiden	56	2001	M4 Ltd.	https://www.mobygames.com/game/platform:gameboy-color/sort:-critic_score/page:2/
gbc	catwoman	Catwoman	56	1999	Kemco	https://www.mobygames.com/game/platform:gameboy-color/sort:-critic_score/page:2/
gbc	classic bubble bobble	Classic Bubble Bobble	56	1999	Taito Corporation	https://www.mobygames.com/game/platform:gameboy-color/sort:-critic_score/page:2/
gbc	chase h q secret police	Chase H.Q.: Secret Police	56	1999	ITL Co., Ltd.	https://www.mobygames.com/game/platform:gameboy-color/sort:-critic_score/page:2/
gbc	test drive 6	Test Drive 6	56	1999	Xantera, Inc.	https://www.mobygames.com/game/platform:gameboy-color/sort:-critic_score/page:2/
gbc	midway presents arcade hits moon patrol spy hun	Midway presents Arcade Hits: Moon Patrol / Spy Hun...	56	1998		https://www.mobygames.com/game/platform:gameboy-color/sort:-critic_score/page:2/
gbc	1942	1942	56	1999	Capcom Co., Ltd.	https://www.mobygames.com/game/platform:gameboy-color/sort:-critic_score/page:2/
gbc	caterpillar construction zone	Caterpillar Construction Zone	57	1999	Realtime Associates Seattle Division	https://www.mobygames.com/game/platform:gameboy-color/sort:-critic_score/page:2/
gbc	tom and jerry mouse hunt	Tom and Jerry: Mouse Hunt	57	2000	Conspiracy Entertainment Corp.	https://www.mobygames.com/game/platform:gameboy-color/sort:-critic_score/page:2/
gbc	earthworm jim menace 2 the galaxy	Earthworm Jim: Menace 2 the Galaxy	57	1999	David A. Palmer Productions	https://www.mobygames.com/game/platform:gameboy-color/sort:-critic_score/page:2/
gbc	grand theft auto 2	Grand Theft Auto 2	57	2000	DMA Design Limited	https://www.mobygames.com/game/platform:gameboy-color/sort:-critic_score/page:2/
gbc	hot wheels stunt track driver	Hot Wheels: Stunt Track Driver	57	2000	Lucky Chicken Games, Inc.	https://www.mobygames.com/game/platform:gameboy-color/sort:-critic_score/page:2/
gbc	pumuckls abenteuer bei den piraten	Pumuckls Abenteuer bei den Piraten	57	1999	NEON Software GmbH	https://www.mobygames.com/game/platform:gameboy-color/sort:-critic_score/page:2/
gbc	pitfall beyond the jungle	Pitfall: Beyond the Jungle	57	1998	David A. Palmer Productions	https://www.mobygames.com/game/platform:gameboy-color/sort:-critic_score/page:2/
gbc	jim henson s muppets	Jim Henson's Muppets	58	1999	Tarantula Studios	https://www.mobygames.com/game/platform:gameboy-color/sort:-critic_score/page:2/
gbc	ready 2 rumble boxing	Ready 2 Rumble Boxing	58	1999	Crawfish Interactive Ltd.	https://www.mobygames.com/game/platform:gameboy-color/sort:-critic_score/page:2/
gbc	arcade classic 4 defender joust	Arcade Classic 4: Defender/Joust	58	1999	Williams Electronics, Inc.	https://www.mobygames.com/game/platform:gameboy-color/sort:-critic_score/page:2/
gbc	toonsylvania	Toonsylvania	58	2000	RFX Interactive	https://www.mobygames.com/game/platform:gameboy-color/sort:-critic_score/page:2/
gbc	croc	Croc	58	2000	Virtucraft, Ltd.	https://www.mobygames.com/game/platform:gameboy-color/sort:-critic_score/page:2/
gbc	looney tunes twouble	Looney Tunes: Twouble!	58	1998	Bit Managers S.L.	https://www.mobygames.com/game/platform:gameboy-color/sort:-critic_score/page:2/
gbc	vigilante 8	Vigilante 8	58	1999	Vicarious Visions, Inc.	https://www.mobygames.com/game/platform:gameboy-color/sort:-critic_score/page:2/
gbc	spongebob squarepants legend of the lost spatula	SpongeBob Squarepants: Legend of the Lost Spatula	59	2001	Vicarious Visions, Inc.	https://www.mobygames.com/game/platform:gameboy-color/sort:-critic_score/page:2/
gbc	daffy duck fowl play	Daffy Duck: "Fowl Play"	59	1999	Santa Claus	https://www.mobygames.com/game/platform:gameboy-color/sort:-critic_score/page:2/
gbc	international rally	International Rally	59	1999	Konami Computer Entertainment Nagoya Co., Ltd.	https://www.mobygames.com/game/platform:gameboy-color/sort:-critic_score/page:2/
gbc	bass masters classic	Bass Masters Classic	59	1999	Natsume Co., Ltd.	https://www.mobygames.com/game/platform:gameboy-color/sort:-critic_score/page:2/
gbc	shadowgate	Shadowgate	59	1999	ICOM Simulations, Inc.	https://www.mobygames.com/game/platform:gameboy-color/sort:-critic_score/page:2/
gbc	ronaldo v soccer	Ronaldo V-Soccer	59	1999	Bit Managers S.L.	https://www.mobygames.com/game/platform:gameboy-color/sort:-critic_score/page:2/
gbc	the simpsons night of the living treehouse of hor	The Simpsons: Night of the Living Treehouse of Hor...	59	2001	Software Creations Ltd.	https://www.mobygames.com/game/platform:gameboy-color/sort:-critic_score/page:2/
gbc	boarder zone	Boarder Zone	60	1999	Software Creations Ltd.	https://www.mobygames.com/game/platform:gameboy-color/sort:-critic_score/page:2/
gbc	microsoft puzzle collection entertainment pack	Microsoft Puzzle Collection Entertainment Pack	60	2000	Conspiracy Entertainment Corp.	https://www.mobygames.com/game/platform:gameboy-color/sort:-critic_score/page:2/
gbc	mr driller	Mr. Driller	60	2000	Namco Limited	https://www.mobygames.com/game/platform:gameboy-color/sort:-critic_score/page:2/
gbc	rampart	Rampart	60	1999	Atari Games Corporation	https://www.mobygames.com/game/platform:gameboy-color/sort:-critic_score/page:2/
gbc	bugs bunny in crazy castle 4	Bugs Bunny in Crazy Castle 4	60	2000	Kotobuki System Co., Ltd.	https://www.mobygames.com/game/platform:gameboy-color/sort:-critic_score/page:2/
gbc	disney s dinosaur	Disney's Dinosaur	60	2000	Digital Eclipse Software, Inc.	https://www.mobygames.com/game/platform:gameboy-color/sort:-critic_score/page:2/
gbc	tiger woods pga tour 2000	Tiger Woods PGA Tour 2000	60	1999	Xantera, Inc.	https://www.mobygames.com/game/platform:gameboy-color/sort:-critic_score/page:2/
gbc	speedy gonzales aztec adventure	Speedy Gonzales: Aztec Adventure	61	2000	Sun Corporation	https://www.mobygames.com/game/platform:gameboy-color/sort:-critic_score/page:2/
gbc	tom clancy s rainbow six	Tom Clancy's Rainbow Six	61	2000	Crawfish Interactive Ltd.	https://www.mobygames.com/game/platform:gameboy-color/sort:-critic_score/page:2/
gbc	hollywood pinball	Hollywood Pinball	61	1999	Tarantula Studios	https://www.mobygames.com/game/platform:gameboy-color/sort:-critic_score/page:2/
gbc	tony hawk s pro skater	Tony Hawk's Pro Skater	61	2000	Natsume Co., Ltd.	https://www.mobygames.com/game/platform:gameboy-color/sort:-critic_score/page:3/
gbc	rats	Rats!	61	1998	Tarantula Studios	https://www.mobygames.com/game/platform:gameboy-color/sort:-critic_score/page:3/
gbc	road rash ii	Road Rash II	61	2000	Electronic Arts, Inc.	https://www.mobygames.com/game/platform:gameboy-color/sort:-critic_score/page:3/
gbc	x men wolverine s rage	X-Men: Wolverine's Rage	61	2001	Digital Eclipse Software, Inc.	https://www.mobygames.com/game/platform:gameboy-color/sort:-critic_score/page:3/
gbc	international superstar soccer 2000	International Superstar Soccer 2000	61	2000	Major A	https://www.mobygames.com/game/platform:gameboy-color/sort:-critic_score/page:3/
gbc	billy bob s huntin n fishin	Billy Bob's Huntin'-n-Fishin'	62	1999	Saffire, Inc	https://www.mobygames.com/game/platform:gameboy-color/sort:-critic_score/page:3/
gbc	the flintstones burgertime in bedrock	The Flintstones: Burgertime in Bedrock	62	2000	Conspiracy Entertainment Corp.	https://www.mobygames.com/game/platform:gameboy-color/sort:critic_score/page:4/
gbc	tom jerry	Tom & Jerry	62	1999	Beam Software Pty., Ltd.	https://www.mobygames.com/game/platform:gameboy-color/sort:-critic_score/page:3/
gbc	ast rix search for dogmatix	Astérix: Search for Dogmatix	62	2000	Rebellion Developments Ltd.	https://www.mobygames.com/game/platform:gameboy-color/sort:critic_score/page:4/
gbc	lucky luke	Lucky Luke	62	1999	Velez & Dubail Dev. Team	https://www.mobygames.com/game/platform:gameboy-color/sort:critic_score/page:4/
gbc	mtv sports skateboarding featuring andy macdonald	MTV Sports: Skateboarding featuring Andy Macdonald	62	2000	Darkblack Ltd	https://www.mobygames.com/game/platform:gameboy-color/sort:critic_score/page:4/
gbc	turok rage wars	Turok: Rage Wars	62	1999	Bit Managers S.L.	https://www.mobygames.com/game/platform:gameboy-color/sort:critic_score/page:4/
gbc	tweety s high flying adventure	Tweety's High-Flying Adventure	62	2000	Kotobuki System Co., Ltd.	https://www.mobygames.com/game/platform:gameboy-color/sort:critic_score/page:4/
gbc	the rugrats movie	The Rugrats Movie	62	1999	Software Creations Ltd.	https://www.mobygames.com/game/platform:gameboy-color/sort:critic_score/page:4/
gbc	commander keen	Commander Keen	62	2001	id Software, Inc.	https://www.mobygames.com/game/platform:gameboy-color/sort:critic_score/page:4/
gbc	alone in the dark the new nightmare	Alone in the Dark: The New Nightmare	62	2001	Pocket Studios	https://www.mobygames.com/game/platform:gameboy-color/sort:critic_score/page:4/
gbc	yu gi oh dark duel stories	Yu-Gi-Oh!: Dark Duel Stories	63	2000	Konami Computer Entertainment Japan, Inc.	https://www.mobygames.com/game/platform:gameboy-color/sort:critic_score/page:4/
gbc	mtv sports pure ride	MTV Sports: Pure Ride	63	2000	Visual Impact SPRL	https://www.mobygames.com/game/platform:gameboy-color/sort:critic_score/page:4/
gbc	disney s beauty and the beast a board game advent	Disney's Beauty and the Beast: A Board Game Advent...	63	1999	Left Field Productions, Inc.	https://www.mobygames.com/game/platform:gameboy-color/sort:critic_score/page:4/
gbc	lufia the legend returns	Lufia: The Legend Returns	63	2001	Neverland Co., Ltd.	https://www.mobygames.com/game/platform:gameboy-color/sort:critic_score/page:4/
gbc	aliens thanatos encounter	Aliens: Thanatos Encounter	63	2001	Crawfish Interactive Ltd.	https://www.mobygames.com/game/platform:gameboy-color/sort:critic_score/page:4/
gbc	uefa 2000	UEFA 2000	63	2000	Bit Managers S.L.	https://www.mobygames.com/game/platform:gameboy-color/sort:critic_score/page:4/
gbc	turok 2 seeds of evil	Turok 2: Seeds of Evil	63	1998	Bit Managers S.L.	https://www.mobygames.com/game/platform:gameboy-color/sort:critic_score/page:4/
gbc	batman chaos in gotham	Batman: Chaos in Gotham	63	2001	Digital Eclipse Software, Inc.	https://www.mobygames.com/game/platform:gameboy-color/sort:critic_score/page:4/
gbc	tonic trouble	Tonic Trouble	63	2000	RFX Interactive	https://www.mobygames.com/game/platform:gameboy-color/sort:critic_score/page:4/
gbc	monkey puncher	Monkey Puncher	64	2000	Atelier Double Co. Ltd.	https://www.mobygames.com/game/platform:gameboy-color/sort:critic_score/page:4/
gbc	grand theft auto	Grand Theft Auto	64	1999	Tarantula Studios	https://www.mobygames.com/game/platform:gameboy-color/sort:critic_score/page:4/
gbc	dropzone	Dropzone	64	1999	Arena Graphics	https://www.mobygames.com/game/platform:gameboy-color/sort:critic_score/page:4/
gbc	revelations the demon slayer	Revelations: The Demon Slayer	64	1999	Multimedia Intelligence Transfer Co., Ltd.	https://www.mobygames.com/game/platform:gameboy-color/sort:critic_score/page:4/
gbc	tom and jerry in mouse attacks	Tom and Jerry in Mouse Attacks!	64	2000	Warthog Plc	https://www.mobygames.com/game/platform:gameboy-color/sort:critic_score/page:4/
gbc	quest for camelot	Quest for Camelot	64	1998	Titus France SA	https://www.mobygames.com/game/platform:gameboy-color/sort:critic_score/page:4/
gbc	nba jam 99	NBA Jam 99	64	1999	Torus Games Pty. Ltd.	https://www.mobygames.com/game/platform:gameboy-color/sort:critic_score/page:4/
gbc	azure dreams	Azure Dreams	64	1999	KCE Nagoya	https://www.mobygames.com/game/platform:gameboy-color/sort:critic_score/page:4/
gbc	blaster master enemy below	Blaster Master: Enemy Below	65	2000	Outback Pty. Ltd.	https://www.mobygames.com/game/platform:gameboy-color/sort:critic_score/page:4/
gbc	looney tunes	Looney Tunes	65	1999	Sun Corporation	https://www.mobygames.com/game/platform:gameboy-color/sort:critic_score/page:4/
gbc	d j vu i ii the casebooks of ace harding	Déjà Vu I & II: The Casebooks of Ace Harding	65	1999	ICOM Simulations, Inc.	https://www.mobygames.com/game/platform:gameboy-color/sort:critic_score/page:4/
gbc	top gear pocket	Top Gear Pocket	65	1999	Vision Works	https://www.mobygames.com/game/platform:gameboy-color/sort:critic_score/page:4/
gbc	wcw mayhem	WCW Mayhem	65	2000	2n Productions	https://www.mobygames.com/game/platform:gameboy-color/sort:critic_score/page:4/
gbc	las vegas cool hand	Las Vegas Cool Hand	65	1998	Tarantula Studios	https://www.mobygames.com/game/platform:gameboy-color/sort:critic_score/page:4/
gbc	ast rix ob lix	Astérix & Obélix	66	1999	Bit Managers S.L.	https://www.mobygames.com/game/platform:gameboy-color/sort:critic_score/page:4/
gbc	gold and glory the road to el dorado	Gold and Glory: The Road to El Dorado	66	2000	Planet Interactive Development	https://www.mobygames.com/game/platform:gameboy-color/sort:critic_score/page:4/
gbc	international karate 2000	International Karate 2000	66	1999	Studio 3 Interactive Entertainment Ltd.	https://www.mobygames.com/game/platform:gameboy-color/sort:critic_score/page:4/
gbc	disney s the lion king simba s mighty adventure	Disney's The Lion King: Simba's Mighty Adventure	66	2000	Torus Games Pty. Ltd.	https://www.mobygames.com/game/platform:gameboy-color/sort:critic_score/page:4/
gbc	ms pac man special color edition	Ms. Pac-Man: Special Color Edition	66	1999	Namco Limited	https://www.mobygames.com/game/platform:gameboy-color/sort:critic_score/page:4/
gbc	indiana jones and the infernal machine	Indiana Jones and the Infernal Machine	66	2001	HotGen Ltd.	https://www.mobygames.com/game/platform:gameboy-color/sort:critic_score/page:4/
gbc	puzzled	Puzzled	66	2000	Elo Interactive Media GmbH	https://www.mobygames.com/game/platform:gameboy-color/sort:critic_score/page:4/
gbc	gex 3 deep pocket gecko	Gex 3: Deep Pocket Gecko	66	1999	David A. Palmer Productions	https://www.mobygames.com/game/platform:gameboy-color/sort:critic_score/page:4/
gbc	international superstar soccer 99	International Superstar Soccer 99	66	1999	Konami Computer Entertainment Nagoya Co., Ltd.	https://www.mobygames.com/game/platform:gameboy-color/sort:critic_score/page:4/
gbc	army men	Army Men	66	2000	Digital Eclipse Software, Inc.	https://www.mobygames.com/game/platform:gameboy-color/sort:critic_score/page:4/
gbc	prince of persia	Prince of Persia	66	1999	Brøderbund Software, Inc.	https://www.mobygames.com/game/platform:gameboy-color/sort:critic_score/page:4/
gbc	dave mirra freestyle bmx	Dave Mirra Freestyle BMX	66	2000	NEON Software GmbH	https://www.mobygames.com/game/platform:gameboy-color/sort:critic_score/page:4/
gbc	scooby doo classic creep capers	Scooby-Doo!: Classic Creep Capers	66	2001	Digital Eclipse Software, Inc.	https://www.mobygames.com/game/platform:gameboy-color/sort:critic_score/page:4/
gbc	uno	Uno	66	1999	HotGen Ltd.	https://www.mobygames.com/game/platform:gameboy-color/sort:critic_score/page:4/
gbc	mr nutz	Mr. Nutz	66	1999		https://www.mobygames.com/game/platform:gameboy-color/sort:critic_score/page:4/
gbc	magical drop iii	Magical Drop III	67	2000	Data East Corporation	https://www.mobygames.com/game/platform:gameboy-color/sort:critic_score/page:4/
gbc	nhl 2000	NHL 2000	67	1999	Tiertex Design Studios	https://www.mobygames.com/game/platform:gameboy-color/sort:critic_score/page:4/
gbc	dragon s lair	Dragon's Lair	67	2000	Digital Eclipse Software, Inc.	https://www.mobygames.com/game/platform:gameboy-color/sort:critic_score/page:4/
gbc	nascar 2000	NASCAR 2000	67	2000	Software Creations Ltd.	https://www.mobygames.com/game/platform:gameboy-color/sort:critic_score/page:3/
gbc	perfect dark	Perfect Dark	67	2000	Rare Limited	https://www.mobygames.com/game/platform:gameboy-color/sort:critic_score/page:3/
gbc	disney s atlantis the lost empire	Disney's Atlantis: The Lost Empire	68	2001	Eurocom Developments Ltd	https://www.mobygames.com/game/platform:gameboy-color/sort:critic_score/page:3/
gbc	roland garros french open	Roland Garros French Open	68	2000	Visual Impact SPRL	https://www.mobygames.com/game/platform:gameboy-color/sort:critic_score/page:3/
gbc	babe and friends	Babe and Friends	68	1999	David A. Palmer Productions	https://www.mobygames.com/game/platform:gameboy-color/sort:critic_score/page:3/
gbc	fifa 2000	FIFA 2000	68	1999	Tiertex Design Studios	https://www.mobygames.com/game/platform:gameboy-color/sort:critic_score/page:3/
gbc	all star baseball 2001	All-Star Baseball 2001	68	2000	KnowWonder, Inc.	https://www.mobygames.com/game/platform:gameboy-color/sort:critic_score/page:3/
gbc	knockout kings	Knockout Kings	68	1999	Digital Eclipse Software, Inc.	https://www.mobygames.com/game/platform:gameboy-color/sort:critic_score/page:3/
gbc	the mummy	The Mummy	68	2000	Konami Computer Entertainment Nagoya Co., Ltd.	https://www.mobygames.com/game/platform:gameboy-color/sort:critic_score/page:3/
gbc	madden nfl 2000	Madden NFL 2000	68	1999	Tiertex Design Studios	https://www.mobygames.com/game/platform:gameboy-color/sort:critic_score/page:3/
gbc	suzuki alstare extreme racing	Suzuki Alstare Extreme Racing	68	1999	Visual Impact SPRL	https://www.mobygames.com/game/platform:gameboy-color/sort:critic_score/page:3/
gbc	montezuma s return	Montezuma's Return!	68	1998	Tarantula Studios	https://www.mobygames.com/game/platform:gameboy-color/sort:critic_score/page:3/
gbc	spider man	Spider-Man	68	2000	Vicarious Visions, Inc.	https://www.mobygames.com/game/platform:gameboy-color/sort:critic_score/page:3/
gbc	power quest	Power Quest	68	1998	Japan System Supply	https://www.mobygames.com/game/platform:gameboy-color/sort:critic_score/page:3/
gbc	dexter s laboratory robot rampage	Dexter's Laboratory: Robot Rampage	68	2000	Altron Corporation	https://www.mobygames.com/game/platform:gameboy-color/sort:critic_score/page:3/
gbc	antz	Antz	69	1999	CLCE	https://www.mobygames.com/game/platform:gameboy-color/sort:critic_score/page:3/
gbc	heroes of might and magic	Heroes of Might and Magic	69	2000	KnowWonder, Inc.	https://www.mobygames.com/game/platform:gameboy-color/sort:critic_score/page:3/
gbc	oddworld adventures 2	Oddworld Adventures 2	69	2000	Saffire, Inc	https://www.mobygames.com/game/platform:gameboy-color/sort:critic_score/page:3/
gbc	spirou the robot invasion	Spirou: The Robot Invasion	69	2000	Planet Interactive Development	https://www.mobygames.com/game/platform:gameboy-color/sort:critic_score/page:3/
gbc	mega man xtreme 2	Mega Man Xtreme 2	69	2001	Capcom Co., Ltd.	https://www.mobygames.com/game/platform:gameboy-color/sort:critic_score/page:3/
gbc	frogger	Frogger	69	1998	Konami Industry Co. Ltd.	https://www.mobygames.com/game/platform:gameboy-color/sort:critic_score/page:3/
gbc	the grinch	The Grinch	69	2000	Konami Computer Entertainment Nagoya Co., Ltd.	https://www.mobygames.com/game/platform:gameboy-color/sort:critic_score/page:3/
gbc	game watch gallery 3	Game & Watch Gallery 3	70	1999	Tose Co., Ltd.	https://www.mobygames.com/game/platform:gameboy-color/sort:critic_score/page:3/
gbc	jeremy mcgrath supercross 2000	Jeremy McGrath Supercross 2000	70	2000	M4 Ltd.	https://www.mobygames.com/game/platform:gameboy-color/sort:critic_score/page:3/
gbc	wwf wrestlemania 2000	WWF Wrestlemania 2000	70	1999	Natsume Co., Ltd.	https://www.mobygames.com/game/platform:gameboy-color/sort:critic_score/page:3/
gbc	star wars episode i racer	Star Wars: Episode I - Racer	70	1999	Pax Softnica	https://www.mobygames.com/game/platform:gameboy-color/sort:critic_score/page:3/
gbc	mission impossible	Mission: Impossible	70	1999	Rebellion Developments Ltd.	https://www.mobygames.com/game/platform:gameboy-color/sort:critic_score/page:3/
gbc	papyrus	Papyrus	71	2000	Planet Interactive Development	https://www.mobygames.com/game/platform:gameboy-color/sort:critic_score/page:3/
gbc	disney s 102 dalmatians puppies to the rescue	Disney's 102 Dalmatians: Puppies to the Rescue	71	2000	Digital Eclipse Software, Inc.	https://www.mobygames.com/game/platform:gameboy-color/sort:critic_score/page:3/
gbc	turok 3 shadow of oblivion	Turok 3: Shadow of Oblivion	71	2000	Bit Managers S.L.	https://www.mobygames.com/game/platform:gameboy-color/sort:critic_score/page:3/
gbc	all star baseball 2000	All-Star Baseball 2000	71	1999	Realtime Associates Seattle Division	https://www.mobygames.com/game/platform:gameboy-color/sort:critic_score/page:3/
gbc	tony hawk s pro skater 2	Tony Hawk's Pro Skater 2	71	2000	Natsume Co., Ltd.	https://www.mobygames.com/game/platform:gameboy-color/sort:critic_score/page:3/
gbc	wendy every witch way	Wendy: Every Witch Way	71	2001	WayForward Technologies, Inc.	https://www.mobygames.com/game/platform:gameboy-color/sort:critic_score/page:3/
gbc	worms armageddon	Worms: Armageddon	71	2000	Team17 Digital Limited	https://www.mobygames.com/game/platform:gameboy-color/sort:critic_score/page:3/
gbc	game watch gallery 2	Game & Watch Gallery 2	71	1998	Nintendo Co., Ltd.	https://www.mobygames.com/game/platform:gameboy-color/sort:critic_score/page:3/
gbc	inspector gadget operation madkactus	Inspector Gadget: Operation Madkactus	71	2000	RFX Interactive	https://www.mobygames.com/game/platform:gameboy-color/sort:critic_score/page:3/
gbc	wings of fury	Wings of Fury	71	1999	Brøderbund Software, Inc.	https://www.mobygames.com/game/platform:gameboy-color/sort:critic_score/page:3/
gbc	maya the bee her friends	Maya the Bee & Her Friends	71	1999	Crawfish Interactive Ltd.	https://www.mobygames.com/game/platform:gameboy-color/sort:critic_score/page:3/
gbc	disney s the little mermaid ii pinball frenzy	Disney's The Little Mermaid II: Pinball Frenzy	72	2000	Left Field Productions, Inc.	https://www.mobygames.com/game/platform:gameboy-color/sort:critic_score/page:3/
gbc	klustar	Klustar	72	1999	Rebellion Developments Ltd.	https://www.mobygames.com/game/platform:gameboy-color/sort:critic_score/page:3/
gbc	mega man xtreme	Mega Man Xtreme	72	1999	Capcom Co., Ltd.	https://www.mobygames.com/game/platform:gameboy-color/sort:critic_score/page:3/
gbc	pocket bomberman	Pocket Bomberman	72	1998	Hudson Soft Company, Ltd.	https://www.mobygames.com/game/platform:gameboy-color/sort:critic_score/page:3/
gbc	klax	Klax	72	1999	Tengen Inc.	https://www.mobygames.com/game/platform:gameboy-color/sort:critic_score/page:3/
gbc	the legend of zelda oracle of ages	The Legend of Zelda: Oracle of Ages	94	2001	Capcom Co., Ltd.	https://www.mobygames.com/game/platform:gameboy-color/sort:critic_score/page:1/
gbc	metal gear solid	Metal Gear Solid	93	2000	Konami Computer Entertainment Japan, Inc.	https://www.mobygames.com/game/platform:gameboy-color/sort:critic_score/page:1/
gbc	the legend of zelda link s awakening dx	The Legend of Zelda: Link's Awakening DX	92	1998	Nintendo EAD	https://www.mobygames.com/game/platform:gameboy-color/sort:critic_score/page:1/
gbc	super mario bros deluxe	Super Mario Bros. Deluxe	92	1999	Nintendo EAD	https://www.mobygames.com/game/platform:gameboy-color/sort:critic_score/page:1/
gbc	survival kids	Survival Kids	92	1999	Konami Computer Entertainment Sapporo Co., Ltd	https://www.mobygames.com/game/platform:gameboy-color/sort:critic_score/page:1/
gbc	the legend of zelda oracle of seasons	The Legend of Zelda: Oracle of Seasons	91	2001	Capcom Co., Ltd.	https://www.mobygames.com/game/platform:gameboy-color/sort:critic_score/page:1/
gbc	mario tennis	Mario Tennis	91	2000	Camelot Software Planning	https://www.mobygames.com/game/platform:gameboy-color/sort:critic_score/page:1/
gbc	wario land 3	Wario Land 3	90	2000	Nintendo R&D1	https://www.mobygames.com/game/platform:gameboy-color/sort:critic_score/page:1/
gbc	tetris dx	Tetris DX	90	1998	Nintendo R&D1	https://www.mobygames.com/game/platform:gameboy-color/sort:critic_score/page:1/
gbc	magical tetris challenge	Magical Tetris Challenge	90	1999	Capcom Co., Ltd.	https://www.mobygames.com/game/platform:gameboy-color/sort:critic_score/page:1/
gbc	konami gb collection vol 2	Konami GB Collection: Vol.2	90	2000	Tose Co., Ltd.	https://www.mobygames.com/game/platform:gameboy-color/sort:critic_score/page:1/
gbc	warlocked	Warlocked	89	2000	Bits Studios Ltd.	https://www.mobygames.com/game/platform:gameboy-color/sort:critic_score/page:1/
gbc	pok mon gold version	Pokémon Gold Version	89	1999	Game Freak, Inc.	https://www.mobygames.com/game/platform:gameboy-color/sort:critic_score/page:1/
gbc	pok mon silver version	Pokémon Silver Version	89	1999	Game Freak, Inc.	https://www.mobygames.com/game/platform:gameboy-color/sort:critic_score/page:1/
gbc	micro machines v3	Micro Machines V3	88	2000	Novalicious	https://www.mobygames.com/game/platform:gameboy-color/sort:critic_score/page:1/
gbc	mario golf	Mario Golf	88	1999	Camelot Software Planning	https://www.mobygames.com/game/platform:gameboy-color/sort:critic_score/page:1/
gbc	dragon warrior monsters	Dragon Warrior Monsters	88	1998	Tose Co., Ltd.	https://www.mobygames.com/game/platform:gameboy-color/sort:critic_score/page:1/
gbc	looney tunes marvin strikes back	Looney Tunes: Marvin Strikes Back!	87	2000	Infogrames Lyon House	https://www.mobygames.com/game/platform:gameboy-color/sort:critic_score/page:1/
gbc	mickey s racing adventure	Mickey's Racing Adventure	87	1999	Rare Limited	https://www.mobygames.com/game/platform:gameboy-color/sort:critic_score/page:1/
gbc	marble master	Marble Master	86	2000	Software 2000	https://www.mobygames.com/game/platform:gameboy-color/sort:critic_score/page:1/
gbc	pok mon puzzle challenge	Pokémon Puzzle Challenge	85	2000	Intelligent Systems Co., Ltd.	https://www.mobygames.com/game/platform:gameboy-color/sort:critic_score/page:1/
gbc	o leary manager 2000	O'Leary Manager 2000	85	2000	LiveMedia UK Ltd.	https://www.mobygames.com/game/platform:gameboy-color/sort:critic_score/page:1/
gbc	cannon fodder	Cannon Fodder	85	2000	Sensible Software	https://www.mobygames.com/game/platform:gameboy-color/sort:critic_score/page:1/
gbc	wario land ii	Wario Land II	85	1998	Nintendo R&D1	https://www.mobygames.com/game/platform:gameboy-color/sort:critic_score/page:1/
gbc	tomb raider starring lara croft	Tomb Raider Starring Lara Croft	85	2000	Core Design Ltd.	https://www.mobygames.com/game/platform:gameboy-color/sort:critic_score/page:1/
gbc	donkey kong country	Donkey Kong Country	85	2000	Rare Limited	https://www.mobygames.com/game/platform:gameboy-color/sort:critic_score/page:1/
gbc	crystalis	Crystalis	84	2000	SNK Corporation	https://www.mobygames.com/game/platform:gameboy-color/sort:critic_score/page:1/
gbc	wacky races	Wacky Races	84	2000	Velez & Dubail Dev. Team	https://www.mobygames.com/game/platform:gameboy-color/sort:critic_score/page:1/
gbc	micro machines 1 and 2 twin turbo	Micro Machines 1 and 2: Twin Turbo	83	2000	The Codemasters Software Company Limited	https://www.mobygames.com/game/platform:gameboy-color/sort:critic_score/page:1/
gbc	rayman	Rayman	83	2000	Ubi Soft Studios SRL	https://www.mobygames.com/game/platform:gameboy-color/sort:critic_score/page:1/
gbc	dragon warrior iii	Dragon Warrior III	83	2000	Chunsoft Co., Ltd.	https://www.mobygames.com/game/platform:gameboy-color/sort:critic_score/page:1/
gbc	pok mon crystal version	Pokémon Crystal Version	83	2000	Game Freak, Inc.	https://www.mobygames.com/game/platform:gameboy-color/sort:critic_score/page:1/
gbc	hexcite the shapes of victory	Hexcite: The Shapes of Victory	82	1998	Landwarf	https://www.mobygames.com/game/platform:gameboy-color/sort:critic_score/page:1/
gbc	david o leary s total soccer 2000	David O'Leary's Total Soccer 2000	82	2000	LiveMedia UK Ltd.	https://www.mobygames.com/game/platform:gameboy-color/sort:critic_score/page:1/
gbc	dragonyhm	Dragonyhm	82	2024	Spacebot Interactive Ltd.	https://www.mobygames.com/game/platform:gameboy-color/sort:critic_score/page:1/
gbc	toki tori	Toki Tori	81	2001	Two Tribes Publishing B.V.	https://www.mobygames.com/game/platform:gameboy-color/sort:critic_score/page:1/
gbc	harvest moon gb	Harvest Moon GB	81	1998	Victor Interactive Software, Inc.	https://www.mobygames.com/game/platform:gameboy-color/sort:critic_score/page:1/
gbc	bust a move millennium	Bust-A-Move Millennium	81	2000	Dreams Co., Ltd.	https://www.mobygames.com/game/platform:gameboy-color/sort:critic_score/page:1/
gbc	pok mon pinball	Pokémon Pinball	81	1999	Jupiter Corp.	https://www.mobygames.com/game/platform:gameboy-color/sort:critic_score/page:1/
gbc	disney s donald duck goin quackers	Disney's Donald Duck: Goin' Quackers	81	2000	Ubisoft Studios SRL	https://www.mobygames.com/game/platform:gameboy-color/sort:critic_score/page:1/
gbc	konami gb collection vol 1	Konami GB Collection: Vol.1	80	2000	Tose Co., Ltd.	https://www.mobygames.com/game/platform:gameboy-color/sort:critic_score/page:1/
gbc	walt disney s the jungle book mowgli s wild adven	Walt Disney's The Jungle Book: Mowgli's Wild Adven...	80	2000	Ubi Soft Studios SRL	https://www.mobygames.com/game/platform:gameboy-color/sort:critic_score/page:1/
gbc	dragon warrior monsters 2 tara s adventure	Dragon Warrior Monsters 2: Tara's Adventure	80	2001	Tose Co., Ltd.	https://www.mobygames.com/game/platform:gameboy-color/sort:critic_score/page:1/
gbc	spider man 2 the sinister six	Spider-Man 2: The Sinister Six	80	2001	Torus Games Pty. Ltd.	https://www.mobygames.com/game/platform:gameboy-color/sort:critic_score/page:1/
gbc	shantae	Shantae	80	2002	WayForward Technologies, Inc.	https://www.mobygames.com/game/platform:gameboy-color/sort:critic_score/page:1/
gbc	bionic commando elite forces	Bionic Commando: Elite Forces	80	2000	Nintendo Software Technology Corporation	https://www.mobygames.com/game/platform:gameboy-color/sort:critic_score/page:1/
gbc	r type dx	R-Type DX	80	1999	Bits Studios Ltd.	https://www.mobygames.com/game/platform:gameboy-color/sort:critic_score/page:1/
gbc	harry potter and the sorcerer s stone	Harry Potter and the Sorcerer's Stone	80	2001	Griptonite, Inc.	https://www.mobygames.com/game/platform:gameboy-color/sort:critic_score/page:1/
gbc	dragon warrior monsters 2 cobi s journey	Dragon Warrior Monsters 2: Cobi's Journey	80	2001	Tose Co., Ltd.	https://www.mobygames.com/game/platform:gameboy-color/sort:critic_score/page:1/
gbc	motocross maniacs 2	Motocross Maniacs 2	80	1999	Konami Computer Entertainment Osaka Co., Ltd.	https://www.mobygames.com/game/platform:gameboy-color/sort:critic_score/page:1/
gbc	top gear pocket 2	Top Gear Pocket 2	80	1999	Vision Works	https://www.mobygames.com/game/platform:gameboy-color/sort:critic_score/page:2/
gbc	duke nukem	Duke Nukem	79	1999	Torus Games Pty. Ltd.	https://www.mobygames.com/game/platform:gameboy-color/sort:critic_score/page:2/
gbc	spy vs spy	Spy vs Spy	79	1999	Kotobuki System Co., Ltd.	https://www.mobygames.com/game/platform:gameboy-color/sort:critic_score/page:2/
gbc	snoopy tennis	Snoopy Tennis	79	2001	Mermaid Studios	https://www.mobygames.com/game/platform:gameboy-color/sort:critic_score/page:2/
gbc	magi nation	Magi Nation	79	2001	Interactive Imagination	https://www.mobygames.com/game/platform:gameboy-color/sort:critic_score/page:2/
gbc	ghosts n goblins	Ghosts 'N Goblins	79	1999	Capcom Co., Ltd.	https://www.mobygames.com/game/platform:gameboy-color/sort:critic_score/page:2/
gbc	harvest moon 2 gbc	Harvest Moon 2 GBC	79	1999	Victor Interactive Software, Inc.	https://www.mobygames.com/game/platform:gameboy-color/sort:critic_score/page:2/
gbc	kirby tilt n tumble	Kirby Tilt 'n' Tumble	79	2000	Nintendo R&D2	https://www.mobygames.com/game/platform:gameboy-color/sort:critic_score/page:2/
gbc	shanghai pocket	Shanghai Pocket	78	1998	Sun Corporation	https://www.mobygames.com/game/platform:gameboy-color/sort:critic_score/page:2/
gbc	thunderbirds	Thunderbirds	78	2000	Pukka Games	https://www.mobygames.com/game/platform:gameboy-color/sort:critic_score/page:2/
gbc	hamtaro ham hams unite	Hamtaro: Ham-Hams Unite!	78	2001	Pax Softnica	https://www.mobygames.com/game/platform:gameboy-color/sort:critic_score/page:2/
gbc	ballistic	Ballistic	78	1999	Mitchell Corporation	https://www.mobygames.com/game/platform:gameboy-color/sort:critic_score/page:2/
gbc	pok mon trading card game	Pokémon Trading Card Game	78	1998	Hudson Soft Company, Ltd.	https://www.mobygames.com/game/platform:gameboy-color/sort:critic_score/page:2/
gbc	all star tennis 2000	All Star Tennis 2000	78	2000	Smartdog	https://www.mobygames.com/game/platform:gameboy-color/sort:critic_score/page:2/
gbc	driver	Driver	78	2000	Reflections Interactive Limited	https://www.mobygames.com/game/platform:gameboy-color/sort:critic_score/page:2/
gbc	looney tunes collector alert	Looney Tunes Collector: Alert!	78	2000	Infogrames Lyon House	https://www.mobygames.com/game/platform:gameboy-color/sort:critic_score/page:2/
gbc	looney tunes carrot crazy	Looney Tunes: Carrot Crazy	77	1998	Velez & Dubail Dev. Team	https://www.mobygames.com/game/platform:gameboy-color/sort:critic_score/page:2/
gbc	disney s tarzan	Disney's Tarzan	77	1999	Digital Eclipse Software, Inc.	https://www.mobygames.com/game/platform:gameboy-color/sort:critic_score/page:2/
gbc	lara croft tomb raider curse of the sword	Lara Croft: Tomb Raider - Curse of the Sword	77	2001	Core Design Ltd.	https://www.mobygames.com/game/platform:gameboy-color/sort:critic_score/page:2/
gbc	pro pool	Pro Pool	77	2000	Blade Interactive Studios Ltd.	https://www.mobygames.com/game/platform:gameboy-color/sort:critic_score/page:2/
gbc	mickey s speedway usa	Mickey's Speedway USA	77	2001	Rare Limited	https://www.mobygames.com/game/platform:gameboy-color/sort:critic_score/page:2/
gbc	bomberman quest	Bomberman Quest	77	1998	Eleven Co., Ltd.	https://www.mobygames.com/game/platform:gameboy-color/sort:critic_score/page:2/
gbc	space invaders	Space Invaders	77	1999	Crawfish Interactive Ltd.	https://www.mobygames.com/game/platform:gameboy-color/sort:critic_score/page:2/
gbc	espn international track field	ESPN International Track & Field	77	2000	Konami Computer Entertainment Osaka Co., Ltd.	https://www.mobygames.com/game/platform:gameboy-color/sort:critic_score/page:2/
gbc	pac man special color edition	Pac-Man: Special Color Edition	76	1999	Namco Limited	https://www.mobygames.com/game/platform:gameboy-color/sort:critic_score/page:2/
gbc	v rally edition 99	V-Rally: Edition 99	76	1999	Velez & Dubail Dev. Team	https://www.mobygames.com/game/platform:gameboy-color/sort:critic_score/page:2/
gbc	konami gb collection vol 4	Konami GB Collection: Vol.4	76	2000	Tose Co., Ltd.	https://www.mobygames.com/game/platform:gameboy-color/sort:critic_score/page:2/
gbc	millennium winter sports	Millennium Winter Sports	76	2000	Konami Computer Entertainment Osaka Co., Ltd.	https://www.mobygames.com/game/platform:gameboy-color/sort:critic_score/page:2/
gbc	legend of the river king gb	Legend of the River King GB	76	1999	Tose Co., Ltd.	https://www.mobygames.com/game/platform:gameboy-color/sort:critic_score/page:2/
gbc	project s 11	Project S-11	76	2000	Paragon Five, Inc.	https://www.mobygames.com/game/platform:gameboy-color/sort:critic_score/page:2/
gbc	dragon warrior i ii	Dragon Warrior I & II	76	1999	Tose Co., Ltd.	https://www.mobygames.com/game/platform:gameboy-color/sort:critic_score/page:2/
gbc	john romero s daikatana	John Romero's Daikatana	75	2000	Will Co., Ltd.	https://www.mobygames.com/game/platform:gameboy-color/sort:critic_score/page:2/
gbc	conker s pocket tales	Conker's Pocket Tales	75	1999	Rare Limited	https://www.mobygames.com/game/platform:gameboy-color/sort:critic_score/page:2/
gbc	carl lewis athletics 2000	Carl Lewis Athletics 2000	75	2000	Planet Interactive Development	https://www.mobygames.com/game/platform:gameboy-color/sort:critic_score/page:2/
gbc	konami gb collection vol 3	Konami GB Collection: Vol.3	75	2000	Tose Co., Ltd.	https://www.mobygames.com/game/platform:gameboy-color/sort:critic_score/page:2/
gbc	frogger 2	Frogger 2	75	2000	Game Titan, LLC	https://www.mobygames.com/game/platform:gameboy-color/sort:critic_score/page:2/
gbc	lucky luke desperado train	Lucky Luke: Desperado Train	75	2000	Infogrames Europe SA	https://www.mobygames.com/game/platform:gameboy-color/sort:critic_score/page:2/
gbc	walt disney s alice in wonderland	Walt Disney's Alice in Wonderland	75	2000	Digital Eclipse Software, Inc.	https://www.mobygames.com/game/platform:gameboy-color/sort:critic_score/page:2/
gbc	metal walker	Metal Walker	75	1999	Capcom Co., Ltd.	https://www.mobygames.com/game/platform:gameboy-color/sort:critic_score/page:2/
gbc	army men 2	Army Men 2	74	2000	Digital Eclipse Software, Inc.	https://www.mobygames.com/game/platform:gameboy-color/sort:critic_score/page:2/
gbc	gex enter the gecko	Gex: Enter the Gecko	74	1998	Crystal Dynamics, Inc.	https://www.mobygames.com/game/platform:gameboy-color/sort:critic_score/page:2/
gbc	mat hoffman s pro bmx	Mat Hoffman's Pro BMX	74	2001	HotGen Studios Ltd.	https://www.mobygames.com/game/platform:gameboy-color/sort:critic_score/page:2/
gbc	f1 racing championship	F1 Racing Championship	74	2000	Ubi Soft Studios SRL	https://www.mobygames.com/game/platform:gameboy-color/sort:critic_score/page:2/
gbc	f 1 world grand prix	F-1 World Grand Prix	74	1999	ITL Co., Ltd.	https://www.mobygames.com/game/platform:gameboy-color/sort:critic_score/page:2/
gbc	log cal	Log!cal	73	1999	Conspiracy Entertainment Corp.	https://www.mobygames.com/game/platform:gameboy-color/sort:critic_score/page:2/
gbc	test drive le mans	Test Drive: Le Mans	73	2000	Velez & Dubail Dev. Team	https://www.mobygames.com/game/platform:gameboy-color/sort:critic_score/page:2/
gbc	bugs bunny crazy castle 3	Bugs Bunny: Crazy Castle 3	73	1999	Kotobuki System Co., Ltd.	https://www.mobygames.com/game/platform:gameboy-color/sort:critic_score/page:2/
gbc	croc 2	Croc 2	73	2001	Natsume Co., Ltd.	https://www.mobygames.com/game/platform:gameboy-color/sort:critic_score/page:2/
gbc	street fighter alpha warriors dreams	Street Fighter Alpha: Warriors' Dreams	73	2000	Capcom Co., Ltd.	https://www.mobygames.com/game/platform:gameboy-color/sort:critic_score/page:2/
gbc	disney s aladdin	Disney's Aladdin	73	2000	Virgin Interactive Entertainment, Inc.	https://www.mobygames.com/game/platform:gameboy-color/sort:critic_score/page:2/
gbc	bust a move 4	Bust-A-Move 4	73	1999	Taito Corporation	https://www.mobygames.com/game/platform:gameboy-color/sort:critic_score/page:3/
gbc	space station silicon valley	Space Station Silicon Valley	73	1999	Tarantula Studios	https://www.mobygames.com/game/platform:gameboy-color/sort:critic_score/page:3/
gbc	f1 world grand prix ii for game boy color	F1 World Grand Prix II for Game Boy Color	73	2000	ITL Co., Ltd.	https://www.mobygames.com/game/platform:gameboy-color/sort:critic_score/page:3/
gbc	road champs bxs stunt biking	Road Champs: BXS Stunt Biking	72	2000	HotGen Studios Ltd.	https://www.mobygames.com/game/platform:gameboy-color/sort:critic_score/page:3/
gbc	hype the time quest	Hype: The Time Quest	72	2001	Planet Interactive Development	https://www.mobygames.com/game/platform:gameboy-color/sort:critic_score/page:3/
gbc	asteroids	Asteroids	72	1999	Syrox Developments, Ltd.	https://www.mobygames.com/game/platform:gameboy-color/sort:critic_score/page:3/
gbc	the smurfs nightmare	The Smurfs' Nightmare	72	1999	Velez & Dubail Dev. Team	https://www.mobygames.com/game/platform:gameboy-color/sort:critic_score/page:3/
snes	dirt racer	Dirt Racer	26	1995	Motivetime Ltd.	https://www.mobygames.com/game/platform:snes/sort:-critic_score/page:1/
snes	american gladiators	American Gladiators	29	1993	Imagitec Design Inc.	https://www.mobygames.com/game/platform:snes/sort:-critic_score/page:1/
snes	the itchy scratchy game	The Itchy & Scratchy Game	32	1994	Bits Corporation	https://www.mobygames.com/game/platform:snes/sort:-critic_score/page:1/
snes	kawasaki caribbean challenge	Kawasaki Caribbean Challenge	32	1993	Park Place Productions	https://www.mobygames.com/game/platform:snes/sort:-critic_score/page:1/
snes	beethoven	Beethoven	34	1993	Riedel Software Productions, Inc.	https://www.mobygames.com/game/platform:snes/sort:-critic_score/page:1/
snes	pit fighter	Pit-Fighter	34	1991	Atari Games Corporation	https://www.mobygames.com/game/platform:snes/sort:-critic_score/page:1/
snes	last action hero	Last Action Hero	34	1993	Bits Studios Ltd.	https://www.mobygames.com/game/platform:snes/sort:-critic_score/page:1/
snes	captain novolin	Captain Novolin	35	1992	Sculptured Software, Inc.	https://www.mobygames.com/game/platform:snes/sort:-critic_score/page:1/
snes	timecop	Timecop	35	1995	Cryo Interactive Entertainment	https://www.mobygames.com/game/platform:snes/sort:-critic_score/page:1/
snes	the hunt for red october	The Hunt for Red October	36	1993	RSP, Inc.	https://www.mobygames.com/game/platform:snes/sort:-critic_score/page:1/
snes	d force	D-Force	36	1991	Cream Co., Ltd.	https://www.mobygames.com/game/platform:snes/sort:-critic_score/page:1/
snes	home alone 2 lost in new york	Home Alone 2: Lost in New York	39	1992	Imagineering Inc.	https://www.mobygames.com/game/platform:snes/sort:-critic_score/page:1/
snes	the rocketeer	The Rocketeer	39	1992	NovaLogic, Inc.	https://www.mobygames.com/game/platform:snes/sort:-critic_score/page:1/
snes	mecarobot golf	Mecarobot Golf	39	1993	Advance Communication Company	https://www.mobygames.com/game/platform:snes/sort:-critic_score/page:1/
snes	alien vs predator	Alien vs Predator	40	1993	Jordan Information Service Co., Ltd.	https://www.mobygames.com/game/platform:snes/sort:-critic_score/page:1/
snes	kawasaki superbike challenge	Kawasaki Superbike Challenge	41	1995	Lankhor	https://www.mobygames.com/game/platform:snes/sort:-critic_score/page:1/
snes	super godzilla	Super Godzilla	42	1993	Advance Communication Company	https://www.mobygames.com/game/platform:snes/sort:-critic_score/page:1/
snes	paperboy 2	Paperboy 2	42	1991	Tengen Inc.	https://www.mobygames.com/game/platform:snes/sort:-critic_score/page:1/
snes	george foreman s ko boxing	George Foreman's KO Boxing	42	1992	Beam Software Pty., Ltd.	https://www.mobygames.com/game/platform:snes/sort:-critic_score/page:1/
snes	oscar	Oscar	43	1996	Flair Software Ltd.	https://www.mobygames.com/game/platform:snes/sort:-critic_score/page:1/
snes	wayne s world	Wayne's World	43	1993	Gray Matter Inc.	https://www.mobygames.com/game/platform:snes/sort:-critic_score/page:1/
snes	ultraman	Ultraman	43	1991	BEC Co., Ltd.	https://www.mobygames.com/game/platform:snes/sort:-critic_score/page:1/
snes	the tick	The Tick	44	1994	Software Creations Ltd.	https://www.mobygames.com/game/platform:snes/sort:-critic_score/page:1/
snes	blazeon	BlaZeon	44	1992	A.I Co., Ltd.	https://www.mobygames.com/game/platform:snes/sort:-critic_score/page:1/
snes	full throttle all american racing	Full Throttle: All-American Racing	45	1994	Gremlin Graphics Software Limited	https://www.mobygames.com/game/platform:snes/sort:-critic_score/page:1/
snes	pro sport hockey	Pro Sport Hockey	45	1994	Tose Co., Ltd.	https://www.mobygames.com/game/platform:snes/sort:-critic_score/page:1/
snes	captain america and the avengers	Captain America and the Avengers	46	1993	Data East Corporation	https://www.mobygames.com/game/platform:snes/sort:-critic_score/page:1/
snes	cutthroat island	Cutthroat Island	46	1996	Software Creations Ltd.	https://www.mobygames.com/game/platform:snes/sort:-critic_score/page:1/
snes	tom and jerry	Tom and Jerry	46	1993	Riedel Software Productions, Inc.	https://www.mobygames.com/game/platform:snes/sort:-critic_score/page:1/
snes	family dog	Family Dog	47	1993	Absolute Entertainment, Inc.	https://www.mobygames.com/game/platform:snes/sort:-critic_score/page:1/
snes	race drivin	Race Drivin'	47	1992	Atari Games Corporation	https://www.mobygames.com/game/platform:snes/sort:-critic_score/page:1/
snes	musya the classic japanese tale of horror	Musya: The Classic Japanese Tale of Horror	47	1992	Jorudan Co., Ltd.	https://www.mobygames.com/game/platform:snes/sort:-critic_score/page:1/
snes	california games ii	California Games II	47	1992	Epyx, Inc.	https://www.mobygames.com/game/platform:snes/sort:-critic_score/page:1/
snes	hit the ice the video hockey league	Hit the Ice: The Video Hockey League	47	1993	Taito Corporation	https://www.mobygames.com/game/platform:snes/sort:-critic_score/page:1/
snes	cliffhanger	Cliffhanger	47	1993	Malibu Interactive	https://www.mobygames.com/game/platform:snes/sort:-critic_score/page:1/
snes	the combatribes	The Combatribes	48	1992	Technos Japan Corp.	https://www.mobygames.com/game/platform:snes/sort:-critic_score/page:1/
snes	bish jo senshi sailor moon	Bishōjo Senshi Sailor Moon	48	1993		https://www.mobygames.com/game/platform:snes/sort:-critic_score/page:1/
snes	street combat	Street Combat	48	1992	NCS Corporation	https://www.mobygames.com/game/platform:snes/sort:-critic_score/page:1/
snes	wheel of fortune	Wheel of Fortune	48	1992	Imagitec Design Inc.	https://www.mobygames.com/game/platform:snes/sort:-critic_score/page:1/
snes	kick off 2	Kick Off 2	48	1991	Anco Software Ltd.	https://www.mobygames.com/game/platform:snes/sort:-critic_score/page:1/
snes	hokuto no ken 6 gekit densh ken ha e no michi	Hokuto no Ken 6: Gekitō Denshōken Haō e no Michi	49	1992	Toei Animation Co., Ltd.	https://www.mobygames.com/game/platform:snes/sort:-critic_score/page:1/
snes	t2 terminator 2 judgment day	T2: Terminator 2 - Judgment Day	49	1993	B.I.T.S., Ltd.	https://www.mobygames.com/game/platform:snes/sort:-critic_score/page:1/
snes	bill laimbeer s combat basketball	Bill Laimbeer's Combat Basketball	49	1991	Evil 3, The	https://www.mobygames.com/game/platform:snes/sort:-critic_score/page:1/
snes	gunforce battle fire engulfed terror island	GunForce: Battle Fire Engulfed Terror Island	49	1992	Irem Corp.	https://www.mobygames.com/game/platform:snes/sort:-critic_score/page:1/
snes	toys	Toys	49	1993	Absolute Entertainment, Inc.	https://www.mobygames.com/game/platform:snes/sort:-critic_score/page:1/
snes	fun n games	Fun 'N Games	50	1994	Leland Interactive Media	https://www.mobygames.com/game/platform:snes/sort:-critic_score/page:1/
snes	virtual bart	Virtual Bart	50	1994	Sculptured Software, Inc.	https://www.mobygames.com/game/platform:snes/sort:-critic_score/page:1/
snes	xardion	Xardion	50	1992	Jorudan Co., Ltd.	https://www.mobygames.com/game/platform:snes/sort:-critic_score/page:1/
snes	revolution x	Revolution X	50	1995	Midway Manufacturing Company	https://www.mobygames.com/game/platform:snes/sort:-critic_score/page:1/
snes	bram stoker s dracula	Bram Stoker's Dracula	50	1993	Traveller's Tales (UK) Ltd.	https://www.mobygames.com/game/platform:snes/sort:-critic_score/page:1/
snes	james bond jr	James Bond Jr	50	1992	Gray Matter Inc.	https://www.mobygames.com/game/platform:snes/sort:-critic_score/page:2/
snes	3 ninjas kick back	3 Ninjas Kick Back	50	1994	Malibu Interactive	https://www.mobygames.com/game/platform:snes/sort:-critic_score/page:2/
snes	john madden football 92	John Madden Football '92	50	1991	Electronic Arts, Inc.	https://www.mobygames.com/game/platform:snes/sort:-critic_score/page:2/
snes	nfl football	NFL Football	50	1993	Park Place Productions	https://www.mobygames.com/game/platform:snes/sort:-critic_score/page:2/
snes	super battleship the classic naval combat game	Super Battleship: The Classic Naval Combat Game	51	1993	Synergistic Software, Inc.	https://www.mobygames.com/game/platform:snes/sort:-critic_score/page:2/
snes	al unser jr s road to the top	Al Unser Jr.'s Road to the Top	51	1994	Radical Entertainment Inc.	https://www.mobygames.com/game/platform:snes/sort:-critic_score/page:2/
snes	warpspeed	WarpSpeed	51	1992	Accolade, Inc.	https://www.mobygames.com/game/platform:snes/sort:-critic_score/page:2/
snes	the wizard of oz	The Wizard of Oz	51	1993	Manley & Associates, Inc.	https://www.mobygames.com/game/platform:snes/sort:-critic_score/page:2/
snes	strike gunner s t g	Strike Gunner S.T.G.	51	1992	Athena Co., Ltd.	https://www.mobygames.com/game/platform:snes/sort:-critic_score/page:2/
snes	disney s beauty and the beast	Disney's Beauty and the Beast	51	1994	Probe Software Ltd.	https://www.mobygames.com/game/platform:snes/sort:-critic_score/page:2/
snes	rise of the robots	Rise of the Robots	51	1994	Mirage Technologies (Multimedia) Ltd.	https://www.mobygames.com/game/platform:snes/sort:-critic_score/page:2/
snes	jaleco rally big run the supreme 4wd challenge	Jaleco Rally: Big Run - The Supreme 4WD Challenge	51	1991	Jaleco Ltd.	https://www.mobygames.com/game/platform:snes/sort:-critic_score/page:2/
snes	hyperzone	HyperZone	52	1991	HAL Laboratory, Inc.	https://www.mobygames.com/game/platform:snes/sort:-critic_score/page:2/
snes	abc monday night football	ABC Monday Night Football	52	1993	Kuusoukagaku Corp.	https://www.mobygames.com/game/platform:snes/sort:-critic_score/page:2/
snes	home alone	Home Alone	52	1991	Imagineering Inc.	https://www.mobygames.com/game/platform:snes/sort:-critic_score/page:2/
snes	super ninja boy	Super Ninja Boy	52	1991	Culture Brain Inc.	https://www.mobygames.com/game/platform:snes/sort:-critic_score/page:2/
snes	sk ljagger revolt of the westicans	Sküljagger: Revolt of the Westicans	52	1992	Realtime Associates, Inc.	https://www.mobygames.com/game/platform:snes/sort:-critic_score/page:2/
snes	todd mcfarlane s spawn the video game	Todd McFarlane's Spawn: The Video Game	53	1995	Ukiyotei Company, Ltd.	https://www.mobygames.com/game/platform:snes/sort:-critic_score/page:2/
snes	mega man soccer	Mega Man Soccer	53	1994	Nova Co., Ltd.	https://www.mobygames.com/game/platform:snes/sort:-critic_score/page:2/
snes	lethal weapon	Lethal Weapon	53	1992	Ocean Software Ltd.	https://www.mobygames.com/game/platform:snes/sort:-critic_score/page:2/
snes	hurricanes	Hurricanes	53	1994	Probe Software Ltd.	https://www.mobygames.com/game/platform:snes/sort:-critic_score/page:2/
snes	mtv s beavis and butt head	MTV's Beavis and Butt-Head	53	1994	Realtime Associates, Inc.	https://www.mobygames.com/game/platform:snes/sort:-critic_score/page:2/
snes	college slam	College Slam	53	1996	Iguana UK	https://www.mobygames.com/game/platform:snes/sort:-critic_score/page:2/
snes	prince of persia 2 the shadow the flame	Prince of Persia 2: The Shadow & The Flame	53	1996	Brøderbund Software, Inc.	https://www.mobygames.com/game/platform:snes/sort:-critic_score/page:2/
snes	swat kats the radical squadron	SWAT Kats: The Radical Squadron	53	1995	AIM	https://www.mobygames.com/game/platform:snes/sort:-critic_score/page:2/
snes	tecmo secret of the stars	Tecmo Secret of the Stars	53	1993	Tecmo, Ltd.	https://www.mobygames.com/game/platform:snes/sort:-critic_score/page:2/
snes	speedy gonzales in los gatos bandidos	Speedy Gonzales in Los Gatos Bandidos	53	1994	Dark Technologies	https://www.mobygames.com/game/platform:snes/sort:-critic_score/page:2/
snes	the incredible crash dummies	The Incredible Crash Dummies	53	1993	Gray Matter Inc.	https://www.mobygames.com/game/platform:snes/sort:-critic_score/page:2/
snes	j r r tolkien s the lord of the rings volume 1	J.R.R. Tolkien's The Lord of the Rings: Volume 1	54	1994	Interplay Productions, Inc.	https://www.mobygames.com/game/platform:snes/sort:-critic_score/page:2/
snes	space ace	Space Ace	54	1993	Oxford Digital Enterprises Ltd.	https://www.mobygames.com/game/platform:snes/sort:-critic_score/page:2/
snes	foreman for real	Foreman for Real	54	1995	Software Creations Ltd.	https://www.mobygames.com/game/platform:snes/sort:-critic_score/page:2/
snes	wolfchild	Wolfchild	54	1993	Core Design Ltd.	https://www.mobygames.com/game/platform:snes/sort:-critic_score/page:2/
snes	cacoma knight in bizyland	Cacoma Knight in Bizyland	54	1992	Affect Co.,Ltd	https://www.mobygames.com/game/platform:snes/sort:-critic_score/page:2/
snes	time slip	Time Slip	54	1993	Sales Curve Ltd., The	https://www.mobygames.com/game/platform:snes/sort:-critic_score/page:2/
snes	the adventures of mighty max	The Adventures of Mighty Max	54	1994	WJS Design	https://www.mobygames.com/game/platform:snes/sort:-critic_score/page:2/
snes	mighty morphin power rangers	Mighty Morphin Power Rangers	54	1994	Natsume Co., Ltd.	https://www.mobygames.com/game/platform:snes/sort:-critic_score/page:2/
snes	super off road the baja	Super Off Road: The Baja	54	1993	Leland Interactive Media	https://www.mobygames.com/game/platform:snes/sort:-critic_score/page:2/
snes	venom spider man separation anxiety	Venom • Spider-Man: Separation Anxiety	55	1995	Software Creations Ltd.	https://www.mobygames.com/game/platform:snes/sort:-critic_score/page:2/
snes	frantic flea	Frantic Flea	55	1996	Häus Teknikka	https://www.mobygames.com/game/platform:snes/sort:-critic_score/page:2/
snes	super nes super scope 6	Super NES Super Scope 6	55	1992	Intelligent Systems Co., Ltd.	https://www.mobygames.com/game/platform:snes/sort:-critic_score/page:2/
snes	the untouchables	The Untouchables	55	1994	Ocean Software Ltd.	https://www.mobygames.com/game/platform:snes/sort:-critic_score/page:2/
snes	mighty morphin power rangers the movie	Mighty Morphin Power Rangers: The Movie	55	1995	Natsume Co., Ltd.	https://www.mobygames.com/game/platform:snes/sort:-critic_score/page:2/
snes	mario s time machine	Mario's Time Machine	55	1993	Software Toolworks, Inc., The	https://www.mobygames.com/game/platform:snes/sort:-critic_score/page:2/
snes	we re back a dinosaur s story	We're Back!: A Dinosaur's Story	56	1993	Visual Concepts, Ltd.	https://www.mobygames.com/game/platform:snes/sort:-critic_score/page:2/
snes	captain commando	Captain Commando	56	1995	Capcom Co., Ltd.	https://www.mobygames.com/game/platform:snes/sort:-critic_score/page:2/
snes	shaq fu	Shaq Fu	56	1994	Unexpected Development	https://www.mobygames.com/game/platform:snes/sort:-critic_score/page:2/
snes	lester the unlikely	Lester the Unlikely	56	1994	Visual Concepts Entertainment, Inc.	https://www.mobygames.com/game/platform:snes/sort:-critic_score/page:2/
snes	home improvement power tool pursuit	Home Improvement: Power Tool Pursuit	56	1994	Absolute Entertainment, Inc.	https://www.mobygames.com/game/platform:snes/sort:-critic_score/page:2/
snes	super back to the future part ii	Super Back to the Future Part II	56	1993	Toshiba-EMI Ltd.	https://www.mobygames.com/game/platform:snes/sort:-critic_score/page:2/
snes	double dragon v the shadow falls	Double Dragon V: The Shadow Falls	56	1994	Leland Interactive Media	https://www.mobygames.com/game/platform:snes/sort:-critic_score/page:2/
snes	scooby doo mystery	Scooby-Doo Mystery	57	1995	Argonaut Software Ltd.	https://www.mobygames.com/game/platform:snes/sort:-critic_score/page:3/
snes	mickey s ultimate challenge	Mickey's Ultimate Challenge	57	1994	Designer Software	https://www.mobygames.com/game/platform:snes/sort:-critic_score/page:3/
snes	sink or swim	Sink or Swim	57	1994	Junkyard	https://www.mobygames.com/game/platform:snes/sort:-critic_score/page:3/
snes	batman forever	Batman Forever	57	1995	Probe Entertainment Ltd.	https://www.mobygames.com/game/platform:snes/sort:-critic_score/page:3/
snes	where in the world is carmen sandiego enhanced	Where in the World Is Carmen Sandiego? (Enhanced)	57	1993	Sculptured Software, Inc.	https://www.mobygames.com/game/platform:snes/sort:-critic_score/page:3/
snes	hiry no ken s golden fighter	Hiryū No Ken S: Golden Fighter	58	1992		https://www.mobygames.com/game/platform:snes/sort:-critic_score/page:3/
snes	ballz 3d fighting at its ballziest	Ballz 3D: Fighting at its Ballziest	58	1994	PF Magic	https://www.mobygames.com/game/platform:snes/sort:-critic_score/page:3/
snes	imperium	Imperium	58	1992	Jorudan Co., Ltd.	https://www.mobygames.com/game/platform:snes/sort:-critic_score/page:3/
snes	super double dragon	Super Double Dragon	58	1992	Technos Japan Corp.	https://www.mobygames.com/game/platform:snes/sort:-critic_score/page:3/
snes	olympic summer games	Olympic Summer Games	58	1996	Tiertex Ltd.	https://www.mobygames.com/game/platform:snes/sort:-critic_score/page:3/
snes	eek the cat	Eek! the Cat	58	1994	CTA Developments	https://www.mobygames.com/game/platform:snes/sort:-critic_score/page:3/
snes	jim lee s wildc a t s covert action teams	Jim Lee's WildC.A.T.S: Covert Action Teams	58	1995	Beam Software Pty., Ltd.	https://www.mobygames.com/game/platform:snes/sort:-critic_score/page:3/
snes	nickelodeon aaahh real monsters	Nickelodeon: Aaahh!!! Real Monsters	58	1995	Realtime Associates, Inc.	https://www.mobygames.com/game/platform:snes/sort:-critic_score/page:3/
snes	acrobat mission	Acrobat Mission	58	1992	UPL Co., Ltd	https://www.mobygames.com/game/platform:snes/sort:-critic_score/page:3/
snes	super valis iv	Super Valis IV	58	1992	Shin-Nihon Laser Soft Co., Ltd.	https://www.mobygames.com/game/platform:snes/sort:-critic_score/page:3/
snes	nhl stanley cup	NHL Stanley Cup	58	1993	Sculptured Software, Inc.	https://www.mobygames.com/game/platform:snes/sort:-critic_score/page:3/
snes	super play action football	Super Play Action Football	59	1992	Tose Co., Ltd.	https://www.mobygames.com/game/platform:snes/sort:-critic_score/page:3/
snes	wayne gretzky and the nhlpa all stars	Wayne Gretzky and the NHLPA All-Stars	59	1995	Semi Logic Entertainments, Inc.	https://www.mobygames.com/game/platform:snes/sort:-critic_score/page:3/
snes	spectre	Spectre	59	1994	Peninsula Gameworks	https://www.mobygames.com/game/platform:snes/sort:-critic_score/page:3/
snes	robocop 3	RoboCop 3	59	1992	Ocean Software Ltd.	https://www.mobygames.com/game/platform:snes/sort:-critic_score/page:3/
snes	nba all star challenge	NBA All-Star Challenge	59	1992	Beam Software Pty., Ltd.	https://www.mobygames.com/game/platform:snes/sort:-critic_score/page:3/
snes	f 1 grand prix	F-1 Grand Prix	59	1992	Video System Co., Ltd.	https://www.mobygames.com/game/platform:snes/sort:-critic_score/page:3/
snes	wolverine adamantium rage	Wolverine: Adamantium Rage	59	1994	Bits Corporation	https://www.mobygames.com/game/platform:snes/sort:-critic_score/page:3/
snes	outlander	Outlander	59	1993	Mindscape International Ltd.	https://www.mobygames.com/game/platform:snes/sort:-critic_score/page:3/
snes	porky pig s haunted holiday	Porky Pig's Haunted Holiday	59	1995	Phoenix Interactive Entertainment	https://www.mobygames.com/game/platform:snes/sort:-critic_score/page:3/
snes	air cavalry	Air Cavalry	60	1995	Synergistic Software, Inc.	https://www.mobygames.com/game/platform:snes/sort:-critic_score/page:3/
snes	battle grand prix	Battle Grand Prix	60	1992	KID Corp.	https://www.mobygames.com/game/platform:snes/sort:-critic_score/page:3/
snes	frank thomas big hurt baseball	Frank Thomas Big Hurt Baseball	60	1995	Iguana UK	https://www.mobygames.com/game/platform:snes/sort:-critic_score/page:3/
snes	super batter up	Super Batter Up	60	1992	Namco Limited	https://www.mobygames.com/game/platform:snes/sort:-critic_score/page:3/
snes	hyper v ball	Hyper V-Ball	60	1992	Video System Co., Ltd.	https://www.mobygames.com/game/platform:snes/sort:-critic_score/page:3/
snes	star trek deep space nine crossroads of time	Star Trek: Deep Space Nine - Crossroads of Time	60	1995	Novotrade Software Kft.	https://www.mobygames.com/game/platform:snes/sort:-critic_score/page:3/
snes	fatal fury	Fatal Fury	60	1992	SNK Corporation	https://www.mobygames.com/game/platform:snes/sort:-critic_score/page:3/
snes	the ren stimpy show veediots	The Ren & Stimpy Show: Veediots!	60	1993	Gray Matter Inc.	https://www.mobygames.com/game/platform:snes/sort:-critic_score/page:3/
snes	spider man	Spider-Man	60	1994	Western Technologies Inc.	https://www.mobygames.com/game/platform:snes/sort:-critic_score/page:3/
snes	the terminator	The Terminator	60	1993	Mindscape, Inc.	https://www.mobygames.com/game/platform:snes/sort:-critic_score/page:3/
snes	super chase criminal termination	Super Chase: Criminal Termination	60	1993	Project Power Wheels	https://www.mobygames.com/game/platform:snes/sort:-critic_score/page:3/
snes	space football one on one	Space Football: One on One	61	1992	B.I.T.S., Ltd.	https://www.mobygames.com/game/platform:snes/sort:-critic_score/page:3/
snes	incantation	Incantation	61	1996	Titus France SA	https://www.mobygames.com/game/platform:snes/sort:-critic_score/page:3/
snes	mohawk headphone jack	Mohawk & Headphone Jack	61	1995	Black Pearl Software	https://www.mobygames.com/game/platform:snes/sort:-critic_score/page:3/
snes	champions world class soccer	Champions World Class Soccer	61	1994	Park Place Productions	https://www.mobygames.com/game/platform:snes/sort:-critic_score/page:3/
snes	speed racer in my most dangerous adventures	Speed Racer in My Most Dangerous Adventures	61	1994	Radical Entertainment Inc.	https://www.mobygames.com/game/platform:snes/sort:-critic_score/page:3/
snes	dennis the menace	Dennis the Menace	61	1993	Ocean Software Ltd.	https://www.mobygames.com/game/platform:snes/sort:-critic_score/page:3/
snes	the flintstones	The Flintstones	61	1995	Ocean of America, Inc.	https://www.mobygames.com/game/platform:snes/sort:-critic_score/page:3/
snes	super kick off	Super Kick Off	61	1992	Tiertex Design Studios	https://www.mobygames.com/game/platform:snes/sort:-critic_score/page:3/
snes	king of the monsters	King of the Monsters	61	1992	SNK Corporation	https://www.mobygames.com/game/platform:snes/sort:-critic_score/page:3/
snes	faceball 2000	Faceball 2000	61	1992	Xanth Software F/X, Inc.	https://www.mobygames.com/game/platform:snes/sort:-critic_score/page:3/
snes	power piggs of the dark age	Power Piggs of the Dark Age	61	1996	Radical Entertainment Inc.	https://www.mobygames.com/game/platform:snes/sort:-critic_score/page:3/
snes	adventures of yogi bear	Adventures of Yogi Bear	61	1994	Blue Turtle	https://www.mobygames.com/game/platform:snes/sort:-critic_score/page:3/
snes	the duel test drive ii	The Duel: Test Drive II	61	1992	Distinctive Software, Inc.	https://www.mobygames.com/game/platform:snes/sort:-critic_score/page:3/
snes	shien s revenge	Shien's Revenge	61	1994	Almanic Corp.	https://www.mobygames.com/game/platform:snes/sort:-critic_score/page:3/
snes	bulls vs blazers and the nba playoffs	Bulls vs. Blazers and the NBA Playoffs	61	1992	Electronic Arts, Inc.	https://www.mobygames.com/game/platform:snes/sort:-critic_score/page:4/
snes	cal ripken jr baseball	Cal Ripken Jr. Baseball	62	1992	Beam Software Pty., Ltd.	https://www.mobygames.com/game/platform:snes/sort:-critic_score/page:4/
snes	mario is missing	Mario is Missing!	62	1992	Software Toolworks, Inc., The	https://www.mobygames.com/game/platform:snes/sort:-critic_score/page:4/
snes	pro quarterback	Pro Quarterback	62	1992	Leland Interactive Media	https://www.mobygames.com/game/platform:snes/sort:-critic_score/page:4/
snes	james pond 3	James Pond 3	62	1994	Vectordean Ltd.	https://www.mobygames.com/game/platform:snes/sort:-critic_score/page:4/
snes	tiny toon adventures wacky sports challenge	Tiny Toon Adventures: Wacky Sports Challenge	62	1994	Konami Co., Ltd.	https://www.mobygames.com/game/platform:snes/sort:-critic_score/page:4/
snes	doomsday warrior	Doomsday Warrior	62	1992	Shin-Nihon Laser Soft Co., Ltd.	https://www.mobygames.com/game/platform:snes/sort:-critic_score/page:4/
snes	space invaders	Space Invaders	62	1994	Kinesoft Development Corp.	https://www.mobygames.com/game/platform:snes/sort:-critic_score/page:4/
snes	might and magic ii gates to another world	Might and Magic II: Gates to Another World	62	1993	New World Computing, Inc.	https://www.mobygames.com/game/platform:snes/sort:-critic_score/page:4/
snes	the chessmaster	The Chessmaster	63	1992	Software Toolworks, Inc., The	https://www.mobygames.com/game/platform:snes/sort:-critic_score/page:4/
snes	cool world	Cool World	63	1992	Painting by Numbers, Ltd.	https://www.mobygames.com/game/platform:snes/sort:-critic_score/page:4/
snes	magic sword	Magic Sword	63	1992	Capcom Co., Ltd.	https://www.mobygames.com/game/platform:snes/sort:-critic_score/page:4/
snes	jack nicklaus unlimited golf course design	Jack Nicklaus' Unlimited Golf & Course Design	63	1992	Sculptured Software, Inc.	https://www.mobygames.com/game/platform:snes/sort:-critic_score/page:4/
snes	barkley shut up and jam	Barkley: Shut Up and Jam!	63	1994	Accolade, Inc.	https://www.mobygames.com/game/platform:snes/sort:-critic_score/page:4/
snes	battle blaze	Battle Blaze	63	1992	Electronics Application Co., Ltd.	https://www.mobygames.com/game/platform:snes/sort:-critic_score/page:4/
snes	battletoads double dragon	Battletoads / Double Dragon	63	1993	Rare Limited	https://www.mobygames.com/game/platform:snes/sort:-critic_score/page:4/
snes	magic boy	Magic Boy	63	1993	Blue Turtle	https://www.mobygames.com/game/platform:snes/sort:-critic_score/page:4/
snes	acme animation factory	ACME Animation Factory	64	1994	Probe Software Ltd.	https://www.mobygames.com/game/platform:snes/sort:-critic_score/page:4/
snes	biometal	BioMetal	64	1993	Athena Co., Ltd.	https://www.mobygames.com/game/platform:snes/sort:-critic_score/page:4/
snes	super bowling	Super Bowling	64	1992	KID Corp.	https://www.mobygames.com/game/platform:snes/sort:-critic_score/page:4/
snes	x kaliber 2097	X-Kaliber 2097	64	1994	Winds Co., Ltd.	https://www.mobygames.com/game/platform:snes/sort:-critic_score/page:4/
snes	the 7th saga	The 7th Saga	64	1993	Produce Co., Ltd.	https://www.mobygames.com/game/platform:snes/sort:-critic_score/page:4/
snes	the twisted tales of spike mcfang	The Twisted Tales of Spike McFang	64	1993	Red Company Corporation	https://www.mobygames.com/game/platform:snes/sort:-critic_score/page:4/
snes	terminator 2 judgment day	Terminator 2: Judgment Day	64	1993	Midway Manufacturing Company	https://www.mobygames.com/game/platform:snes/sort:-critic_score/page:4/
snes	wordtris	Wordtris	64	1992	Armenica, Inc.	https://www.mobygames.com/game/platform:snes/sort:-critic_score/page:4/
snes	cosmo gang the video	Cosmo Gang: The Video	64	1992	Namco Limited	https://www.mobygames.com/game/platform:snes/sort:-critic_score/page:4/
snes	tko super championship boxing	TKO Super Championship Boxing	64	1992	Sting, Inc.	https://www.mobygames.com/game/platform:snes/sort:-critic_score/page:4/
snes	x zone	X-Zone	64	1992	Kotobuki System Co., Ltd.	https://www.mobygames.com/game/platform:snes/sort:-critic_score/page:4/
snes	psycho dream	Psycho Dream	64	1992	Riot	https://www.mobygames.com/game/platform:snes/sort:-critic_score/page:4/
snes	deadly moves	Deadly Moves	64	1992	System Vision	https://www.mobygames.com/game/platform:snes/sort:-critic_score/page:4/
snes	jim power the lost dimension in 3d	Jim Power: The Lost Dimension in 3D	64	1993	Loriciel SA	https://www.mobygames.com/game/platform:snes/sort:-critic_score/page:4/
snes	simearth the living planet	SimEarth: The Living Planet	64	1991	Maxis Software Inc.	https://www.mobygames.com/game/platform:snes/sort:-critic_score/page:4/
snes	the incredible hulk	The Incredible Hulk	64	1994	Probe Entertainment Ltd.	https://www.mobygames.com/game/platform:snes/sort:-critic_score/page:4/
snes	wings 2 aces high	Wings 2: Aces High	64	1992	Acme Interactive, Inc.	https://www.mobygames.com/game/platform:snes/sort:-critic_score/page:4/
snes	the pirates of dark water	The Pirates of Dark Water	64	1994	Sun Corporation	https://www.mobygames.com/game/platform:snes/sort:-critic_score/page:4/
snes	bonkers	Bonkers	64	1994	Sun-L Co., Ltd.	https://www.mobygames.com/game/platform:snes/sort:-critic_score/page:4/
snes	the king of dragons	The King of Dragons	64	1994	Capcom Co., Ltd.	https://www.mobygames.com/game/platform:snes/sort:-critic_score/page:4/
snes	brett hull hockey 95	Brett Hull Hockey 95	64	1994	Radical Entertainment Inc.	https://www.mobygames.com/game/platform:snes/sort:-critic_score/page:4/
snes	warlock	Warlock	64	1994	Realtime Associates, Inc.	https://www.mobygames.com/game/platform:snes/sort:-critic_score/page:4/
snes	rival turf	Rival Turf	64	1992	Jaleco Ltd.	https://www.mobygames.com/game/platform:snes/sort:-critic_score/page:4/
snes	phalanx	Phalanx	64	1992	Kotobuki System Co., Ltd.	https://www.mobygames.com/game/platform:snes/sort:-critic_score/page:4/
snes	super battletank 2	Super Battletank 2	65	1994	Absolute Entertainment, Inc.	https://www.mobygames.com/game/platform:snes/sort:-critic_score/page:4/
snes	the mask	The Mask	65	1995	Black Pearl Software	https://www.mobygames.com/game/platform:snes/sort:-critic_score/page:4/
snes	radical rex	Radical Rex	65	1994	Beam Software Pty., Ltd.	https://www.mobygames.com/game/platform:snes/sort:-critic_score/page:4/
snes	true golf classics waialae country club	True Golf Classics: Waialae Country Club	65	1991	T&E Soft, Inc.	https://www.mobygames.com/game/platform:snes/sort:-critic_score/page:4/
snes	battle clash	Battle Clash	65	1992	Intelligent Systems Co., Ltd.	https://www.mobygames.com/game/platform:snes/sort:-critic_score/page:4/
snes	nba showdown	NBA Showdown	65	1993	Electronic Arts, Inc.	https://www.mobygames.com/game/platform:snes/sort:-critic_score/page:4/
snes	doom	Doom	65	1995	id Software, Inc.	https://www.mobygames.com/game/platform:snes/sort:-critic_score/page:4/
snes	pinball fantasies	Pinball Fantasies	65	1995	Digital Illusions HB	https://www.mobygames.com/game/platform:snes/sort:-critic_score/page:4/
snes	super goal 2	Super Goal! 2	65	1993	Tose Co., Ltd.	https://www.mobygames.com/game/platform:snes/sort:-critic_score/page:4/
snes	super mario world 2 yoshi s island	Super Mario World 2: Yoshi's Island	95	1995	Nintendo Co., Ltd.	https://www.mobygames.com/game/platform:snes/sort:critic_score/page:1/
snes	final fantasy iii	Final Fantasy III	94	1994	Square Enix Co., Ltd.	https://www.mobygames.com/game/platform:snes/sort:critic_score/page:1/
snes	chrono trigger	Chrono Trigger	94	1995	Square Co., Ltd.	https://www.mobygames.com/game/platform:snes/sort:critic_score/page:1/
snes	the legend of zelda a link to the past	The Legend of Zelda: A Link to the Past	93	1991	Nintendo EAD	https://www.mobygames.com/game/platform:snes/sort:critic_score/page:1/
snes	super mario all stars	Super Mario All-Stars	93	1993	Nintendo Co., Ltd.	https://www.mobygames.com/game/platform:snes/sort:critic_score/page:1/
snes	street fighter ii turbo	Street Fighter II Turbo	93	1993	Capcom Co., Ltd.	https://www.mobygames.com/game/platform:snes/sort:critic_score/page:1/
snes	dragon quest v tenk no hanayome	Dragon Quest V: Tenkū no Hanayome	93	1992	Chunsoft Co., Ltd.	https://www.mobygames.com/game/platform:snes/sort:critic_score/page:1/
snes	super mario world	Super Mario World	93	1990	Nintendo Co., Ltd.	https://www.mobygames.com/game/platform:snes/sort:critic_score/page:1/
snes	super metroid	Super Metroid	93	1994	Intelligent Systems Co., Ltd.	https://www.mobygames.com/game/platform:snes/sort:critic_score/page:1/
snes	do re mi fantasy milon no dokidoki daib ken	Do Re Mi Fantasy: Milon no DokiDoki Daibōken	92	1996	Hudson Soft Company, Ltd.	https://www.mobygames.com/game/platform:snes/sort:critic_score/page:1/
snes	super mario kart	Super Mario Kart	91	1992	Nintendo EAD	https://www.mobygames.com/game/platform:snes/sort:critic_score/page:1/
snes	mortal kombat ii	Mortal Kombat II	91	1994	Midway Manufacturing Company	https://www.mobygames.com/game/platform:snes/sort:critic_score/page:1/
snes	donkey kong country 2 diddy s kong quest	Donkey Kong Country 2: Diddy's Kong Quest	91	1995	Rare Limited	https://www.mobygames.com/game/platform:snes/sort:critic_score/page:1/
snes	donkey kong country	Donkey Kong Country	90	1994	Rare Limited	https://www.mobygames.com/game/platform:snes/sort:critic_score/page:1/
snes	nba jam tournament edition	NBA Jam Tournament Edition	90	1995	Midway Manufacturing Company	https://www.mobygames.com/game/platform:snes/sort:critic_score/page:1/
snes	nba live 95	NBA Live 95	90	1994	Hitmen Productions	https://www.mobygames.com/game/platform:snes/sort:critic_score/page:1/
snes	super street fighter ii	Super Street Fighter II	89	1994	Capcom Co., Ltd.	https://www.mobygames.com/game/platform:snes/sort:critic_score/page:1/
snes	super mario rpg legend of the seven stars	Super Mario RPG: Legend of the Seven Stars	89	1996	Square Co., Ltd.	https://www.mobygames.com/game/platform:snes/sort:critic_score/page:1/
snes	street fighter ii	Street Fighter II	89	1992	Capcom Co., Ltd.	https://www.mobygames.com/game/platform:snes/sort:critic_score/page:1/
snes	star ocean	Star Ocean	89	1996	tri-Ace Inc.	https://www.mobygames.com/game/platform:snes/sort:critic_score/page:1/
snes	super turrican 2	Super Turrican 2	89	1995	Factor 5 GmbH	https://www.mobygames.com/game/platform:snes/sort:critic_score/page:1/
snes	super castlevania iv	Super Castlevania IV	89	1991	Konami Co., Ltd.	https://www.mobygames.com/game/platform:snes/sort:critic_score/page:1/
snes	contra iii the alien wars	Contra III: The Alien Wars	89	1992	Konami Co., Ltd.	https://www.mobygames.com/game/platform:snes/sort:critic_score/page:1/
snes	ch jik y sai macross scrambled valkyrie	Chō Jikū Yōsai Macross: Scrambled Valkyrie	89	1993	Winky Soft Co., Ltd.	https://www.mobygames.com/game/platform:snes/sort:critic_score/page:1/
snes	ganbare goemon 2 kiteretsu shogun magginesu	Ganbare Goemon 2: Kiteretsu Shogun Magginesu	89	1993	Konami Co., Ltd.	https://www.mobygames.com/game/platform:snes/sort:critic_score/page:1/
snes	secret of mana	Secret of Mana	88	1993	Square Co., Ltd.	https://www.mobygames.com/game/platform:snes/sort:critic_score/page:1/
snes	international superstar soccer deluxe	International Superstar Soccer Deluxe	88	1995	Konami Computer Entertainment Osaka Co., Ltd.	https://www.mobygames.com/game/platform:snes/sort:critic_score/page:1/
snes	jimmy connors pro tennis tour	Jimmy Connors Pro Tennis Tour	88	1992	Blue Byte Software GmbH	https://www.mobygames.com/game/platform:snes/sort:critic_score/page:1/
snes	lemmings	Lemmings	88	1991	DMA Design Limited	https://www.mobygames.com/game/platform:snes/sort:critic_score/page:1/
snes	parodius	Parodius	88	1992	Konami Industry Co. Ltd.	https://www.mobygames.com/game/platform:snes/sort:critic_score/page:1/
snes	nba jam	NBA Jam	88	1994	Midway Manufacturing Company	https://www.mobygames.com/game/platform:snes/sort:critic_score/page:1/
snes	nhl 94	NHL '94	88	1993	Electronic Arts Canada	https://www.mobygames.com/game/platform:snes/sort:critic_score/page:1/
snes	madden nfl 95	Madden NFL 95	88	1994	High Score Productions	https://www.mobygames.com/game/platform:snes/sort:critic_score/page:1/
snes	earthworm jim 2	Earthworm Jim 2	88	1995	Shiny Entertainment, Inc.	https://www.mobygames.com/game/platform:snes/sort:critic_score/page:1/
snes	killer instinct	Killer Instinct	88	1995	Rare Limited	https://www.mobygames.com/game/platform:snes/sort:critic_score/page:1/
snes	star fox	Star Fox	87	1993	Nintendo EAD	https://www.mobygames.com/game/platform:snes/sort:critic_score/page:1/
snes	earthworm jim	Earthworm Jim	87	1994	Shiny Entertainment, Inc.	https://www.mobygames.com/game/platform:snes/sort:critic_score/page:1/
snes	donkey kong country 3 dixie kong s double trouble	Donkey Kong Country 3: Dixie Kong's Double Trouble...	87	1996	Rare Limited	https://www.mobygames.com/game/platform:snes/sort:critic_score/page:1/
snes	ganbare goemon 3 shishi j rokubee no karakuri man	Ganbare Goemon 3: Shishi Jūrokubee no Karakuri Man...	87	1994	Konami Co., Ltd.	https://www.mobygames.com/game/platform:snes/sort:critic_score/page:1/
snes	r type iii the third lightning	R-Type III: The Third Lightning	87	1993	Irem Corp.	https://www.mobygames.com/game/platform:snes/sort:critic_score/page:1/
snes	nba live 96	NBA Live 96	86	1996	Hitmen Productions	https://www.mobygames.com/game/platform:snes/sort:critic_score/page:1/
snes	actraiser	ActRaiser	86	1990	Quintet Co., Ltd.	https://www.mobygames.com/game/platform:snes/sort:critic_score/page:1/
snes	tetris attack	Tetris Attack	86	1996	Intelligent Systems Co., Ltd.	https://www.mobygames.com/game/platform:snes/sort:critic_score/page:1/
snes	fifa international soccer	FIFA International Soccer	86	1994	Electronic Arts Canada	https://www.mobygames.com/game/platform:snes/sort:critic_score/page:1/
snes	rock n roll racing	Rock n' Roll Racing	86	1993	Blizzard Entertainment Inc.	https://www.mobygames.com/game/platform:snes/sort:critic_score/page:1/
snes	lufia ii rise of the sinistrals	Lufia II: Rise of the Sinistrals	86	1995	Neverland Co., Ltd.	https://www.mobygames.com/game/platform:snes/sort:critic_score/page:1/
snes	skyblazer	Skyblazer	86	1993	Ukiyotei Company, Ltd.	https://www.mobygames.com/game/platform:snes/sort:critic_score/page:1/
snes	theme park	Theme Park	86	1995	Bullfrog Productions, Ltd.	https://www.mobygames.com/game/platform:snes/sort:critic_score/page:1/
snes	flashback the quest for identity	Flashback: The Quest for Identity	86	1993	Delphine Software International	https://www.mobygames.com/game/platform:snes/sort:critic_score/page:1/
snes	equinox	Equinox	86	1993	Software Creations Ltd.	https://www.mobygames.com/game/platform:snes/sort:critic_score/page:1/
snes	simcity	SimCity	86	1991	Maxis Software Inc.	https://www.mobygames.com/game/platform:snes/sort:critic_score/page:2/
snes	super bomberman 3	Super Bomberman 3	86	1995	Hudson Soft Company, Ltd.	https://www.mobygames.com/game/platform:snes/sort:critic_score/page:2/
snes	ogre battle	Ogre Battle	86	1993	Quest Corporation	https://www.mobygames.com/game/platform:snes/sort:critic_score/page:2/
snes	striker	Striker	85	1992	Rage Software Ltd.	https://www.mobygames.com/game/platform:snes/sort:critic_score/page:2/
snes	terranigma	Terranigma	85	1995	Quintet Co., Ltd.	https://www.mobygames.com/game/platform:snes/sort:critic_score/page:2/
snes	nhl 96	NHL 96	85	1995	Tiburon Entertainment	https://www.mobygames.com/game/platform:snes/sort:critic_score/page:2/
snes	international superstar soccer	International Superstar Soccer	85	1994	Konami Computer Entertainment Osaka Co., Ltd.	https://www.mobygames.com/game/platform:snes/sort:critic_score/page:2/
snes	super bomberman	Super Bomberman	85	1993	Produce Co., Ltd.	https://www.mobygames.com/game/platform:snes/sort:critic_score/page:2/
snes	the legend of the mystical ninja	The Legend of the Mystical Ninja	85	1991	Konami Industry Co. Ltd.	https://www.mobygames.com/game/platform:snes/sort:critic_score/page:2/
snes	prince of persia	Prince of Persia	85	1992	Brøderbund Software, Inc.	https://www.mobygames.com/game/platform:snes/sort:critic_score/page:2/
snes	super bomberman 2	Super Bomberman 2	85	1994	Produce Co., Ltd.	https://www.mobygames.com/game/platform:snes/sort:critic_score/page:2/
snes	sid meier s civilization	Sid Meier's Civilization	85	1994	MicroProse Software, Inc.	https://www.mobygames.com/game/platform:snes/sort:critic_score/page:2/
snes	tiny toon adventures buster busts loose	Tiny Toon Adventures: Buster Busts Loose!	85	1992	Konami Co., Ltd.	https://www.mobygames.com/game/platform:snes/sort:critic_score/page:2/
snes	teenage mutant ninja turtles tournament fighters	Teenage Mutant Ninja Turtles: Tournament Fighters	85	1993	Konami Co., Ltd.	https://www.mobygames.com/game/platform:snes/sort:critic_score/page:2/
snes	seiken densetsu 3	Seiken Densetsu 3	85	1995	Square Co., Ltd.	https://www.mobygames.com/game/platform:snes/sort:critic_score/page:2/
snes	blackthorne	Blackthorne	85	1994	Blizzard Entertainment Inc.	https://www.mobygames.com/game/platform:snes/sort:critic_score/page:2/
snes	tetris dr mario	Tetris & Dr. Mario	84	1994	Tose Co., Ltd.	https://www.mobygames.com/game/platform:snes/sort:critic_score/page:2/
snes	mega man x	Mega Man X	84	1993	Capcom Co., Ltd.	https://www.mobygames.com/game/platform:snes/sort:critic_score/page:2/
snes	populous ii trials of the olympian gods	Populous II: Trials of the Olympian Gods	84	1993	Bullfrog Productions, Ltd.	https://www.mobygames.com/game/platform:snes/sort:critic_score/page:2/
snes	final fantasy ii	Final Fantasy II	84	1991	Square Enix Co., Ltd.	https://www.mobygames.com/game/platform:snes/sort:critic_score/page:2/
snes	tecmo super baseball	Tecmo Super Baseball	84	1994	Sculptured Software, Inc.	https://www.mobygames.com/game/platform:snes/sort:critic_score/page:2/
snes	axelay	Axelay	84	1992	Konami Co., Ltd.	https://www.mobygames.com/game/platform:snes/sort:critic_score/page:2/
snes	zombies ate my neighbors	Zombies Ate My Neighbors	84	1993	LucasArts Entertainment Company LLC	https://www.mobygames.com/game/platform:snes/sort:critic_score/page:2/
snes	earthbound	EarthBound	84	1994	HAL Laboratory, Inc.	https://www.mobygames.com/game/platform:snes/sort:critic_score/page:2/
snes	space megaforce	Space Megaforce	84	1992	Compile	https://www.mobygames.com/game/platform:snes/sort:critic_score/page:2/
snes	madden nfl 94	Madden NFL '94	84	1993	High Score Productions	https://www.mobygames.com/game/platform:snes/sort:critic_score/page:2/
snes	super tennis	Super Tennis	84	1991	Tose Co., Ltd.	https://www.mobygames.com/game/platform:snes/sort:critic_score/page:2/
snes	metal warriors	Metal Warriors	84	1995	LucasArts Entertainment Company LLC	https://www.mobygames.com/game/platform:snes/sort:critic_score/page:2/
snes	shin megami tensei	Shin Megami Tensei	84	1992	Atlus Co., Ltd.	https://www.mobygames.com/game/platform:snes/sort:critic_score/page:2/
snes	sparkster	Sparkster	84	1994	Konami Co., Ltd.	https://www.mobygames.com/game/platform:snes/sort:critic_score/page:2/
snes	micro machines 2 turbo tournament	Micro Machines 2: Turbo Tournament	84	1995	Supersonic Software Ltd.	https://www.mobygames.com/game/platform:snes/sort:critic_score/page:2/
snes	super star wars return of the jedi	Super Star Wars: Return of the Jedi	83	1994	Realtime Associates Seattle Division	https://www.mobygames.com/game/platform:snes/sort:critic_score/page:2/
snes	mortal kombat 3	Mortal Kombat 3	83	1995	Midway Manufacturing Company	https://www.mobygames.com/game/platform:snes/sort:critic_score/page:2/
snes	norse by norse west the return of the lost viking	Norse by Norse West: The Return of the Lost Viking...	83	1997	Blizzard Entertainment Inc.	https://www.mobygames.com/game/platform:snes/sort:critic_score/page:2/
snes	super ghouls n ghosts	Super Ghouls 'N Ghosts	83	1991	Capcom Co., Ltd.	https://www.mobygames.com/game/platform:snes/sort:critic_score/page:2/
snes	mega man x2	Mega Man X2	83	1994	Capcom Co., Ltd.	https://www.mobygames.com/game/platform:snes/sort:critic_score/page:2/
snes	cybernator	Cybernator	83	1992	NCS Corporation	https://www.mobygames.com/game/platform:snes/sort:critic_score/page:2/
snes	batman returns	Batman Returns	83	1993	Konami Co., Ltd.	https://www.mobygames.com/game/platform:snes/sort:critic_score/page:2/
snes	the magical quest starring mickey mouse	The Magical Quest Starring Mickey Mouse	83	1992	Capcom Co., Ltd.	https://www.mobygames.com/game/platform:snes/sort:critic_score/page:2/
snes	top gear	Top Gear	83	1992	Gremlin Graphics Software Limited	https://www.mobygames.com/game/platform:snes/sort:critic_score/page:2/
snes	championship soccer 94	Championship Soccer '94	78	1993	Sensible Software	https://www.mobygames.com/game/platform:snes/sort:critic_score/page:4/
snes	super punch out	Super Punch-Out!!	83	1994	Nintendo R&D3	https://www.mobygames.com/game/platform:snes/sort:critic_score/page:2/
snes	kirby super star	Kirby Super Star	83	1996	HAL Laboratory, Inc.	https://www.mobygames.com/game/platform:snes/sort:critic_score/page:2/
snes	pop n twinbee	Pop'n Twinbee	83	1993	Konami Co., Ltd.	https://www.mobygames.com/game/platform:snes/sort:critic_score/page:2/
snes	cannon fodder	Cannon Fodder	83	1994	Sensible Software	https://www.mobygames.com/game/platform:snes/sort:critic_score/page:2/
snes	super turrican	Super Turrican	83	1993	Factor 5 GmbH	https://www.mobygames.com/game/platform:snes/sort:critic_score/page:2/
snes	breath of fire ii	Breath of Fire II	82	1994	Capcom Co., Ltd.	https://www.mobygames.com/game/platform:snes/sort:critic_score/page:2/
snes	pocky rocky 2	Pocky & Rocky 2	82	1994	Natsume Co., Ltd.	https://www.mobygames.com/game/platform:snes/sort:critic_score/page:2/
snes	front mission	Front Mission	82	1995	G-Craft	https://www.mobygames.com/game/platform:snes/sort:critic_score/page:2/
snes	bust a move	Bust-A-Move	82	1995	Taito Corporation	https://www.mobygames.com/game/platform:snes/sort:critic_score/page:2/
snes	super tetris 2 bombliss	Super Tetris 2 + Bombliss	82	1992	Bullet-Proof Software, Inc.	https://www.mobygames.com/game/platform:snes/sort:critic_score/page:3/
snes	cool spot	Cool Spot	82	1993	Virgin Games, Inc.	https://www.mobygames.com/game/platform:snes/sort:critic_score/page:3/
snes	demon s crest	Demon's Crest	82	1994	Capcom Co., Ltd.	https://www.mobygames.com/game/platform:snes/sort:critic_score/page:3/
snes	desert strike return to the gulf	Desert Strike: Return to the Gulf	82	1992	Granite Bay Software	https://www.mobygames.com/game/platform:snes/sort:critic_score/page:3/
snes	super star wars	Super Star Wars	82	1992	Lucasfilm Games	https://www.mobygames.com/game/platform:snes/sort:critic_score/page:3/
snes	out of this world	Out of This World	82	1992	Delphine Software International	https://www.mobygames.com/game/platform:snes/sort:critic_score/page:3/
snes	street fighter alpha 2	Street Fighter Alpha 2	82	1996	Capcom Co., Ltd.	https://www.mobygames.com/game/platform:snes/sort:critic_score/page:3/
snes	tetris 2	Tetris 2	82	1994	Nintendo R&D1	https://www.mobygames.com/game/platform:snes/sort:critic_score/page:3/
snes	ultima vi the false prophet	Ultima VI: The False Prophet	82	1992	ORIGIN Systems, Inc.	https://www.mobygames.com/game/platform:snes/sort:critic_score/page:3/
snes	secret of evermore	Secret of Evermore	82	1995	Square Soft, Inc.	https://www.mobygames.com/game/platform:snes/sort:critic_score/page:3/
snes	alien	Alien³	82	1993	Spearsoft	https://www.mobygames.com/game/platform:snes/sort:critic_score/page:3/
snes	street racer	Street Racer	82	1994	Vivid Image	https://www.mobygames.com/game/platform:snes/sort:critic_score/page:3/
snes	elite soccer	Elite Soccer	82	1994	Rage Software Ltd.	https://www.mobygames.com/game/platform:snes/sort:critic_score/page:3/
snes	maui mallard in cold shadow	Maui Mallard in Cold Shadow	82	1995	Disney Interactive, Inc.	https://www.mobygames.com/game/platform:snes/sort:critic_score/page:3/
snes	final fantasy v	Final Fantasy V	82	1992	Square Co., Ltd.	https://www.mobygames.com/game/platform:snes/sort:critic_score/page:3/
snes	hagane the final conflict	Hagane: The Final Conflict	82	1994	Red Company Corporation	https://www.mobygames.com/game/platform:snes/sort:critic_score/page:3/
snes	u n squadron	U.N. Squadron	81	1991	Capcom Co., Ltd.	https://www.mobygames.com/game/platform:snes/sort:critic_score/page:3/
snes	aero the acro bat 2	Aero the Acro-Bat 2	81	1994	Sunsoft	https://www.mobygames.com/game/platform:snes/sort:critic_score/page:3/
snes	bubsy in claws encounters of the furred kind	Bubsy in: Claws Encounters of the Furred Kind	81	1993	Accolade, Inc.	https://www.mobygames.com/game/platform:snes/sort:critic_score/page:3/
snes	soul blazer	Soul Blazer	81	1992	Quintet Co., Ltd.	https://www.mobygames.com/game/platform:snes/sort:critic_score/page:3/
snes	indiana jones greatest adventures	Indiana Jones' Greatest Adventures	81	1994	Factor 5 GmbH	https://www.mobygames.com/game/platform:snes/sort:critic_score/page:3/
snes	bahamut lagoon	Bahamut Lagoon	81	1996	Square Co., Ltd.	https://www.mobygames.com/game/platform:snes/sort:critic_score/page:3/
snes	nfl quarterback club 96	NFL Quarterback Club 96	81	1995	Iguana Entertainment Incorporated	https://www.mobygames.com/game/platform:snes/sort:critic_score/page:3/
snes	wild guns	Wild Guns	81	1994	Natsume Co., Ltd.	https://www.mobygames.com/game/platform:snes/sort:critic_score/page:3/
snes	dragon ball z super but den 2	Dragon Ball Z: Super Butōden 2	81	1993	Tose Co., Ltd.	https://www.mobygames.com/game/platform:snes/sort:critic_score/page:3/
snes	kirby s dream land 3	Kirby's Dream Land 3	81	1997	HAL Laboratory, Inc.	https://www.mobygames.com/game/platform:snes/sort:critic_score/page:3/
snes	total carnage	Total Carnage	81	1993	Midway Manufacturing Company	https://www.mobygames.com/game/platform:snes/sort:critic_score/page:3/
snes	disney s the jungle book	Disney's The Jungle Book	81	1994	Virgin Interactive Entertainment, Inc.	https://www.mobygames.com/game/platform:snes/sort:critic_score/page:3/
snes	lucky luke	Lucky Luke	81	1997	Infogrames Multimedia SA	https://www.mobygames.com/game/platform:snes/sort:critic_score/page:3/
snes	the lost vikings	The Lost Vikings	81	1993	Blizzard Entertainment Inc.	https://www.mobygames.com/game/platform:snes/sort:critic_score/page:3/
snes	super soccer	Super Soccer	81	1991	Human Entertainment, Inc.	https://www.mobygames.com/game/platform:snes/sort:critic_score/page:3/
snes	uniracers	Uniracers	81	1994	DMA Design Limited	https://www.mobygames.com/game/platform:snes/sort:critic_score/page:3/
snes	shadowrun	Shadowrun	81	1993	Beam Software Pty., Ltd.	https://www.mobygames.com/game/platform:snes/sort:critic_score/page:3/
snes	pieces	Pieces	81	1994	Prism Kikaku Ltd.	https://www.mobygames.com/game/platform:snes/sort:critic_score/page:3/
snes	pilotwings	Pilotwings	81	1990	Nintendo Co., Ltd.	https://www.mobygames.com/game/platform:snes/sort:critic_score/page:3/
snes	mechwarrior	MechWarrior	81	1993	Beam Software Pty., Ltd.	https://www.mobygames.com/game/platform:snes/sort:critic_score/page:3/
snes	head on soccer	Head-On Soccer	80	1995	U.S. Gold Ltd.	https://www.mobygames.com/game/platform:snes/sort:critic_score/page:3/
snes	spindizzy worlds	Spindizzy Worlds	80	1992	Arsys Software, Inc.	https://www.mobygames.com/game/platform:snes/sort:critic_score/page:3/
snes	pop n twinbee rainbow bell adventures	Pop'n TwinBee Rainbow Bell Adventures	80	1994	Konami Co., Ltd.	https://www.mobygames.com/game/platform:snes/sort:critic_score/page:3/
snes	smash t v	Smash T.V.	80	1992	Williams Electronics Games, Inc.	https://www.mobygames.com/game/platform:snes/sort:critic_score/page:3/
snes	illusion of gaia	Illusion of Gaia	80	1993	Quintet Co., Ltd.	https://www.mobygames.com/game/platform:snes/sort:critic_score/page:3/
snes	pitfall the mayan adventure	Pitfall: The Mayan Adventure	80	1994	Activision, Inc.	https://www.mobygames.com/game/platform:snes/sort:critic_score/page:3/
snes	nhl 95	NHL 95	80	1994	Electronic Arts Canada	https://www.mobygames.com/game/platform:snes/sort:critic_score/page:3/
snes	smash tennis	Smash Tennis	80	1993	Namcot	https://www.mobygames.com/game/platform:snes/sort:critic_score/page:3/
snes	utopia the creation of a nation	Utopia: The Creation of a Nation	80	1993	Gremlin Graphics Software Limited	https://www.mobygames.com/game/platform:snes/sort:critic_score/page:3/
snes	f zero	F-Zero	80	1990	Nintendo Co., Ltd.	https://www.mobygames.com/game/platform:snes/sort:critic_score/page:3/
snes	the adventures of batman robin	The Adventures of Batman & Robin	80	1994	Konami Co., Ltd.	https://www.mobygames.com/game/platform:snes/sort:critic_score/page:3/
snes	pipe dream	Pipe Dream	80	1992	Assembly Line, The	https://www.mobygames.com/game/platform:snes/sort:critic_score/page:3/
snes	kirby s dream course	Kirby's Dream Course	80	1994	Nintendo EAD	https://www.mobygames.com/game/platform:snes/sort:critic_score/page:3/
snes	push over	Push-Over	80	1992	Red Rat Software Ltd	https://www.mobygames.com/game/platform:snes/sort:critic_score/page:3/
snes	lemmings 2 the tribes	Lemmings 2: The Tribes	80	1994	DMA Design Limited	https://www.mobygames.com/game/platform:snes/sort:critic_score/page:4/
snes	syndicate	Syndicate	80	1994	Bullfrog Productions, Ltd.	https://www.mobygames.com/game/platform:snes/sort:critic_score/page:4/
snes	mr nutz	Mr. Nutz	80	1994		https://www.mobygames.com/game/platform:snes/sort:critic_score/page:4/
snes	nfl quarterback club	NFL Quarterback Club	79	1994	Iguana Entertainment Incorporated	https://www.mobygames.com/game/platform:snes/sort:critic_score/page:4/
snes	firepower 2000	Firepower 2000	79	1992	SCi Games Ltd.	https://www.mobygames.com/game/platform:snes/sort:critic_score/page:4/
snes	ken griffey jr presents major league baseball	Ken Griffey Jr Presents Major League Baseball	79	1994	Software Creations Ltd.	https://www.mobygames.com/game/platform:snes/sort:critic_score/page:4/
snes	world cup usa 94	World Cup USA 94	79	1994	Tiertex Ltd.	https://www.mobygames.com/game/platform:snes/sort:critic_score/page:4/
snes	harvest moon	Harvest Moon	79	1996	Amccus	https://www.mobygames.com/game/platform:snes/sort:critic_score/page:4/
snes	zero the kamikaze squirrel	Zero the Kamikaze Squirrel	79	1994	Iguana Entertainment Incorporated	https://www.mobygames.com/game/platform:snes/sort:critic_score/page:4/
snes	tecmo super bowl iii final edition	Tecmo Super Bowl III: Final Edition	79	1995	Tecmo, Ltd.	https://www.mobygames.com/game/platform:snes/sort:critic_score/page:4/
snes	troddlers	Troddlers	79	1993	Atod Design KB	https://www.mobygames.com/game/platform:snes/sort:critic_score/page:4/
snes	young merlin	Young Merlin	79	1993	Westwood Studios, Inc.	https://www.mobygames.com/game/platform:snes/sort:critic_score/page:4/
snes	disney s aladdin	Disney's Aladdin	79	1993	Capcom Co., Ltd.	https://www.mobygames.com/game/platform:snes/sort:critic_score/page:4/
snes	plok	Plok	79	1993	Software Creations Ltd.	https://www.mobygames.com/game/platform:snes/sort:critic_score/page:4/
snes	samurai shodown	Samurai Shodown	79	1994	SNK Corporation	https://www.mobygames.com/game/platform:snes/sort:critic_score/page:4/
snes	tecmo super nba basketball	Tecmo Super NBA Basketball	79	1992	Sculptured Software, Inc.	https://www.mobygames.com/game/platform:snes/sort:critic_score/page:4/
snes	jungle strike	Jungle Strike	79	1993	Electronic Arts, Inc.	https://www.mobygames.com/game/platform:snes/sort:critic_score/page:4/
snes	dragon ball z hyper dimension	Dragon Ball Z: Hyper Dimension	79	1996	Tose Co., Ltd.	https://www.mobygames.com/game/platform:snes/sort:critic_score/page:4/
snes	the adventures of tintin prisoners of the sun	The Adventures of Tintin: Prisoners of the Sun	79	1996	Infogrames Multimedia SA	https://www.mobygames.com/game/platform:snes/sort:critic_score/page:4/
snes	gradius iii	Gradius III	79	1990	Konami Industry Co. Ltd.	https://www.mobygames.com/game/platform:snes/sort:critic_score/page:4/
snes	dino dini s soccer	Dino Dini's Soccer	78	1994	Dini & Dini Productions	https://www.mobygames.com/game/platform:snes/sort:critic_score/page:4/
snes	wildsnake	WildSnake	78	1994	Realtime Associates, Inc.	https://www.mobygames.com/game/platform:snes/sort:critic_score/page:4/
snes	john madden football 93	John Madden Football '93	78	1992	Looking Glass Technologies, Inc.	https://www.mobygames.com/game/platform:snes/sort:critic_score/page:4/
snes	teenage mutant ninja turtles turtles in time	Teenage Mutant Ninja Turtles: Turtles in Time	78	1992	Konami Industry Co. Ltd.	https://www.mobygames.com/game/platform:snes/sort:critic_score/page:4/
snes	side pocket	Side Pocket	78	1993	Data East Corporation	https://www.mobygames.com/game/platform:snes/sort:critic_score/page:4/
snes	metal marines	Metal Marines	78	1993	Namco Limited	https://www.mobygames.com/game/platform:snes/sort:critic_score/page:4/
snes	the lion king	The Lion King	78	1994	Westwood Studios, Inc.	https://www.mobygames.com/game/platform:snes/sort:critic_score/page:4/
snes	super adventure island ii	Super Adventure Island II	78	1994	Make Software, Inc.	https://www.mobygames.com/game/platform:snes/sort:critic_score/page:4/
snes	fifa soccer 96	FIFA Soccer 96	78	1995	Electronic Arts Canada	https://www.mobygames.com/game/platform:snes/sort:critic_score/page:4/
snes	dragon quest vi maboroshi no daichi	Dragon Quest VI: Maboroshi no Daichi	78	1995	Heart Beat	https://www.mobygames.com/game/platform:snes/sort:critic_score/page:4/
snes	chuck rock	Chuck Rock	78	1992	Core Design Ltd.	https://www.mobygames.com/game/platform:snes/sort:critic_score/page:4/
snes	wolfenstein 3d	Wolfenstein 3D	78	1994	id Software, Inc.	https://www.mobygames.com/game/platform:snes/sort:critic_score/page:4/
snes	ncaa basketball	NCAA Basketball	78	1992	Sculptured Software, Inc.	https://www.mobygames.com/game/platform:snes/sort:critic_score/page:4/
snes	choplifter iii rescue survive	Choplifter III: Rescue Survive	78	1994	Beam Software Pty., Ltd.	https://www.mobygames.com/game/platform:snes/sort:critic_score/page:4/
snes	fatal fury 2	Fatal Fury 2	78	1993	SNK Corporation	https://www.mobygames.com/game/platform:snes/sort:critic_score/page:4/
snes	putty squad	Putty Squad	78	1994	System 3 Software Limited	https://www.mobygames.com/game/platform:snes/sort:critic_score/page:4/
snes	animaniacs	Animaniacs	78	1994	Konami Co., Ltd.	https://www.mobygames.com/game/platform:snes/sort:critic_score/page:4/
snes	dragon the bruce lee story	Dragon: The Bruce Lee Story	78	1993	Virgin Interactive Entertainment (Europe) Ltd.	https://www.mobygames.com/game/platform:snes/sort:critic_score/page:4/
snes	metal combat falcon s revenge	Metal Combat: Falcon's Revenge	77	1993	Intelligent Systems Co., Ltd.	https://www.mobygames.com/game/platform:snes/sort:critic_score/page:4/
snes	wwf raw	WWF Raw	77	1994	Realtime Associates Seattle Division	https://www.mobygames.com/game/platform:snes/sort:critic_score/page:4/
snes	pocky rocky	Pocky & Rocky	77	1992	Natsume Co., Ltd.	https://www.mobygames.com/game/platform:snes/sort:critic_score/page:4/
snes	looney tunes b ball	Looney Tunes B-Ball	77	1994	Sculptured Software, Inc.	https://www.mobygames.com/game/platform:snes/sort:critic_score/page:4/
snes	ranma 1 2 hard battle	Ranma 1/2: Hard Battle	77	1992	NCS Corporation	https://www.mobygames.com/game/platform:snes/sort:critic_score/page:4/
snes	bugs bunny rabbit rampage	Bugs Bunny Rabbit Rampage	77	1994	Viacom New Media	https://www.mobygames.com/game/platform:snes/sort:critic_score/page:4/
snes	king arthur s world	King Arthur's World	77	1992	Argonaut Software Ltd.	https://www.mobygames.com/game/platform:snes/sort:critic_score/page:4/
snes	mega man x3	Mega Man X3	77	1995	Minakuchi Engineering Co., Ltd.	https://www.mobygames.com/game/platform:snes/sort:critic_score/page:4/
snes	populous	Populous	77	1990	Bullfrog Productions, Ltd.	https://www.mobygames.com/game/platform:snes/sort:critic_score/page:4/
snes	lufia the fortress of doom	Lufia & the Fortress of Doom	77	1993	Neverland Co., Ltd.	https://www.mobygames.com/game/platform:snes/sort:critic_score/page:4/
snes	lethal enforcers	Lethal Enforcers	77	1994	Konami Co., Ltd.	https://www.mobygames.com/game/platform:snes/sort:critic_score/page:4/
nes	action 52	Action 52	8	1991	Active Enterprises Ltd.	https://www.mobygames.com/game/platform:nes/sort:-critic_score/page:1/
nes	where s waldo	Where's Waldo?	15	1991	Bethesda Softworks LLC	https://www.mobygames.com/game/platform:nes/sort:-critic_score/page:1/
nes	indiana jones and the last crusade the action gam	Indiana Jones and the Last Crusade: The Action Gam...	16	1993	Tiertex Ltd.	https://www.mobygames.com/game/platform:nes/sort:-critic_score/page:1/
nes	chiller	Chiller	17	1990	Exidy, Incorporated	https://www.mobygames.com/game/platform:nes/sort:-critic_score/page:1/
nes	the uncanny x men	The Uncanny X-Men	18	1989		https://www.mobygames.com/game/platform:nes/sort:-critic_score/page:1/
nes	super pitfall	Super Pitfall	20	1986	Pony, Inc.	https://www.mobygames.com/game/platform:nes/sort:-critic_score/page:1/
nes	the great waldo search	The Great Waldo Search	20	1992	Radiance Software	https://www.mobygames.com/game/platform:nes/sort:-critic_score/page:1/
nes	jim henson s muppet adventure no 1 chaos at the	Jim Henson's Muppet Adventure No. 1: "Chaos at the...	20	1990	Mind's Eye Technology	https://www.mobygames.com/game/platform:nes/sort:-critic_score/page:1/
nes	karate champ	Karate Champ	21	1986	Technos Japan Corp.	https://www.mobygames.com/game/platform:nes/sort:-critic_score/page:1/
nes	bible adventures	Bible Adventures	22	1991	Wisdom Tree, Inc.	https://www.mobygames.com/game/platform:nes/sort:-critic_score/page:1/
nes	heroes of the lance	Heroes of the Lance	24	1991	Strategic Simulations, Inc.	https://www.mobygames.com/game/platform:nes/sort:-critic_score/page:1/
nes	ghostbusters	Ghostbusters	25	1986	Activision, Inc.	https://www.mobygames.com/game/platform:nes/sort:-critic_score/page:1/
nes	cool world	Cool World	26	1993	Ocean Software Ltd.	https://www.mobygames.com/game/platform:nes/sort:-critic_score/page:1/
nes	taboo the sixth sense	Taboo: The Sixth Sense	26	1989	Rare Limited	https://www.mobygames.com/game/platform:nes/sort:-critic_score/page:1/
nes	battleship	Battleship	26	1993	Mindscape, Inc.	https://www.mobygames.com/game/platform:nes/sort:-critic_score/page:1/
nes	the adventures of rocky and bullwinkle and friends	The Adventures of Rocky and Bullwinkle and Friends	26	1992	Radical Entertainment Inc.	https://www.mobygames.com/game/platform:nes/sort:-critic_score/page:1/
nes	cliffhanger	Cliffhanger	27	1993	Spidersoft Limited	https://www.mobygames.com/game/platform:nes/sort:-critic_score/page:1/
nes	darkman	Darkman	28	1991	Painting by Numbers, Ltd.	https://www.mobygames.com/game/platform:nes/sort:-critic_score/page:1/
nes	bill ted s excellent video game adventure	Bill & Ted's Excellent Video Game Adventure	30	1991	Rocket Science Productions, Inc.	https://www.mobygames.com/game/platform:nes/sort:-critic_score/page:1/
nes	dash galaxy in the alien asylum	Dash Galaxy in the Alien Asylum	30	1990	Beam Software Pty., Ltd.	https://www.mobygames.com/game/platform:nes/sort:-critic_score/page:1/
nes	platoon	Platoon	30	1988	Ocean Software Ltd.	https://www.mobygames.com/game/platform:nes/sort:-critic_score/page:1/
nes	home alone 2 lost in new york	Home Alone 2: Lost in New York	30	1992	Imagineering Inc.	https://www.mobygames.com/game/platform:nes/sort:-critic_score/page:1/
nes	dr jekyll and mr hyde	Dr. Jekyll and Mr. Hyde	31	1988	Advance Communication Company	https://www.mobygames.com/game/platform:nes/sort:-critic_score/page:1/
nes	back to the future	Back to the Future	31	1989	Beam Software Pty., Ltd.	https://www.mobygames.com/game/platform:nes/sort:-critic_score/page:1/
nes	athena	Athena	32	1987	SNK Corporation	https://www.mobygames.com/game/platform:nes/sort:-critic_score/page:1/
nes	home alone	Home Alone	32	1991	Bethesda Softworks LLC	https://www.mobygames.com/game/platform:nes/sort:-critic_score/page:1/
nes	pictionary the game of video quick draw	Pictionary: The Game of Video Quick Draw	32	1990	Software Creations Ltd.	https://www.mobygames.com/game/platform:nes/sort:-critic_score/page:1/
nes	wally bear and the no gang	Wally Bear and the NO! Gang	33	1992	American Game Cartridges, Inc.	https://www.mobygames.com/game/platform:nes/sort:-critic_score/page:1/
nes	ghoul school	Ghoul School	33	1992	Imagineering Inc.	https://www.mobygames.com/game/platform:nes/sort:-critic_score/page:1/
nes	hydlide	Hydlide	34	1986	T&E Soft, Inc.	https://www.mobygames.com/game/platform:nes/sort:-critic_score/page:1/
nes	total recall	Total Recall	34	1990	Interplay Productions, Inc.	https://www.mobygames.com/game/platform:nes/sort:-critic_score/page:1/
nes	castlequest	Castlequest	34	1986	ASCII Corporation	https://www.mobygames.com/game/platform:nes/sort:-critic_score/page:1/
nes	deadly towers	Deadly Towers	34	1986	Lenar Co., Ltd.	https://www.mobygames.com/game/platform:nes/sort:-critic_score/page:1/
nes	superman	Superman	34	1987	Kotobuki System Co., Ltd.	https://www.mobygames.com/game/platform:nes/sort:-critic_score/page:1/
nes	beetlejuice	Beetlejuice	34	1991	Rare Limited	https://www.mobygames.com/game/platform:nes/sort:-critic_score/page:1/
nes	swamp thing	Swamp Thing	34	1992	Imagineering Inc.	https://www.mobygames.com/game/platform:nes/sort:-critic_score/page:1/
nes	mad max	Mad Max	34	1990	Gray Matter Inc.	https://www.mobygames.com/game/platform:nes/sort:-critic_score/page:1/
nes	urban champion	Urban Champion	35	1984	Nintendo R&D1	https://www.mobygames.com/game/platform:nes/sort:-critic_score/page:1/
nes	10 yard fight	10-Yard Fight	35	1985	Irem Corp.	https://www.mobygames.com/game/platform:nes/sort:-critic_score/page:1/
nes	hillsfar	Hillsfar	35	1991	Westwood Associates	https://www.mobygames.com/game/platform:nes/sort:-critic_score/page:1/
nes	winter games	Winter Games	36	1987	Action Graphics, Inc.	https://www.mobygames.com/game/platform:nes/sort:-critic_score/page:1/
nes	rambo	Rambo	36	1987	Pack-In-Video Co., Ltd	https://www.mobygames.com/game/platform:nes/sort:-critic_score/page:1/
nes	bad street brawler	Bad Street Brawler	37	1989	Beam Software Pty., Ltd.	https://www.mobygames.com/game/platform:nes/sort:-critic_score/page:1/
nes	back to the future part ii iii	Back to the Future Part II & III	37	1990	Beam Software Pty., Ltd.	https://www.mobygames.com/game/platform:nes/sort:-critic_score/page:1/
nes	lethal weapon	Lethal Weapon	37	1993	Eurocom Developments Ltd	https://www.mobygames.com/game/platform:nes/sort:-critic_score/page:1/
nes	road fighter	Road Fighter	38	1985	Konami Industry Co. Ltd.	https://www.mobygames.com/game/platform:nes/sort:-critic_score/page:1/
nes	donkey kong jr math	Donkey Kong Jr. Math	38	1983	Nintendo R&D1	https://www.mobygames.com/game/platform:nes/sort:-critic_score/page:1/
nes	airwolf	Airwolf	38	1989	Beam Software Pty., Ltd.	https://www.mobygames.com/game/platform:nes/sort:-critic_score/page:1/
nes	remote control	Remote Control	40	1990	Riedel Software Productions, Inc.	https://www.mobygames.com/game/platform:nes/sort:-critic_score/page:1/
nes	hollywood squares	Hollywood Squares	40	1989	GameTek, Inc.	https://www.mobygames.com/game/platform:nes/sort:-critic_score/page:1/
nes	target renegade	Target: Renegade	40	1990	Ocean Software Ltd.	https://www.mobygames.com/game/platform:nes/sort:-critic_score/page:2/
nes	milon s secret castle	Milon's Secret Castle	40	1986	Hudson Soft Company, Ltd.	https://www.mobygames.com/game/platform:nes/sort:-critic_score/page:2/
nes	town country surf designs wood water rage	Town & Country Surf Designs: Wood & Water Rage	40	1988	Sanritsu Denki Co., Ltd.	https://www.mobygames.com/game/platform:nes/sort:-critic_score/page:2/
nes	jaws	Jaws	41	1987	Escape	https://www.mobygames.com/game/platform:nes/sort:-critic_score/page:2/
nes	silent assault	Silent Assault	41	1990	Joy Van	https://www.mobygames.com/game/platform:nes/sort:-critic_score/page:2/
nes	dr chaos	Dr. Chaos	41	1987	Marionette Co., Ltd.	https://www.mobygames.com/game/platform:nes/sort:-critic_score/page:2/
nes	master chu and the drunkard hu	Master Chu And The Drunkard Hu	41	1989	Joy Van	https://www.mobygames.com/game/platform:nes/sort:-critic_score/page:2/
nes	double dare	Double Dare	41	1990	Rare Limited	https://www.mobygames.com/game/platform:nes/sort:-critic_score/page:2/
nes	caesars palace	Caesars Palace	41	1992	Magnin & Associates	https://www.mobygames.com/game/platform:nes/sort:-critic_score/page:2/
nes	adventures of tom sawyer	Adventures of Tom Sawyer	42	1989	Winky Soft Co., Ltd.	https://www.mobygames.com/game/platform:nes/sort:-critic_score/page:2/
nes	attack of the killer tomatoes	Attack of the Killer Tomatoes	42	1991	Imagineering Inc.	https://www.mobygames.com/game/platform:nes/sort:-critic_score/page:2/
nes	tales of the unknown volume i the bard s tale	Tales of the Unknown: Volume I - The Bard's Tale	42	1990	Interplay Productions, Inc.	https://www.mobygames.com/game/platform:nes/sort:-critic_score/page:2/
nes	hudson hawk	Hudson Hawk	42	1991	Special FX Software Ltd.	https://www.mobygames.com/game/platform:nes/sort:-critic_score/page:2/
nes	disney s aladdin	Disney's Aladdin	42	1994	Virgin Interactive Entertainment, Inc.	https://www.mobygames.com/game/platform:nes/sort:-critic_score/page:2/
nes	battle chess	Battle Chess	43	1990	Interplay Productions, Inc.	https://www.mobygames.com/game/platform:nes/sort:-critic_score/page:2/
nes	ikari warriors	Ikari Warriors	43	1986	SNK Corporation	https://www.mobygames.com/game/platform:nes/sort:-critic_score/page:2/
nes	bo jackson baseball	Bo Jackson Baseball	43	1991	Beam Software Pty., Ltd.	https://www.mobygames.com/game/platform:nes/sort:-critic_score/page:2/
nes	quattro sports	Quattro Sports	43	1993	The Codemasters Software Company Limited	https://www.mobygames.com/game/platform:nes/sort:-critic_score/page:2/
nes	dragon s lair	Dragon's Lair	44	1990	Motivetime Ltd.	https://www.mobygames.com/game/platform:nes/sort:-critic_score/page:2/
nes	the blues brothers	The Blues Brothers	44	1992	Titus France SA	https://www.mobygames.com/game/platform:nes/sort:-critic_score/page:2/
nes	baseball	Baseball	44	1983	Nintendo R&D1	https://www.mobygames.com/game/platform:nes/sort:-critic_score/page:2/
nes	predator	Predator	44	1988	Klon	https://www.mobygames.com/game/platform:nes/sort:-critic_score/page:2/
nes	spelunker	Spelunker	44	1985	Micro Graphic Image	https://www.mobygames.com/game/platform:nes/sort:-critic_score/page:2/
nes	wwf wrestlemania	WWF Wrestlemania	44	1989	Rare Limited	https://www.mobygames.com/game/platform:nes/sort:-critic_score/page:2/
nes	ikari warriors ii victory road	Ikari Warriors II: Victory Road	45	1988	SNK Corporation	https://www.mobygames.com/game/platform:nes/sort:-critic_score/page:2/
nes	friday the 13th	Friday the 13th	45	1989	Atlus Co., Ltd.	https://www.mobygames.com/game/platform:nes/sort:-critic_score/page:2/
nes	demon sword	Demon Sword	45	1988	Tose Co., Ltd.	https://www.mobygames.com/game/platform:nes/sort:-critic_score/page:2/
nes	wcw world championship wrestling	WCW: World Championship Wrestling	45	1990	Nihon Bussan Co., Ltd.	https://www.mobygames.com/game/platform:nes/sort:-critic_score/page:2/
nes	rackets rivals	Rackets & Rivals	45	1993		https://www.mobygames.com/game/platform:nes/sort:-critic_score/page:2/
nes	stealth atf	Stealth ATF	46	1989	Imagineering Inc.	https://www.mobygames.com/game/platform:nes/sort:-critic_score/page:2/
nes	wwf king of the ring	WWF King of the Ring	46	1993	Eastridge Technology	https://www.mobygames.com/game/platform:nes/sort:-critic_score/page:2/
nes	bandai golf challenge pebble beach	Bandai Golf: Challenge Pebble Beach	46	1989	Tose Co., Ltd.	https://www.mobygames.com/game/platform:nes/sort:-critic_score/page:2/
nes	amagon	Amagon	46	1988	Aicom Corporation	https://www.mobygames.com/game/platform:nes/sort:-critic_score/page:2/
nes	roger clemens mvp baseball	Roger Clemens' MVP Baseball	46	1991	Sculptured Software, Inc.	https://www.mobygames.com/game/platform:nes/sort:-critic_score/page:2/
nes	jordan vs bird one on one	Jordan vs Bird: One on One	46	1989	Imagineering Inc.	https://www.mobygames.com/game/platform:nes/sort:-critic_score/page:2/
nes	donkey kong 3	Donkey Kong 3	46	1984	Nintendo R&D1	https://www.mobygames.com/game/platform:nes/sort:-critic_score/page:2/
nes	barbie	Barbie	46	1991	Imagineering Inc.	https://www.mobygames.com/game/platform:nes/sort:-critic_score/page:2/
nes	caveman ugh lympics	Caveman Ugh-Lympics	46	1990	Dynamix, Inc.	https://www.mobygames.com/game/platform:nes/sort:-critic_score/page:2/
nes	days of thunder	Days of Thunder	46	1990	Tiertex Ltd.	https://www.mobygames.com/game/platform:nes/sort:-critic_score/page:2/
nes	george foreman s ko boxing	George Foreman's KO Boxing	46	1992	Beam Software Pty., Ltd.	https://www.mobygames.com/game/platform:nes/sort:-critic_score/page:2/
nes	720	720º	47	1989	Atari Games Corporation	https://www.mobygames.com/game/platform:nes/sort:-critic_score/page:2/
nes	the bugs bunny crazy castle	The Bugs Bunny Crazy Castle	47	1989	Kotobuki System Co., Ltd.	https://www.mobygames.com/game/platform:nes/sort:-critic_score/page:2/
nes	dirty harry	Dirty Harry	47	1990	Gray Matter Inc.	https://www.mobygames.com/game/platform:nes/sort:-critic_score/page:2/
nes	who framed roger rabbit	Who Framed Roger Rabbit	48	1989	Rare Limited	https://www.mobygames.com/game/platform:nes/sort:-critic_score/page:2/
nes	wolverine	Wolverine	48	1991	Software Creations Ltd.	https://www.mobygames.com/game/platform:nes/sort:-critic_score/page:2/
nes	bigfoot	Bigfoot	48	1990	Beam Software Pty., Ltd.	https://www.mobygames.com/game/platform:nes/sort:-critic_score/page:2/
nes	hook	Hook	48	1992	Painting by Numbers, Ltd.	https://www.mobygames.com/game/platform:nes/sort:-critic_score/page:2/
nes	1942	1942	48	1985	Capcom Co., Ltd.	https://www.mobygames.com/game/platform:nes/sort:-critic_score/page:2/
nes	ghostbusters ii	Ghostbusters II	48	1990	Imagineering Inc.	https://www.mobygames.com/game/platform:nes/sort:-critic_score/page:2/
nes	the terminator	The Terminator	49	1992	Radical Entertainment Inc.	https://www.mobygames.com/game/platform:nes/sort:-critic_score/page:2/
nes	werewolf the last warrior	Werewolf: The Last Warrior	49	1990	Sakata SAS Co., Ltd.	https://www.mobygames.com/game/platform:nes/sort:-critic_score/page:3/
nes	breakthru	BreakThru	49	1987	Data East Corporation	https://www.mobygames.com/game/platform:nes/sort:-critic_score/page:3/
nes	contra force	Contra Force	49	1992	Konami Co., Ltd.	https://www.mobygames.com/game/platform:nes/sort:-critic_score/page:3/
nes	american gladiators	American Gladiators	49	1991	Imagitec Design Inc.	https://www.mobygames.com/game/platform:nes/sort:-critic_score/page:3/
nes	bases loaded ii second season	Bases Loaded II: Second Season	50	1988	Tose Co., Ltd.	https://www.mobygames.com/game/platform:nes/sort:-critic_score/page:3/
nes	cobra command	Cobra Command	50	1988	Data East Corporation	https://www.mobygames.com/game/platform:nes/sort:-critic_score/page:3/
nes	die hard	Die Hard	50	1991	Pack-In-Video Co., Ltd	https://www.mobygames.com/game/platform:nes/sort:-critic_score/page:3/
nes	frankenstein the monster returns	Frankenstein: The Monster Returns	50	1990	Tose Co., Ltd.	https://www.mobygames.com/game/platform:nes/sort:-critic_score/page:3/
nes	bases loaded 3	Bases Loaded 3	50	1990	Tose Co., Ltd.	https://www.mobygames.com/game/platform:nes/sort:-critic_score/page:3/
nes	family feud	Family Feud	50	1991	Beam Software Pty., Ltd.	https://www.mobygames.com/game/platform:nes/sort:-critic_score/page:3/
nes	king s knight	King's Knight	50	1986	Denyusya Square Co., Ltd.	https://www.mobygames.com/game/platform:nes/sort:-critic_score/page:3/
nes	dick tracy	Dick Tracy	50	1990	Realtime Associates, Inc.	https://www.mobygames.com/game/platform:nes/sort:-critic_score/page:3/
nes	the addams family pugsley s scavenger hunt	The Addams Family: Pugsley's Scavenger Hunt	51	1992	Enigma Variations Ltd.	https://www.mobygames.com/game/platform:nes/sort:-critic_score/page:3/
nes	to the earth	To the Earth	51	1989	Cirque Verte	https://www.mobygames.com/game/platform:nes/sort:-critic_score/page:3/
nes	godzilla monster of monsters	Godzilla: Monster of Monsters!	51	1988	Compile Corp.	https://www.mobygames.com/game/platform:nes/sort:-critic_score/page:3/
nes	the karate kid	The Karate Kid	51	1987	Atlus Co., Ltd.	https://www.mobygames.com/game/platform:nes/sort:-critic_score/page:3/
nes	fester s quest	Fester's Quest	51	1989	Sun Electronics Corp.	https://www.mobygames.com/game/platform:nes/sort:-critic_score/page:3/
nes	goal	Goal!	51	1988	Tose Co., Ltd.	https://www.mobygames.com/game/platform:nes/sort:-critic_score/page:3/
nes	8 eyes	8 Eyes	51	1988	Thinking Rabbit Inc.	https://www.mobygames.com/game/platform:nes/sort:-critic_score/page:3/
nes	robocop 3	RoboCop 3	51	1992	Probe Software Ltd.	https://www.mobygames.com/game/platform:nes/sort:-critic_score/page:3/
nes	millipede	Millipede	51	1987	Atari, Inc.	https://www.mobygames.com/game/platform:nes/sort:-critic_score/page:3/
nes	road runner	Road Runner	51	1989	Atari Games Corporation	https://www.mobygames.com/game/platform:nes/sort:-critic_score/page:3/
nes	fist of the north star	Fist of the North Star	52	1987	Shouei System	https://www.mobygames.com/game/platform:nes/sort:-critic_score/page:3/
nes	defenders of dynatron city	Defenders of Dynatron City	52	1992	Lucasfilm Games LLC	https://www.mobygames.com/game/platform:nes/sort:-critic_score/page:3/
nes	wild gunman	Wild Gunman	52	1984	Nintendo R&D1	https://www.mobygames.com/game/platform:nes/sort:-critic_score/page:3/
nes	metalmech man machine	MetalMech: Man & Machine	52	1990	Sculptured Software, Inc.	https://www.mobygames.com/game/platform:nes/sort:-critic_score/page:3/
nes	after burner ii	After Burner II	52	1989	SEGA Enterprises Ltd.	https://www.mobygames.com/game/platform:nes/sort:-critic_score/page:3/
nes	flying dragon the secret scroll	Flying Dragon: The Secret Scroll	52	1987	Culture Brain Inc.	https://www.mobygames.com/game/platform:nes/sort:-critic_score/page:3/
nes	alpha mission	Alpha Mission	52	1986	SNK Corporation	https://www.mobygames.com/game/platform:nes/sort:-critic_score/page:3/
nes	indiana jones and the temple of doom	Indiana Jones and the Temple of Doom	52	1988	Atari Games Corporation	https://www.mobygames.com/game/platform:nes/sort:-critic_score/page:3/
nes	knight rider	Knight Rider	52	1988	Pack-In-Video Co., Ltd	https://www.mobygames.com/game/platform:nes/sort:-critic_score/page:3/
nes	spy hunter	Spy Hunter	53	1987	Bally Midway Mfg Co.	https://www.mobygames.com/game/platform:nes/sort:-critic_score/page:3/
nes	mickey mousecapade	Mickey Mousecapade	53	1987	Hudson Soft Company, Ltd.	https://www.mobygames.com/game/platform:nes/sort:-critic_score/page:3/
nes	paperboy 2	Paperboy 2	53	1991	Tengen Inc.	https://www.mobygames.com/game/platform:nes/sort:-critic_score/page:3/
nes	renegade	Renegade	53	1987	Technos Japan Corp.	https://www.mobygames.com/game/platform:nes/sort:-critic_score/page:3/
nes	the simpsons bartman meets radioactive man	The Simpsons: Bartman Meets Radioactive Man	53	1992	Absolute Entertainment, Inc.	https://www.mobygames.com/game/platform:nes/sort:-critic_score/page:3/
nes	cosmic spacehead	Cosmic Spacehead	53	1992	Codemasters	https://www.mobygames.com/game/platform:nes/sort:-critic_score/page:3/
nes	the hunt for red october	The Hunt for Red October	53	1990	Beam Software Pty., Ltd.	https://www.mobygames.com/game/platform:nes/sort:-critic_score/page:3/
nes	a nightmare on elm street	A Nightmare on Elm Street	53	1990	Rare Limited	https://www.mobygames.com/game/platform:nes/sort:-critic_score/page:3/
nes	alien	Alien³	54	1993	Probe Software Ltd.	https://www.mobygames.com/game/platform:nes/sort:-critic_score/page:3/
nes	the trolls in crazyland	The Trolls in Crazyland	54	1991	KID Corp.	https://www.mobygames.com/game/platform:nes/sort:-critic_score/page:3/
nes	the addams family	The Addams Family	54	1992	Ocean Software Ltd.	https://www.mobygames.com/game/platform:nes/sort:-critic_score/page:3/
nes	tower toppler	Tower Toppler	54	1991		https://www.mobygames.com/game/platform:nes/sort:-critic_score/page:3/
nes	quattro adventure	Quattro Adventure	54	1993	Codemasters Software Company Limited, The	https://www.mobygames.com/game/platform:nes/sort:-critic_score/page:3/
nes	nes play action football	NES Play Action Football	54	1990	Nintendo R&D3	https://www.mobygames.com/game/platform:nes/sort:-critic_score/page:3/
nes	silver surfer	Silver Surfer	54	1990	Software Creations Ltd.	https://www.mobygames.com/game/platform:nes/sort:-critic_score/page:3/
nes	star trek the next generation	Star Trek: The Next Generation	54	1993	Absolute Entertainment, Inc.	https://www.mobygames.com/game/platform:nes/sort:-critic_score/page:3/
nes	the legend of kage	The Legend of Kage	54	1986	Taito Corporation	https://www.mobygames.com/game/platform:nes/sort:-critic_score/page:3/
nes	casino kid	Casino Kid	54	1989	SOFEL Co., Ltd.	https://www.mobygames.com/game/platform:nes/sort:-critic_score/page:3/
nes	hogan s alley	Hogan's Alley	54	1984	Nintendo R&D1	https://www.mobygames.com/game/platform:nes/sort:-critic_score/page:3/
nes	wwf wrestlemania steel cage challenge	WWF Wrestlemania: Steel Cage Challenge	54	1992	Throwback Entertainment Inc.	https://www.mobygames.com/game/platform:nes/sort:-critic_score/page:4/
nes	toobin	Toobin'	54	1989	Atari Games Corporation	https://www.mobygames.com/game/platform:nes/sort:-critic_score/page:4/
nes	dragon power	Dragon Power	55	1986	Tose Co., Ltd.	https://www.mobygames.com/game/platform:nes/sort:-critic_score/page:4/
nes	volleyball	Volleyball	55	1986	Nintendo R&D3	https://www.mobygames.com/game/platform:nes/sort:-critic_score/page:4/
nes	the adventures of bayou billy	The Adventures of Bayou Billy	55	1988	Konami Industry Co. Ltd.	https://www.mobygames.com/game/platform:nes/sort:-critic_score/page:4/
nes	bill elliott s nascar challenge	Bill Elliott's NASCAR Challenge	55	1991	Distinctive Software, Inc.	https://www.mobygames.com/game/platform:nes/sort:-critic_score/page:4/
nes	captain planet and the planeteers	Captain Planet and the Planeteers	55	1991	Chris Gray Enterprises Inc.	https://www.mobygames.com/game/platform:nes/sort:-critic_score/page:4/
nes	dynowarz destruction of spondylus	Dynowarz: Destruction of Spondylus	55	1990	Advance Communication Company	https://www.mobygames.com/game/platform:nes/sort:-critic_score/page:4/
nes	wall street kid	Wall Street Kid	55	1990	SOFEL Co., Ltd.	https://www.mobygames.com/game/platform:nes/sort:-critic_score/page:4/
nes	goal two	Goal! Two	55	1992	Tose Co., Ltd.	https://www.mobygames.com/game/platform:nes/sort:-critic_score/page:4/
nes	elevator action	Elevator Action	55	1985	Taito Corporation	https://www.mobygames.com/game/platform:nes/sort:-critic_score/page:4/
nes	anticipation	Anticipation	55	1988	Rare Limited	https://www.mobygames.com/game/platform:nes/sort:-critic_score/page:4/
nes	tiger heli	Tiger-Heli	56	1986	Toaplan Co., Ltd.	https://www.mobygames.com/game/platform:nes/sort:-critic_score/page:4/
nes	stadium events	Stadium Events	56	1986	TRY Co., Ltd.	https://www.mobygames.com/game/platform:nes/sort:-critic_score/page:4/
nes	barker bill s trick shooting	Barker Bill's Trick Shooting	56	1990	Nintendo Co., Ltd.	https://www.mobygames.com/game/platform:nes/sort:-critic_score/page:4/
nes	thundercade	Thundercade	56	1989	SETA Corporation	https://www.mobygames.com/game/platform:nes/sort:-critic_score/page:4/
nes	ghost lion	Ghost Lion	56	1989	Kotobuki System Co., Ltd.	https://www.mobygames.com/game/platform:nes/sort:-critic_score/page:4/
nes	speedball	Speedball	56	1991	The Bitmap Brothers	https://www.mobygames.com/game/platform:nes/sort:-critic_score/page:4/
nes	jack nicklaus greatest 18 holes of major champion	Jack Nicklaus' Greatest 18 Holes of Major Champion...	56	1990	Sculptured Software, Inc.	https://www.mobygames.com/game/platform:nes/sort:-critic_score/page:4/
nes	q bert	Q*bert	56	1989	D. Gottlieb & Co.	https://www.mobygames.com/game/platform:nes/sort:-critic_score/page:4/
nes	the krion conquest	The Krion Conquest	56	1990	Vic Tokai Corporation	https://www.mobygames.com/game/platform:nes/sort:-critic_score/page:4/
nes	rampage	Rampage	56	1988	Bally Midway Mfg Co.	https://www.mobygames.com/game/platform:nes/sort:-critic_score/page:4/
nes	disney adventures in the magic kingdom	Disney Adventures in the Magic Kingdom	56	1990	Capcom Co., Ltd.	https://www.mobygames.com/game/platform:nes/sort:-critic_score/page:4/
nes	crackout	Crackout	56	1986	Konami Industry Co. Ltd.	https://www.mobygames.com/game/platform:nes/sort:-critic_score/page:4/
nes	dizzy prince of the yolkfolk	Dizzy: Prince of the Yolkfolk	56	1993	The Big Red Software Company Ltd.	https://www.mobygames.com/game/platform:nes/sort:-critic_score/page:4/
nes	yoshi	Yoshi	56	1991	Nintendo Co., Ltd.	https://www.mobygames.com/game/platform:nes/sort:-critic_score/page:4/
nes	phantom fighter	Phantom Fighter	56	1988	Marionette Co., Ltd.	https://www.mobygames.com/game/platform:nes/sort:-critic_score/page:4/
nes	narc	NARC	56	1990	Williams Electronics Games, Inc.	https://www.mobygames.com/game/platform:nes/sort:-critic_score/page:4/
nes	shinobi	Shinobi	56	1989	Team Shinobi	https://www.mobygames.com/game/platform:nes/sort:-critic_score/page:4/
nes	golf	Golf	57	1984	Intelligent Systems Co., Ltd.	https://www.mobygames.com/game/platform:nes/sort:-critic_score/page:4/
nes	cruisin	Cruisin'	57	1985	Nihon Micom Kaihatsu	https://www.mobygames.com/game/platform:nes/sort:-critic_score/page:4/
nes	tiny toon adventures cartoon workshop	Tiny Toon Adventures: Cartoon Workshop	57	1992	Novotrade Software Kft.	https://www.mobygames.com/game/platform:nes/sort:-critic_score/page:4/
nes	spider man return of the sinister six	Spider-Man: Return of the Sinister Six	57	1992	B.I.T.S., Ltd.	https://www.mobygames.com/game/platform:nes/sort:-critic_score/page:4/
nes	captain america and the avengers	Captain America and the Avengers	57	1991	Data East Corporation	https://www.mobygames.com/game/platform:nes/sort:-critic_score/page:4/
nes	ikari iii the rescue	Ikari III: The Rescue	57	1990	SNK Corporation	https://www.mobygames.com/game/platform:nes/sort:-critic_score/page:4/
nes	magmax	MagMax	57	1986	Nihon Bussan Co., Ltd.	https://www.mobygames.com/game/platform:nes/sort:-critic_score/page:4/
nes	pinball	Pinball	57	1984	Nintendo Co., Ltd.	https://www.mobygames.com/game/platform:nes/sort:-critic_score/page:4/
nes	bee 52	Bee 52	57	1992	Codemasters	https://www.mobygames.com/game/platform:nes/sort:-critic_score/page:4/
nes	spy vs spy	Spy vs Spy	57	1986	First Star Software, Inc.	https://www.mobygames.com/game/platform:nes/sort:-critic_score/page:4/
nes	alien syndrome	Alien Syndrome	57	1988	SEGA Enterprises Ltd.	https://www.mobygames.com/game/platform:nes/sort:-critic_score/page:4/
nes	the adventures of captain comic	The Adventures of Captain Comic	57	1989		https://www.mobygames.com/game/platform:nes/sort:-critic_score/page:4/
nes	arch rivals	Arch Rivals	58	1990	Midway Manufacturing Company	https://www.mobygames.com/game/platform:nes/sort:-critic_score/page:4/
nes	yo noid	Yo! Noid	58	1990	Now Production Co., Ltd.	https://www.mobygames.com/game/platform:nes/sort:-critic_score/page:4/
nes	chinese hero	Chinese Hero	58	1986	Micro Academy	https://www.mobygames.com/game/platform:nes/sort:-critic_score/page:4/
nes	time lord	Time Lord	58	1990	Rare Limited	https://www.mobygames.com/game/platform:nes/sort:-critic_score/page:4/
nes	racket attack	Racket Attack	58	1988	Tose Co., Ltd.	https://www.mobygames.com/game/platform:nes/sort:-critic_score/page:4/
nes	top players tennis	Top Players' Tennis	58	1989	Home Data Corp.	https://www.mobygames.com/game/platform:nes/sort:-critic_score/page:4/
nes	robocop 2	RoboCop 2	58	1991	Painting by Numbers, Ltd.	https://www.mobygames.com/game/platform:nes/sort:-critic_score/page:4/
nes	dragonstrike	DragonStrike	58	1992	Westwood Associates	https://www.mobygames.com/game/platform:nes/sort:-critic_score/page:4/
nes	mighty bombjack	Mighty Bombjack	58	1986	Tecmo, Ltd.	https://www.mobygames.com/game/platform:nes/sort:-critic_score/page:4/
nes	super mario bros 3	Super Mario Bros. 3	96	1988	Nintendo EAD	https://www.mobygames.com/game/platform:nes/sort:critic_score/page:1/
nes	tecmo super bowl	Tecmo Super Bowl	92	1991	Tecmo, Ltd.	https://www.mobygames.com/game/platform:nes/sort:critic_score/page:1/
nes	kings of the beach	Kings of the Beach	90	1989		https://www.mobygames.com/game/platform:nes/sort:critic_score/page:1/
nes	super mario bros	Super Mario Bros.	90	1985	Nintendo R&D4	https://www.mobygames.com/game/platform:nes/sort:critic_score/page:1/
nes	mega man 2	Mega Man 2	90	1988	Capcom Co., Ltd.	https://www.mobygames.com/game/platform:nes/sort:critic_score/page:1/
nes	castlevania iii dracula s curse	Castlevania III: Dracula's Curse	89	1989	Konami Industry Co. Ltd.	https://www.mobygames.com/game/platform:nes/sort:critic_score/page:1/
nes	vulcan venture	Vulcan Venture	89	1988	Konami Industry Co. Ltd.	https://www.mobygames.com/game/platform:nes/sort:critic_score/page:1/
nes	tetris	Tetris	87	1989	Nintendo Co., Ltd.	https://www.mobygames.com/game/platform:nes/sort:critic_score/page:1/
nes	kirby s adventure	Kirby's Adventure	88	1993	HAL Laboratory, Inc.	https://www.mobygames.com/game/platform:nes/sort:critic_score/page:1/
nes	contra	Contra	88	1988	Konami Co., Ltd.	https://www.mobygames.com/game/platform:nes/sort:critic_score/page:1/
nes	ninja gaiden ii the dark sword of chaos	Ninja Gaiden II: The Dark Sword of Chaos	88	1990	Tecmo, Ltd.	https://www.mobygames.com/game/platform:nes/sort:critic_score/page:1/
nes	mike tyson s punch out	Mike Tyson's Punch-Out!!	87	1987	Nintendo R&D3	https://www.mobygames.com/game/platform:nes/sort:critic_score/page:1/
nes	final fantasy iii	Final Fantasy III	86	1990	Square Co., Ltd.	https://www.mobygames.com/game/platform:nes/sort:critic_score/page:1/
nes	baseball stars	Baseball Stars	86	1989	SNK Corporation	https://www.mobygames.com/game/platform:nes/sort:critic_score/page:1/
nes	super mario bros 2	Super Mario Bros. 2	83	1986	Nintendo EAD	https://www.mobygames.com/game/platform:nes/sort:critic_score/page:1/
nes	the legend of zelda	The Legend of Zelda	86	1986	Nintendo Co., Ltd.	https://www.mobygames.com/game/platform:nes/sort:critic_score/page:1/
nes	mega man 3	Mega Man 3	86	1990	Capcom Co., Ltd.	https://www.mobygames.com/game/platform:nes/sort:critic_score/page:1/
nes	adventures of lolo 3	Adventures of Lolo 3	85	1990	HAL Laboratory, Inc.	https://www.mobygames.com/game/platform:nes/sort:critic_score/page:1/
nes	life force	Life Force	85	1987	Konami Industry Co. Ltd.	https://www.mobygames.com/game/platform:nes/sort:critic_score/page:1/
nes	bionic commando	Bionic Commando	85	1988	Capcom Co., Ltd.	https://www.mobygames.com/game/platform:nes/sort:critic_score/page:1/
nes	summer carnival 92 recca	Summer Carnival '92: Recca	84	1992	KID Corp.	https://www.mobygames.com/game/platform:nes/sort:critic_score/page:1/
nes	super contra	Super Contra	84	1990	Konami Industry Co. Ltd.	https://www.mobygames.com/game/platform:nes/sort:critic_score/page:1/
nes	zanac	Zanac	84	1986	Compile Corp.	https://www.mobygames.com/game/platform:nes/sort:critic_score/page:1/
nes	baseball stars 2	Baseball Stars 2	84	1992		https://www.mobygames.com/game/platform:nes/sort:critic_score/page:1/
nes	crisis force	Crisis Force	84	1991	Konami Co., Ltd.	https://www.mobygames.com/game/platform:nes/sort:critic_score/page:1/
nes	little samson	Little Samson	84	1992	Takeru Co., Ltd.	https://www.mobygames.com/game/platform:nes/sort:critic_score/page:1/
nes	vice project doom	Vice: Project Doom	84	1991	Aicom Corporation	https://www.mobygames.com/game/platform:nes/sort:critic_score/page:1/
nes	the chessmaster	The Chessmaster	84	1989	Software Toolworks, Inc., The	https://www.mobygames.com/game/platform:nes/sort:critic_score/page:1/
nes	over horizon	Over Horizon	84	1991	Hot-B Co., Ltd.	https://www.mobygames.com/game/platform:nes/sort:critic_score/page:1/
nes	double dragon ii the revenge	Double Dragon II: The Revenge	84	1989	Technos Japan Corp.	https://www.mobygames.com/game/platform:nes/sort:critic_score/page:1/
nes	g i joe a real american hero	G.I. Joe: A Real American Hero	83	1991	KID Corp.	https://www.mobygames.com/game/platform:nes/sort:critic_score/page:1/
nes	splatterhouse wanpaku graffiti	Splatterhouse: Wanpaku Graffiti	83	1989	Now Production Co., Ltd.	https://www.mobygames.com/game/platform:nes/sort:critic_score/page:1/
nes	castlevania	Castlevania	83	1986	Konami Industry Co. Ltd.	https://www.mobygames.com/game/platform:nes/sort:critic_score/page:1/
nes	elite	Elite	83	1991		https://www.mobygames.com/game/platform:nes/sort:critic_score/page:1/
nes	disney s ducktales	Disney's DuckTales	83	1989	Capcom Co., Ltd.	https://www.mobygames.com/game/platform:nes/sort:critic_score/page:1/
nes	micro machines	Micro Machines	82	1991	The Codemasters Software Company Limited	https://www.mobygames.com/game/platform:nes/sort:critic_score/page:1/
nes	r c pro am ii	R.C. Pro-Am II	82	1992	Rare Limited	https://www.mobygames.com/game/platform:nes/sort:critic_score/page:1/
nes	maniac mansion	Maniac Mansion	82	1988	Lucasfilm Games	https://www.mobygames.com/game/platform:nes/sort:critic_score/page:1/
nes	final fantasy	Final Fantasy	82	1987	Square Co., Ltd.	https://www.mobygames.com/game/platform:nes/sort:critic_score/page:1/
nes	super spy hunter	Super Spy Hunter	82	1991	Tokai Engineering	https://www.mobygames.com/game/platform:nes/sort:critic_score/page:1/
nes	danny sullivan s indy heat	Danny Sullivan's Indy Heat	82	1991	Leland Corporation	https://www.mobygames.com/game/platform:nes/sort:critic_score/page:1/
nes	ultimate air combat	Ultimate Air Combat	82	1992	Activision, Inc.	https://www.mobygames.com/game/platform:nes/sort:critic_score/page:1/
nes	shatterhand	Shatterhand	82	1991	Natsume Co., Ltd.	https://www.mobygames.com/game/platform:nes/sort:critic_score/page:1/
nes	batman the video game	Batman: The Video Game	82	1989	Sun Electronics Corp.	https://www.mobygames.com/game/platform:nes/sort:critic_score/page:1/
nes	sweet home	Sweet Home	82	1989	Capcom Co., Ltd.	https://www.mobygames.com/game/platform:nes/sort:critic_score/page:1/
nes	bucky o hare	Bucky O'Hare	81	1992	Konami Co., Ltd.	https://www.mobygames.com/game/platform:nes/sort:critic_score/page:1/
nes	blaster master	Blaster Master	81	1988	Tokai Engineering	https://www.mobygames.com/game/platform:nes/sort:critic_score/page:1/
nes	gun nac	Gun-Nac	81	1990	Compile	https://www.mobygames.com/game/platform:nes/sort:critic_score/page:1/
nes	puzznic	Puzznic	81	1990	Taito Corporation	https://www.mobygames.com/game/platform:nes/sort:critic_score/page:2/
nes	solstice the quest for the staff of demnos	Solstice: The Quest for the Staff of Demnos	81	1990	Software Creations Ltd.	https://www.mobygames.com/game/platform:nes/sort:critic_score/page:2/
nes	ninja gaiden	Ninja Gaiden	81	1988	Tecmo, Ltd.	https://www.mobygames.com/game/platform:nes/sort:critic_score/page:2/
nes	river city ransom	River City Ransom	81	1989	Technos Japan Corp.	https://www.mobygames.com/game/platform:nes/sort:critic_score/page:2/
nes	crystalis	Crystalis	81	1990	SNK Corporation	https://www.mobygames.com/game/platform:nes/sort:critic_score/page:2/
nes	battletoads	Battletoads	81	1991	Rare Limited	https://www.mobygames.com/game/platform:nes/sort:critic_score/page:2/
nes	the guardian legend	The Guardian Legend	81	1988	Compile Corp.	https://www.mobygames.com/game/platform:nes/sort:critic_score/page:2/
nes	battletoads double dragon	Battletoads / Double Dragon	80	1993	Rare Limited	https://www.mobygames.com/game/platform:nes/sort:critic_score/page:2/
nes	zelda ii the adventure of link	Zelda II: The Adventure of Link	80	1987	Nintendo Co., Ltd.	https://www.mobygames.com/game/platform:nes/sort:critic_score/page:2/
nes	dr mario	Dr. Mario	80	1990	Nintendo R&D1	https://www.mobygames.com/game/platform:nes/sort:critic_score/page:2/
nes	fire n ice	Fire 'n Ice	80	1992	Tecmo, Ltd.	https://www.mobygames.com/game/platform:nes/sort:critic_score/page:2/
nes	side pocket	Side Pocket	80	1987	Data East Corporation	https://www.mobygames.com/game/platform:nes/sort:critic_score/page:2/
nes	ice hockey	Ice Hockey	80	1988	Nintendo EAD	https://www.mobygames.com/game/platform:nes/sort:critic_score/page:2/
nes	dragon warrior iv	Dragon Warrior IV	80	1990	Chunsoft Co., Ltd.	https://www.mobygames.com/game/platform:nes/sort:critic_score/page:2/
nes	akumaj special boku dracula kun	Akumajō Special: Boku Dracula-kun	80	1990	Konami Corporation	https://www.mobygames.com/game/platform:nes/sort:critic_score/page:2/
nes	mega man 4	Mega Man 4	80	1991	Capcom Co., Ltd.	https://www.mobygames.com/game/platform:nes/sort:critic_score/page:2/
nes	kickle cubicle	Kickle Cubicle	80	1990	Nanao Corporation	https://www.mobygames.com/game/platform:nes/sort:critic_score/page:2/
nes	blades of steel	Blades of Steel	80	1988	Konami Co., Ltd.	https://www.mobygames.com/game/platform:nes/sort:critic_score/page:2/
nes	tecmo bowl	Tecmo Bowl	80	1989	Tecmo, Ltd.	https://www.mobygames.com/game/platform:nes/sort:critic_score/page:2/
nes	rolling thunder	Rolling Thunder	79	1988	Namco Limited	https://www.mobygames.com/game/platform:nes/sort:critic_score/page:2/
nes	ufouria the saga	Ufouria: The Saga	79	1991	Sun Corporation	https://www.mobygames.com/game/platform:nes/sort:critic_score/page:2/
nes	dragon warrior iii	Dragon Warrior III	79	1988	Chunsoft Co., Ltd.	https://www.mobygames.com/game/platform:nes/sort:critic_score/page:2/
nes	magician	Magician	79	1991	Eurocom Developments Ltd	https://www.mobygames.com/game/platform:nes/sort:critic_score/page:2/
nes	little nemo the dream master	Little Nemo: The Dream Master	79	1990	Capcom Co., Ltd.	https://www.mobygames.com/game/platform:nes/sort:critic_score/page:2/
nes	solomon s key	Solomon's Key	79	1986	Tecmo, Ltd.	https://www.mobygames.com/game/platform:nes/sort:critic_score/page:2/
nes	gargoyle s quest ii	Gargoyle's Quest II	79	1992	Capcom Co., Ltd.	https://www.mobygames.com/game/platform:nes/sort:critic_score/page:2/
nes	guerrilla war	Guerrilla War	79	1988	SNK Corporation	https://www.mobygames.com/game/platform:nes/sort:critic_score/page:2/
nes	rod land	Rod-land	79	1992	Jaleco Ltd.	https://www.mobygames.com/game/platform:nes/sort:critic_score/page:2/
nes	wario s woods	Wario's Woods	79	1994	Intelligent Systems Co., Ltd.	https://www.mobygames.com/game/platform:nes/sort:critic_score/page:2/
nes	super turrican	Super Turrican	79	1993	Rainbow Arts Software GmbH	https://www.mobygames.com/game/platform:nes/sort:critic_score/page:2/
nes	donkey kong classics	Donkey Kong Classics	79	1988	Nintendo Co., Ltd.	https://www.mobygames.com/game/platform:nes/sort:critic_score/page:2/
nes	iron tank the invasion of normandy	Iron Tank: The Invasion of Normandy	79	1988	SNK Corporation	https://www.mobygames.com/game/platform:nes/sort:critic_score/page:2/
nes	snake rattle n roll	Snake Rattle N Roll	79	1990	Rare Limited	https://www.mobygames.com/game/platform:nes/sort:critic_score/page:2/
nes	mendel palace	Mendel Palace	78	1989	Game Freak, Inc.	https://www.mobygames.com/game/platform:nes/sort:critic_score/page:2/
nes	the mafat conspiracy	The Mafat Conspiracy	78	1990	Aicom Corporation	https://www.mobygames.com/game/platform:nes/sort:critic_score/page:2/
nes	sid meier s pirates	Sid Meier's Pirates!	78	1991	MPS Labs	https://www.mobygames.com/game/platform:nes/sort:critic_score/page:2/
nes	gradius	Gradius	78	1986	Konami Industry Co. Ltd.	https://www.mobygames.com/game/platform:nes/sort:critic_score/page:2/
nes	u s championship v ball	U.S. Championship V'Ball	78	1989	Technos Japan Corp.	https://www.mobygames.com/game/platform:nes/sort:critic_score/page:2/
nes	galaxy 5000	Galaxy 5000	78	1991	Activision, Inc.	https://www.mobygames.com/game/platform:nes/sort:critic_score/page:2/
nes	jackal	Jackal	78	1988	Konami Industry Co. Ltd.	https://www.mobygames.com/game/platform:nes/sort:critic_score/page:2/
nes	parasol stars the story of bubble bobble iii	Parasol Stars: The Story of Bubble Bobble III	78	1992	Taito Corporation	https://www.mobygames.com/game/platform:nes/sort:critic_score/page:2/
nes	mega man	Mega Man	78	1987	Capcom Co., Ltd.	https://www.mobygames.com/game/platform:nes/sort:critic_score/page:2/
nes	gold medal challenge 92	Gold Medal Challenge '92	78	1992	Capcom Co., Ltd.	https://www.mobygames.com/game/platform:nes/sort:critic_score/page:2/
nes	faxanadu	Faxanadu	78	1987	Hudson Soft Company, Ltd.	https://www.mobygames.com/game/platform:nes/sort:critic_score/page:2/
nes	dusty diamond s all star softball	Dusty Diamond's All-Star Softball	78	1989	Tose Co., Ltd.	https://www.mobygames.com/game/platform:nes/sort:critic_score/page:2/
nes	new ghostbusters ii	New Ghostbusters II	78	1990	HAL Laboratory, Inc.	https://www.mobygames.com/game/platform:nes/sort:critic_score/page:2/
nes	teenage mutant ninja turtles iii the manhattan pr	Teenage Mutant Ninja Turtles III: The Manhattan Pr...	78	1991	Konami Co., Ltd.	https://www.mobygames.com/game/platform:nes/sort:critic_score/page:2/
nes	clash at demonhead	Clash at Demonhead	78	1989	Vic Tokai Corporation	https://www.mobygames.com/game/platform:nes/sort:critic_score/page:2/
nes	klax	Klax	77	1990	Tengen Inc.	https://www.mobygames.com/game/platform:nes/sort:critic_score/page:2/
nes	gremlins 2 the new batch	Gremlins 2: The New Batch	77	1990	Sun Electronics Corp.	https://www.mobygames.com/game/platform:nes/sort:critic_score/page:2/
nes	captain skyhawk	Captain Skyhawk	77	1990	Rare Limited	https://www.mobygames.com/game/platform:nes/sort:critic_score/page:3/
nes	metroid	Metroid	77	1986	Nintendo R&D1	https://www.mobygames.com/game/platform:nes/sort:critic_score/page:3/
nes	kabuki quantum fighter	Kabuki: Quantum Fighter	77	1990	Human Entertainment, Inc.	https://www.mobygames.com/game/platform:nes/sort:critic_score/page:3/
nes	tecmo world wrestling	Tecmo World Wrestling	77	1989	Tecmo, Ltd.	https://www.mobygames.com/game/platform:nes/sort:critic_score/page:3/
nes	metal storm	Metal Storm	77	1991	Tamtex	https://www.mobygames.com/game/platform:nes/sort:critic_score/page:3/
nes	desert commander	Desert Commander	77	1988	Kotobuki System Co., Ltd.	https://www.mobygames.com/game/platform:nes/sort:critic_score/page:3/
nes	rainbow islands	Rainbow Islands	77	1991	Taito Corporation	https://www.mobygames.com/game/platform:nes/sort:critic_score/page:3/
nes	deja vu a nightmare comes true	Deja Vu: A Nightmare Comes True!!	77	1988	ICOM Simulations, Inc.	https://www.mobygames.com/game/platform:nes/sort:critic_score/page:3/
nes	bad news baseball	Bad News Baseball	77	1989	Tecmo, Ltd.	https://www.mobygames.com/game/platform:nes/sort:critic_score/page:3/
nes	toki	Toki	77	1991	Tad Corporation	https://www.mobygames.com/game/platform:nes/sort:critic_score/page:3/
nes	startropics	StarTropics	77	1990	Locomotive Co., Ltd.	https://www.mobygames.com/game/platform:nes/sort:critic_score/page:3/
nes	bubble bobble	Bubble Bobble	77	1987	Taito Corporation	https://www.mobygames.com/game/platform:nes/sort:critic_score/page:3/
nes	jackie chan s action kung fu	Jackie Chan's Action Kung Fu	77	1990	Now Production Co., Ltd.	https://www.mobygames.com/game/platform:nes/sort:critic_score/page:3/
nes	power blade	Power Blade	77	1991	Taito Corporation	https://www.mobygames.com/game/platform:nes/sort:critic_score/page:3/
nes	disney s ducktales 2	Disney's DuckTales 2	77	1993	Capcom Co., Ltd.	https://www.mobygames.com/game/platform:nes/sort:critic_score/page:3/
nes	panic restaurant	Panic Restaurant	77	1992	EIM Ltd.	https://www.mobygames.com/game/platform:nes/sort:critic_score/page:3/
nes	journey to silius	Journey to Silius	77	1990	Tokai Engineering	https://www.mobygames.com/game/platform:nes/sort:critic_score/page:3/
nes	rad racer	Rad Racer	77	1987	Square Co., Ltd.	https://www.mobygames.com/game/platform:nes/sort:critic_score/page:3/
nes	galaga	Galaga	77	1985	Bandai Namco Studios Inc.	https://www.mobygames.com/game/platform:nes/sort:critic_score/page:3/
nes	disney s chip n dale rescue rangers	Disney's Chip 'n Dale: Rescue Rangers	77	1990	Capcom Co., Ltd.	https://www.mobygames.com/game/platform:nes/sort:critic_score/page:3/
nes	rockin kats	Rockin' Kats	77	1991	Atlus Co., Ltd.	https://www.mobygames.com/game/platform:nes/sort:critic_score/page:3/
nes	double dragon	Double Dragon	77	1988	Technos Japan Corp.	https://www.mobygames.com/game/platform:nes/sort:critic_score/page:3/
nes	little ninja brothers	Little Ninja Brothers	76	1989	Culture Brain Inc.	https://www.mobygames.com/game/platform:nes/sort:critic_score/page:3/
nes	adventures of lolo	Adventures of Lolo	76	1989	HAL Laboratory, Inc.	https://www.mobygames.com/game/platform:nes/sort:critic_score/page:3/
nes	archon the light and the dark	Archon: The Light and the Dark	76	1989	Free Fall Associates	https://www.mobygames.com/game/platform:nes/sort:critic_score/page:3/
nes	s c a t special cybernetic attack team	S.C.A.T.: Special Cybernetic Attack Team	76	1990	Natsume Co., Ltd.	https://www.mobygames.com/game/platform:nes/sort:critic_score/page:3/
nes	felix the cat	Felix the Cat	76	1992	Shimada Kikaku	https://www.mobygames.com/game/platform:nes/sort:critic_score/page:3/
nes	dragon fighter	Dragon Fighter	76	1990	Natsume Co., Ltd.	https://www.mobygames.com/game/platform:nes/sort:critic_score/page:3/
nes	the magic of scheherazade	The Magic of Scheherazade	76	1987	Culture Brain Inc.	https://www.mobygames.com/game/platform:nes/sort:critic_score/page:3/
nes	lemmings	Lemmings	76	1992	DMA Design Limited	https://www.mobygames.com/game/platform:nes/sort:critic_score/page:3/
nes	the new zealand story	The New Zealand Story	76	1991	Taito Corporation	https://www.mobygames.com/game/platform:nes/sort:critic_score/page:3/
nes	rygar	Rygar	76	1987	Tecmo, Ltd.	https://www.mobygames.com/game/platform:nes/sort:critic_score/page:3/
nes	marble madness	Marble Madness	76	1989	Atari, Inc.	https://www.mobygames.com/game/platform:nes/sort:critic_score/page:3/
nes	the immortal	The Immortal	76	1990	Sandcastle	https://www.mobygames.com/game/platform:nes/sort:critic_score/page:3/
nes	isolated warrior	Isolated Warrior	76	1991	KID Corp.	https://www.mobygames.com/game/platform:nes/sort:critic_score/page:3/
nes	the flintstones the surprise at dinosaur peak	The Flintstones: The Surprise at Dinosaur Peak!	76	1994	Taito Corporation	https://www.mobygames.com/game/platform:nes/sort:critic_score/page:3/
nes	the flintstones the rescue of dino hoppy	The Flintstones: The Rescue of Dino & Hoppy	76	1991	Sol Corporation	https://www.mobygames.com/game/platform:nes/sort:critic_score/page:3/
nes	ninja gaiden iii the ancient ship of doom	Ninja Gaiden III: The Ancient Ship of Doom	75	1991	Tecmo, Ltd.	https://www.mobygames.com/game/platform:nes/sort:critic_score/page:3/
nes	kick master	Kick Master	75	1992	KID Corp.	https://www.mobygames.com/game/platform:nes/sort:critic_score/page:3/
nes	double dribble	Double Dribble	75	1987	Konami Industry Co. Ltd.	https://www.mobygames.com/game/platform:nes/sort:critic_score/page:3/
nes	mega man 6	Mega Man 6	75	1993	Capcom Co., Ltd.	https://www.mobygames.com/game/platform:nes/sort:critic_score/page:3/
nes	ultima iv quest of the avatar	Ultima IV: Quest of the Avatar	75	1989	ORIGIN Systems, Inc.	https://www.mobygames.com/game/platform:nes/sort:critic_score/page:3/
nes	dragon spirit	Dragon Spirit	75	1989	Namco Limited	https://www.mobygames.com/game/platform:nes/sort:critic_score/page:3/
nes	kid icarus	Kid Icarus	75	1986	Nintendo R&D1	https://www.mobygames.com/game/platform:nes/sort:critic_score/page:3/
nes	1943 the battle of midway	1943: The Battle of Midway	75	1988	Capcom Co., Ltd.	https://www.mobygames.com/game/platform:nes/sort:critic_score/page:3/
nes	adventures of lolo 2	Adventures of Lolo 2	75	1990	HAL Laboratory, Inc.	https://www.mobygames.com/game/platform:nes/sort:critic_score/page:3/
nes	shadow of the ninja	Shadow of the Ninja	75	1990	Natsume Co., Ltd.	https://www.mobygames.com/game/platform:nes/sort:critic_score/page:3/
nes	mr gimmick	Mr. Gimmick	75	1992	Sun Electronics Corp.	https://www.mobygames.com/game/platform:nes/sort:critic_score/page:3/
nes	the smurfs	The Smurfs	75	1994	Bit Managers S.L.	https://www.mobygames.com/game/platform:nes/sort:critic_score/page:3/
nes	where in time is carmen sandiego	Where in Time Is Carmen Sandiego?	75	1991	Brøderbund Software, Inc.	https://www.mobygames.com/game/platform:nes/sort:critic_score/page:3/
nes	nes open tournament golf	NES Open Tournament Golf	75	1991	HAL Laboratory, Inc.	https://www.mobygames.com/game/platform:nes/sort:critic_score/page:4/
nes	mega man 5	Mega Man 5	75	1992	Capcom Co., Ltd.	https://www.mobygames.com/game/platform:nes/sort:critic_score/page:4/
nes	adventure island ii	Adventure Island II	75	1991	Now Production Co., Ltd.	https://www.mobygames.com/game/platform:nes/sort:critic_score/page:4/
nes	tiny toon adventures	Tiny Toon Adventures	75	1991	Konami Co., Ltd.	https://www.mobygames.com/game/platform:nes/sort:critic_score/page:4/
nes	adventure island 3	Adventure Island 3	75	1992	Now Production Co., Ltd.	https://www.mobygames.com/game/platform:nes/sort:critic_score/page:4/
nes	disney s chip n dale rescue rangers 2	Disney's Chip 'N Dale: Rescue Rangers 2	75	1993	Capcom Co., Ltd.	https://www.mobygames.com/game/platform:nes/sort:critic_score/page:4/
nes	dig dug	Dig Dug	74	1985	Bandai Namco Studios Inc.	https://www.mobygames.com/game/platform:nes/sort:critic_score/page:4/
nes	yoshi s cookie	Yoshi's Cookie	74	1992	Tose Co., Ltd.	https://www.mobygames.com/game/platform:nes/sort:critic_score/page:4/
nes	track field ii	Track & Field II	74	1988	Konami Industry Co. Ltd.	https://www.mobygames.com/game/platform:nes/sort:critic_score/page:4/
nes	monopoly	Monopoly	74	1991	Sculptured Software, Inc.	https://www.mobygames.com/game/platform:nes/sort:critic_score/page:4/
nes	r c pro am	R.C. Pro-Am	74	1988	Rare Limited	https://www.mobygames.com/game/platform:nes/sort:critic_score/page:4/
nes	willow	Willow	74	1989	Capcom Co., Ltd.	https://www.mobygames.com/game/platform:nes/sort:critic_score/page:4/
nes	the battle of olympus	The Battle of Olympus	74	1988	Infinity Co., Ltd.	https://www.mobygames.com/game/platform:nes/sort:critic_score/page:4/
nes	jurassic park	Jurassic Park	74	1993	Ocean of America, Inc.	https://www.mobygames.com/game/platform:nes/sort:critic_score/page:4/
nes	burai fighter	Burai Fighter	74	1990	KID Corp.	https://www.mobygames.com/game/platform:nes/sort:critic_score/page:4/
nes	tom jerry	Tom & Jerry	74	1991	Software Creations Ltd.	https://www.mobygames.com/game/platform:nes/sort:critic_score/page:4/
nes	bonk s adventure	Bonk's Adventure	74	1993	Red Company Corporation	https://www.mobygames.com/game/platform:nes/sort:critic_score/page:4/
nes	disney s the jungle book	Disney's The Jungle Book	74	1994	Eurocom Developments Ltd	https://www.mobygames.com/game/platform:nes/sort:critic_score/page:4/
nes	track field	Track & Field	74	1985	Konami Industry Co. Ltd.	https://www.mobygames.com/game/platform:nes/sort:critic_score/page:4/
nes	the goonies	The Goonies	74	1986	Konami Industry Co. Ltd.	https://www.mobygames.com/game/platform:nes/sort:critic_score/page:4/
nes	nightshade	Nightshade	74	1992	Beam Software Pty., Ltd.	https://www.mobygames.com/game/platform:nes/sort:critic_score/page:4/
nes	trog	Trog!	74	1990	Midway Manufacturing Company	https://www.mobygames.com/game/platform:nes/sort:critic_score/page:4/
nes	tiny toon adventures 2 trouble in wackyland	Tiny Toon Adventures 2: Trouble in Wackyland	74	1992	Konami Co., Ltd.	https://www.mobygames.com/game/platform:nes/sort:critic_score/page:4/
nes	rush n attack	Rush'n Attack	74	1987	Konami Industry Co. Ltd.	https://www.mobygames.com/game/platform:nes/sort:critic_score/page:4/
nes	strider	Strider	74	1989	Capcom Co., Ltd.	https://www.mobygames.com/game/platform:nes/sort:critic_score/page:4/
nes	wurm journey to the center of the earth	Wurm: Journey to the Center of the Earth	74	1991	Cyclone System	https://www.mobygames.com/game/platform:nes/sort:critic_score/page:4/
nes	gun smoke	Gun.Smoke	74	1988	Capcom Co., Ltd.	https://www.mobygames.com/game/platform:nes/sort:critic_score/page:4/
nes	crash n the boys street challenge	Crash 'n' the Boys: Street Challenge	74	1992	Technos Japan Corp.	https://www.mobygames.com/game/platform:nes/sort:critic_score/page:4/
nes	jeopardy	Jeopardy!	74	1988	Rare Limited	https://www.mobygames.com/game/platform:nes/sort:critic_score/page:4/
nes	mission impossible	Mission: Impossible	73	1990	Konami Industry Co. Ltd.	https://www.mobygames.com/game/platform:nes/sort:critic_score/page:4/
nes	p o w prisoners of war	P.O.W.: Prisoners of War	73	1989	SNK Corporation	https://www.mobygames.com/game/platform:nes/sort:critic_score/page:4/
nes	boulder dash	Boulder Dash	73	1990	First Star Software, Inc.	https://www.mobygames.com/game/platform:nes/sort:critic_score/page:4/
nes	teenage mutant ninja turtles	Teenage Mutant Ninja Turtles	73	1990	Konami Co., Ltd.	https://www.mobygames.com/game/platform:nes/sort:critic_score/page:4/
nes	conquest of the crystal palace	Conquest of the Crystal Palace	73	1990	Quest Corporation	https://www.mobygames.com/game/platform:nes/sort:critic_score/page:4/
nes	disney s darkwing duck	Disney's Darkwing Duck	73	1992	Capcom Co., Ltd.	https://www.mobygames.com/game/platform:nes/sort:critic_score/page:4/
nes	mighty final fight	Mighty Final Fight	73	1993	Capcom Co., Ltd.	https://www.mobygames.com/game/platform:nes/sort:critic_score/page:4/
nes	snow bros nick tom	Snow Bros. Nick & Tom	73	1991	Toaplan Co., Ltd.	https://www.mobygames.com/game/platform:nes/sort:critic_score/page:4/
nes	silent service	Silent Service	73	1989	MicroProse Software, Inc.	https://www.mobygames.com/game/platform:nes/sort:critic_score/page:4/
nes	excitebike	Excitebike	73	1984	Nintendo R&D1	https://www.mobygames.com/game/platform:nes/sort:critic_score/page:4/
nes	the ultimate stuntman	The Ultimate Stuntman	73	1990	Codemasters	https://www.mobygames.com/game/platform:nes/sort:critic_score/page:4/
nes	firehawk	Firehawk	73	1991	Dizzy Enterprises Ltd.	https://www.mobygames.com/game/platform:nes/sort:critic_score/page:4/
nes	ivan ironman stewart s super off road	Ivan 'Ironman' Stewart's Super Off Road	73	1990	Leland Corporation	https://www.mobygames.com/game/platform:nes/sort:critic_score/page:4/
nes	rampart	Rampart	73	1992	Atari Games Corporation	https://www.mobygames.com/game/platform:nes/sort:critic_score/page:4/
nes	code name viper	Code Name: Viper	72	1990	Arc Co., Ltd.	https://www.mobygames.com/game/platform:nes/sort:critic_score/page:4/
nes	bump n jump	Bump 'N' Jump	72	1986	Data East Corporation	https://www.mobygames.com/game/platform:nes/sort:critic_score/page:4/
nes	the three stooges	The Three Stooges	72	1989	Incredible Technologies, Inc.	https://www.mobygames.com/game/platform:nes/sort:critic_score/page:4/
nes	super dodge ball	Super Dodge Ball	72	1988	Technos Japan Corp.	https://www.mobygames.com/game/platform:nes/sort:critic_score/page:4/
nes	the lone ranger	The Lone Ranger	72	1991	Konami Industry Co. Ltd.	https://www.mobygames.com/game/platform:nes/sort:critic_score/page:4/
nes	gauntlet	Gauntlet	72	1988	Atari Games Corporation	https://www.mobygames.com/game/platform:nes/sort:critic_score/page:4/
nes	rad racer ii	Rad Racer II	72	1990	Square Co., Ltd.	https://www.mobygames.com/game/platform:nes/sort:critic_score/page:4/
gba	elf the movie	Elf: The Movie	20	2004	Jolliford Management Limited	https://www.mobygames.com/game/platform:gameboy-advance/sort:-critic_score/page:1/
gba	sonic the hedgehog	Sonic the Hedgehog	23	2006	Sonic Team	https://www.mobygames.com/game/platform:gameboy-advance/sort:-critic_score/page:1/
gba	rock em sock em robots	Rock 'Em Sock 'Em Robots	24	2006	Full Fat Productions Ltd.	https://www.mobygames.com/game/platform:gameboy-advance/sort:-critic_score/page:1/
gba	legends of wrestling ii	Legends of Wrestling II	30	2002	Powerhead Games	https://www.mobygames.com/game/platform:gameboy-advance/sort:-critic_score/page:1/
gba	beyblade grevolution	Beyblade: GRevolution	31	2004	Full Fat Productions Ltd.	https://www.mobygames.com/game/platform:gameboy-advance/sort:-critic_score/page:1/
gba	harlem globetrotters world tour	Harlem Globetrotters: World Tour	32	2006	Full Fat Productions Ltd.	https://www.mobygames.com/game/platform:gameboy-advance/sort:-critic_score/page:1/
gba	van helsing	Van Helsing	32	2004	Saffire, Inc	https://www.mobygames.com/game/platform:gameboy-advance/sort:-critic_score/page:1/
gba	dragon ball z taiketsu	Dragon Ball Z: Taiketsu	32	2003	Webfoot Technologies, Inc.	https://www.mobygames.com/game/platform:gameboy-advance/sort:-critic_score/page:1/
gba	nfl blitz 20 02	NFL Blitz 20-02	32	2001	OutLook Entertainment, Inc.	https://www.mobygames.com/game/platform:gameboy-advance/sort:-critic_score/page:1/
gba	yu yu hakusho ghost files spirit detective	Yu Yu Hakusho: Ghost Files - Spirit Detective	32	2003	Sensory Sweep Studios	https://www.mobygames.com/game/platform:gameboy-advance/sort:-critic_score/page:1/
gba	shrek swamp kart speedway	Shrek: Swamp Kart Speedway	34	2002	Prolific Publishing, Inc.	https://www.mobygames.com/game/platform:gameboy-advance/sort:-critic_score/page:1/
gba	march of the penguins	March of the Penguins	35	2006	Skyworks Technologies, Inc.	https://www.mobygames.com/game/platform:gameboy-advance/sort:-critic_score/page:1/
gba	dead to rights	Dead to Rights	35	2004	Torus Games Pty. Ltd.	https://www.mobygames.com/game/platform:gameboy-advance/sort:-critic_score/page:1/
gba	star wars flight of the falcon	Star Wars: Flight of the Falcon	36	2003	Pocket Studios	https://www.mobygames.com/game/platform:gameboy-advance/sort:-critic_score/page:1/
gba	gauntlet dark legacy	Gauntlet: Dark Legacy	36	2002	Pocket Studios	https://www.mobygames.com/game/platform:gameboy-advance/sort:-critic_score/page:1/
gba	defender	Defender	37	2002	OutLook Entertainment, Inc.	https://www.mobygames.com/game/platform:gameboy-advance/sort:-critic_score/page:1/
gba	barbie groovy games	Barbie: Groovy Games	37	2002	Digital Illusions Canada, Inc.	https://www.mobygames.com/game/platform:gameboy-advance/sort:-critic_score/page:1/
gba	around the world in 80 days	Around the World in 80 Days	37	2004	Saffire, Inc	https://www.mobygames.com/game/platform:gameboy-advance/sort:-critic_score/page:1/
gba	boundish	Boundish	38	2006	Skip, Ltd.	https://www.mobygames.com/game/platform:gameboy-advance/sort:-critic_score/page:1/
gba	dr seuss the cat in the hat	Dr. Seuss' The Cat in the Hat	38	2003	Digital Eclipse Software, Inc.	https://www.mobygames.com/game/platform:gameboy-advance/sort:-critic_score/page:1/
gba	men in black the series	Men in Black: The Series	39	2001	David A. Palmer Productions	https://www.mobygames.com/game/platform:gameboy-advance/sort:-critic_score/page:1/
gba	medal of honor underground	Medal of Honor: Underground	39	2002	DreamWorks Interactive L.L.C.	https://www.mobygames.com/game/platform:gameboy-advance/sort:-critic_score/page:1/
gba	spirit stallion of the cimarron	Spirit: Stallion of the Cimarron	39	2002	Hyperspace Cowgirls	https://www.mobygames.com/game/platform:gameboy-advance/sort:-critic_score/page:1/
gba	david beckham soccer	David Beckham Soccer	39	2001	Yoyo Entertainment Ltd.	https://www.mobygames.com/game/platform:gameboy-advance/sort:-critic_score/page:1/
gba	smuggler s run	Smuggler's Run	40	2002	Rebellion Developments Ltd.	https://www.mobygames.com/game/platform:gameboy-advance/sort:-critic_score/page:1/
gba	ultimate mortal kombat 3	Ultimate Mortal Kombat 3	40	2001	Midway Manufacturing Company	https://www.mobygames.com/game/platform:gameboy-advance/sort:-critic_score/page:1/
gba	alex rider stormbreaker	Alex Rider: Stormbreaker	40	2006	Razorback Developments Ltd	https://www.mobygames.com/game/platform:gameboy-advance/sort:-critic_score/page:1/
gba	mission impossible operation surma	Mission: Impossible - Operation Surma	40	2003	M4 Ltd.	https://www.mobygames.com/game/platform:gameboy-advance/sort:-critic_score/page:1/
gba	the polar express	The Polar Express	40	2004	Tantalus Interactive Pty. Ltd.	https://www.mobygames.com/game/platform:gameboy-advance/sort:-critic_score/page:1/
gba	disney s party	Disney's Party	41	2003	Jupiter Corp.	https://www.mobygames.com/game/platform:gameboy-advance/sort:-critic_score/page:1/
gba	e t the extra terrestrial	E.T. the Extra-Terrestrial	41	2001	Fluid Studios Ltd	https://www.mobygames.com/game/platform:gameboy-advance/sort:-critic_score/page:1/
gba	justice league chronicles	Justice League: Chronicles	41	2003	Full Fat Productions Ltd.	https://www.mobygames.com/game/platform:gameboy-advance/sort:-critic_score/page:1/
gba	the flintstones big trouble in bedrock	The Flintstones: Big Trouble in Bedrock	41	2001	H2O Entertainment Ltd.	https://www.mobygames.com/game/platform:gameboy-advance/sort:-critic_score/page:1/
gba	no rules get phat	No Rules: Get Phat	41	2001	Flying Tiger Development	https://www.mobygames.com/game/platform:gameboy-advance/sort:-critic_score/page:1/
gba	cartoon network block party	Cartoon Network Block Party	41	2004	Monkeystone Games	https://www.mobygames.com/game/platform:gameboy-advance/sort:-critic_score/page:1/
gba	battlebots beyond the battlebox	BattleBots: Beyond the Battlebox	42	2003	Cave Barn Studios	https://www.mobygames.com/game/platform:gameboy-advance/sort:-critic_score/page:1/
gba	reign of fire	Reign of Fire	42	2002	Crawfish Interactive Ltd.	https://www.mobygames.com/game/platform:gameboy-advance/sort:-critic_score/page:1/
gba	scooby doo 2 monsters unleashed	Scooby-Doo 2: Monsters Unleashed	42	2004	Altron Corporation	https://www.mobygames.com/game/platform:gameboy-advance/sort:-critic_score/page:1/
gba	american idol	American Idol	43	2003	Möbius Entertainment Ltd.	https://www.mobygames.com/game/platform:gameboy-advance/sort:-critic_score/page:1/
gba	buffy the vampire slayer wrath of the darkhul kin	Buffy the Vampire Slayer: Wrath of the Darkhul Kin...	43	2003	Natsume Co., Ltd.	https://www.mobygames.com/game/platform:gameboy-advance/sort:-critic_score/page:1/
gba	dogz	Dogz	43	2004	MTO Co., Ltd.	https://www.mobygames.com/game/platform:gameboy-advance/sort:-critic_score/page:1/
gba	star wars episode ii attack of the clones	Star Wars: Episode II - Attack of the Clones	43	2002	David A. Palmer Productions	https://www.mobygames.com/game/platform:gameboy-advance/sort:-critic_score/page:1/
gba	robots	Robots	44	2005	Griptonite, Inc.	https://www.mobygames.com/game/platform:gameboy-advance/sort:-critic_score/page:1/
gba	backtrack	BackTrack	44	2001	JV Games, Inc.	https://www.mobygames.com/game/platform:gameboy-advance/sort:-critic_score/page:1/
gba	the revenge of shinobi	The Revenge of Shinobi	44	2002	3d6 Games, Inc.	https://www.mobygames.com/game/platform:gameboy-advance/sort:-critic_score/page:1/
gba	the muppets on with the show	The Muppets: On with the Show	44	2003	Activision Publishing, Inc.	https://www.mobygames.com/game/platform:gameboy-advance/sort:-critic_score/page:1/
gba	cruis n velocity	Cruis'n Velocity	45	2001	Graphic State Limited	https://www.mobygames.com/game/platform:gameboy-advance/sort:-critic_score/page:1/
gba	daredevil	Daredevil	45	2003	Griptonite, Inc.	https://www.mobygames.com/game/platform:gameboy-advance/sort:-critic_score/page:1/
gba	charlie and the chocolate factory	Charlie and the Chocolate Factory	46	2005	Digital Eclipse Software, Inc.	https://www.mobygames.com/game/platform:gameboy-advance/sort:-critic_score/page:1/
gba	hot wheels all out	Hot Wheels: All Out	46	2006	Twofivesix Ltd.	https://www.mobygames.com/game/platform:gameboy-advance/sort:-critic_score/page:1/
gba	crouching tiger hidden dragon	Crouching Tiger Hidden Dragon	52	2003	Shanghai UBIsoft Computer Software Co., Ltd.	https://www.mobygames.com/game/platform:gameboy-advance/sort:-critic_score/page:3/
gba	pocky rocky with becky	Pocky & Rocky with Becky	52	2001	Altron Corporation	https://www.mobygames.com/game/platform:gameboy-advance/sort:-critic_score/page:3/
gba	terminator 3 rise of the machines	Terminator 3: Rise of the Machines	53	2003	Taniko, LLC	https://www.mobygames.com/game/platform:gameboy-advance/sort:-critic_score/page:3/
gba	rave master special attack force	Rave Master: Special Attack Force!	53	2005	Konami Computer Entertainment Japan, Inc.	https://www.mobygames.com/game/platform:gameboy-advance/sort:-critic_score/page:3/
gba	shrek 2 beg for mercy	Shrek 2: Beg for Mercy!	53	2004	Vicarious Visions, Inc.	https://www.mobygames.com/game/platform:gameboy-advance/sort:-critic_score/page:3/
gba	r type iii the third lightning	R-Type III: The Third Lightning	53	2004	Irem Corp.	https://www.mobygames.com/game/platform:gameboy-advance/sort:-critic_score/page:3/
gba	mega man battle chip challenge	Mega Man Battle Chip Challenge	53	2003	Inti Creates Co., Ltd.	https://www.mobygames.com/game/platform:gameboy-advance/sort:-critic_score/page:3/
gba	tom and jerry the magic ring	Tom and Jerry: The Magic Ring	53	2001	Cave Barn Studios	https://www.mobygames.com/game/platform:gameboy-advance/sort:-critic_score/page:3/
gba	kong the animated series	Kong: The Animated Series	53	2002	Planet Interactive Development	https://www.mobygames.com/game/platform:gameboy-advance/sort:-critic_score/page:3/
gba	lara croft tomb raider legend	Lara Croft: Tomb Raider - Legend	54	2006	Human Soft Inc.	https://www.mobygames.com/game/platform:gameboy-advance/sort:-critic_score/page:3/
gba	pitfall the lost expedition	Pitfall: The Lost Expedition	54	2004	Torus Games Pty. Ltd.	https://www.mobygames.com/game/platform:gameboy-advance/sort:-critic_score/page:3/
gba	kao the kangaroo	Kao the Kangaroo	54	2001	Titus Interactive, S.A.	https://www.mobygames.com/game/platform:gameboy-advance/sort:-critic_score/page:3/
gba	fantastic 4	Fantastic 4	54	2005	Torus Games Pty. Ltd.	https://www.mobygames.com/game/platform:gameboy-advance/sort:-critic_score/page:3/
gba	catwoman	Catwoman	54	2004	Magic Pockets SAS	https://www.mobygames.com/game/platform:gameboy-advance/sort:-critic_score/page:3/
gba	frogger advance the great quest	Frogger Advance: The Great Quest	54	2002	Team Angry Robot	https://www.mobygames.com/game/platform:gameboy-advance/sort:-critic_score/page:3/
gba	justice league injustice for all	Justice League: Injustice for All	54	2002	Saffire, Inc	https://www.mobygames.com/game/platform:gameboy-advance/sort:-critic_score/page:3/
gba	naruto ninja council 2	Naruto: Ninja Council 2	55	2004	Aspect Co., Ltd.	https://www.mobygames.com/game/platform:gameboy-advance/sort:-critic_score/page:3/
gba	driv3r	Driv3r	55	2005	Velez & Dubail Dev. Team	https://www.mobygames.com/game/platform:gameboy-advance/sort:-critic_score/page:3/
gba	medabots ax metabee ver	Medabots AX: Metabee Ver.	55	2003	Natsume Co., Ltd.	https://www.mobygames.com/game/platform:gameboy-advance/sort:-critic_score/page:3/
gba	the incredibles	The Incredibles	55	2004	Helixe	https://www.mobygames.com/game/platform:gameboy-advance/sort:-critic_score/page:3/
gba	scooby doo and the cyber chase	Scooby-Doo and the Cyber Chase	55	2001	Software Creations Ltd.	https://www.mobygames.com/game/platform:gameboy-advance/sort:-critic_score/page:3/
gba	top gear gt championship	Top Gear GT Championship	55	2001	Vision Works	https://www.mobygames.com/game/platform:gameboy-advance/sort:-critic_score/page:3/
gba	godzilla domination	Godzilla: Domination!	55	2002	WayForward Technologies, Inc.	https://www.mobygames.com/game/platform:gameboy-advance/sort:-critic_score/page:3/
gba	disney s peter pan return to never land	Disney's Peter Pan: Return to Never Land	55	2002	Crawfish Interactive Ltd.	https://www.mobygames.com/game/platform:gameboy-advance/sort:-critic_score/page:3/
gba	star wars the new droid army	Star Wars: The New Droid Army	55	2002	Helixe	https://www.mobygames.com/game/platform:gameboy-advance/sort:-critic_score/page:3/
gba	dragon ball z the legacy of goku	Dragon Ball Z: The Legacy of Goku	55	2002	Webfoot Technologies, Inc.	https://www.mobygames.com/game/platform:gameboy-advance/sort:-critic_score/page:3/
gba	manic miner	Manic Miner	55	2002	Jester Interactive Publishing	https://www.mobygames.com/game/platform:gameboy-advance/sort:-critic_score/page:3/
gba	naruto ninja council	Naruto: Ninja Council	55	2003	Arc System Works Co., Ltd.	https://www.mobygames.com/game/platform:gameboy-advance/sort:-critic_score/page:3/
gba	disney s cinderella magical dreams	Disney's Cinderella: Magical Dreams	55	2005	DC Studios, Inc.	https://www.mobygames.com/game/platform:gameboy-advance/sort:-critic_score/page:3/
gba	disney s american dragon jake long rise of the	Disney's American Dragon: Jake Long - Rise of the ...	56	2006	WayForward Technologies, Inc.	https://www.mobygames.com/game/platform:gameboy-advance/sort:-critic_score/page:3/
gba	minority report everybody runs	Minority Report: Everybody Runs	56	2002	Torus Games Pty. Ltd.	https://www.mobygames.com/game/platform:gameboy-advance/sort:-critic_score/page:3/
gba	ready 2 rumble boxing round 2	Ready 2 Rumble Boxing: Round 2	56	2001	Crawfish Interactive Ltd.	https://www.mobygames.com/game/platform:gameboy-advance/sort:-critic_score/page:3/
gba	disney pixar ratatouille	Disney•Pixar Ratatouille	56	2007	Helixe	https://www.mobygames.com/game/platform:gameboy-advance/sort:-critic_score/page:3/
gba	road rash jailbreak	Road Rash: Jailbreak	56	2003	Magic Pockets SAS	https://www.mobygames.com/game/platform:gameboy-advance/sort:-critic_score/page:3/
gba	spongebob squarepants supersponge	SpongeBob SquarePants: SuperSponge	56	2001	Climax Group Limited	https://www.mobygames.com/game/platform:gameboy-advance/sort:-critic_score/page:3/
gba	disney sports snowboarding	Disney Sports Snowboarding	56	2003	Konami Computer Entertainment Osaka Co., Ltd.	https://www.mobygames.com/game/platform:gameboy-advance/sort:-critic_score/page:3/
gba	wolfenstein 3d	Wolfenstein 3D	56	2002	id Software, Inc.	https://www.mobygames.com/game/platform:gameboy-advance/sort:-critic_score/page:3/
gba	army men advance	Army Men: Advance	56	2001	DC Studios, Inc.	https://www.mobygames.com/game/platform:gameboy-advance/sort:-critic_score/page:3/
gba	samurai jack the amulet of time	Samurai Jack: The Amulet of Time	57	2003	Virtucraft Studios, Ltd.	https://www.mobygames.com/game/platform:gameboy-advance/sort:-critic_score/page:3/
gba	xevious	Xevious	57	2004	Namco Limited	https://www.mobygames.com/game/platform:gameboy-advance/sort:-critic_score/page:3/
gba	disney s kim possible revenge of monkey fist	Disney's Kim Possible: Revenge of Monkey Fist	57	2002	Digital Eclipse Software, Inc.	https://www.mobygames.com/game/platform:gameboy-advance/sort:-critic_score/page:3/
gba	pitfall the mayan adventure	Pitfall: The Mayan Adventure	57	2001	Activision, Inc.	https://www.mobygames.com/game/platform:gameboy-advance/sort:-critic_score/page:3/
gba	namco museum 50th anniversary	Namco Museum: 50th Anniversary	57	2005	Namco Limited	https://www.mobygames.com/game/platform:gameboy-advance/sort:-critic_score/page:3/
gba	pirates of the caribbean the curse of the black p	Pirates of the Caribbean: The Curse of the Black P...	57	2003	Pocket Studios	https://www.mobygames.com/game/platform:gameboy-advance/sort:-critic_score/page:3/
gba	barnyard	Barnyard	57	2006	Halfbrick Studios Pty Ltd	https://www.mobygames.com/game/platform:gameboy-advance/sort:-critic_score/page:3/
gba	medabots ax rokusho ver	Medabots AX: Rokusho Ver.	57	2003	Natsume Co., Ltd.	https://www.mobygames.com/game/platform:gameboy-advance/sort:-critic_score/page:3/
gba	space channel 5	Space Channel 5	57	2003	United Game Artists	https://www.mobygames.com/game/platform:gameboy-advance/sort:-critic_score/page:3/
gba	simcity 2000	SimCity 2000	57	2003	Maxis Software Inc.	https://www.mobygames.com/game/platform:gameboy-advance/sort:-critic_score/page:3/
gba	disney pixar finding nemo the continuing adventur	Disney•Pixar Finding Nemo: The Continuing Adventur...	57	2004	Altron Corporation	https://www.mobygames.com/game/platform:gameboy-advance/sort:-critic_score/page:3/
gba	disney sports football	Disney Sports Football	57	2002	Konami Software Shanghai, Inc.	https://www.mobygames.com/game/platform:gameboy-advance/sort:-critic_score/page:3/
gba	power rangers ninja storm	Power Rangers: Ninja Storm	57	2003	Natsume Co., Ltd.	https://www.mobygames.com/game/platform:gameboy-advance/sort:-critic_score/page:4/
gba	spider man 2	Spider-Man 2	57	2004	Digital Eclipse Software, Inc.	https://www.mobygames.com/game/platform:gameboy-advance/sort:-critic_score/page:4/
gba	the three stooges	The Three Stooges	57	2002	Incredible Technologies, Inc.	https://www.mobygames.com/game/platform:gameboy-advance/sort:-critic_score/page:4/
gba	need for speed porsche unleashed	Need for Speed: Porsche Unleashed	57	2004	Pocketeers	https://www.mobygames.com/game/platform:gameboy-advance/sort:-critic_score/page:4/
gba	saban s power rangers time force	Saban's Power Rangers: Time Force	57	2001	Vicarious Visions, Inc.	https://www.mobygames.com/game/platform:gameboy-advance/sort:-critic_score/page:4/
gba	yu yu hakusho ghost files tournament tactics	Yu Yu Hakusho: Ghost Files - Tournament Tactics	58	2004	Sensory Sweep Studios	https://www.mobygames.com/game/platform:gameboy-advance/sort:-critic_score/page:4/
gba	planet of the apes	Planet of the Apes	58	2001	Torus Games Pty. Ltd.	https://www.mobygames.com/game/platform:gameboy-advance/sort:-critic_score/page:4/
gba	salt lake 2002	Salt Lake 2002	58	2002	Ubi Studios UK	https://www.mobygames.com/game/platform:gameboy-advance/sort:-critic_score/page:4/
gba	the wild	The Wild	58	2006	Climax Group Limited	https://www.mobygames.com/game/platform:gameboy-advance/sort:-critic_score/page:4/
gba	altered beast guardian of the realms	Altered Beast: Guardian of the Realms	58	2002	3d6 Games, Inc.	https://www.mobygames.com/game/platform:gameboy-advance/sort:-critic_score/page:4/
gba	yu gi oh reshef of destruction	Yu-Gi-Oh!: Reshef of Destruction	58	2003	Konami Computer Entertainment Japan, Inc.	https://www.mobygames.com/game/platform:gameboy-advance/sort:-critic_score/page:4/
gba	digidrive	Digidrive	58	2006	Q-Games Ltd.	https://www.mobygames.com/game/platform:gameboy-advance/sort:-critic_score/page:4/
gba	robotech the macross saga	Robotech: The Macross Saga	58	2002	Lucky Chicken Games, Inc.	https://www.mobygames.com/game/platform:gameboy-advance/sort:-critic_score/page:4/
gba	star x	Star X	58	2002	Graphic State Limited	https://www.mobygames.com/game/platform:gameboy-advance/sort:-critic_score/page:4/
gba	an american tail fievel s gold rush	An American Tail: Fievel's Gold Rush	58	2001	Hokus Pokus	https://www.mobygames.com/game/platform:gameboy-advance/sort:-critic_score/page:4/
gba	punch king	Punch King	58	2002	Full Fat Productions Ltd.	https://www.mobygames.com/game/platform:gameboy-advance/sort:-critic_score/page:4/
gba	espn x games skateboarding	ESPN X Games Skateboarding	58	2001	Konami Computer Entertainment Hawaii, Inc.	https://www.mobygames.com/game/platform:gameboy-advance/sort:-critic_score/page:4/
gba	tiger woods pga tour golf	Tiger Woods PGA Tour Golf	58	2002	Rebellion Developments Ltd.	https://www.mobygames.com/game/platform:gameboy-advance/sort:-critic_score/page:4/
gba	mario party advance	Mario Party Advance	59	2005	Hudson Soft Company, Ltd.	https://www.mobygames.com/game/platform:gameboy-advance/sort:-critic_score/page:4/
gba	digimon battle spirit 2	Digimon: Battle Spirit 2	59	2003	Dimps Corporation	https://www.mobygames.com/game/platform:gameboy-advance/sort:-critic_score/page:4/
gba	jimmy neutron boy genius	Jimmy Neutron: Boy Genius	59	2001	Human Soft Inc.	https://www.mobygames.com/game/platform:gameboy-advance/sort:-critic_score/page:4/
gba	dragon ball gt transformation	Dragon Ball GT: Transformation	59	2005	Webfoot Technologies, Inc.	https://www.mobygames.com/game/platform:gameboy-advance/sort:-critic_score/page:4/
gba	digimon battle spirit	Digimon: Battle Spirit	59	2003	Dimps Corporation	https://www.mobygames.com/game/platform:gameboy-advance/sort:-critic_score/page:4/
gba	danny phantom urban jungle	Danny Phantom: Urban Jungle	59	2006	Altron Corporation	https://www.mobygames.com/game/platform:gameboy-advance/sort:-critic_score/page:4/
gba	dungeons dragons eye of the beholder	Dungeons & Dragons: Eye of the Beholder	59	2002	Pronto Games, Inc.	https://www.mobygames.com/game/platform:gameboy-advance/sort:-critic_score/page:4/
gba	jurassic park iii island attack	Jurassic Park III: Island Attack	59	2001	Mobile21 Co., Ltd.	https://www.mobygames.com/game/platform:gameboy-advance/sort:-critic_score/page:4/
gba	pink panther pinkadelic pursuit	Pink Panther: Pinkadelic Pursuit	59	2002	SuperEmpire Interactive Inc.	https://www.mobygames.com/game/platform:gameboy-advance/sort:-critic_score/page:4/
gba	star wars trilogy apprentice of the force	Star Wars Trilogy: Apprentice of the Force	59	2004	Ubisoft Entertainment Inc.	https://www.mobygames.com/game/platform:gameboy-advance/sort:-critic_score/page:4/
gba	dual blades	Dual Blades	60	2002	Vivid Image	https://www.mobygames.com/game/platform:gameboy-advance/sort:-critic_score/page:4/
gba	disney sports motocross	Disney Sports Motocross	60	2003	Jupiter Corp.	https://www.mobygames.com/game/platform:gameboy-advance/sort:-critic_score/page:4/
gba	juka and the monophonic menace	Juka and the Monophonic Menace	60	2005	Orbital Media, Inc.	https://www.mobygames.com/game/platform:gameboy-advance/sort:-critic_score/page:4/
gba	donkey kong	Donkey Kong	60	2002	Nintendo R&D1	https://www.mobygames.com/game/platform:gameboy-advance/sort:-critic_score/page:4/
gba	batman rise of sin tzu	Batman: Rise of Sin Tzu	60	2003	Ubi Soft Entertainment Inc.	https://www.mobygames.com/game/platform:gameboy-advance/sort:-critic_score/page:4/
gba	dinotopia the timestone pirates	Dinotopia: The Timestone Pirates	60	2002	RFX Interactive	https://www.mobygames.com/game/platform:gameboy-advance/sort:-critic_score/page:4/
gba	disney s chicken little	Disney's Chicken Little	60	2005	Artificial Mind & Movement	https://www.mobygames.com/game/platform:gameboy-advance/sort:-critic_score/page:4/
gba	the incredible hulk	The Incredible Hulk	60	2003	Pocket Studios	https://www.mobygames.com/game/platform:gameboy-advance/sort:-critic_score/page:4/
gba	disney s home on the range	Disney's Home on the Range	60	2004	Artificial Mind & Movement	https://www.mobygames.com/game/platform:gameboy-advance/sort:-critic_score/page:4/
gba	ice age 2 the meltdown	Ice Age 2: The Meltdown	60	2006	Amaze Entertainment, Inc.	https://www.mobygames.com/game/platform:gameboy-advance/sort:-critic_score/page:4/
gba	advance guardian heroes	Advance Guardian Heroes	60	2004	Treasure Co., Ltd.	https://www.mobygames.com/game/platform:gameboy-advance/sort:-critic_score/page:4/
gba	the powerpuff girls him and seek	The Powerpuff Girls: Him and Seek	60	2002	Vicarious Visions, Inc.	https://www.mobygames.com/game/platform:gameboy-advance/sort:-critic_score/page:4/
gba	atomic betty	Atomic Betty	60	2005	Big Blue Bubble Inc.	https://www.mobygames.com/game/platform:gameboy-advance/sort:-critic_score/page:4/
gba	disney s atlantis the lost empire	Disney's Atlantis: The Lost Empire	60	2001	3d6 Games, Inc.	https://www.mobygames.com/game/platform:gameboy-advance/sort:-critic_score/page:4/
gba	the simpsons road rage	The Simpsons: Road Rage	60	2003	Altron Corporation	https://www.mobygames.com/game/platform:gameboy-advance/sort:-critic_score/page:4/
gba	metroid	Metroid	61	2004	Nintendo R&D1	https://www.mobygames.com/game/platform:gameboy-advance/sort:-critic_score/page:4/
gba	spyro orange the cortex conspiracy	Spyro Orange: The Cortex Conspiracy	61	2004	Vicarious Visions, Inc.	https://www.mobygames.com/game/platform:gameboy-advance/sort:-critic_score/page:4/
gba	motocross maniacs advance	Motocross Maniacs Advance	61	2002	Konami Computer Entertainment Hawaii, Inc.	https://www.mobygames.com/game/platform:gameboy-advance/sort:-critic_score/page:4/
gba	rayman hoodlum s revenge	Rayman: Hoodlum's Revenge	61	2005	Digital Eclipse Software, Inc.	https://www.mobygames.com/game/platform:gameboy-advance/sort:-critic_score/page:4/
gba	snood	Snood	61	2001	Rebellion Developments Ltd.	https://www.mobygames.com/game/platform:gameboy-advance/sort:-critic_score/page:4/
gba	davis cup tennis	Davis Cup Tennis	61	2002	Hokus Pokus	https://www.mobygames.com/game/platform:gameboy-advance/sort:-critic_score/page:4/
gba	disney s aladdin	Disney's Aladdin	61	2003	Capcom Co., Ltd.	https://www.mobygames.com/game/platform:gameboy-advance/sort:-critic_score/page:4/
gba	advance wars	Advance Wars	92	2001	Intelligent Systems Co., Ltd.	https://www.mobygames.com/game/platform:gameboy-advance/sort:critic_score/page:1/
gba	mario kart super circuit	Mario Kart: Super Circuit	92	2001	Intelligent Systems Co., Ltd.	https://www.mobygames.com/game/platform:gameboy-advance/sort:critic_score/page:1/
gba	super mario world super mario advance 2	Super Mario World: Super Mario Advance 2	91	2001	Nintendo Co., Ltd.	https://www.mobygames.com/game/platform:gameboy-advance/sort:critic_score/page:1/
gba	the legend of zelda a link to the past four sword	The Legend of Zelda: A Link to the Past/Four Sword...	91	2002	Capcom Co., Ltd.	https://www.mobygames.com/game/platform:gameboy-advance/sort:critic_score/page:1/
gba	advance wars 2 black hole rising	Advance Wars 2: Black Hole Rising	90	2003	Intelligent Systems Co., Ltd.	https://www.mobygames.com/game/platform:gameboy-advance/sort:critic_score/page:1/
gba	mario luigi superstar saga	Mario & Luigi: Superstar Saga	90	2003	AlphaDream Corporation, Ltd.	https://www.mobygames.com/game/platform:gameboy-advance/sort:critic_score/page:1/
gba	metroid zero mission	Metroid: Zero Mission	89	2004	Nintendo R&D1	https://www.mobygames.com/game/platform:gameboy-advance/sort:critic_score/page:1/
gba	yoshi s island super mario advance 3	Yoshi's Island: Super Mario Advance 3	89	2002	Nintendo R&D2	https://www.mobygames.com/game/platform:gameboy-advance/sort:critic_score/page:1/
gba	metroid fusion	Metroid Fusion	89	2002	Nintendo R&D1	https://www.mobygames.com/game/platform:gameboy-advance/sort:critic_score/page:1/
gba	super mario advance 4 super mario bros 3	Super Mario Advance 4: Super Mario Bros. 3	89	2003	Nintendo R&D2	https://www.mobygames.com/game/platform:gameboy-advance/sort:critic_score/page:1/
gba	the legend of zelda the minish cap	The Legend of Zelda: The Minish Cap	88	2004	Capcom Co., Ltd.	https://www.mobygames.com/game/platform:gameboy-advance/sort:critic_score/page:1/
gba	warioware inc mega microgame	WarioWare, Inc.: Mega Microgame$!	88	2003	Nintendo R&D1	https://www.mobygames.com/game/platform:gameboy-advance/sort:critic_score/page:1/
gba	wario land 4	Wario Land 4	88	2001	Nintendo R&D1	https://www.mobygames.com/game/platform:gameboy-advance/sort:critic_score/page:1/
gba	tony hawk s pro skater 2	Tony Hawk's Pro Skater 2	88	2001	Vicarious Visions, Inc.	https://www.mobygames.com/game/platform:gameboy-advance/sort:critic_score/page:1/
gba	castlevania aria of sorrow	Castlevania: Aria of Sorrow	88	2003	Konami Computer Entertainment Tokyo, Inc.	https://www.mobygames.com/game/platform:gameboy-advance/sort:critic_score/page:1/
gba	final fantasy iii	Final Fantasy III	88	2006	Square Enix Co., Ltd.	https://www.mobygames.com/game/platform:gameboy-advance/sort:critic_score/page:1/
gba	tony hawk s underground	Tony Hawk's Underground	88	2003	Vicarious Visions, Inc.	https://www.mobygames.com/game/platform:gameboy-advance/sort:critic_score/page:1/
gba	tony hawk s pro skater 3	Tony Hawk's Pro Skater 3	88	2002	Vicarious Visions, Inc.	https://www.mobygames.com/game/platform:gameboy-advance/sort:critic_score/page:1/
gba	tactics ogre the knight of lodis	Tactics Ogre: The Knight of Lodis	88	2001	Quest Corporation	https://www.mobygames.com/game/platform:gameboy-advance/sort:critic_score/page:1/
gba	tony hawk s pro skater 4	Tony Hawk's Pro Skater 4	87	2002	Semi Logic Entertainments, Inc.	https://www.mobygames.com/game/platform:gameboy-advance/sort:critic_score/page:1/
gba	warioware twisted	WarioWare: Twisted!	87	2004	Nintendo R&D1	https://www.mobygames.com/game/platform:gameboy-advance/sort:critic_score/page:1/
gba	golden sun	Golden Sun	87	2001	Camelot Software Planning	https://www.mobygames.com/game/platform:gameboy-advance/sort:critic_score/page:1/
gba	super robot taisen original generation 2	Super Robot Taisen: Original Generation 2	86	2005	Banpresoft Co., Ltd.	https://www.mobygames.com/game/platform:gameboy-advance/sort:critic_score/page:1/
gba	golden sun the lost age	Golden Sun: The Lost Age	86	2002	Camelot Software Planning	https://www.mobygames.com/game/platform:gameboy-advance/sort:critic_score/page:1/
gba	mother 3	Mother 3	86	2006	Brownie Brown Inc.	https://www.mobygames.com/game/platform:gameboy-advance/sort:critic_score/page:1/
gba	fire emblem	Fire Emblem	86	2003	Intelligent Systems Co., Ltd.	https://www.mobygames.com/game/platform:gameboy-advance/sort:critic_score/page:1/
gba	final fantasy tactics advance	Final Fantasy Tactics Advance	86	2003	Square Co., Ltd.	https://www.mobygames.com/game/platform:gameboy-advance/sort:critic_score/page:1/
gba	mario golf advance tour	Mario Golf: Advance Tour	86	2004	Camelot Software Planning	https://www.mobygames.com/game/platform:gameboy-advance/sort:critic_score/page:1/
gba	alien hominid	Alien Hominid	86	2006	The Behemoth	https://www.mobygames.com/game/platform:gameboy-advance/sort:critic_score/page:1/
gba	castlevania circle of the moon	Castlevania: Circle of the Moon	85	2001	Konami Computer Entertainment Kobe, Inc.	https://www.mobygames.com/game/platform:gameboy-advance/sort:critic_score/page:1/
gba	klonoa empire of dreams	Klonoa: Empire of Dreams	85	2001	Now Production Co., Ltd.	https://www.mobygames.com/game/platform:gameboy-advance/sort:critic_score/page:1/
gba	fire emblem the sacred stones	Fire Emblem: The Sacred Stones	85	2004	Intelligent Systems Co., Ltd.	https://www.mobygames.com/game/platform:gameboy-advance/sort:critic_score/page:1/
gba	astro boy omega factor	Astro Boy: Omega Factor	85	2003	Hitmaker	https://www.mobygames.com/game/platform:gameboy-advance/sort:critic_score/page:1/
gba	mario tennis power tour	Mario Tennis: Power Tour	85	2005	Camelot Software Planning	https://www.mobygames.com/game/platform:gameboy-advance/sort:critic_score/page:1/
gba	colin mcrae rally 2 0	Colin McRae Rally 2.0	84	2002	Spellbound Interactive Ltd.	https://www.mobygames.com/game/platform:gameboy-advance/sort:critic_score/page:1/
gba	rayman	Rayman	84	2001	Ubi Soft Paris Studios	https://www.mobygames.com/game/platform:gameboy-advance/sort:critic_score/page:1/
gba	harvest moon friends of mineral town	Harvest Moon: Friends of Mineral Town	84	2003	Tose Co., Ltd.	https://www.mobygames.com/game/platform:gameboy-advance/sort:critic_score/page:1/
gba	kuru kuru kururin	Kuru Kuru Kururin	83	2001	Eighting Co., Ltd.	https://www.mobygames.com/game/platform:gameboy-advance/sort:critic_score/page:1/
gba	rayman 3	Rayman 3	83	2003	Ubi Soft Entertainment Inc. / Ubi Soft Divertissements Inc.	https://www.mobygames.com/game/platform:gameboy-advance/sort:critic_score/page:1/
gba	pok mon sapphire version	Pokémon Sapphire Version	83	2002	Game Freak, Inc.	https://www.mobygames.com/game/platform:gameboy-advance/sort:critic_score/page:1/
gba	activision anthology	Activision Anthology	83	2003		https://www.mobygames.com/game/platform:gameboy-advance/sort:critic_score/page:1/
gba	mat hoffman s pro bmx 2	Mat Hoffman's Pro BMX 2	83	2002	HotGen Ltd.	https://www.mobygames.com/game/platform:gameboy-advance/sort:critic_score/page:1/
gba	crash bandicoot the huge adventure	Crash Bandicoot: The Huge Adventure	83	2002	Vicarious Visions, Inc.	https://www.mobygames.com/game/platform:gameboy-advance/sort:critic_score/page:1/
gba	final fantasy ii	Final Fantasy II	83	2005	Square Enix Co., Ltd.	https://www.mobygames.com/game/platform:gameboy-advance/sort:critic_score/page:1/
gba	gunstar super heroes	Gunstar Super Heroes	83	2005	Treasure Co., Ltd.	https://www.mobygames.com/game/platform:gameboy-advance/sort:critic_score/page:1/
gba	v rally 3	V-Rally 3	83	2002	Velez & Dubail Dev. Team	https://www.mobygames.com/game/platform:gameboy-advance/sort:critic_score/page:1/
gba	mega man zero 2	Mega Man Zero 2	83	2003	Inti Creates Co., Ltd.	https://www.mobygames.com/game/platform:gameboy-advance/sort:critic_score/page:1/
gba	bomberman tournament	Bomberman Tournament	83	2001	Hudson Soft Company, Ltd.	https://www.mobygames.com/game/platform:gameboy-advance/sort:critic_score/page:1/
gba	pok mon ruby version	Pokémon Ruby Version	83	2002	Game Freak, Inc.	https://www.mobygames.com/game/platform:gameboy-advance/sort:critic_score/page:1/
gba	super mario advance	Super Mario Advance	83	2001	Nintendo R&D2	https://www.mobygames.com/game/platform:gameboy-advance/sort:critic_score/page:1/
gba	mortal kombat deadly alliance	Mortal Kombat: Deadly Alliance	83	2002	Midway Games, Inc.	https://www.mobygames.com/game/platform:gameboy-advance/sort:critic_score/page:2/
gba	f zero maximum velocity	F-Zero: Maximum Velocity	83	2001	Nintendo R&D1	https://www.mobygames.com/game/platform:gameboy-advance/sort:critic_score/page:2/
gba	rock n roll racing	Rock n' Roll Racing	83	2003	Blizzard Entertainment Inc.	https://www.mobygames.com/game/platform:gameboy-advance/sort:critic_score/page:2/
gba	mortal kombat tournament edition	Mortal Kombat: Tournament Edition	83	2003	Midway Games, Inc.	https://www.mobygames.com/game/platform:gameboy-advance/sort:critic_score/page:2/
gba	street fighter alpha 3	Street Fighter Alpha 3	82	2002	Crawfish Interactive Ltd.	https://www.mobygames.com/game/platform:gameboy-advance/sort:critic_score/page:2/
gba	summon night swordcraft story 2	Summon Night: Swordcraft Story 2	82	2004	Flight-Plan Inc.	https://www.mobygames.com/game/platform:gameboy-advance/sort:critic_score/page:2/
gba	the king of fighters ex2 howling blood	The King of Fighters EX2: Howling Blood	82	2003	Sun-Tec Company Limited	https://www.mobygames.com/game/platform:gameboy-advance/sort:critic_score/page:2/
gba	ninja five o	Ninja Five-O	82	2003	Hudson Soft Company, Ltd.	https://www.mobygames.com/game/platform:gameboy-advance/sort:critic_score/page:2/
gba	tekken advance	Tekken Advance	82	2001	Eighting Co., Ltd.	https://www.mobygames.com/game/platform:gameboy-advance/sort:critic_score/page:2/
gba	donkey kong country 2 diddy s kong quest	Donkey Kong Country 2: Diddy's Kong Quest	82	2004	Rare Limited	https://www.mobygames.com/game/platform:gameboy-advance/sort:critic_score/page:2/
gba	baseball advance	Baseball Advance	82	2002	Smilebit	https://www.mobygames.com/game/platform:gameboy-advance/sort:critic_score/page:2/
gba	castlevania harmony of dissonance	Castlevania: Harmony of Dissonance	82	2002	Konami Computer Entertainment Tokyo, Inc.	https://www.mobygames.com/game/platform:gameboy-advance/sort:critic_score/page:2/
gba	duke nukem advance	Duke Nukem Advance	82	2002	Torus Games Pty. Ltd.	https://www.mobygames.com/game/platform:gameboy-advance/sort:critic_score/page:2/
gba	fifa soccer 2005	FIFA Soccer 2005	82	2004	Exient Entertainment	https://www.mobygames.com/game/platform:gameboy-advance/sort:critic_score/page:2/
gba	circle of blood	Circle of Blood	82	2002	Revolution Software Ltd.	https://www.mobygames.com/game/platform:gameboy-advance/sort:critic_score/page:2/
gba	rhythm tengoku	Rhythm Tengoku	82	2006	Nintendo SPD	https://www.mobygames.com/game/platform:gameboy-advance/sort:critic_score/page:2/
gba	mega man zero	Mega Man Zero	81	2002	Inti Creates Co., Ltd.	https://www.mobygames.com/game/platform:gameboy-advance/sort:critic_score/page:2/
gba	sonic advance	Sonic Advance	81	2001	SONICTEAM, Ltd.	https://www.mobygames.com/game/platform:gameboy-advance/sort:critic_score/page:2/
gba	dave mirra freestyle bmx 2	Dave Mirra Freestyle BMX 2	81	2001	Full Fat Productions Ltd.	https://www.mobygames.com/game/platform:gameboy-advance/sort:critic_score/page:2/
gba	chuchu rocket	ChuChu Rocket!	81	2001	Sonic Team	https://www.mobygames.com/game/platform:gameboy-advance/sort:critic_score/page:2/
gba	madden nfl 2005	Madden NFL 2005	81	2004	Exient Entertainment	https://www.mobygames.com/game/platform:gameboy-advance/sort:critic_score/page:2/
gba	fire pro wrestling 2	Fire Pro Wrestling 2	81	2002	Spike Co., Ltd.	https://www.mobygames.com/game/platform:gameboy-advance/sort:critic_score/page:2/
gba	super street fighter ii turbo revival	Super Street Fighter II: Turbo Revival	81	2001	Capcom Co., Ltd.	https://www.mobygames.com/game/platform:gameboy-advance/sort:critic_score/page:2/
gba	racing gears advance	Racing Gears Advance	81	2005	Orbital Media, Inc.	https://www.mobygames.com/game/platform:gameboy-advance/sort:critic_score/page:2/
gba	shining force resurrection of the dark dragon	Shining Force: Resurrection of the Dark Dragon	81	2004	Climax Entertainment	https://www.mobygames.com/game/platform:gameboy-advance/sort:critic_score/page:2/
gba	drill dozer	Drill Dozer	81	2005	Game Freak, Inc.	https://www.mobygames.com/game/platform:gameboy-advance/sort:critic_score/page:2/
gba	bruce lee return of the legend	Bruce Lee: Return of the Legend	81	2003	Vicarious Visions, Inc.	https://www.mobygames.com/game/platform:gameboy-advance/sort:critic_score/page:2/
gba	the legend of zelda	The Legend of Zelda	81	2004	Nintendo Co., Ltd.	https://www.mobygames.com/game/platform:gameboy-advance/sort:critic_score/page:2/
gba	sonic advance 2	Sonic Advance 2	81	2002	Sonic Team	https://www.mobygames.com/game/platform:gameboy-advance/sort:critic_score/page:2/
gba	pok mon leafgreen version	Pokémon LeafGreen Version	81	2004	Game Freak, Inc.	https://www.mobygames.com/game/platform:gameboy-advance/sort:critic_score/page:2/
gba	pok mon firered version	Pokémon FireRed Version	81	2004	Creatures, Inc.	https://www.mobygames.com/game/platform:gameboy-advance/sort:critic_score/page:2/
gba	virtua tennis	Virtua Tennis	80	2002	Altron Corporation	https://www.mobygames.com/game/platform:gameboy-advance/sort:critic_score/page:2/
gba	doom	Doom	80	2001	id Software, Inc.	https://www.mobygames.com/game/platform:gameboy-advance/sort:critic_score/page:2/
gba	doom ii	Doom II	80	2002	id Software, Inc.	https://www.mobygames.com/game/platform:gameboy-advance/sort:critic_score/page:2/
gba	pok mon pinball ruby sapphire	Pokémon Pinball: Ruby & Sapphire	80	2003	Jupiter Corp.	https://www.mobygames.com/game/platform:gameboy-advance/sort:critic_score/page:2/
gba	puyo pop fever	Puyo Pop Fever	80	2004	SONICTEAM, Ltd.	https://www.mobygames.com/game/platform:gameboy-advance/sort:critic_score/page:2/
gba	dragon ball advanced adventure	Dragon Ball: Advanced Adventure	80	2004	Dimps Corporation	https://www.mobygames.com/game/platform:gameboy-advance/sort:critic_score/page:2/
gba	metal slug advance	Metal Slug Advance	80	2004	Noise Factory Co., Ltd.	https://www.mobygames.com/game/platform:gameboy-advance/sort:critic_score/page:2/
gba	final fantasy v advance	Final Fantasy V Advance	80	2006	Square Enix Co., Ltd.	https://www.mobygames.com/game/platform:gameboy-advance/sort:critic_score/page:2/
gba	klonoa 2 dream champ tournament	Klonoa 2: Dream Champ Tournament	80	2002	Namco Limited	https://www.mobygames.com/game/platform:gameboy-advance/sort:critic_score/page:2/
gba	nhl 2002	NHL 2002	80	2002	Budcat Creations, LLC	https://www.mobygames.com/game/platform:gameboy-advance/sort:critic_score/page:2/
gba	super ghouls n ghosts	Super Ghouls 'N Ghosts	80	2002	Capcom Co., Ltd.	https://www.mobygames.com/game/platform:gameboy-advance/sort:critic_score/page:2/
gba	riviera the promised land	Riviera: The Promised Land	80	2004	Sting, Inc.	https://www.mobygames.com/game/platform:gameboy-advance/sort:critic_score/page:2/
gba	boktai 2 solar boy django	Boktai 2: Solar Boy Django	80	2004	Konami JPN	https://www.mobygames.com/game/platform:gameboy-advance/sort:critic_score/page:2/
gba	mega man battle network 2	Mega Man Battle Network 2	80	2001	Capcom Production Studio 2	https://www.mobygames.com/game/platform:gameboy-advance/sort:critic_score/page:2/
gba	ballistic ecks vs sever	Ballistic: Ecks vs. Sever	79	2002	Crawfish Interactive Ltd.	https://www.mobygames.com/game/platform:gameboy-advance/sort:critic_score/page:2/
gba	konami krazy racers	Konami Krazy Racers	79	2001	Konami Computer Entertainment Kobe, Inc.	https://www.mobygames.com/game/platform:gameboy-advance/sort:critic_score/page:2/
gba	super puzzle fighter ii turbo	Super Puzzle Fighter II Turbo	79	2003	Capcom Co., Ltd.	https://www.mobygames.com/game/platform:gameboy-advance/sort:critic_score/page:2/
gba	rebelstar tactical command	Rebelstar: Tactical Command	79	2005	Codo Technologies Ltd.	https://www.mobygames.com/game/platform:gameboy-advance/sort:critic_score/page:2/
gba	muppet pinball mayhem	Muppet Pinball Mayhem	79	2002	Digital Eclipse Software, Inc.	https://www.mobygames.com/game/platform:gameboy-advance/sort:critic_score/page:2/
gba	boktai the sun is in your hand	Boktai: The Sun is in Your Hand	79	2003	Konami Computer Entertainment Japan, Inc.	https://www.mobygames.com/game/platform:gameboy-advance/sort:critic_score/page:3/
gba	breath of fire ii	Breath of Fire II	79	2001	Capcom Co., Ltd.	https://www.mobygames.com/game/platform:gameboy-advance/sort:critic_score/page:3/
gba	super monkey ball jr	Super Monkey Ball Jr.	79	2002	H.I.C. Co., Ltd.	https://www.mobygames.com/game/platform:gameboy-advance/sort:critic_score/page:3/
gba	puyo pop	Puyo Pop	79	2001	SONICTEAM, Ltd.	https://www.mobygames.com/game/platform:gameboy-advance/sort:critic_score/page:3/
gba	dotstream	Dotstream	79	2006	Skip, Ltd.	https://www.mobygames.com/game/platform:gameboy-advance/sort:critic_score/page:3/
gba	konami collector s series arcade advanced	Konami Collector's Series: Arcade Advanced	79	2002	Konami Computer Entertainment Hawaii, Inc.	https://www.mobygames.com/game/platform:gameboy-advance/sort:critic_score/page:3/
gba	international superstar soccer	International Superstar Soccer	79	2001	Konami Computer Entertainment Osaka Co., Ltd.	https://www.mobygames.com/game/platform:gameboy-advance/sort:critic_score/page:3/
gba	kingdom hearts chain of memories	Kingdom Hearts: Chain of Memories	79	2004	Jupiter Corp.	https://www.mobygames.com/game/platform:gameboy-advance/sort:critic_score/page:3/
gba	super mario bros	Super Mario Bros.	79	2004	Nintendo R&D4	https://www.mobygames.com/game/platform:gameboy-advance/sort:critic_score/page:3/
gba	mega man zero 4	Mega Man Zero 4	78	2005	Inti Creates Co., Ltd.	https://www.mobygames.com/game/platform:gameboy-advance/sort:critic_score/page:3/
gba	harvest moon more friends of mineral town	Harvest Moon: More Friends of Mineral Town	78	2003	Marvelous Entertainment Inc.	https://www.mobygames.com/game/platform:gameboy-advance/sort:critic_score/page:3/
gba	iridion ii	Iridion II	78	2003	Shin'en Multimedia GmbH	https://www.mobygames.com/game/platform:gameboy-advance/sort:critic_score/page:3/
gba	mega man battle network	Mega Man Battle Network	78	2001	Capcom Production Studio 2	https://www.mobygames.com/game/platform:gameboy-advance/sort:critic_score/page:3/
gba	spider man mysterio s menace	Spider-Man: Mysterio's Menace	78	2001	Vicarious Visions, Inc.	https://www.mobygames.com/game/platform:gameboy-advance/sort:critic_score/page:3/
gba	the pinball of the dead	The Pinball of the Dead	78	2002	Eighting Co., Ltd.	https://www.mobygames.com/game/platform:gameboy-advance/sort:critic_score/page:3/
gba	the lost vikings	The Lost Vikings	78	2003	Blizzard Entertainment Inc.	https://www.mobygames.com/game/platform:gameboy-advance/sort:critic_score/page:3/
gba	tom clancy s splinter cell	Tom Clancy's Splinter Cell	78	2003	Ubi Soft Entertainment Inc. / Ubi Soft Divertissements Inc.	https://www.mobygames.com/game/platform:gameboy-advance/sort:critic_score/page:3/
gba	lady sia	Lady Sia	78	2001	RFX Interactive	https://www.mobygames.com/game/platform:gameboy-advance/sort:critic_score/page:3/
gba	creatures	Creatures	78	2002	Elo Interactive Media GmbH	https://www.mobygames.com/game/platform:gameboy-advance/sort:critic_score/page:3/
gba	spongebob squarepants revenge of the flying dutch	SpongeBob SquarePants: Revenge of the Flying Dutch...	78	2002	Vicarious Visions, Inc.	https://www.mobygames.com/game/platform:gameboy-advance/sort:critic_score/page:3/
gba	sonic advance 3	Sonic Advance 3	78	2004	SONICTEAM, Ltd.	https://www.mobygames.com/game/platform:gameboy-advance/sort:critic_score/page:3/
gba	max payne	Max Payne	78	2003	Möbius Entertainment Ltd.	https://www.mobygames.com/game/platform:gameboy-advance/sort:critic_score/page:3/
gba	yggdra union we ll never fight alone	Yggdra Union: We'll Never Fight Alone	78	2006	Sting, Inc.	https://www.mobygames.com/game/platform:gameboy-advance/sort:critic_score/page:3/
gba	mario vs donkey kong	Mario vs. Donkey Kong	78	2004	Nintendo Software Technology Corporation	https://www.mobygames.com/game/platform:gameboy-advance/sort:critic_score/page:3/
gba	crash bandicoot 2 n tranced	Crash Bandicoot 2: N-Tranced	78	2003	Vicarious Visions, Inc.	https://www.mobygames.com/game/platform:gameboy-advance/sort:critic_score/page:3/
gba	maya the bee the great adventure	Maya the Bee: The Great Adventure	78	2002	Shin'en Multimedia GmbH	https://www.mobygames.com/game/platform:gameboy-advance/sort:critic_score/page:3/
gba	ecks vs sever	Ecks vs. Sever	78	2001	Crawfish Interactive Ltd.	https://www.mobygames.com/game/platform:gameboy-advance/sort:critic_score/page:3/
gba	the sims bustin out	The Sims: Bustin' Out	78	2003	Maxis Software Inc.	https://www.mobygames.com/game/platform:gameboy-advance/sort:critic_score/page:3/
gba	disney s kim possible 2 drakken s demise	Disney's Kim Possible 2: Drakken's Demise	78	2004	Artificial Mind & Movement	https://www.mobygames.com/game/platform:gameboy-advance/sort:critic_score/page:3/
gba	mega man battle network 3 white version	Mega Man Battle Network 3: White Version	77	2002	Capcom Production Studio 2	https://www.mobygames.com/game/platform:gameboy-advance/sort:critic_score/page:3/
gba	the legend of spyro the eternal night	The Legend of Spyro: The Eternal Night	77	2007	Amaze Entertainment, Inc.	https://www.mobygames.com/game/platform:gameboy-advance/sort:critic_score/page:3/
gba	donkey kong country	Donkey Kong Country	77	2003	Rare Limited	https://www.mobygames.com/game/platform:gameboy-advance/sort:critic_score/page:3/
gba	mech platoon	Mech Platoon	77	2001	Will Co., Ltd.	https://www.mobygames.com/game/platform:gameboy-advance/sort:critic_score/page:3/
gba	summon night swordcraft story	Summon Night: Swordcraft Story	77	2003	Flight-Plan Inc.	https://www.mobygames.com/game/platform:gameboy-advance/sort:critic_score/page:3/
gba	gt advance 2 rally racing	GT Advance 2: Rally Racing	77	2002	MTO Co., Ltd.	https://www.mobygames.com/game/platform:gameboy-advance/sort:critic_score/page:3/
gba	kirby nightmare in dream land	Kirby: Nightmare in Dream Land	77	2002	HAL Laboratory, Inc.	https://www.mobygames.com/game/platform:gameboy-advance/sort:critic_score/page:3/
gba	denki blocks	Denki Blocks!	77	2001	Denki Ltd.	https://www.mobygames.com/game/platform:gameboy-advance/sort:critic_score/page:3/
gba	gradius galaxies	Gradius Galaxies	77	2001	Mobile21 Co., Ltd.	https://www.mobygames.com/game/platform:gameboy-advance/sort:critic_score/page:3/
gba	nicktoons racing	Nicktoons Racing	77	2002	Crawfish Interactive Ltd.	https://www.mobygames.com/game/platform:gameboy-advance/sort:critic_score/page:3/
gba	shining soul ii	Shining Soul II	77	2003	Grasshopper Manufacture Inc.	https://www.mobygames.com/game/platform:gameboy-advance/sort:critic_score/page:3/
gba	moto racer advance	Moto Racer Advance	77	2002	Delphine Software International	https://www.mobygames.com/game/platform:gameboy-advance/sort:critic_score/page:3/
gba	gt advance championship racing	GT Advance Championship Racing	77	2001	MTO Co., Ltd.	https://www.mobygames.com/game/platform:gameboy-advance/sort:critic_score/page:3/
gba	mega man zero 3	Mega Man Zero 3	77	2004	Inti Creates Co., Ltd.	https://www.mobygames.com/game/platform:gameboy-advance/sort:critic_score/page:3/
gba	top gear rally	Top Gear: Rally	76	2003	Tantalus Interactive Pty. Ltd.	https://www.mobygames.com/game/platform:gameboy-advance/sort:critic_score/page:3/
gba	wade hixton s counter punch	Wade Hixton's Counter Punch	76	2004	Inferno Games, Inc.	https://www.mobygames.com/game/platform:gameboy-advance/sort:critic_score/page:3/
gba	f zero gp legend	F-Zero: GP Legend	76	2003	SUZAK Inc.	https://www.mobygames.com/game/platform:gameboy-advance/sort:critic_score/page:3/
gba	all star baseball 2003	All-Star Baseball 2003	76	2002	Software Creations Ltd.	https://www.mobygames.com/game/platform:gameboy-advance/sort:critic_score/page:3/
gba	boulder dash ex	Boulder Dash EX	76	2002	Vision Works	https://www.mobygames.com/game/platform:gameboy-advance/sort:critic_score/page:3/
gba	it s mr pants	It's Mr Pants	76	2004	Rare Limited	https://www.mobygames.com/game/platform:gameboy-advance/sort:critic_score/page:3/
gba	pok mon emerald version	Pokémon Emerald Version	76	2004	Game Freak, Inc.	https://www.mobygames.com/game/platform:gameboy-advance/sort:critic_score/page:3/
gba	hamtaro ham ham heartbreak	Hamtaro: Ham-Ham Heartbreak	76	2002	Pax Softnica	https://www.mobygames.com/game/platform:gameboy-advance/sort:critic_score/page:4/
gba	donkey kong country 3 dixie kong s double trouble	Donkey Kong Country 3: Dixie Kong's Double Trouble...	76	2005	Rare Limited	https://www.mobygames.com/game/platform:gameboy-advance/sort:critic_score/page:4/
gba	spyro 2 season of flame	Spyro 2: Season of Flame	76	2002	Digital Eclipse Software, Inc.	https://www.mobygames.com/game/platform:gameboy-advance/sort:critic_score/page:4/
gba	gt advance 3 pro concept racing	GT Advance 3: Pro Concept Racing	76	2003	MTO Co., Ltd.	https://www.mobygames.com/game/platform:gameboy-advance/sort:critic_score/page:4/
gba	the king of fighters ex neo blood	The King of Fighters EX: Neo Blood	76	2002	Artoon Co., Ltd.	https://www.mobygames.com/game/platform:gameboy-advance/sort:critic_score/page:4/
gba	disney s kim possible 3 team possible	Disney's Kim Possible 3: Team Possible	76	2005	Artificial Mind & Movement	https://www.mobygames.com/game/platform:gameboy-advance/sort:critic_score/page:4/
gba	tony hawk s underground 2	Tony Hawk's Underground 2	76	2004	Vicarious Visions, Inc.	https://www.mobygames.com/game/platform:gameboy-advance/sort:critic_score/page:4/
gba	stuntman	Stuntman	76	2003	Velez & Dubail Dev. Team	https://www.mobygames.com/game/platform:gameboy-advance/sort:critic_score/page:4/
gba	car battler joe	Car Battler Joe	76	2001	Ancient Co. Ltd.	https://www.mobygames.com/game/platform:gameboy-advance/sort:critic_score/page:4/
gba	mega man battle network 3 blue version	Mega Man Battle Network 3: Blue Version	76	2003	Capcom Production Studio 2	https://www.mobygames.com/game/platform:gameboy-advance/sort:critic_score/page:4/
gba	dave mirra freestyle bmx 3	Dave Mirra Freestyle BMX 3	76	2002	Full Fat Productions Ltd.	https://www.mobygames.com/game/platform:gameboy-advance/sort:critic_score/page:4/
gba	dr mario puzzle league	Dr. Mario & Puzzle League	76	2005	Nintendo Co., Ltd.	https://www.mobygames.com/game/platform:gameboy-advance/sort:critic_score/page:4/
gba	spider man	Spider-Man	76	2002	Digital Eclipse Software, Inc.	https://www.mobygames.com/game/platform:gameboy-advance/sort:critic_score/page:4/
gba	medal of honor infiltrator	Medal of Honor: Infiltrator	75	2003	Netherock Ltd.	https://www.mobygames.com/game/platform:gameboy-advance/sort:critic_score/page:4/
gba	prince of persia the sands of time	Prince of Persia: The Sands of Time	75	2003	Ubisoft Entertainment Inc.	https://www.mobygames.com/game/platform:gameboy-advance/sort:critic_score/page:4/
gba	super bust a move	Super Bust-A-Move	75	2001	Taito Corporation	https://www.mobygames.com/game/platform:gameboy-advance/sort:critic_score/page:4/
gba	monster rancher advance	Monster Rancher Advance	75	2001	Tecmo, Ltd.	https://www.mobygames.com/game/platform:gameboy-advance/sort:critic_score/page:4/
gba	polarium advance	Polarium Advance	75	2005	Mitchell Corporation	https://www.mobygames.com/game/platform:gameboy-advance/sort:critic_score/page:4/
gba	aggressive inline	Aggressive Inline	75	2002	Full Fat Productions Ltd.	https://www.mobygames.com/game/platform:gameboy-advance/sort:critic_score/page:4/
gba	dragon ball z the legacy of goku ii	Dragon Ball Z: The Legacy of Goku II	75	2003	Webfoot Technologies, Inc.	https://www.mobygames.com/game/platform:gameboy-advance/sort:critic_score/page:4/
gba	jet grind radio	Jet Grind Radio	75	2003	Vicarious Visions, Inc.	https://www.mobygames.com/game/platform:gameboy-advance/sort:critic_score/page:4/
gba	tom clancy s rainbow six rogue spear	Tom Clancy's Rainbow Six: Rogue Spear	75	2002	Ubi Soft Studios SRL	https://www.mobygames.com/game/platform:gameboy-advance/sort:critic_score/page:4/
gba	pinky and the brain the master plan	Pinky and The Brain: The Master Plan	75	2002	Warthog Plc	https://www.mobygames.com/game/platform:gameboy-advance/sort:critic_score/page:4/
gba	shaman king master of spirits	Shaman King: Master of Spirits	75	2004	Konami Computer Entertainment Japan, Inc.	https://www.mobygames.com/game/platform:gameboy-advance/sort:critic_score/page:4/
gba	lunar legend	Lunar: Legend	75	2002	Japan Art Media Co., Ltd.	https://www.mobygames.com/game/platform:gameboy-advance/sort:critic_score/page:4/
gba	mega man bass	Mega Man & Bass	75	2002	Capcom Co., Ltd.	https://www.mobygames.com/game/platform:gameboy-advance/sort:critic_score/page:4/
gba	breath of fire	Breath of Fire	75	2001	Capcom Co., Ltd.	https://www.mobygames.com/game/platform:gameboy-advance/sort:critic_score/page:4/
gba	dk king of swing	DK: King of Swing	75	2005	Paon Corporation, Ltd.	https://www.mobygames.com/game/platform:gameboy-advance/sort:critic_score/page:4/
gba	dragon ball z supersonic warriors	Dragon Ball Z: Supersonic Warriors	75	2004	Arc System Works Co., Ltd.	https://www.mobygames.com/game/platform:gameboy-advance/sort:critic_score/page:4/
gba	lucky luke wanted	Lucky Luke: Wanted!	75	2001	Infogrames Europe SA	https://www.mobygames.com/game/platform:gameboy-advance/sort:critic_score/page:4/
gba	sabre wulf	Sabre Wulf	75	2004	Rare Limited	https://www.mobygames.com/game/platform:gameboy-advance/sort:critic_score/page:4/
gba	sonic pinball party	Sonic Pinball Party	75	2003	Sonic Team	https://www.mobygames.com/game/platform:gameboy-advance/sort:critic_score/page:4/
gba	the lord of the rings the two towers	The Lord of the Rings: The Two Towers	75	2002	Griptonite, Inc.	https://www.mobygames.com/game/platform:gameboy-advance/sort:critic_score/page:4/
gba	kirby the amazing mirror	Kirby & The Amazing Mirror	74	2004	HAL Laboratory, Inc.	https://www.mobygames.com/game/platform:gameboy-advance/sort:critic_score/page:4/
gba	hamtaro rainbow rescue	Hamtaro: Rainbow Rescue	74	2003	AlphaDream Corporation, Ltd.	https://www.mobygames.com/game/platform:gameboy-advance/sort:critic_score/page:4/
gba	phantasy star collection	Phantasy Star Collection	74	2002	Digital Eclipse Software, Inc.	https://www.mobygames.com/game/platform:gameboy-advance/sort:critic_score/page:4/
gba	super robot taisen original generation	Super Robot Taisen: Original Generation	74	2002	Banpresoft Co., Ltd.	https://www.mobygames.com/game/platform:gameboy-advance/sort:critic_score/page:4/
gba	space invaders	Space Invaders	74	2002	Z-Axis, Ltd.	https://www.mobygames.com/game/platform:gameboy-advance/sort:critic_score/page:4/
gba	the lord of the rings the return of the king	The Lord of the Rings: The Return of the King	74	2003	Griptonite, Inc.	https://www.mobygames.com/game/platform:gameboy-advance/sort:critic_score/page:4/
gba	tim burton s the nightmare before christmas the p	Tim Burton's The Nightmare Before Christmas: The P...	74	2005	Tose Co., Ltd.	https://www.mobygames.com/game/platform:gameboy-advance/sort:critic_score/page:4/
gba	scurge hive	Scurge: Hive	74	2006	Orbital Media, Inc.	https://www.mobygames.com/game/platform:gameboy-advance/sort:critic_score/page:4/
gba	final fight one	Final Fight One	74	2001	Capcom Co., Ltd.	https://www.mobygames.com/game/platform:gameboy-advance/sort:critic_score/page:4/
gba	bubble bobble old new	Bubble Bobble Old & New	74	2002	Taito Corporation	https://www.mobygames.com/game/platform:gameboy-advance/sort:critic_score/page:4/
gba	ct special forces	CT Special Forces	74	2002	Light & Shadow Production	https://www.mobygames.com/game/platform:gameboy-advance/sort:critic_score/page:4/
gba	droopy s tennis open	Droopy's Tennis Open	74	2002	Bit Managers S.L.	https://www.mobygames.com/game/platform:gameboy-advance/sort:critic_score/page:4/
gba	tmnt	TMNT	74	2007	Ubisoft Entertainment Inc.	https://www.mobygames.com/game/platform:gameboy-advance/sort:critic_score/page:4/
gba	ct special forces back in the trenches	CT Special Forces: Back in the Trenches	74	2003	Light & Shadow Production	https://www.mobygames.com/game/platform:gameboy-advance/sort:critic_score/page:4/
gba	disney s lilo stitch	Disney's Lilo & Stitch	74	2002	Digital Eclipse Software, Inc.	https://www.mobygames.com/game/platform:gameboy-advance/sort:critic_score/page:4/
gba	fifa soccer 2004	FIFA Soccer 2004	74	2003	Exient Entertainment	https://www.mobygames.com/game/platform:gameboy-advance/sort:critic_score/page:4/
gba	kelly slater s pro surfer	Kelly Slater's Pro Surfer	74	2002	HotGen Ltd.	https://www.mobygames.com/game/platform:gameboy-advance/sort:critic_score/page:4/
n64	carmageddon 2 carpocalypse now	Carmageddon 2: Carpocalypse Now	28	1999	Software Creations Ltd.	https://www.mobygames.com/game/platform:n64/sort:-critic_score/page:1/
n64	saban s power rangers lightspeed rescue	Saban's Power Rangers: Lightspeed Rescue	30	2000	Mass Media, Inc.	https://www.mobygames.com/game/platform:n64/sort:-critic_score/page:1/
n64	batman beyond return of the joker	Batman Beyond: Return of the Joker	30	2000	Kemco	https://www.mobygames.com/game/platform:n64/sort:-critic_score/page:1/
n64	superman	Superman	32	1999	Titus France SA	https://www.mobygames.com/game/platform:n64/sort:-critic_score/page:1/
n64	jeopardy	Jeopardy!	33	1998	GameTek, Inc.	https://www.mobygames.com/game/platform:n64/sort:-critic_score/page:1/
n64	mike piazza s strike zone	Mike Piazza's Strike Zone	38	1998	Devil's Thumb Entertainment	https://www.mobygames.com/game/platform:n64/sort:-critic_score/page:1/
n64	transformers beast wars transmetals	Transformers: Beast Wars Transmetals	38	1999	Locomotive Co., Ltd.	https://www.mobygames.com/game/platform:n64/sort:-critic_score/page:1/
n64	wcw nitro	WCW Nitro	42	1999	Inland Productions, Inc.	https://www.mobygames.com/game/platform:n64/sort:-critic_score/page:1/
n64	dual heroes	Dual Heroes	42	1997	Produce Co., Ltd.	https://www.mobygames.com/game/platform:n64/sort:-critic_score/page:1/
n64	clay fighter sculptor s cut	Clay Fighter: Sculptor's Cut	43	1998	Interplay Entertainment Corp.	https://www.mobygames.com/game/platform:n64/sort:-critic_score/page:1/
n64	polaris snocross	Polaris SnoCross	44	2000	The Golden Gate Game Company	https://www.mobygames.com/game/platform:n64/sort:-critic_score/page:1/
n64	rugrats scavenger hunt	Rugrats: Scavenger Hunt	44	1999	Realtime Associates Seattle Division	https://www.mobygames.com/game/platform:n64/sort:-critic_score/page:1/
n64	south park chef s luv shack	South Park: Chef's Luv Shack	44	1999	Acclaim Studios Austin	https://www.mobygames.com/game/platform:n64/sort:-critic_score/page:1/
n64	fox sports college hoops 99	Fox Sports College Hoops '99	46	1998	Z-Axis, Ltd.	https://www.mobygames.com/game/platform:n64/sort:-critic_score/page:1/
n64	knife edge nose gunner	Knife Edge: Nose Gunner	46	1998	Kotobuki System Co., Ltd.	https://www.mobygames.com/game/platform:n64/sort:-critic_score/page:1/
n64	wheel of fortune	Wheel of Fortune	47	1997	GameTek, Inc.	https://www.mobygames.com/game/platform:n64/sort:-critic_score/page:1/
n64	milo s astro lanes	Milo's Astro Lanes	48	1998	Player 1	https://www.mobygames.com/game/platform:n64/sort:-critic_score/page:1/
n64	hey you pikachu	Hey You, Pikachu!	48	1998	Ambrella	https://www.mobygames.com/game/platform:n64/sort:-critic_score/page:1/
n64	war gods	War Gods	48	1997	Midway Games, Inc.	https://www.mobygames.com/game/platform:n64/sort:-critic_score/page:1/
n64	cruis n usa	Cruis'n USA	50	1996	Midway Manufacturing Company	https://www.mobygames.com/game/platform:n64/sort:-critic_score/page:1/
n64	mega man legends	Mega Man Legends	50	2000	Capcom Production Studio 2	https://www.mobygames.com/game/platform:n64/sort:-critic_score/page:1/
n64	aidyn chronicles the first mage	Aidyn Chronicles: The First Mage	52	2000	H2O Entertainment Ltd.	https://www.mobygames.com/game/platform:n64/sort:-critic_score/page:1/
n64	aerogauge	AeroGauge	52	1997	Locomotive Co., Ltd.	https://www.mobygames.com/game/platform:n64/sort:-critic_score/page:1/
n64	asteroids hyper 64	Asteroids Hyper 64	52	1999	Syrox Developments, Ltd.	https://www.mobygames.com/game/platform:n64/sort:-critic_score/page:1/
n64	clay fighter 63 1 3	Clay Fighter 63 1/3	52	1997	Interplay Entertainment Corp.	https://www.mobygames.com/game/platform:n64/sort:-critic_score/page:1/
n64	california speed	California Speed	52	1999	Atari Games Corporation	https://www.mobygames.com/game/platform:n64/sort:-critic_score/page:1/
n64	rampage 2 universal tour	Rampage 2: Universal Tour	52	1999	Avalanche Software LLC	https://www.mobygames.com/game/platform:n64/sort:-critic_score/page:1/
n64	wcw backstage assault	WCW Backstage Assault	53	2000	Kodiak Interactive Software Studios, Inc.	https://www.mobygames.com/game/platform:n64/sort:-critic_score/page:1/
n64	john romero s daikatana	John Romero's Daikatana	53	2000	Ion Storm, L.P.	https://www.mobygames.com/game/platform:n64/sort:-critic_score/page:1/
n64	air boarder 64	Air Boarder 64	53	1998	Human Entertainment, Inc.	https://www.mobygames.com/game/platform:n64/sort:-critic_score/page:1/
n64	aerofighters assault	AeroFighters Assault	54	1997	Paradigm Entertainment Inc.	https://www.mobygames.com/game/platform:n64/sort:-critic_score/page:1/
n64	army men sarge s heroes 2	Army Men: Sarge's Heroes 2	54	2000	The 3DO Company	https://www.mobygames.com/game/platform:n64/sort:-critic_score/page:1/
n64	rugrats in paris the movie	Rugrats in Paris: The Movie	55	2000	Avalanche Software LLC	https://www.mobygames.com/game/platform:n64/sort:-critic_score/page:1/
n64	paperboy	Paperboy	55	1999	High Voltage Software, Inc.	https://www.mobygames.com/game/platform:n64/sort:-critic_score/page:1/
n64	fifa soccer 64	FIFA Soccer 64	55	1997	Extended Play Productions	https://www.mobygames.com/game/platform:n64/sort:-critic_score/page:1/
n64	deadly arts	Deadly Arts	55	1998	Konami Computer Entertainment Osaka Co., Ltd.	https://www.mobygames.com/game/platform:n64/sort:-critic_score/page:1/
n64	rally challenge 2000	Rally Challenge 2000	56	2000	Genki Co., Ltd.	https://www.mobygames.com/game/platform:n64/sort:-critic_score/page:1/
n64	mortal kombat mythologies sub zero	Mortal Kombat Mythologies: Sub-Zero	56	1997	Midway Games, Inc.	https://www.mobygames.com/game/platform:n64/sort:-critic_score/page:1/
n64	chameleon twist 2	Chameleon Twist 2	56	1998	Japan System Supply	https://www.mobygames.com/game/platform:n64/sort:-critic_score/page:1/
n64	hercules the legendary journeys	Hercules: The Legendary Journeys	56	2000	Player 1	https://www.mobygames.com/game/platform:n64/sort:-critic_score/page:1/
n64	nfl qb club 2001	NFL QB Club 2001	56	2000	High Voltage Software, Inc.	https://www.mobygames.com/game/platform:n64/sort:-critic_score/page:1/
n64	army men sarge s heroes	Army Men: Sarge's Heroes	56	1999	The 3DO Company	https://www.mobygames.com/game/platform:n64/sort:-critic_score/page:1/
n64	south park rally	South Park Rally	56	2000	Tantalus Interactive Pty. Ltd.	https://www.mobygames.com/game/platform:n64/sort:-critic_score/page:1/
n64	penny racers	Penny Racers	57	1998	Locomotive Co., Ltd.	https://www.mobygames.com/game/platform:n64/sort:-critic_score/page:1/
n64	doraemon nobita to 3 tsu no seireiseki	Doraemon: Nobita to 3-tsu no Seireiseki	57	1997	Epoch Co., Ltd.	https://www.mobygames.com/game/platform:n64/sort:-critic_score/page:1/
n64	star soldier vanishing earth	Star Soldier: Vanishing Earth	57	1998	Hudson Soft Company, Ltd.	https://www.mobygames.com/game/platform:n64/sort:-critic_score/page:1/
n64	off road challenge	Off Road Challenge	57	1998	Midway Home Entertainment, Inc.	https://www.mobygames.com/game/platform:n64/sort:-critic_score/page:1/
n64	battlezone rise of the black dogs	Battlezone: Rise of the Black Dogs	58	2000	Climax	https://www.mobygames.com/game/platform:n64/sort:-critic_score/page:1/
n64	scooby doo classic creep capers	Scooby-Doo!: Classic Creep Capers	58	2000	TerraGlyph Interactive Studios, L.P.	https://www.mobygames.com/game/platform:n64/sort:-critic_score/page:1/
n64	disney pixar a bug s life	Disney·Pixar A Bug's Life	58	1999	Traveller's Tales (UK) Ltd.	https://www.mobygames.com/game/platform:n64/sort:-critic_score/page:1/
n64	cruis n exotica	Cruis'n Exotica	58	2000	Midway Games, Inc.	https://www.mobygames.com/game/platform:n64/sort:-critic_score/page:2/
n64	nagano winter olympics 98	Nagano Winter Olympics '98	58	1997	Konami Computer Entertainment Tokyo Co., Ltd.	https://www.mobygames.com/game/platform:n64/sort:-critic_score/page:2/
n64	nba in the zone 2000	NBA in the Zone 2000	58	2000	Konami Computer Entertainment Osaka Co., Ltd.	https://www.mobygames.com/game/platform:n64/sort:-critic_score/page:2/
n64	monster truck madness 64	Monster Truck Madness 64	59	1999	Edge of Reality, Ltd.	https://www.mobygames.com/game/platform:n64/sort:-critic_score/page:2/
n64	fighting force	Fighting Force	59	1999	Core Design Ltd.	https://www.mobygames.com/game/platform:n64/sort:-critic_score/page:2/
n64	road rash 64	Road Rash 64	59	1999	Pacific Coast Power and Light	https://www.mobygames.com/game/platform:n64/sort:-critic_score/page:2/
n64	rampage world tour	Rampage World Tour	59	1998	Game Refuge Inc.	https://www.mobygames.com/game/platform:n64/sort:-critic_score/page:2/
n64	triple play 2000	Triple Play 2000	59	1999	Electronic Arts Canada	https://www.mobygames.com/game/platform:n64/sort:-critic_score/page:2/
n64	jeremy mcgrath supercross 2000	Jeremy McGrath Supercross 2000	59	2000	Acclaim Studios Salt Lake City	https://www.mobygames.com/game/platform:n64/sort:-critic_score/page:2/
n64	64 zum	64 Ōzumō	60	1997	Bottom Up	https://www.mobygames.com/game/platform:n64/sort:-critic_score/page:2/
n64	blues brothers 2000	Blues Brothers 2000	61	2000	Player 1	https://www.mobygames.com/game/platform:n64/sort:-critic_score/page:2/
n64	bassmasters 2000	BassMasters 2000	61	1999	Mass Media, Inc.	https://www.mobygames.com/game/platform:n64/sort:-critic_score/page:2/
n64	nascar 2000	NASCAR 2000	61	1999	Stormfront Studios	https://www.mobygames.com/game/platform:n64/sort:-critic_score/page:2/
n64	bottom of the 9th	Bottom of the 9th	62	1999	Konami Computer Entertainment Chicago, Inc.	https://www.mobygames.com/game/platform:n64/sort:-critic_score/page:2/
n64	pga european tour golf	PGA European Tour Golf	62	2000	Infogrames Studios Limited	https://www.mobygames.com/game/platform:n64/sort:-critic_score/page:2/
n64	midway s greatest arcade hits volume i	Midway's Greatest Arcade Hits Volume I	62	2000	Digital Eclipse Software, Inc.	https://www.mobygames.com/game/platform:n64/sort:-critic_score/page:2/
n64	fighter destiny 2	Fighter Destiny 2	62	1999	Genki Co., Ltd.	https://www.mobygames.com/game/platform:n64/sort:-critic_score/page:2/
n64	gt 64 championship edition	GT 64: Championship Edition	62	1998	Media Design & Art, Ltd.	https://www.mobygames.com/game/platform:n64/sort:-critic_score/page:2/
n64	olympic hockey 98	Olympic Hockey 98	62	1998	Treyarch Invention, LLC	https://www.mobygames.com/game/platform:n64/sort:-critic_score/page:2/
n64	brunswick circuit pro bowling	Brunswick Circuit Pro Bowling	62	1999	Point of View, Inc.	https://www.mobygames.com/game/platform:n64/sort:-critic_score/page:2/
n64	true golf classics waialae country club	True Golf Classics: Waialae Country Club	62	1998	T&E Soft, Inc.	https://www.mobygames.com/game/platform:n64/sort:-critic_score/page:2/
n64	robotron 64	Robotron 64	62	1998	Player 1	https://www.mobygames.com/game/platform:n64/sort:-critic_score/page:2/
n64	twisted edge extreme snowboarding	Twisted Edge: Extreme Snowboarding	63	1998	Boss Game Studios Inc.	https://www.mobygames.com/game/platform:n64/sort:-critic_score/page:2/
n64	big mountain 2000	Big Mountain 2000	63	1998	Natsume Co., Ltd.	https://www.mobygames.com/game/platform:n64/sort:-critic_score/page:2/
n64	space invaders	Space Invaders	63	1999	Z-Axis, Ltd.	https://www.mobygames.com/game/platform:n64/sort:-critic_score/page:2/
n64	nhl blades of steel 99	NHL Blades of Steel '99	63	1999	Konami OSA Ltd.	https://www.mobygames.com/game/platform:n64/sort:-critic_score/page:2/
n64	south park	South Park	63	1998	Iguana Entertainment Incorporated	https://www.mobygames.com/game/platform:n64/sort:-critic_score/page:2/
n64	nba in the zone 99	NBA in the Zone '99	63	1999	Konami Computer Entertainment Osaka Co., Ltd.	https://www.mobygames.com/game/platform:n64/sort:-critic_score/page:2/
n64	dark rift	Dark Rift	63	1997	Kronos Digital Entertainment	https://www.mobygames.com/game/platform:n64/sort:-critic_score/page:2/
n64	ecw hardcore revolution	ECW Hardcore Revolution	63	2000	Acclaim Studios Salt Lake City	https://www.mobygames.com/game/platform:n64/sort:-critic_score/page:2/
n64	hexen beyond heretic	Hexen: Beyond Heretic	64	1997	Raven Software Corporation	https://www.mobygames.com/game/platform:n64/sort:-critic_score/page:2/
n64	monopoly	Monopoly	64	1999	Minds Eye Productions	https://www.mobygames.com/game/platform:n64/sort:-critic_score/page:2/
n64	quest 64	Quest 64	64	1998	Imagineer Co., Ltd.	https://www.mobygames.com/game/platform:n64/sort:-critic_score/page:2/
n64	ucchan nanchan no hon no challenger denry irair	Ucchan Nanchan no Honō no Challenger: Denryū IraIr...	64	1997	Yuke's Co. Ltd.	https://www.mobygames.com/game/platform:n64/sort:-critic_score/page:2/
n64	disney pixar toy story 2 buzz lightyear to the re	Disney•Pixar Toy Story 2: Buzz Lightyear to the Re...	64	1999	Traveller's Tales (UK) Ltd.	https://www.mobygames.com/game/platform:n64/sort:-critic_score/page:2/
n64	taz express	Taz Express	64	2000	Zed Two Game Design Studio	https://www.mobygames.com/game/platform:n64/sort:-critic_score/page:2/
n64	in fisherman bass hunter 64	In-Fisherman Bass Hunter 64	65	1999	GearHead Entertainment	https://www.mobygames.com/game/platform:n64/sort:-critic_score/page:2/
n64	nba in the zone 98	NBA in the Zone '98	65	1998	Konami Computer Entertainment Osaka Co., Ltd.	https://www.mobygames.com/game/platform:n64/sort:-critic_score/page:2/
n64	shadowgate 64 trials of the four towers	Shadowgate 64: Trials of the Four Towers	65	1999	TNS Co., Ltd.	https://www.mobygames.com/game/platform:n64/sort:-critic_score/page:2/
n64	starshot space circus fever	Starshot: Space Circus Fever	65	1998	Infogrames Europe SA	https://www.mobygames.com/game/platform:n64/sort:-critic_score/page:2/
n64	neon genesis evangelion	Neon Genesis Evangelion	65	1999	BEC Co., Ltd.	https://www.mobygames.com/game/platform:n64/sort:-critic_score/page:2/
n64	super bowling	Super Bowling	65	1999	Athena Co., Ltd.	https://www.mobygames.com/game/platform:n64/sort:-critic_score/page:2/
n64	mortal kombat trilogy	Mortal Kombat Trilogy	65	1996	Midway Games, Inc.	https://www.mobygames.com/game/platform:n64/sort:-critic_score/page:2/
n64	destruction derby 64	Destruction Derby 64	66	1999	Looking Glass Studios, Inc.	https://www.mobygames.com/game/platform:n64/sort:-critic_score/page:2/
n64	charlie blast s territory	Charlie Blast's Territory	66	1999	Realtime Associates, Inc.	https://www.mobygames.com/game/platform:n64/sort:-critic_score/page:2/
n64	mia hamm soccer 64	Mia Hamm Soccer 64	66	1999	DC Studios, Inc.	https://www.mobygames.com/game/platform:n64/sort:-critic_score/page:2/
n64	hot wheels turbo racing	Hot Wheels: Turbo Racing	66	1999	Stormfront Studios	https://www.mobygames.com/game/platform:n64/sort:-critic_score/page:2/
n64	cybertiger	CyberTiger	66	2000	Saffire, Inc	https://www.mobygames.com/game/platform:n64/sort:-critic_score/page:2/
n64	golden nugget 64	Golden Nugget 64	66	1998	Westwood Pacific	https://www.mobygames.com/game/platform:n64/sort:-critic_score/page:2/
n64	nightmare creatures	Nightmare Creatures	66	1998	Kalisto Entertainment SA	https://www.mobygames.com/game/platform:n64/sort:-critic_score/page:2/
n64	chameleon twist	Chameleon Twist	66	1997	Japan System Supply	https://www.mobygames.com/game/platform:n64/sort:-critic_score/page:3/
n64	bomberman 64 the second attack	Bomberman 64: The Second Attack	66	1999	Hudson Soft Company, Ltd.	https://www.mobygames.com/game/platform:n64/sort:-critic_score/page:3/
n64	bomberman hero	Bomberman Hero	66	1998	A.I Co., Ltd.	https://www.mobygames.com/game/platform:n64/sort:-critic_score/page:3/
n64	all star tennis 99	All Star Tennis '99	66	1999	Smartdog	https://www.mobygames.com/game/platform:n64/sort:-critic_score/page:3/
n64	earthworm jim 3d	Earthworm Jim 3D	66	1999	VIS Entertainment Limited	https://www.mobygames.com/game/platform:n64/sort:-critic_score/page:3/
n64	tom and jerry in fists of furry	Tom and Jerry in Fists of Furry	67	2000	VIS Entertainment Limited	https://www.mobygames.com/game/platform:n64/sort:-critic_score/page:3/
n64	flying dragon	Flying Dragon	67	1997	Culture Brain Inc.	https://www.mobygames.com/game/platform:n64/sort:-critic_score/page:3/
n64	chopper attack	Chopper Attack	67	1997	SETA Corporation	https://www.mobygames.com/game/platform:n64/sort:-critic_score/page:3/
n64	pocket monsters stadium	Pocket Monsters Stadium	67	1998	Nintendo Co., Ltd.	https://www.mobygames.com/game/platform:n64/sort:critic_score/page:4/
n64	nfl quarterback club 2000	NFL Quarterback Club 2000	67	1999	Acclaim Studios Austin	https://www.mobygames.com/game/platform:n64/sort:critic_score/page:4/
n64	nascar 99	NASCAR 99	67	1998	Stormfront Studios	https://www.mobygames.com/game/platform:n64/sort:critic_score/page:4/
n64	f1 pole position 64	F1 Pole Position 64	68	1997	Human Entertainment, Inc.	https://www.mobygames.com/game/platform:n64/sort:critic_score/page:4/
n64	premier manager ninety nine	Premier Manager Ninety Nine	68	1999	Dinamic Multimedia, S.A.	https://www.mobygames.com/game/platform:n64/sort:critic_score/page:4/
n64	lego racers	LEGO Racers	68	1999	High Voltage Software, Inc.	https://www.mobygames.com/game/platform:n64/sort:critic_score/page:4/
n64	nba showtime nba on nbc	NBA Showtime: NBA on NBC	68	1999	Midway Games, Inc.	https://www.mobygames.com/game/platform:n64/sort:critic_score/page:4/
n64	supercross 2000	Supercross 2000	68	1999	MBL Research, Inc.	https://www.mobygames.com/game/platform:n64/sort:critic_score/page:4/
n64	armorines project s w a r m	Armorines: Project S.W.A.R.M.	68	1999	Acclaim Studios Limited	https://www.mobygames.com/game/platform:n64/sort:critic_score/page:4/
n64	xena warrior princess the talisman of fate	Xena: Warrior Princess - The Talisman of Fate	68	1999	Saffire, Inc	https://www.mobygames.com/game/platform:n64/sort:critic_score/page:4/
n64	cruis n world	Cruis'n World	69	1997	Midway Games, Inc.	https://www.mobygames.com/game/platform:n64/sort:critic_score/page:4/
n64	namco museum 64	Namco Museum 64	69	1999	Mass Media, Inc.	https://www.mobygames.com/game/platform:n64/sort:critic_score/page:4/
n64	wcw mayhem	WCW Mayhem	69	1999	Kodiak Interactive Software Studios, Inc.	https://www.mobygames.com/game/platform:n64/sort:critic_score/page:4/
n64	indy racing 2000	Indy Racing 2000	69	2000	Paradigm Entertainment Inc.	https://www.mobygames.com/game/platform:n64/sort:critic_score/page:4/
n64	re volt	Re-Volt	69	1999	Probe Entertainment Ltd.	https://www.mobygames.com/game/platform:n64/sort:critic_score/page:4/
n64	ready 2 rumble boxing round 2	Ready 2 Rumble Boxing: Round 2	69	2000	Midway Games, Inc.	https://www.mobygames.com/game/platform:n64/sort:critic_score/page:4/
n64	nba hangtime	NBA Hangtime	69	1996	Funcom Oslo A/S	https://www.mobygames.com/game/platform:n64/sort:critic_score/page:4/
n64	gex enter the gecko	Gex: Enter the Gecko	70	1998	Crystal Dynamics, Inc.	https://www.mobygames.com/game/platform:n64/sort:critic_score/page:4/
n64	rush 2 extreme racing usa	Rush 2: Extreme Racing USA	70	1998	Atari Games Corporation	https://www.mobygames.com/game/platform:n64/sort:critic_score/page:4/
n64	magical tetris challenge	Magical Tetris Challenge	70	1998	Capcom Co., Ltd.	https://www.mobygames.com/game/platform:n64/sort:critic_score/page:4/
n64	rat attack	Rat Attack!	70	2000	Pure Entertainment Games Plc	https://www.mobygames.com/game/platform:n64/sort:critic_score/page:4/
n64	virtual chess 64	Virtual Chess 64	70	1998	Titus France SA	https://www.mobygames.com/game/platform:n64/sort:critic_score/page:4/
n64	automobili lamborghini	automobili Lamborghini	70	1997	Titus France SA	https://www.mobygames.com/game/platform:n64/sort:critic_score/page:4/
n64	looney tunes duck dodgers starring daffy duck	Looney Tunes: Duck Dodgers - Starring Daffy Duck	70	2000	Paradigm Entertainment Inc.	https://www.mobygames.com/game/platform:n64/sort:critic_score/page:4/
n64	rakugakids	Rakugakids	70	1998	Konami Computer Entertainment Kobe, Inc.	https://www.mobygames.com/game/platform:n64/sort:critic_score/page:4/
n64	knockout kings 2000	Knockout Kings 2000	70	1999	Black Ops Entertainment, LLC	https://www.mobygames.com/game/platform:n64/sort:critic_score/page:4/
n64	top gear hyper bike	Top Gear Hyper-Bike	70	2000	Snowblind Studios, Inc.	https://www.mobygames.com/game/platform:n64/sort:critic_score/page:4/
n64	tigger s honey hunt	Tigger's Honey Hunt	71	2000	Doki Denki SA	https://www.mobygames.com/game/platform:n64/sort:critic_score/page:4/
n64	snowboard kids 2	Snowboard Kids 2	71	1999	Racdym	https://www.mobygames.com/game/platform:n64/sort:critic_score/page:4/
n64	famista 64	Famista 64	71	1997	Namco Limited	https://www.mobygames.com/game/platform:n64/sort:critic_score/page:4/
n64	battletanx	BattleTanx	71	1998	The 3DO Company	https://www.mobygames.com/game/platform:n64/sort:critic_score/page:4/
n64	san francisco rush extreme racing	San Francisco Rush: Extreme Racing	71	1997	Atari Games Corporation	https://www.mobygames.com/game/platform:n64/sort:critic_score/page:4/
n64	castlevania legacy of darkness	Castlevania: Legacy of Darkness	71	1999	Konami Computer Entertainment Kobe, Inc.	https://www.mobygames.com/game/platform:n64/sort:critic_score/page:4/
n64	bio freaks	Bio Freaks	71	1998	Midway Home Entertainment, Inc.	https://www.mobygames.com/game/platform:n64/sort:critic_score/page:4/
n64	tonic trouble	Tonic Trouble	71	1999	Ubi Soft Entertainment Software	https://www.mobygames.com/game/platform:n64/sort:critic_score/page:4/
n64	gauntlet legends	Gauntlet: Legends	71	1999	Atari Games Corporation	https://www.mobygames.com/game/platform:n64/sort:critic_score/page:4/
n64	gex 3 deep cover gecko	Gex 3: Deep Cover Gecko	71	1999	Crystal Dynamics, Inc.	https://www.mobygames.com/game/platform:n64/sort:critic_score/page:4/
n64	simcity 2000	SimCity 2000	72	1998	Maxis Software Inc.	https://www.mobygames.com/game/platform:n64/sort:critic_score/page:4/
n64	hybrid heaven	Hybrid Heaven	72	1999	Konami Computer Entertainment Osaka Co., Ltd.	https://www.mobygames.com/game/platform:n64/sort:critic_score/page:4/
n64	wayne gretzky s 3d hockey 98	Wayne Gretzky's 3D Hockey '98	72	1997	Software Creations Ltd.	https://www.mobygames.com/game/platform:n64/sort:critic_score/page:4/
n64	disney s tarzan	Disney's Tarzan	72	2000	Eurocom Developments Ltd	https://www.mobygames.com/game/platform:n64/sort:critic_score/page:4/
n64	bomberman 64	Bomberman 64	72	1997	Hudson Soft Company, Ltd.	https://www.mobygames.com/game/platform:n64/sort:critic_score/page:4/
n64	mission impossible	Mission: Impossible	72	1998	Infogrames Europe SA	https://www.mobygames.com/game/platform:n64/sort:critic_score/page:4/
n64	nba jam 99	NBA Jam 99	73	1998	Iguana West	https://www.mobygames.com/game/platform:n64/sort:critic_score/page:4/
n64	lode runner 3 d	Lode Runner 3-D	73	1999	Big Bang Software, Inc.	https://www.mobygames.com/game/platform:n64/sort:critic_score/page:4/
n64	ch k kan night pro yaky king	Chōkūkan Night: Pro Yakyū King	73	1996	Genki Co., Ltd.	https://www.mobygames.com/game/platform:n64/sort:critic_score/page:4/
n64	dr mario 64	Dr. Mario 64	73	2001	Nintendo Co., Ltd.	https://www.mobygames.com/game/platform:n64/sort:critic_score/page:4/
n64	indiana jones and the infernal machine	Indiana Jones and the Infernal Machine	73	2000	LucasArts Entertainment Company LLC	https://www.mobygames.com/game/platform:n64/sort:critic_score/page:4/
n64	battletanx global assault	BattleTanx: Global Assault	73	1999	The 3DO Company	https://www.mobygames.com/game/platform:n64/sort:critic_score/page:4/
n64	kirby 64 the crystal shards	Kirby 64: The Crystal Shards	73	2000	HAL Laboratory, Inc.	https://www.mobygames.com/game/platform:n64/sort:critic_score/page:4/
n64	iggy s reckin balls	Iggy's Reckin' Balls	73	1998	Iguana Entertainment Incorporated	https://www.mobygames.com/game/platform:n64/sort:critic_score/page:3/
n64	disney s donald duck goin quackers	Disney's Donald Duck: Goin' Quackers	73	2000	Ubi Soft SARL	https://www.mobygames.com/game/platform:n64/sort:critic_score/page:3/
n64	v rally edition 99	V-Rally: Edition 99	73	1998	Eden Studios	https://www.mobygames.com/game/platform:n64/sort:critic_score/page:3/
n64	nba jam 2000	NBA Jam 2000	74	1999	Acclaim Studios Salt Lake City	https://www.mobygames.com/game/platform:n64/sort:critic_score/page:3/
n64	nhl breakaway 99	NHL Breakaway 99	74	1998	Iguana West	https://www.mobygames.com/game/platform:n64/sort:critic_score/page:3/
n64	mrc multi racing championship	MRC: Multi-Racing Championship	74	1997	Genki Co., Ltd.	https://www.mobygames.com/game/platform:n64/sort:critic_score/page:3/
n64	vigilante 8 2nd offense	Vigilante 8: 2nd Offense	74	1999	Luxoflux Corp.	https://www.mobygames.com/game/platform:n64/sort:critic_score/page:3/
n64	international track field 2000	International Track & Field 2000	74	1999	Konami Computer Entertainment Osaka Co., Ltd.	https://www.mobygames.com/game/platform:n64/sort:critic_score/page:3/
n64	ms pac man maze madness	Ms. Pac-Man Maze Madness	74	2000	Namco Hometek Inc.	https://www.mobygames.com/game/platform:n64/sort:critic_score/page:3/
n64	killer instinct gold	Killer Instinct Gold	74	1996	Rare Limited	https://www.mobygames.com/game/platform:n64/sort:critic_score/page:3/
n64	pok mon stadium	Pokémon Stadium	74	1999	HAL Laboratory, Inc.	https://www.mobygames.com/game/platform:n64/sort:critic_score/page:3/
n64	mario party 3	Mario Party 3	74	2000	Hudson Soft Company, Ltd.	https://www.mobygames.com/game/platform:n64/sort:critic_score/page:3/
n64	ken griffey jr s slugfest	Ken Griffey Jr.'s Slugfest	75	1999	Angel Studios, Inc.	https://www.mobygames.com/game/platform:n64/sort:critic_score/page:3/
n64	nuclear strike	Nuclear Strike	75	1999	Tiburon Entertainment	https://www.mobygames.com/game/platform:n64/sort:critic_score/page:3/
n64	buck bumble	Buck Bumble	75	1998	Argonaut Software Ltd.	https://www.mobygames.com/game/platform:n64/sort:critic_score/page:3/
n64	top gear rally 2	Top Gear Rally 2	75	1999	Saffire, Inc	https://www.mobygames.com/game/platform:n64/sort:critic_score/page:3/
n64	glover	Glover	75	1998	Interactive Studios Ltd.	https://www.mobygames.com/game/platform:n64/sort:critic_score/page:3/
n64	hydro thunder	Hydro Thunder	75	2000	Midway Home Entertainment, Inc.	https://www.mobygames.com/game/platform:n64/sort:critic_score/page:3/
n64	ready 2 rumble boxing	Ready 2 Rumble Boxing	75	1999	Midway Home Entertainment, Inc.	https://www.mobygames.com/game/platform:n64/sort:critic_score/page:3/
n64	wayne gretzky s 3d hockey	Wayne Gretzky's 3D Hockey	75	1996	Atari Games Corporation	https://www.mobygames.com/game/platform:n64/sort:critic_score/page:3/
n64	snowboard kids	Snowboard Kids	75	1997	Racdym	https://www.mobygames.com/game/platform:n64/sort:critic_score/page:3/
n64	star wars shadows of the empire	Star Wars: Shadows of the Empire	75	1996	LucasArts Entertainment Company LLC	https://www.mobygames.com/game/platform:n64/sort:critic_score/page:3/
n64	mickey s speedway usa	Mickey's Speedway USA	76	2000	Rare Limited	https://www.mobygames.com/game/platform:n64/sort:critic_score/page:3/
n64	mace the dark age	Mace: The Dark Age	76	1997	Atari Games Corporation	https://www.mobygames.com/game/platform:n64/sort:critic_score/page:3/
n64	s c a r s	S.C.A.R.S.	76	1998	Vivid Image	https://www.mobygames.com/game/platform:n64/sort:critic_score/page:3/
n64	tetrisphere	Tetrisphere	76	1997	H2O Entertainment Ltd.	https://www.mobygames.com/game/platform:n64/sort:critic_score/page:3/
n64	roadsters	Roadsters	76	1999	Titus Interactive, S.A.	https://www.mobygames.com/game/platform:n64/sort:critic_score/page:3/
n64	tom clancy s rainbow six	Tom Clancy's Rainbow Six	77	1999	Rebellion Developments Ltd.	https://www.mobygames.com/game/platform:n64/sort:critic_score/page:3/
n64	major league baseball featuring ken griffey jr	Major League Baseball Featuring Ken Griffey Jr	77	1998	Angel Studios, Inc.	https://www.mobygames.com/game/platform:n64/sort:critic_score/page:3/
n64	goemon s great adventure	Goemon's Great Adventure	77	1998	Konami Computer Entertainment Osaka Co., Ltd.	https://www.mobygames.com/game/platform:n64/sort:critic_score/page:3/
n64	nhl breakaway 98	NHL Breakaway 98	77	1998	Sculptured Software, Inc.	https://www.mobygames.com/game/platform:n64/sort:critic_score/page:3/
n64	command conquer	Command & Conquer	77	1999	Looking Glass Studios, Inc.	https://www.mobygames.com/game/platform:n64/sort:critic_score/page:3/
n64	yoshi s story	Yoshi's Story	77	1997	Nintendo Co., Ltd.	https://www.mobygames.com/game/platform:n64/sort:critic_score/page:3/
n64	duke nukem zero hour	Duke Nukem: Zero Hour	77	1999	Eurocom Developments Ltd	https://www.mobygames.com/game/platform:n64/sort:critic_score/page:3/
n64	centre court tennis	Centre Court Tennis	78	1998	Hudson Soft Company, Ltd.	https://www.mobygames.com/game/platform:n64/sort:critic_score/page:3/
n64	spider man	Spider-Man	78	2000	Neversoft Entertainment, Inc.	https://www.mobygames.com/game/platform:n64/sort:critic_score/page:3/
n64	turok rage wars	Turok: Rage Wars	78	1999	Acclaim Studios Austin	https://www.mobygames.com/game/platform:n64/sort:critic_score/page:3/
n64	bangai o	Bangai-O	78	1999	Treasure Co., Ltd.	https://www.mobygames.com/game/platform:n64/sort:critic_score/page:3/
n64	wcw vs nwo world tour	WCW vs. NWO: World Tour	78	1997	AKI Corporation	https://www.mobygames.com/game/platform:n64/sort:critic_score/page:3/
n64	winback covert operations	WinBack: Covert Operations	78	1999	KOEI Co., Ltd.	https://www.mobygames.com/game/platform:n64/sort:critic_score/page:3/
n64	army men air attack	Army Men: Air Attack	78	2000	The 3DO Company	https://www.mobygames.com/game/platform:n64/sort:critic_score/page:3/
n64	nfl blitz	NFL Blitz	78	1998	Midway Games, Inc.	https://www.mobygames.com/game/platform:n64/sort:critic_score/page:3/
n64	the legend of zelda ocarina of time	The Legend of Zelda: Ocarina of Time	97	1998	Nintendo EAD	https://www.mobygames.com/game/platform:n64/sort:critic_score/page:1/
n64	super mario 64	Super Mario 64	95	1996	Nintendo EAD	https://www.mobygames.com/game/platform:n64/sort:critic_score/page:1/
n64	perfect dark	Perfect Dark	94	2000	Rare Limited	https://www.mobygames.com/game/platform:n64/sort:critic_score/page:1/
n64	international superstar soccer 64	International Superstar Soccer 64	94	1997	Major A	https://www.mobygames.com/game/platform:n64/sort:critic_score/page:1/
n64	goldeneye 007	GoldenEye 007	93	1997	Rare Limited	https://www.mobygames.com/game/platform:n64/sort:critic_score/page:1/
n64	the legend of zelda majora s mask	The Legend of Zelda: Majora's Mask	93	2000	Nintendo EAD	https://www.mobygames.com/game/platform:n64/sort:critic_score/page:1/
n64	jikky j league perfect striker	Jikkyō J. League: Perfect Striker	92	1996	Konami Computer Entertainment Osaka Co., Ltd.	https://www.mobygames.com/game/platform:n64/sort:critic_score/page:1/
n64	international superstar soccer 98	International Superstar Soccer '98	91	1998	Major A	https://www.mobygames.com/game/platform:n64/sort:critic_score/page:1/
n64	banjo kazooie	Banjo-Kazooie	91	1998	4J Studios Ltd.	https://www.mobygames.com/game/platform:n64/sort:critic_score/page:1/
n64	wave race 64 kawasaki jet ski	Wave Race 64: Kawasaki Jet Ski	90	1996	Nintendo EAD	https://www.mobygames.com/game/platform:n64/sort:critic_score/page:1/
n64	diddy kong racing	Diddy Kong Racing	90	1997	Rare Limited	https://www.mobygames.com/game/platform:n64/sort:critic_score/page:1/
n64	star fox 64	Star Fox 64	90	1997	Nintendo EAD	https://www.mobygames.com/game/platform:n64/sort:critic_score/page:1/
n64	donkey kong 64	Donkey Kong 64	90	1999	Rare Limited	https://www.mobygames.com/game/platform:n64/sort:critic_score/page:1/
n64	conker s bad fur day	Conker's Bad Fur Day	89	2001	Rare Limited	https://www.mobygames.com/game/platform:n64/sort:critic_score/page:1/
n64	fifa 99	FIFA 99	88	1998	Electronic Arts Canada	https://www.mobygames.com/game/platform:n64/sort:critic_score/page:1/
n64	rayman 2 the great escape	Rayman 2: The Great Escape	88	1999	Ubi Soft Entertainment Software	https://www.mobygames.com/game/platform:n64/sort:critic_score/page:1/
n64	tony hawk s pro skater	Tony Hawk's Pro Skater	88	2000	Neversoft Entertainment, Inc.	https://www.mobygames.com/game/platform:n64/sort:critic_score/page:1/
n64	tony hawk s pro skater 2	Tony Hawk's Pro Skater 2	88	2001	Neversoft Entertainment, Inc.	https://www.mobygames.com/game/platform:n64/sort:critic_score/page:1/
n64	madden nfl 99	Madden NFL 99	88	1998	EA Tiburon	https://www.mobygames.com/game/platform:n64/sort:critic_score/page:1/
n64	1080 snowboarding	1080° Snowboarding	88	1998	Nintendo EAD	https://www.mobygames.com/game/platform:n64/sort:critic_score/page:1/
n64	all star baseball 2000	All-Star Baseball 2000	87	1999	Iguana Entertainment Incorporated	https://www.mobygames.com/game/platform:n64/sort:critic_score/page:1/
n64	banjo tooie	Banjo-Tooie	87	2000	4J Studios Ltd.	https://www.mobygames.com/game/platform:n64/sort:critic_score/page:1/
n64	mario kart 64	Mario Kart 64	87	1996	Nintendo EAD	https://www.mobygames.com/game/platform:n64/sort:critic_score/page:1/
n64	blast corps	Blast Corps	87	1997	Rare Limited	https://www.mobygames.com/game/platform:n64/sort:critic_score/page:1/
n64	f zero x	F-Zero X	87	1998	Nintendo EAD	https://www.mobygames.com/game/platform:n64/sort:critic_score/page:1/
n64	all star baseball 2001	All-Star Baseball 2001	87	2000	High Voltage Software, Inc.	https://www.mobygames.com/game/platform:n64/sort:critic_score/page:1/
n64	resident evil 2	Resident Evil 2	87	1999	Capcom Production Studio 3	https://www.mobygames.com/game/platform:n64/sort:critic_score/page:1/
n64	nfl quarterback club 98	NFL Quarterback Club 98	87	1997	Iguana Entertainment Incorporated	https://www.mobygames.com/game/platform:n64/sort:critic_score/page:1/
n64	mario tennis	Mario Tennis	87	2000	Camelot Software Planning	https://www.mobygames.com/game/platform:n64/sort:critic_score/page:1/
n64	paper mario	Paper Mario	87	2000	Intelligent Systems Co., Ltd.	https://www.mobygames.com/game/platform:n64/sort:critic_score/page:1/
n64	ogre battle 64 person of lordly caliber	Ogre Battle 64: Person of Lordly Caliber	87	1999	Quest Corporation	https://www.mobygames.com/game/platform:n64/sort:critic_score/page:1/
n64	turok 2 seeds of evil	Turok 2: Seeds of Evil	87	1998	Iguana Entertainment Incorporated	https://www.mobygames.com/game/platform:n64/sort:critic_score/page:1/
n64	sin and punishment	Sin and Punishment	87	2000	Treasure Co., Ltd.	https://www.mobygames.com/game/platform:n64/sort:critic_score/page:1/
n64	nba courtside 2 featuring kobe bryant	NBA Courtside 2: Featuring Kobe Bryant	86	1999	Left Field Productions, Inc.	https://www.mobygames.com/game/platform:n64/sort:critic_score/page:1/
n64	wwf no mercy	WWF No Mercy	86	2000	Asmik Ace Entertainment, Inc.	https://www.mobygames.com/game/platform:n64/sort:critic_score/page:1/
n64	extreme g	Extreme-G	86	1997	Probe Entertainment Ltd.	https://www.mobygames.com/game/platform:n64/sort:critic_score/page:1/
n64	beetle adventure racing	Beetle Adventure Racing!	86	1999	Electronic Arts Canada	https://www.mobygames.com/game/platform:n64/sort:critic_score/page:1/
n64	turok dinosaur hunter	Turok: Dinosaur Hunter	86	1997	Iguana Entertainment Incorporated	https://www.mobygames.com/game/platform:n64/sort:critic_score/page:1/
n64	madden nfl 2001	Madden NFL 2001	86	2000	EA Tiburon	https://www.mobygames.com/game/platform:n64/sort:critic_score/page:1/
n64	excitebike 64	Excitebike 64	86	2000	Left Field Productions, Inc.	https://www.mobygames.com/game/platform:n64/sort:critic_score/page:1/
n64	jet force gemini	Jet Force Gemini	86	1999	Rare Limited	https://www.mobygames.com/game/platform:n64/sort:critic_score/page:1/
n64	shadow man	Shadow Man	85	1999	Acclaim Studios Teesside	https://www.mobygames.com/game/platform:n64/sort:critic_score/page:1/
n64	ridge racer 64	Ridge Racer 64	85	2000	Nintendo Software Technology Corporation	https://www.mobygames.com/game/platform:n64/sort:critic_score/page:1/
n64	madden nfl 2000	Madden NFL 2000	85	1999	EA Tiburon	https://www.mobygames.com/game/platform:n64/sort:critic_score/page:1/
n64	star wars rogue squadron 3d	Star Wars: Rogue Squadron 3D	85	1998	Factor 5 GmbH	https://www.mobygames.com/game/platform:n64/sort:critic_score/page:1/
n64	nfl blitz 2000	NFL Blitz 2000	85	1999	Midway Games, Inc.	https://www.mobygames.com/game/platform:n64/sort:critic_score/page:1/
n64	world cup 98	World Cup 98	85	1998	Electronic Arts Seattle	https://www.mobygames.com/game/platform:n64/sort:critic_score/page:1/
n64	nhl 99	NHL 99	85	1998	Electronic Arts Canada	https://www.mobygames.com/game/platform:n64/sort:critic_score/page:1/
n64	star wars episode i racer	Star Wars: Episode I - Racer	85	1999	LucasArts Entertainment Company LLC	https://www.mobygames.com/game/platform:n64/sort:critic_score/page:1/
n64	forsaken 64	Forsaken 64	85	1998	Iguana UK	https://www.mobygames.com/game/platform:n64/sort:critic_score/page:1/
n64	nfl quarterback club 99	NFL Quarterback Club 99	85	1998	Iguana Entertainment Incorporated	https://www.mobygames.com/game/platform:n64/sort:critic_score/page:2/
n64	pilotwings 64	Pilotwings 64	85	1996	Paradigm Entertainment Inc.	https://www.mobygames.com/game/platform:n64/sort:critic_score/page:2/
n64	wipeout 64	WipEout 64	85	1998	Psygnosis Limited	https://www.mobygames.com/game/platform:n64/sort:critic_score/page:2/
n64	mario golf	Mario Golf	85	1999	Camelot Software Planning	https://www.mobygames.com/game/platform:n64/sort:critic_score/page:2/
n64	international superstar soccer 2000	International Superstar Soccer 2000	84	2000	Major A	https://www.mobygames.com/game/platform:n64/sort:critic_score/page:2/
n64	fifa road to world cup 98	FIFA: Road to World Cup 98	84	1997	XYZ Productions	https://www.mobygames.com/game/platform:n64/sort:critic_score/page:2/
n64	space station silicon valley	Space Station Silicon Valley	84	1998	DMA Design Limited	https://www.mobygames.com/game/platform:n64/sort:critic_score/page:2/
n64	nba live 99	NBA Live 99	84	1998	NuFX, Inc.	https://www.mobygames.com/game/platform:n64/sort:critic_score/page:2/
n64	kobe bryant in nba courtside	Kobe Bryant in NBA Courtside	83	1998	Left Field Productions, Inc.	https://www.mobygames.com/game/platform:n64/sort:critic_score/page:2/
n64	007 the world is not enough	007: The World Is Not Enough	83	2000	Eurocom Developments Ltd	https://www.mobygames.com/game/platform:n64/sort:critic_score/page:2/
n64	the new tetris	The New Tetris	83	1999	H2O Entertainment Ltd.	https://www.mobygames.com/game/platform:n64/sort:critic_score/page:2/
n64	star wars episode i battle for naboo	Star Wars: Episode I - Battle for Naboo	83	2000	LucasArts	https://www.mobygames.com/game/platform:n64/sort:critic_score/page:2/
n64	worms armageddon	Worms: Armageddon	82	1999	Team17 Digital Limited	https://www.mobygames.com/game/platform:n64/sort:critic_score/page:2/
n64	pok mon puzzle league	Pokémon Puzzle League	82	2000	Intelligent Systems Co., Ltd.	https://www.mobygames.com/game/platform:n64/sort:critic_score/page:2/
n64	f 1 world grand prix	F-1 World Grand Prix	82	1998	Paradigm Entertainment Inc.	https://www.mobygames.com/game/platform:n64/sort:critic_score/page:2/
n64	quake ii	Quake II	82	1999	Raster Productions L.L.C.	https://www.mobygames.com/game/platform:n64/sort:critic_score/page:2/
n64	wwf wrestlemania 2000	WWF Wrestlemania 2000	82	1999	AKI Corporation	https://www.mobygames.com/game/platform:n64/sort:critic_score/page:2/
n64	wwf war zone	WWF War Zone	82	1998	Iguana West	https://www.mobygames.com/game/platform:n64/sort:critic_score/page:2/
n64	extreme g xg2	Extreme-G: XG2	81	1998	Probe Entertainment Ltd.	https://www.mobygames.com/game/platform:n64/sort:critic_score/page:2/
n64	wwf attitude	WWF Attitude	81	1999	Acclaim Studios Salt Lake City	https://www.mobygames.com/game/platform:n64/sort:critic_score/page:2/
n64	mortal kombat 4	Mortal Kombat 4	81	1998	Midway Games, Inc.	https://www.mobygames.com/game/platform:n64/sort:critic_score/page:2/
n64	madden football 64	Madden Football 64	81	1997	Tiburon Entertainment	https://www.mobygames.com/game/platform:n64/sort:critic_score/page:2/
n64	f 1 world grand prix ii	F-1 World Grand Prix II	81	1999	Paradigm Entertainment Inc.	https://www.mobygames.com/game/platform:n64/sort:critic_score/page:2/
n64	fighters destiny	Fighters Destiny	81	1998	Opus Corp.	https://www.mobygames.com/game/platform:n64/sort:critic_score/page:2/
n64	bust a move again	Bust-A-Move Again	81	1998	Probe Entertainment Ltd.	https://www.mobygames.com/game/platform:n64/sort:critic_score/page:2/
n64	rocket robot on wheels	Rocket: Robot on Wheels	81	1999	Sucker Punch Productions LLC	https://www.mobygames.com/game/platform:n64/sort:critic_score/page:2/
n64	starcraft 64	StarCraft 64	80	2000	Mass Media, Inc.	https://www.mobygames.com/game/platform:n64/sort:critic_score/page:2/
n64	nba live 2000	NBA Live 2000	80	1999	NuFX, Inc.	https://www.mobygames.com/game/platform:n64/sort:critic_score/page:2/
n64	monaco grand prix racing simulation 2	Monaco Grand Prix Racing Simulation 2	80	1999	Ubi Soft Paris Studios	https://www.mobygames.com/game/platform:n64/sort:critic_score/page:2/
n64	susume taisen puzzle dama t kon marutama ch	Susume! Taisen Puzzle Dama: Tōkon! Marutama Chō	80	1998	Konami Computer Entertainment Kobe, Inc.	https://www.mobygames.com/game/platform:n64/sort:critic_score/page:2/
n64	world driver championship	World Driver Championship	80	1999	Boss Game Studios Inc.	https://www.mobygames.com/game/platform:n64/sort:critic_score/page:2/
n64	pok mon snap	Pokémon Snap	80	1999	HAL Laboratory, Inc.	https://www.mobygames.com/game/platform:n64/sort:critic_score/page:2/
n64	turok 3 shadow of oblivion	Turok 3: Shadow of Oblivion	80	2000	Acclaim Studios-Texas, Inc.	https://www.mobygames.com/game/platform:n64/sort:critic_score/page:2/
n64	san francisco rush 2049	San Francisco Rush 2049	80	2000	Atari Games Corporation	https://www.mobygames.com/game/platform:n64/sort:critic_score/page:2/
n64	f1 racing championship	F1 Racing Championship	80	2000	Ubi Soft Paris Studios	https://www.mobygames.com/game/platform:n64/sort:critic_score/page:2/
n64	quake	Quake	80	1998	id Software, Inc.	https://www.mobygames.com/game/platform:n64/sort:critic_score/page:2/
n64	top gear overdrive	Top Gear: Overdrive	80	1998	Snowblind Studios, Inc.	https://www.mobygames.com/game/platform:n64/sort:critic_score/page:2/
n64	castlevania	Castlevania	80	1999	Konami Computer Entertainment Kobe, Inc.	https://www.mobygames.com/game/platform:n64/sort:critic_score/page:2/
n64	micro machines v3	Micro Machines V3	80	1999	The Codemasters Software Company Limited	https://www.mobygames.com/game/platform:n64/sort:critic_score/page:2/
n64	doom 64	Doom 64	80	1997	Nightdive Studios, LLC	https://www.mobygames.com/game/platform:n64/sort:critic_score/page:2/
n64	mystical ninja starring goemon	Mystical Ninja Starring Goemon	80	1997	Konami Computer Entertainment Osaka Co., Ltd.	https://www.mobygames.com/game/platform:n64/sort:critic_score/page:2/
n64	nfl blitz 2001	NFL Blitz 2001	80	2000	Midway Games, Inc.	https://www.mobygames.com/game/platform:n64/sort:critic_score/page:2/
n64	body harvest	Body Harvest	80	1998	DMA Design Limited	https://www.mobygames.com/game/platform:n64/sort:critic_score/page:2/
n64	vigilante 8	Vigilante 8	80	1999	Luxoflux Corp.	https://www.mobygames.com/game/platform:n64/sort:critic_score/page:2/
n64	wetrix	Wetrix	80	1998	Zed Two Game Design Studio	https://www.mobygames.com/game/platform:n64/sort:critic_score/page:2/
n64	harvest moon 64	Harvest Moon 64	80	1999	Victor Interactive Software, Inc.	https://www.mobygames.com/game/platform:n64/sort:critic_score/page:2/
n64	40 winks	40 Winks	80	2019	Eurocom Developments Ltd	https://www.mobygames.com/game/platform:n64/sort:critic_score/page:2/
n64	top gear rally	Top Gear Rally	80	1997	Boss Game Studios Inc.	https://www.mobygames.com/game/platform:n64/sort:critic_score/page:2/
n64	all star baseball 99	All-Star Baseball 99	80	1998	Iguana Entertainment Incorporated	https://www.mobygames.com/game/platform:n64/sort:critic_score/page:2/
n64	wcw nwo revenge	WCW/NWO Revenge	80	1998	AKI Corporation	https://www.mobygames.com/game/platform:n64/sort:critic_score/page:2/
n64	super smash bros	Super Smash Bros.	79	1999	HAL Laboratory, Inc.	https://www.mobygames.com/game/platform:n64/sort:critic_score/page:3/
n64	puyo puyo sun	Puyo Puyo Sun	79	1997	Compile	https://www.mobygames.com/game/platform:n64/sort:critic_score/page:3/
n64	mario party	Mario Party	79	1998	Hudson Soft Company, Ltd.	https://www.mobygames.com/game/platform:n64/sort:critic_score/page:3/
n64	virtual pool 64	Virtual Pool 64	79	1998	Celeris Inc.	https://www.mobygames.com/game/platform:n64/sort:critic_score/page:3/
n64	bust a move 3	Bust-A-Move 3	79	1999	Taito Corporation	https://www.mobygames.com/game/platform:n64/sort:critic_score/page:3/
n64	pok mon stadium 2	Pokémon Stadium 2	79	2000	Nintendo Co., Ltd.	https://www.mobygames.com/game/platform:n64/sort:critic_score/page:3/
n64	mischief makers	Mischief Makers	79	1997	Treasure Co., Ltd.	https://www.mobygames.com/game/platform:n64/sort:critic_score/page:3/
n64	mario party 2	Mario Party 2	78	1999	Hudson Soft Company, Ltd.	https://www.mobygames.com/game/platform:n64/sort:critic_score/page:3/
gamegear	rise of the robots	Rise of the Robots	31	1994	Mirage Technologies (Multimedia) Ltd.	https://www.mobygames.com/game/platform:game-gear/sort:-critic_score/page:1/
gamegear	championship hockey	Championship Hockey	41	1994	Electronic Arts, Inc.	https://www.mobygames.com/game/platform:game-gear/sort:-critic_score/page:1/
gamegear	aerial assault	Aerial Assault	43	1992	SEGA Enterprises Ltd.	https://www.mobygames.com/game/platform:game-gear/sort:-critic_score/page:1/
gamegear	tails skypatrol	Tails' Skypatrol	45	1995	SIMS Co., Ltd.	https://www.mobygames.com/game/platform:game-gear/sort:-critic_score/page:1/
gamegear	home alone	Home Alone	46	1992	Brian A. Rice, Inc.	https://www.mobygames.com/game/platform:game-gear/sort:-critic_score/page:1/
gamegear	caesars palace	Caesars Palace	48	1993	Magnin & Associates	https://www.mobygames.com/game/platform:game-gear/sort:-critic_score/page:1/
gamegear	nhl all star hockey	NHL All-Star Hockey	48	1995	Gray Matter Inc.	https://www.mobygames.com/game/platform:game-gear/sort:-critic_score/page:1/
gamegear	monster truck wars	Monster Truck Wars	49	1994	Gremlin Graphics Software Limited	https://www.mobygames.com/game/platform:game-gear/sort:-critic_score/page:1/
gamegear	hurricanes	Hurricanes	50	1994	Arc Developments Limited	https://www.mobygames.com/game/platform:game-gear/sort:critic_score/page:4/
gamegear	smash t v	Smash T.V.	50	1992	Williams Electronics Games, Inc.	https://www.mobygames.com/game/platform:game-gear/sort:critic_score/page:4/
gamegear	panzer dragoon mini	Panzer Dragoon Mini	50	1996	Rit's Co., Ltd.	https://www.mobygames.com/game/platform:game-gear/sort:critic_score/page:4/
gamegear	robocop 3	RoboCop 3	52	1993	Ocean Software Ltd.	https://www.mobygames.com/game/platform:game-gear/sort:critic_score/page:4/
gamegear	batman forever	Batman Forever	52	1995	Probe Entertainment Ltd.	https://www.mobygames.com/game/platform:game-gear/sort:critic_score/page:4/
gamegear	superman the man of steel	Superman: The Man of Steel	53	1993	Graftgold Creative Software	https://www.mobygames.com/game/platform:game-gear/sort:critic_score/page:4/
gamegear	junction	Junction	54	1991	Micronet Co. Ltd.	https://www.mobygames.com/game/platform:game-gear/sort:critic_score/page:4/
gamegear	wwf wrestlemania steel cage challenge	WWF Wrestlemania: Steel Cage Challenge	54	1993	Teeny Weeny Games, Ltd.	https://www.mobygames.com/game/platform:game-gear/sort:critic_score/page:4/
gamegear	the incredible crash dummies	The Incredible Crash Dummies	55	1994	Software Creations Ltd.	https://www.mobygames.com/game/platform:game-gear/sort:critic_score/page:4/
gamegear	sonic blast	Sonic Blast	55	1996	Aspect Co., Ltd.	https://www.mobygames.com/game/platform:game-gear/sort:critic_score/page:4/
gamegear	double dragon	Double Dragon	55	1993	Virgin Games, Inc.	https://www.mobygames.com/game/platform:game-gear/sort:critic_score/page:4/
gamegear	g loc air battle	G-Loc: Air Battle	55	1990	AM R&D Dept. #2	https://www.mobygames.com/game/platform:game-gear/sort:critic_score/page:4/
gamegear	cj elephant fugitive	CJ: Elephant Fugitive	56	1994	The Big Red Software Company Ltd.	https://www.mobygames.com/game/platform:game-gear/sort:critic_score/page:4/
gamegear	scratch golf	Scratch Golf	57	1994	Electronics Application Co., Ltd.	https://www.mobygames.com/game/platform:game-gear/sort:critic_score/page:4/
gamegear	the simpsons bartman meets radioactive man	The Simpsons: Bartman Meets Radioactive Man	57	1993	Absolute Entertainment, Inc.	https://www.mobygames.com/game/platform:game-gear/sort:critic_score/page:4/
gamegear	disney s ariel the little mermaid	Disney's Ariel the Little Mermaid	58	1992	BlueSky Software, Inc.	https://www.mobygames.com/game/platform:game-gear/sort:critic_score/page:4/
gamegear	predator 2	Predator 2	58	1992	Teeny Weeny Games, Ltd.	https://www.mobygames.com/game/platform:game-gear/sort:critic_score/page:4/
gamegear	george foreman s ko boxing	George Foreman's KO Boxing	58	1992	SIMS Co., Ltd.	https://www.mobygames.com/game/platform:game-gear/sort:critic_score/page:4/
gamegear	putt putter	Putt & Putter	58	1991	SIMS Co., Ltd.	https://www.mobygames.com/game/platform:game-gear/sort:critic_score/page:4/
gamegear	dragon the bruce lee story	Dragon: The Bruce Lee Story	59	1993	Virgin Interactive Entertainment (Europe) Ltd.	https://www.mobygames.com/game/platform:game-gear/sort:critic_score/page:4/
gamegear	marko s magic football	Marko's Magic Football	59	1993	Domark Software Ltd.	https://www.mobygames.com/game/platform:game-gear/sort:critic_score/page:4/
gamegear	outrun europa	OutRun Europa	59	1991	Probe Software Ltd.	https://www.mobygames.com/game/platform:game-gear/sort:critic_score/page:4/
gamegear	surf ninjas	Surf Ninjas	59	1993	NuFX, Inc.	https://www.mobygames.com/game/platform:game-gear/sort:critic_score/page:4/
gamegear	stargate	Stargate	59	1994	Probe Software Ltd.	https://www.mobygames.com/game/platform:game-gear/sort:critic_score/page:4/
gamegear	saban s vr troopers	Saban's VR Troopers	60	1995	Syrox Developments, Ltd.	https://www.mobygames.com/game/platform:game-gear/sort:critic_score/page:4/
gamegear	hook	Hook	60	1992	Ukiyotei Company, Ltd.	https://www.mobygames.com/game/platform:game-gear/sort:critic_score/page:4/
gamegear	indiana jones and the last crusade the action gam	Indiana Jones and the Last Crusade: The Action Gam...	61	1991	Tiertex Ltd.	https://www.mobygames.com/game/platform:game-gear/sort:critic_score/page:4/
gamegear	wwf raw	WWF Raw	61	1994	Realtime Associates Seattle Division	https://www.mobygames.com/game/platform:game-gear/sort:critic_score/page:4/
gamegear	spider man return of the sinister six	Spider-Man: Return of the Sinister Six	61	1993	B.I.T.S., Ltd.	https://www.mobygames.com/game/platform:game-gear/sort:critic_score/page:4/
gamegear	pinball dreams	Pinball Dreams	61	1994	Digital Illusions HB	https://www.mobygames.com/game/platform:game-gear/sort:critic_score/page:4/
gamegear	tom and jerry the movie	Tom and Jerry: The Movie	61	1993	SIMS Co., Ltd.	https://www.mobygames.com/game/platform:game-gear/sort:critic_score/page:4/
gamegear	mappy	Mappy	61	1991	Namco Limited	https://www.mobygames.com/game/platform:game-gear/sort:critic_score/page:4/
gamegear	true lies	True Lies	62	1995	Beam Software Pty., Ltd.	https://www.mobygames.com/game/platform:game-gear/sort:critic_score/page:4/
gamegear	taz mania	Taz-Mania	62	1992	NuFX, Inc.	https://www.mobygames.com/game/platform:game-gear/sort:critic_score/page:4/
gamegear	sonic drift	Sonic Drift	62	1994	SEGA Enterprises Ltd.	https://www.mobygames.com/game/platform:game-gear/sort:critic_score/page:4/
gamegear	disney s talespin	Disney's TaleSpin	62	1993	SEGA Interactive Development Division	https://www.mobygames.com/game/platform:game-gear/sort:critic_score/page:4/
gamegear	nfl quarterback club	NFL Quarterback Club	62	1995	Condor, Inc.	https://www.mobygames.com/game/platform:game-gear/sort:critic_score/page:4/
gamegear	cheese cat astrophe starring speedy gonzales	Cheese Cat-Astrophe starring Speedy Gonzales	62	1995	Cryo Interactive Entertainment	https://www.mobygames.com/game/platform:game-gear/sort:critic_score/page:4/
gamegear	power drive	Power Drive	63	1994	Rage Software Ltd.	https://www.mobygames.com/game/platform:game-gear/sort:critic_score/page:4/
gamegear	r c grand prix	R.C. Grand Prix	63	1992	Imagineering Inc.	https://www.mobygames.com/game/platform:game-gear/sort:critic_score/page:4/
gamegear	virtua fighter animation	Virtua Fighter Animation	63	1996	Aspect Co., Ltd.	https://www.mobygames.com/game/platform:game-gear/sort:critic_score/page:4/
gamegear	psychic world	Psychic World	63	1991	Hertz Co. Ltd	https://www.mobygames.com/game/platform:game-gear/sort:critic_score/page:4/
gamegear	kinetic connection	Kinetic Connection	63	1991		https://www.mobygames.com/game/platform:game-gear/sort:critic_score/page:4/
gamegear	griffin	Griffin	64	1991	Renovation Game	https://www.mobygames.com/game/platform:game-gear/sort:critic_score/page:4/
gamegear	chuck rock	Chuck Rock	64	1992	Core Design Ltd.	https://www.mobygames.com/game/platform:game-gear/sort:critic_score/page:4/
gamegear	winter olympics lillehammer 94	Winter Olympics: Lillehammer '94	64	1994	Tiertex Ltd.	https://www.mobygames.com/game/platform:game-gear/sort:critic_score/page:4/
gamegear	kawasaki superbike challenge	Kawasaki Superbike Challenge	65	1994	Teque London Ltd.	https://www.mobygames.com/game/platform:game-gear/sort:critic_score/page:4/
gamegear	arcade classics	Arcade Classics	65	1996	Atari, Inc.	https://www.mobygames.com/game/platform:game-gear/sort:critic_score/page:4/
gamegear	the simpsons bart vs the world	The Simpsons: Bart vs. the World	65	1993	Imagineering Inc.	https://www.mobygames.com/game/platform:game-gear/sort:critic_score/page:4/
gamegear	taz in escape from mars	Taz in Escape from Mars	65	1994	HeadGames, Inc.	https://www.mobygames.com/game/platform:game-gear/sort:critic_score/page:4/
gamegear	ax battler a legend of golden axe	Ax Battler: A Legend of Golden Axe	65	1991	SEGA Enterprises Ltd.	https://www.mobygames.com/game/platform:game-gear/sort:critic_score/page:3/
gamegear	buster ball	Buster Ball	65	1992		https://www.mobygames.com/game/platform:game-gear/sort:critic_score/page:3/
gamegear	woody pop	Woody Pop	65	1991	SEGA Enterprises Ltd.	https://www.mobygames.com/game/platform:game-gear/sort:critic_score/page:3/
gamegear	streets of rage	Streets of Rage	65	1992	SEGA Enterprises Ltd.	https://www.mobygames.com/game/platform:game-gear/sort:critic_score/page:3/
gamegear	tempo jr	Tempo Jr.	65	1995	SIMS Co., Ltd.	https://www.mobygames.com/game/platform:game-gear/sort:critic_score/page:3/
gamegear	joe montana football	Joe Montana Football	66	1992	BlueSky Software, Inc.	https://www.mobygames.com/game/platform:game-gear/sort:critic_score/page:3/
gamegear	daffy duck in hollywood	Daffy Duck in Hollywood	66	1994	Probe Software Ltd.	https://www.mobygames.com/game/platform:game-gear/sort:critic_score/page:3/
gamegear	primal rage	Primal Rage	66	1995	Atari Games Corporation	https://www.mobygames.com/game/platform:game-gear/sort:critic_score/page:3/
gamegear	gear works	Gear Works	66	1994	Idea Software	https://www.mobygames.com/game/platform:game-gear/sort:critic_score/page:3/
gamegear	desert speedtrap starring road runner and wile e	Desert Speedtrap starring Road Runner and Wile E. ...	66	1994	Probe Software Ltd.	https://www.mobygames.com/game/platform:game-gear/sort:critic_score/page:3/
gamegear	rastan	Rastan	66	1991	Taito Corporation	https://www.mobygames.com/game/platform:game-gear/sort:critic_score/page:3/
gamegear	space harrier	Space Harrier	66	1991	AM R&D Dept. #2	https://www.mobygames.com/game/platform:game-gear/sort:critic_score/page:3/
gamegear	mighty morphin power rangers	Mighty Morphin Power Rangers	66	1994	SIMS Co., Ltd.	https://www.mobygames.com/game/platform:game-gear/sort:critic_score/page:3/
gamegear	paperboy 2	Paperboy 2	66	1993	Tengen Inc.	https://www.mobygames.com/game/platform:game-gear/sort:critic_score/page:3/
gamegear	batter up	Batter Up	67	1991	Namco Limited	https://www.mobygames.com/game/platform:game-gear/sort:critic_score/page:3/
gamegear	james bond 007 the duel	James Bond 007: The Duel	67	1993	Kremlin, The	https://www.mobygames.com/game/platform:game-gear/sort:critic_score/page:3/
gamegear	marble madness	Marble Madness	67	1992	Atari, Inc.	https://www.mobygames.com/game/platform:game-gear/sort:critic_score/page:3/
gamegear	pengo	Pengo	67	1990	SEGA Enterprises Ltd.	https://www.mobygames.com/game/platform:game-gear/sort:critic_score/page:3/
gamegear	evander holyfield s real deal boxing	Evander Holyfield's "Real Deal" Boxing	67	1992	Novotrade Software Kft.	https://www.mobygames.com/game/platform:game-gear/sort:critic_score/page:3/
gamegear	sonic the hedgehog spinball	Sonic the Hedgehog: Spinball	67	1994	SEGA Interactive Development Division	https://www.mobygames.com/game/platform:game-gear/sort:critic_score/page:3/
gamegear	disney s bonkers wax up	Disney's Bonkers: Wax Up!	67	1995	Al Baker & Associates	https://www.mobygames.com/game/platform:game-gear/sort:critic_score/page:3/
gamegear	super monaco gp	Super Monaco GP	67	1990	SEGA Enterprises Ltd.	https://www.mobygames.com/game/platform:game-gear/sort:critic_score/page:3/
gamegear	strider 2	Strider 2	67	1993	Tiertex Ltd.	https://www.mobygames.com/game/platform:game-gear/sort:critic_score/page:3/
gamegear	terminator 2 judgment day	Terminator 2: Judgment Day	67	1993	Midway Manufacturing Company	https://www.mobygames.com/game/platform:game-gear/sort:critic_score/page:3/
gamegear	ast rix and the great rescue	Astérix and the Great Rescue	67	1994	Core Design Ltd.	https://www.mobygames.com/game/platform:game-gear/sort:critic_score/page:3/
gamegear	pga tour golf	PGA Tour Golf	67	1993	Sterling Silver Software	https://www.mobygames.com/game/platform:game-gear/sort:critic_score/page:3/
gamegear	mick mack as the global gladiators	Mick & Mack as the Global Gladiators	67	1993	Virgin Games, Inc.	https://www.mobygames.com/game/platform:game-gear/sort:critic_score/page:3/
gamegear	side pocket	Side Pocket	67	1994	Data East Corporation	https://www.mobygames.com/game/platform:game-gear/sort:critic_score/page:3/
gamegear	the terminator	The Terminator	68	1992	Probe Software Ltd.	https://www.mobygames.com/game/platform:game-gear/sort:critic_score/page:3/
gamegear	battletoads	Battletoads	68	1993	Rare Limited	https://www.mobygames.com/game/platform:game-gear/sort:critic_score/page:3/
gamegear	fantasy zone	Fantasy Zone	68	1991	Sanritsu Denki Co., Ltd.	https://www.mobygames.com/game/platform:game-gear/sort:critic_score/page:3/
gamegear	wonder boy	Wonder Boy	68	1990	Escape	https://www.mobygames.com/game/platform:game-gear/sort:critic_score/page:3/
gamegear	x men gamesmaster s legacy	X-Men: Gamesmaster's Legacy	68	1995	SEGA of America, Inc.	https://www.mobygames.com/game/platform:game-gear/sort:critic_score/page:3/
gamegear	alien syndrome	Alien Syndrome	68	1992	SIMS Co., Ltd.	https://www.mobygames.com/game/platform:game-gear/sort:critic_score/page:3/
gamegear	ayrton senna s super monaco gp ii	Ayrton Senna's Super Monaco GP II	68	1992	SEGA Enterprises Ltd.	https://www.mobygames.com/game/platform:game-gear/sort:critic_score/page:3/
gamegear	factory panic	Factory Panic	69	1991	JSH Co., Ltd.	https://www.mobygames.com/game/platform:game-gear/sort:critic_score/page:3/
gamegear	ivan ironman stewart s super off road	Ivan 'Ironman' Stewart's Super Off Road	69	1992	Leland Corporation	https://www.mobygames.com/game/platform:game-gear/sort:critic_score/page:3/
gamegear	solitaire poker	Solitaire Poker	69	1991	Success Corp.	https://www.mobygames.com/game/platform:game-gear/sort:critic_score/page:3/
gamegear	sega game pack 4in1	Sega Game Pack 4in1	69	1992	SEGA Enterprises Ltd.	https://www.mobygames.com/game/platform:game-gear/sort:critic_score/page:3/
gamegear	paperboy	Paperboy	69	1991	Atari, Inc.	https://www.mobygames.com/game/platform:game-gear/sort:critic_score/page:3/
gamegear	ninja gaiden	Ninja Gaiden	69	1991	SEGA Enterprises Ltd.	https://www.mobygames.com/game/platform:game-gear/sort:critic_score/page:3/
gamegear	outrun	OutRun	69	1991	Studio 128	https://www.mobygames.com/game/platform:game-gear/sort:critic_score/page:3/
gamegear	the addams family	The Addams Family	70	1993	Ocean Software Ltd.	https://www.mobygames.com/game/platform:game-gear/sort:critic_score/page:3/
gamegear	sink or swim	Sink or Swim	70	1994	Junkyard	https://www.mobygames.com/game/platform:game-gear/sort:critic_score/page:3/
gamegear	wizard pinball	Wizard Pinball	70	1995	Teque London Ltd.	https://www.mobygames.com/game/platform:game-gear/sort:critic_score/page:3/
gamegear	dragon crystal	Dragon Crystal	70	1990	SEGA Enterprises Ltd.	https://www.mobygames.com/game/platform:game-gear/sort:critic_score/page:3/
gamegear	sonic labyrinth	Sonic Labyrinth	71	1995	Minato Giken	https://www.mobygames.com/game/platform:game-gear/sort:critic_score/page:3/
gamegear	dropzone	Dropzone	71	1994	Arena Graphics	https://www.mobygames.com/game/platform:game-gear/sort:critic_score/page:3/
gamegear	formula one	Formula One	71	1993	Lankhor	https://www.mobygames.com/game/platform:game-gear/sort:critic_score/page:3/
gamegear	the smurfs	The Smurfs	71	1994	Bit Managers S.L.	https://www.mobygames.com/game/platform:game-gear/sort:critic_score/page:3/
gamegear	the adventures of batman robin	The Adventures of Batman & Robin	71	1995	Novotrade International, Inc.	https://www.mobygames.com/game/platform:game-gear/sort:critic_score/page:2/
gamegear	wolfchild	Wolfchild	71	1993	Core Design Ltd.	https://www.mobygames.com/game/platform:game-gear/sort:critic_score/page:2/
gamegear	chase h q	Chase H.Q.	72	1991	Taito Corporation	https://www.mobygames.com/game/platform:game-gear/sort:critic_score/page:2/
gamegear	mortal kombat	Mortal Kombat	72	1993	Midway Manufacturing Company	https://www.mobygames.com/game/platform:game-gear/sort:critic_score/page:2/
gamegear	spider man x men arcade s revenge	Spider-Man / X-Men: Arcade's Revenge	72	1994	Software Creations Ltd.	https://www.mobygames.com/game/platform:game-gear/sort:critic_score/page:2/
gamegear	judge dredd	Judge Dredd	72	1995	Probe Software Ltd.	https://www.mobygames.com/game/platform:game-gear/sort:critic_score/page:2/
gamegear	the incredible hulk	The Incredible Hulk	72	1995	Probe Entertainment Ltd.	https://www.mobygames.com/game/platform:game-gear/sort:critic_score/page:2/
gamegear	olympic gold barcelona 92	Olympic Gold: Barcelona '92	72	1992	Tiertex Ltd.	https://www.mobygames.com/game/platform:game-gear/sort:critic_score/page:2/
gamegear	disney s aladdin	Disney's Aladdin	73	1994	SIMS Co., Ltd.	https://www.mobygames.com/game/platform:game-gear/sort:critic_score/page:2/
gamegear	pac attack	Pac-Attack	73	1994	Namco Limited	https://www.mobygames.com/game/platform:game-gear/sort:critic_score/page:2/
gamegear	ultimate soccer	Ultimate Soccer	73	1993	Rage Software Ltd.	https://www.mobygames.com/game/platform:game-gear/sort:critic_score/page:2/
gamegear	devilish	Devilish	73	1991	Opera House Inc.	https://www.mobygames.com/game/platform:game-gear/sort:critic_score/page:2/
gamegear	the jungle book	The Jungle Book	73	1994	Syrox Developments, Ltd.	https://www.mobygames.com/game/platform:game-gear/sort:critic_score/page:2/
gamegear	wimbledon championship tennis	Wimbledon Championship Tennis	73	1992	SIMS Co., Ltd.	https://www.mobygames.com/game/platform:game-gear/sort:critic_score/page:2/
gamegear	super golf	Super Golf	73	1991		https://www.mobygames.com/game/platform:game-gear/sort:critic_score/page:2/
gamegear	ecco the tides of time	Ecco: The Tides of Time	73	1994	Novotrade International, Inc.	https://www.mobygames.com/game/platform:game-gear/sort:critic_score/page:2/
gamegear	garfield caught in the act	Garfield: Caught in the Act	73	1995	Novotrade Software Kft.	https://www.mobygames.com/game/platform:game-gear/sort:critic_score/page:2/
gamegear	star wars	Star Wars	73	1993	Tiertex Design Studios	https://www.mobygames.com/game/platform:game-gear/sort:critic_score/page:2/
gamegear	taito s super space invaders	Taito's Super Space Invaders	73	1992	Taito Corporation	https://www.mobygames.com/game/platform:game-gear/sort:critic_score/page:2/
gamegear	the lion king	The Lion King	74	1994	Syrox Developments, Ltd.	https://www.mobygames.com/game/platform:game-gear/sort:critic_score/page:2/
gamegear	zool	Zool	74	1994	Gremlin Interactive Limited	https://www.mobygames.com/game/platform:game-gear/sort:critic_score/page:2/
gamegear	alien	Alien³	74	1994	Probe Software Ltd.	https://www.mobygames.com/game/platform:game-gear/sort:critic_score/page:2/
gamegear	super kick off	Super Kick Off	74	1991	Tiertex Design Studios	https://www.mobygames.com/game/platform:game-gear/sort:critic_score/page:2/
gamegear	nba jam tournament edition	NBA Jam Tournament Edition	74	1995	Midway Manufacturing Company	https://www.mobygames.com/game/platform:game-gear/sort:critic_score/page:2/
gamegear	spider man	Spider-Man	74	1992	SEGA of America, Inc.	https://www.mobygames.com/game/platform:game-gear/sort:critic_score/page:2/
gamegear	earthworm jim	Earthworm Jim	74	1995	Shiny Entertainment, Inc.	https://www.mobygames.com/game/platform:game-gear/sort:critic_score/page:2/
gamegear	klax	Klax	74	1991	Tengen Inc.	https://www.mobygames.com/game/platform:game-gear/sort:critic_score/page:2/
gamegear	the ottifants	The Ottifants	74	1993	Graftgold Ltd.	https://www.mobygames.com/game/platform:game-gear/sort:critic_score/page:2/
gamegear	batman returns	Batman Returns	74	1992	Aspect Co., Ltd.	https://www.mobygames.com/game/platform:game-gear/sort:critic_score/page:2/
gamegear	halley wars	Halley Wars	74	1991	Taito Corporation	https://www.mobygames.com/game/platform:game-gear/sort:critic_score/page:2/
gamegear	mortal kombat ii	Mortal Kombat II	74	1994	Midway Manufacturing Company	https://www.mobygames.com/game/platform:game-gear/sort:critic_score/page:2/
gamegear	sonic the hedgehog 2	Sonic the Hedgehog 2	74	1992	Aspect Co., Ltd.	https://www.mobygames.com/game/platform:game-gear/sort:critic_score/page:2/
gamegear	galaga 88	Galaga '88	74	1991	Namco Limited	https://www.mobygames.com/game/platform:game-gear/sort:critic_score/page:2/
gamegear	jurassic park	Jurassic Park	75	1993	SEGA Enterprises Ltd.	https://www.mobygames.com/game/platform:game-gear/sort:critic_score/page:2/
gamegear	pac man	Pac-Man	75	1991	Namco Limited	https://www.mobygames.com/game/platform:game-gear/sort:critic_score/page:2/
gamegear	james pond 2 codename robocod	James Pond 2: Codename: RoboCod	75	1993	Vectordean Ltd.	https://www.mobygames.com/game/platform:game-gear/sort:critic_score/page:2/
gamegear	legend of illusion starring mickey mouse	Legend of Illusion starring Mickey Mouse	75	1995	Aspect Co., Ltd.	https://www.mobygames.com/game/platform:game-gear/sort:critic_score/page:2/
gamegear	quest for the shaven yak starring ren ho k stimp	Quest for the Shaven Yak starring Ren Hoëk & Stimp...	76	1994	Realtime Associates, Inc.	https://www.mobygames.com/game/platform:game-gear/sort:critic_score/page:2/
gamegear	mighty morphin power rangers the movie	Mighty Morphin Power Rangers: The Movie	76	1995	SIMS Co., Ltd.	https://www.mobygames.com/game/platform:game-gear/sort:critic_score/page:2/
gamegear	skweek	Skweek	76	1991	Loriciels	https://www.mobygames.com/game/platform:game-gear/sort:critic_score/page:2/
gamegear	columns	Columns	76	1990	SEGA Enterprises Ltd.	https://www.mobygames.com/game/platform:game-gear/sort:critic_score/page:2/
gamegear	sonic drift 2	Sonic Drift 2	77	1995	SEGA Enterprises Ltd.	https://www.mobygames.com/game/platform:game-gear/sort:critic_score/page:2/
gamegear	gg aleste	GG Aleste	77	1991	Compile	https://www.mobygames.com/game/platform:game-gear/sort:critic_score/page:2/
gamegear	james pond 3	James Pond 3	77	1994	Vectordean Ltd.	https://www.mobygames.com/game/platform:game-gear/sort:critic_score/page:2/
gamegear	the simpsons bart vs the space mutants	The Simpsons: Bart vs. the Space Mutants	77	1992	Imagineering Inc.	https://www.mobygames.com/game/platform:game-gear/sort:critic_score/page:2/
gamegear	dynamite headdy	Dynamite Headdy	77	1994	Treasure Co., Ltd.	https://www.mobygames.com/game/platform:game-gear/sort:critic_score/page:2/
gamegear	robocop versus the terminator	RoboCop versus The Terminator	77	1993	Virgin Games, Inc.	https://www.mobygames.com/game/platform:game-gear/sort:critic_score/page:2/
gamegear	world class leader board	World Class Leader Board	77	1991	Access Software, Inc.	https://www.mobygames.com/game/platform:game-gear/sort:critic_score/page:2/
gamegear	krusty s super fun house	Krusty's Super Fun House	77	1992	Audiogenic Software Ltd.	https://www.mobygames.com/game/platform:game-gear/sort:critic_score/page:2/
gamegear	pga tour golf ii	PGA Tour Golf II	77	1995	Polygames	https://www.mobygames.com/game/platform:game-gear/sort:critic_score/page:2/
gamegear	fifa international soccer	FIFA International Soccer	78	1994	Electronic Arts Canada	https://www.mobygames.com/game/platform:game-gear/sort:critic_score/page:1/
gamegear	crystal warriors	Crystal Warriors	78	1991	SEGA Enterprises Ltd.	https://www.mobygames.com/game/platform:game-gear/sort:critic_score/page:1/
gamegear	deep duck trouble starring donald duck	Deep Duck Trouble starring Donald Duck	78	1993	Aspect Co., Ltd.	https://www.mobygames.com/game/platform:game-gear/sort:critic_score/page:1/
gamegear	arena maze of death	Arena: Maze of Death	78	1995	Eden Entertainment Software Ltd.	https://www.mobygames.com/game/platform:game-gear/sort:critic_score/page:1/
gamegear	super columns	Super Columns	78	1995	SEGA Enterprises Ltd.	https://www.mobygames.com/game/platform:game-gear/sort:critic_score/page:1/
gamegear	desert strike return to the gulf	Desert Strike: Return to the Gulf	78	1994	Granite Bay Software	https://www.mobygames.com/game/platform:game-gear/sort:critic_score/page:1/
gamegear	defenders of oasis	Defenders of Oasis	78	1992	SEGA Enterprises Ltd.	https://www.mobygames.com/game/platform:game-gear/sort:critic_score/page:1/
gamegear	cosmic spacehead	Cosmic Spacehead	78	1993	Codemasters	https://www.mobygames.com/game/platform:game-gear/sort:critic_score/page:1/
gamegear	the berlinwall	The Berlinwall	78	1991	Inter State Co., Ltd.	https://www.mobygames.com/game/platform:game-gear/sort:critic_score/page:1/
gamegear	the lucky dime caper starring donald duck	The Lucky Dime Caper starring Donald Duck	79	1991	SEGA Enterprises Ltd.	https://www.mobygames.com/game/platform:game-gear/sort:critic_score/page:1/
gamegear	baku baku animal	Baku Baku Animal	79	1996	Sega AM3 R&D Division	https://www.mobygames.com/game/platform:game-gear/sort:critic_score/page:1/
gamegear	mega man	Mega Man	79	1995	Freestyle	https://www.mobygames.com/game/platform:game-gear/sort:critic_score/page:1/
gamegear	gp rider	GP Rider	79	1994	SEGA-AM2 Co., LTD.	https://www.mobygames.com/game/platform:game-gear/sort:critic_score/page:1/
gamegear	lemmings	Lemmings	79	1992	DMA Design Limited	https://www.mobygames.com/game/platform:game-gear/sort:critic_score/page:1/
gamegear	vampire master of darkness	Vampire: Master of Darkness	79	1992	SIMS Co., Ltd.	https://www.mobygames.com/game/platform:game-gear/sort:critic_score/page:1/
gamegear	the chessmaster	The Chessmaster	79	1991	Software Toolworks, Inc., The	https://www.mobygames.com/game/platform:game-gear/sort:critic_score/page:1/
gamegear	nba jam	NBA Jam	79	1994	Midway Manufacturing Company	https://www.mobygames.com/game/platform:game-gear/sort:critic_score/page:1/
gamegear	wonder boy iii the dragon s trap	Wonder Boy III: The Dragon's Trap	79	1992	SEGA Enterprises Ltd.	https://www.mobygames.com/game/platform:game-gear/sort:critic_score/page:1/
gamegear	ristar	Ristar	80	1994	SEGA Enterprises Ltd.	https://www.mobygames.com/game/platform:game-gear/sort:critic_score/page:1/
gamegear	sonic the hedgehog chaos	Sonic the Hedgehog Chaos	80	1993	Aspect Co., Ltd.	https://www.mobygames.com/game/platform:game-gear/sort:critic_score/page:1/
gamegear	streets of rage 2	Streets of Rage 2	80	1993	H.I.C. Co., Ltd.	https://www.mobygames.com/game/platform:game-gear/sort:critic_score/page:1/
gamegear	bram stoker s dracula	Bram Stoker's Dracula	80	1993	Probe Software Ltd.	https://www.mobygames.com/game/platform:game-gear/sort:critic_score/page:1/
gamegear	shining force the sword of hajya	Shining Force: The Sword of Hajya	80	1993	Sonic Co.	https://www.mobygames.com/game/platform:game-gear/sort:critic_score/page:1/
gamegear	power strike ii	Power Strike II	80	1993	Compile	https://www.mobygames.com/game/platform:game-gear/sort:critic_score/page:1/
gamegear	fatal fury special	Fatal Fury Special	80	1994	SNK Corporation	https://www.mobygames.com/game/platform:game-gear/sort:critic_score/page:1/
gamegear	road rash	Road Rash	80	1993	Electronic Arts, Inc.	https://www.mobygames.com/game/platform:game-gear/sort:critic_score/page:1/
gamegear	prince of persia	Prince of Persia	80	1992	Brøderbund Software, Inc.	https://www.mobygames.com/game/platform:game-gear/sort:critic_score/page:1/
gamegear	micro machines	Micro Machines	81	1993	The Codemasters Software Company Limited	https://www.mobygames.com/game/platform:game-gear/sort:critic_score/page:1/
gamegear	gunstar heroes	Gunstar Heroes	81	1995	Treasure Co., Ltd.	https://www.mobygames.com/game/platform:game-gear/sort:critic_score/page:1/
gamegear	tails adventure	Tails Adventure	81	1995	Aspect Co., Ltd.	https://www.mobygames.com/game/platform:game-gear/sort:critic_score/page:1/
gamegear	world cup soccer	World Cup Soccer	81	1993	SIMS Co., Ltd.	https://www.mobygames.com/game/platform:game-gear/sort:critic_score/page:1/
gamegear	sonic the hedgehog triple trouble	Sonic the Hedgehog: Triple Trouble	81	1994	Aspect Co., Ltd.	https://www.mobygames.com/game/platform:game-gear/sort:critic_score/page:1/
gamegear	shanghai ii	Shanghai II	81	1990	Sun Electronics Corp.	https://www.mobygames.com/game/platform:game-gear/sort:critic_score/page:1/
gamegear	ast rix and the secret mission	Astérix and the Secret Mission	82	1993	SEGA Enterprises Ltd.	https://www.mobygames.com/game/platform:game-gear/sort:critic_score/page:1/
gamegear	super star wars return of the jedi	Super Star Wars: Return of the Jedi	82	1995	Realtime Associates Seattle Division	https://www.mobygames.com/game/platform:game-gear/sort:critic_score/page:1/
gamegear	castle of illusion starring mickey mouse	Castle of Illusion starring Mickey Mouse	83	1991	SEGA Enterprises Ltd.	https://www.mobygames.com/game/platform:game-gear/sort:critic_score/page:1/
gamegear	chuck rock ii son of chuck	Chuck Rock II: Son of Chuck	83	1993	Core Design Ltd.	https://www.mobygames.com/game/platform:game-gear/sort:critic_score/page:1/
gamegear	pete sampras tennis	Pete Sampras Tennis	83	1994	The Codemasters Software Company Limited	https://www.mobygames.com/game/platform:game-gear/sort:critic_score/page:1/
gamegear	cool spot	Cool Spot	83	1993	Virgin Games, Inc.	https://www.mobygames.com/game/platform:game-gear/sort:critic_score/page:1/
gamegear	magical puzzle popils	Magical Puzzle: Popils	84	1991	Tengen Ltd.	https://www.mobygames.com/game/platform:game-gear/sort:critic_score/page:1/
gamegear	ernie els golf	Ernie Els Golf	84	1994		https://www.mobygames.com/game/platform:game-gear/sort:critic_score/page:1/
gamegear	dr robotnik s mean bean machine	Dr. Robotnik's Mean Bean Machine	84	1993	Compile Corp.	https://www.mobygames.com/game/platform:game-gear/sort:critic_score/page:1/
gamegear	land of illusion starring mickey mouse	Land of Illusion starring Mickey Mouse	88	1993	SEGA Enterprises Ltd.	https://www.mobygames.com/game/platform:game-gear/sort:critic_score/page:1/
gamegear	nhl 95	NHL 95	87	1995	Electronic Arts Canada	https://www.mobygames.com/game/platform:game-gear/sort:critic_score/page:1/
gamegear	sonic the hedgehog	Sonic the Hedgehog	87	1991	Ancient Co. Ltd.	https://www.mobygames.com/game/platform:game-gear/sort:critic_score/page:1/
gamegear	micro machines 2 turbo tournament	Micro Machines 2: Turbo Tournament	86	1995	Supersonic Software Ltd.	https://www.mobygames.com/game/platform:game-gear/sort:critic_score/page:1/
gamegear	jungle strike	Jungle Strike	85	1995	Electronic Arts, Inc.	https://www.mobygames.com/game/platform:game-gear/sort:critic_score/page:1/
gamegear	shinobi ii the silent fury	Shinobi II: The Silent Fury	85	1992	SEGA Enterprises Ltd.	https://www.mobygames.com/game/platform:game-gear/sort:critic_score/page:1/
gamegear	shinobi	Shinobi	84	1991	SEGA Enterprises Ltd.	https://www.mobygames.com/game/platform:game-gear/sort:critic_score/page:1/
gamegear	ecco the dolphin	Ecco the Dolphin	84	1993	Novotrade Software Kft.	https://www.mobygames.com/game/platform:game-gear/sort:critic_score/page:1/
